NDIME= 2
NELEM= 10296
9 0 212 698 584 0
9 584 698 699 585 1
9 585 699 700 586 2
9 586 700 701 587 3
9 587 701 702 588 4
9 588 702 703 589 5
9 589 703 704 590 6
9 590 704 705 591 7
9 591 705 706 592 8
9 592 706 707 593 9
9 593 707 708 594 10
9 594 708 709 595 11
9 595 709 710 596 12
9 596 710 711 597 13
9 597 711 712 598 14
9 598 712 713 599 15
9 599 713 714 600 16
9 600 714 715 601 17
9 601 715 716 602 18
9 602 716 717 603 19
9 603 717 718 604 20
9 604 718 719 605 21
9 605 719 720 606 22
9 606 720 721 607 23
9 607 721 722 608 24
9 608 722 723 609 25
9 609 723 724 610 26
9 610 724 725 611 27
9 611 725 498 8 28
9 212 213 726 698 29
9 698 726 727 699 30
9 699 727 728 700 31
9 700 728 729 701 32
9 701 729 730 702 33
9 702 730 731 703 34
9 703 731 732 704 35
9 704 732 733 705 36
9 705 733 734 706 37
9 706 734 735 707 38
9 707 735 736 708 39
9 708 736 737 709 40
9 709 737 738 710 41
9 710 738 739 711 42
9 711 739 740 712 43
9 712 740 741 713 44
9 713 741 742 714 45
9 714 742 743 715 46
9 715 743 744 716 47
9 716 744 745 717 48
9 717 745 746 718 49
9 718 746 747 719 50
9 719 747 748 720 51
9 720 748 749 721 52
9 721 749 750 722 53
9 722 750 751 723 54
9 723 751 752 724 55
9 724 752 753 725 56
9 725 753 499 498 57
9 213 214 754 726 58
9 726 754 755 727 59
9 727 755 756 728 60
9 728 756 757 729 61
9 729 757 758 730 62
9 730 758 759 731 63
9 731 759 760 732 64
9 732 760 761 733 65
9 733 761 762 734 66
9 734 762 763 735 67
9 735 763 764 736 68
9 736 764 765 737 69
9 737 765 766 738 70
9 738 766 767 739 71
9 739 767 768 740 72
9 740 768 769 741 73
9 741 769 770 742 74
9 742 770 771 743 75
9 743 771 772 744 76
9 744 772 773 745 77
9 745 773 774 746 78
9 746 774 775 747 79
9 747 775 776 748 80
9 748 776 777 749 81
9 749 777 778 750 82
9 750 778 779 751 83
9 751 779 780 752 84
9 752 780 781 753 85
9 753 781 500 499 86
9 214 215 782 754 87
9 754 782 783 755 88
9 755 783 784 756 89
9 756 784 785 757 90
9 757 785 786 758 91
9 758 786 787 759 92
9 759 787 788 760 93
9 760 788 789 761 94
9 761 789 790 762 95
9 762 790 791 763 96
9 763 791 792 764 97
9 764 792 793 765 98
9 765 793 794 766 99
9 766 794 795 767 100
9 767 795 796 768 101
9 768 796 797 769 102
9 769 797 798 770 103
9 770 798 799 771 104
9 771 799 800 772 105
9 772 800 801 773 106
9 773 801 802 774 107
9 774 802 803 775 108
9 775 803 804 776 109
9 776 804 805 777 110
9 777 805 806 778 111
9 778 806 807 779 112
9 779 807 808 780 113
9 780 808 809 781 114
9 781 809 501 500 115
9 215 216 810 782 116
9 782 810 811 783 117
9 783 811 812 784 118
9 784 812 813 785 119
9 785 813 814 786 120
9 786 814 815 787 121
9 787 815 816 788 122
9 788 816 817 789 123
9 789 817 818 790 124
9 790 818 819 791 125
9 791 819 820 792 126
9 792 820 821 793 127
9 793 821 822 794 128
9 794 822 823 795 129
9 795 823 824 796 130
9 796 824 825 797 131
9 797 825 826 798 132
9 798 826 827 799 133
9 799 827 828 800 134
9 800 828 829 801 135
9 801 829 830 802 136
9 802 830 831 803 137
9 803 831 832 804 138
9 804 832 833 805 139
9 805 833 834 806 140
9 806 834 835 807 141
9 807 835 836 808 142
9 808 836 837 809 143
9 809 837 502 501 144
9 216 217 838 810 145
9 810 838 839 811 146
9 811 839 840 812 147
9 812 840 841 813 148
9 813 841 842 814 149
9 814 842 843 815 150
9 815 843 844 816 151
9 816 844 845 817 152
9 817 845 846 818 153
9 818 846 847 819 154
9 819 847 848 820 155
9 820 848 849 821 156
9 821 849 850 822 157
9 822 850 851 823 158
9 823 851 852 824 159
9 824 852 853 825 160
9 825 853 854 826 161
9 826 854 855 827 162
9 827 855 856 828 163
9 828 856 857 829 164
9 829 857 858 830 165
9 830 858 859 831 166
9 831 859 860 832 167
9 832 860 861 833 168
9 833 861 862 834 169
9 834 862 863 835 170
9 835 863 864 836 171
9 836 864 865 837 172
9 837 865 503 502 173
9 217 218 866 838 174
9 838 866 867 839 175
9 839 867 868 840 176
9 840 868 869 841 177
9 841 869 870 842 178
9 842 870 871 843 179
9 843 871 872 844 180
9 844 872 873 845 181
9 845 873 874 846 182
9 846 874 875 847 183
9 847 875 876 848 184
9 848 876 877 849 185
9 849 877 878 850 186
9 850 878 879 851 187
9 851 879 880 852 188
9 852 880 881 853 189
9 853 881 882 854 190
9 854 882 883 855 191
9 855 883 884 856 192
9 856 884 885 857 193
9 857 885 886 858 194
9 858 886 887 859 195
9 859 887 888 860 196
9 860 888 889 861 197
9 861 889 890 862 198
9 862 890 891 863 199
9 863 891 892 864 200
9 864 892 893 865 201
9 865 893 504 503 202
9 218 219 894 866 203
9 866 894 895 867 204
9 867 895 896 868 205
9 868 896 897 869 206
9 869 897 898 870 207
9 870 898 899 871 208
9 871 899 900 872 209
9 872 900 901 873 210
9 873 901 902 874 211
9 874 902 903 875 212
9 875 903 904 876 213
9 876 904 905 877 214
9 877 905 906 878 215
9 878 906 907 879 216
9 879 907 908 880 217
9 880 908 909 881 218
9 881 909 910 882 219
9 882 910 911 883 220
9 883 911 912 884 221
9 884 912 913 885 222
9 885 913 914 886 223
9 886 914 915 887 224
9 887 915 916 888 225
9 888 916 917 889 226
9 889 917 918 890 227
9 890 918 919 891 228
9 891 919 920 892 229
9 892 920 921 893 230
9 893 921 505 504 231
9 219 220 922 894 232
9 894 922 923 895 233
9 895 923 924 896 234
9 896 924 925 897 235
9 897 925 926 898 236
9 898 926 927 899 237
9 899 927 928 900 238
9 900 928 929 901 239
9 901 929 930 902 240
9 902 930 931 903 241
9 903 931 932 904 242
9 904 932 933 905 243
9 905 933 934 906 244
9 906 934 935 907 245
9 907 935 936 908 246
9 908 936 937 909 247
9 909 937 938 910 248
9 910 938 939 911 249
9 911 939 940 912 250
9 912 940 941 913 251
9 913 941 942 914 252
9 914 942 943 915 253
9 915 943 944 916 254
9 916 944 945 917 255
9 917 945 946 918 256
9 918 946 947 919 257
9 919 947 948 920 258
9 920 948 949 921 259
9 921 949 506 505 260
9 220 221 950 922 261
9 922 950 951 923 262
9 923 951 952 924 263
9 924 952 953 925 264
9 925 953 954 926 265
9 926 954 955 927 266
9 927 955 956 928 267
9 928 956 957 929 268
9 929 957 958 930 269
9 930 958 959 931 270
9 931 959 960 932 271
9 932 960 961 933 272
9 933 961 962 934 273
9 934 962 963 935 274
9 935 963 964 936 275
9 936 964 965 937 276
9 937 965 966 938 277
9 938 966 967 939 278
9 939 967 968 940 279
9 940 968 969 941 280
9 941 969 970 942 281
9 942 970 971 943 282
9 943 971 972 944 283
9 944 972 973 945 284
9 945 973 974 946 285
9 946 974 975 947 286
9 947 975 976 948 287
9 948 976 977 949 288
9 949 977 507 506 289
9 221 222 978 950 290
9 950 978 979 951 291
9 951 979 980 952 292
9 952 980 981 953 293
9 953 981 982 954 294
9 954 982 983 955 295
9 955 983 984 956 296
9 956 984 985 957 297
9 957 985 986 958 298
9 958 986 987 959 299
9 959 987 988 960 300
9 960 988 989 961 301
9 961 989 990 962 302
9 962 990 991 963 303
9 963 991 992 964 304
9 964 992 993 965 305
9 965 993 994 966 306
9 966 994 995 967 307
9 967 995 996 968 308
9 968 996 997 969 309
9 969 997 998 970 310
9 970 998 999 971 311
9 971 999 1000 972 312
9 972 1000 1001 973 313
9 973 1001 1002 974 314
9 974 1002 1003 975 315
9 975 1003 1004 976 316
9 976 1004 1005 977 317
9 977 1005 508 507 318
9 222 223 1006 978 319
9 978 1006 1007 979 320
9 979 1007 1008 980 321
9 980 1008 1009 981 322
9 981 1009 1010 982 323
9 982 1010 1011 983 324
9 983 1011 1012 984 325
9 984 1012 1013 985 326
9 985 1013 1014 986 327
9 986 1014 1015 987 328
9 987 1015 1016 988 329
9 988 1016 1017 989 330
9 989 1017 1018 990 331
9 990 1018 1019 991 332
9 991 1019 1020 992 333
9 992 1020 1021 993 334
9 993 1021 1022 994 335
9 994 1022 1023 995 336
9 995 1023 1024 996 337
9 996 1024 1025 997 338
9 997 1025 1026 998 339
9 998 1026 1027 999 340
9 999 1027 1028 1000 341
9 1000 1028 1029 1001 342
9 1001 1029 1030 1002 343
9 1002 1030 1031 1003 344
9 1003 1031 1032 1004 345
9 1004 1032 1033 1005 346
9 1005 1033 509 508 347
9 223 224 1034 1006 348
9 1006 1034 1035 1007 349
9 1007 1035 1036 1008 350
9 1008 1036 1037 1009 351
9 1009 1037 1038 1010 352
9 1010 1038 1039 1011 353
9 1011 1039 1040 1012 354
9 1012 1040 1041 1013 355
9 1013 1041 1042 1014 356
9 1014 1042 1043 1015 357
9 1015 1043 1044 1016 358
9 1016 1044 1045 1017 359
9 1017 1045 1046 1018 360
9 1018 1046 1047 1019 361
9 1019 1047 1048 1020 362
9 1020 1048 1049 1021 363
9 1021 1049 1050 1022 364
9 1022 1050 1051 1023 365
9 1023 1051 1052 1024 366
9 1024 1052 1053 1025 367
9 1025 1053 1054 1026 368
9 1026 1054 1055 1027 369
9 1027 1055 1056 1028 370
9 1028 1056 1057 1029 371
9 1029 1057 1058 1030 372
9 1030 1058 1059 1031 373
9 1031 1059 1060 1032 374
9 1032 1060 1061 1033 375
9 1033 1061 510 509 376
9 224 225 1062 1034 377
9 1034 1062 1063 1035 378
9 1035 1063 1064 1036 379
9 1036 1064 1065 1037 380
9 1037 1065 1066 1038 381
9 1038 1066 1067 1039 382
9 1039 1067 1068 1040 383
9 1040 1068 1069 1041 384
9 1041 1069 1070 1042 385
9 1042 1070 1071 1043 386
9 1043 1071 1072 1044 387
9 1044 1072 1073 1045 388
9 1045 1073 1074 1046 389
9 1046 1074 1075 1047 390
9 1047 1075 1076 1048 391
9 1048 1076 1077 1049 392
9 1049 1077 1078 1050 393
9 1050 1078 1079 1051 394
9 1051 1079 1080 1052 395
9 1052 1080 1081 1053 396
9 1053 1081 1082 1054 397
9 1054 1082 1083 1055 398
9 1055 1083 1084 1056 399
9 1056 1084 1085 1057 400
9 1057 1085 1086 1058 401
9 1058 1086 1087 1059 402
9 1059 1087 1088 1060 403
9 1060 1088 1089 1061 404
9 1061 1089 511 510 405
9 225 226 1090 1062 406
9 1062 1090 1091 1063 407
9 1063 1091 1092 1064 408
9 1064 1092 1093 1065 409
9 1065 1093 1094 1066 410
9 1066 1094 1095 1067 411
9 1067 1095 1096 1068 412
9 1068 1096 1097 1069 413
9 1069 1097 1098 1070 414
9 1070 1098 1099 1071 415
9 1071 1099 1100 1072 416
9 1072 1100 1101 1073 417
9 1073 1101 1102 1074 418
9 1074 1102 1103 1075 419
9 1075 1103 1104 1076 420
9 1076 1104 1105 1077 421
9 1077 1105 1106 1078 422
9 1078 1106 1107 1079 423
9 1079 1107 1108 1080 424
9 1080 1108 1109 1081 425
9 1081 1109 1110 1082 426
9 1082 1110 1111 1083 427
9 1083 1111 1112 1084 428
9 1084 1112 1113 1085 429
9 1085 1113 1114 1086 430
9 1086 1114 1115 1087 431
9 1087 1115 1116 1088 432
9 1088 1116 1117 1089 433
9 1089 1117 512 511 434
9 226 227 1118 1090 435
9 1090 1118 1119 1091 436
9 1091 1119 1120 1092 437
9 1092 1120 1121 1093 438
9 1093 1121 1122 1094 439
9 1094 1122 1123 1095 440
9 1095 1123 1124 1096 441
9 1096 1124 1125 1097 442
9 1097 1125 1126 1098 443
9 1098 1126 1127 1099 444
9 1099 1127 1128 1100 445
9 1100 1128 1129 1101 446
9 1101 1129 1130 1102 447
9 1102 1130 1131 1103 448
9 1103 1131 1132 1104 449
9 1104 1132 1133 1105 450
9 1105 1133 1134 1106 451
9 1106 1134 1135 1107 452
9 1107 1135 1136 1108 453
9 1108 1136 1137 1109 454
9 1109 1137 1138 1110 455
9 1110 1138 1139 1111 456
9 1111 1139 1140 1112 457
9 1112 1140 1141 1113 458
9 1113 1141 1142 1114 459
9 1114 1142 1143 1115 460
9 1115 1143 1144 1116 461
9 1116 1144 1145 1117 462
9 1117 1145 513 512 463
9 227 228 1146 1118 464
9 1118 1146 1147 1119 465
9 1119 1147 1148 1120 466
9 1120 1148 1149 1121 467
9 1121 1149 1150 1122 468
9 1122 1150 1151 1123 469
9 1123 1151 1152 1124 470
9 1124 1152 1153 1125 471
9 1125 1153 1154 1126 472
9 1126 1154 1155 1127 473
9 1127 1155 1156 1128 474
9 1128 1156 1157 1129 475
9 1129 1157 1158 1130 476
9 1130 1158 1159 1131 477
9 1131 1159 1160 1132 478
9 1132 1160 1161 1133 479
9 1133 1161 1162 1134 480
9 1134 1162 1163 1135 481
9 1135 1163 1164 1136 482
9 1136 1164 1165 1137 483
9 1137 1165 1166 1138 484
9 1138 1166 1167 1139 485
9 1139 1167 1168 1140 486
9 1140 1168 1169 1141 487
9 1141 1169 1170 1142 488
9 1142 1170 1171 1143 489
9 1143 1171 1172 1144 490
9 1144 1172 1173 1145 491
9 1145 1173 514 513 492
9 228 229 1174 1146 493
9 1146 1174 1175 1147 494
9 1147 1175 1176 1148 495
9 1148 1176 1177 1149 496
9 1149 1177 1178 1150 497
9 1150 1178 1179 1151 498
9 1151 1179 1180 1152 499
9 1152 1180 1181 1153 500
9 1153 1181 1182 1154 501
9 1154 1182 1183 1155 502
9 1155 1183 1184 1156 503
9 1156 1184 1185 1157 504
9 1157 1185 1186 1158 505
9 1158 1186 1187 1159 506
9 1159 1187 1188 1160 507
9 1160 1188 1189 1161 508
9 1161 1189 1190 1162 509
9 1162 1190 1191 1163 510
9 1163 1191 1192 1164 511
9 1164 1192 1193 1165 512
9 1165 1193 1194 1166 513
9 1166 1194 1195 1167 514
9 1167 1195 1196 1168 515
9 1168 1196 1197 1169 516
9 1169 1197 1198 1170 517
9 1170 1198 1199 1171 518
9 1171 1199 1200 1172 519
9 1172 1200 1201 1173 520
9 1173 1201 515 514 521
9 229 230 1202 1174 522
9 1174 1202 1203 1175 523
9 1175 1203 1204 1176 524
9 1176 1204 1205 1177 525
9 1177 1205 1206 1178 526
9 1178 1206 1207 1179 527
9 1179 1207 1208 1180 528
9 1180 1208 1209 1181 529
9 1181 1209 1210 1182 530
9 1182 1210 1211 1183 531
9 1183 1211 1212 1184 532
9 1184 1212 1213 1185 533
9 1185 1213 1214 1186 534
9 1186 1214 1215 1187 535
9 1187 1215 1216 1188 536
9 1188 1216 1217 1189 537
9 1189 1217 1218 1190 538
9 1190 1218 1219 1191 539
9 1191 1219 1220 1192 540
9 1192 1220 1221 1193 541
9 1193 1221 1222 1194 542
9 1194 1222 1223 1195 543
9 1195 1223 1224 1196 544
9 1196 1224 1225 1197 545
9 1197 1225 1226 1198 546
9 1198 1226 1227 1199 547
9 1199 1227 1228 1200 548
9 1200 1228 1229 1201 549
9 1201 1229 516 515 550
9 230 231 1230 1202 551
9 1202 1230 1231 1203 552
9 1203 1231 1232 1204 553
9 1204 1232 1233 1205 554
9 1205 1233 1234 1206 555
9 1206 1234 1235 1207 556
9 1207 1235 1236 1208 557
9 1208 1236 1237 1209 558
9 1209 1237 1238 1210 559
9 1210 1238 1239 1211 560
9 1211 1239 1240 1212 561
9 1212 1240 1241 1213 562
9 1213 1241 1242 1214 563
9 1214 1242 1243 1215 564
9 1215 1243 1244 1216 565
9 1216 1244 1245 1217 566
9 1217 1245 1246 1218 567
9 1218 1246 1247 1219 568
9 1219 1247 1248 1220 569
9 1220 1248 1249 1221 570
9 1221 1249 1250 1222 571
9 1222 1250 1251 1223 572
9 1223 1251 1252 1224 573
9 1224 1252 1253 1225 574
9 1225 1253 1254 1226 575
9 1226 1254 1255 1227 576
9 1227 1255 1256 1228 577
9 1228 1256 1257 1229 578
9 1229 1257 517 516 579
9 231 232 1258 1230 580
9 1230 1258 1259 1231 581
9 1231 1259 1260 1232 582
9 1232 1260 1261 1233 583
9 1233 1261 1262 1234 584
9 1234 1262 1263 1235 585
9 1235 1263 1264 1236 586
9 1236 1264 1265 1237 587
9 1237 1265 1266 1238 588
9 1238 1266 1267 1239 589
9 1239 1267 1268 1240 590
9 1240 1268 1269 1241 591
9 1241 1269 1270 1242 592
9 1242 1270 1271 1243 593
9 1243 1271 1272 1244 594
9 1244 1272 1273 1245 595
9 1245 1273 1274 1246 596
9 1246 1274 1275 1247 597
9 1247 1275 1276 1248 598
9 1248 1276 1277 1249 599
9 1249 1277 1278 1250 600
9 1250 1278 1279 1251 601
9 1251 1279 1280 1252 602
9 1252 1280 1281 1253 603
9 1253 1281 1282 1254 604
9 1254 1282 1283 1255 605
9 1255 1283 1284 1256 606
9 1256 1284 1285 1257 607
9 1257 1285 518 517 608
9 232 233 1286 1258 609
9 1258 1286 1287 1259 610
9 1259 1287 1288 1260 611
9 1260 1288 1289 1261 612
9 1261 1289 1290 1262 613
9 1262 1290 1291 1263 614
9 1263 1291 1292 1264 615
9 1264 1292 1293 1265 616
9 1265 1293 1294 1266 617
9 1266 1294 1295 1267 618
9 1267 1295 1296 1268 619
9 1268 1296 1297 1269 620
9 1269 1297 1298 1270 621
9 1270 1298 1299 1271 622
9 1271 1299 1300 1272 623
9 1272 1300 1301 1273 624
9 1273 1301 1302 1274 625
9 1274 1302 1303 1275 626
9 1275 1303 1304 1276 627
9 1276 1304 1305 1277 628
9 1277 1305 1306 1278 629
9 1278 1306 1307 1279 630
9 1279 1307 1308 1280 631
9 1280 1308 1309 1281 632
9 1281 1309 1310 1282 633
9 1282 1310 1311 1283 634
9 1283 1311 1312 1284 635
9 1284 1312 1313 1285 636
9 1285 1313 519 518 637
9 233 234 1314 1286 638
9 1286 1314 1315 1287 639
9 1287 1315 1316 1288 640
9 1288 1316 1317 1289 641
9 1289 1317 1318 1290 642
9 1290 1318 1319 1291 643
9 1291 1319 1320 1292 644
9 1292 1320 1321 1293 645
9 1293 1321 1322 1294 646
9 1294 1322 1323 1295 647
9 1295 1323 1324 1296 648
9 1296 1324 1325 1297 649
9 1297 1325 1326 1298 650
9 1298 1326 1327 1299 651
9 1299 1327 1328 1300 652
9 1300 1328 1329 1301 653
9 1301 1329 1330 1302 654
9 1302 1330 1331 1303 655
9 1303 1331 1332 1304 656
9 1304 1332 1333 1305 657
9 1305 1333 1334 1306 658
9 1306 1334 1335 1307 659
9 1307 1335 1336 1308 660
9 1308 1336 1337 1309 661
9 1309 1337 1338 1310 662
9 1310 1338 1339 1311 663
9 1311 1339 1340 1312 664
9 1312 1340 1341 1313 665
9 1313 1341 520 519 666
9 234 235 1342 1314 667
9 1314 1342 1343 1315 668
9 1315 1343 1344 1316 669
9 1316 1344 1345 1317 670
9 1317 1345 1346 1318 671
9 1318 1346 1347 1319 672
9 1319 1347 1348 1320 673
9 1320 1348 1349 1321 674
9 1321 1349 1350 1322 675
9 1322 1350 1351 1323 676
9 1323 1351 1352 1324 677
9 1324 1352 1353 1325 678
9 1325 1353 1354 1326 679
9 1326 1354 1355 1327 680
9 1327 1355 1356 1328 681
9 1328 1356 1357 1329 682
9 1329 1357 1358 1330 683
9 1330 1358 1359 1331 684
9 1331 1359 1360 1332 685
9 1332 1360 1361 1333 686
9 1333 1361 1362 1334 687
9 1334 1362 1363 1335 688
9 1335 1363 1364 1336 689
9 1336 1364 1365 1337 690
9 1337 1365 1366 1338 691
9 1338 1366 1367 1339 692
9 1339 1367 1368 1340 693
9 1340 1368 1369 1341 694
9 1341 1369 521 520 695
9 235 236 1370 1342 696
9 1342 1370 1371 1343 697
9 1343 1371 1372 1344 698
9 1344 1372 1373 1345 699
9 1345 1373 1374 1346 700
9 1346 1374 1375 1347 701
9 1347 1375 1376 1348 702
9 1348 1376 1377 1349 703
9 1349 1377 1378 1350 704
9 1350 1378 1379 1351 705
9 1351 1379 1380 1352 706
9 1352 1380 1381 1353 707
9 1353 1381 1382 1354 708
9 1354 1382 1383 1355 709
9 1355 1383 1384 1356 710
9 1356 1384 1385 1357 711
9 1357 1385 1386 1358 712
9 1358 1386 1387 1359 713
9 1359 1387 1388 1360 714
9 1360 1388 1389 1361 715
9 1361 1389 1390 1362 716
9 1362 1390 1391 1363 717
9 1363 1391 1392 1364 718
9 1364 1392 1393 1365 719
9 1365 1393 1394 1366 720
9 1366 1394 1395 1367 721
9 1367 1395 1396 1368 722
9 1368 1396 1397 1369 723
9 1369 1397 522 521 724
9 236 237 1398 1370 725
9 1370 1398 1399 1371 726
9 1371 1399 1400 1372 727
9 1372 1400 1401 1373 728
9 1373 1401 1402 1374 729
9 1374 1402 1403 1375 730
9 1375 1403 1404 1376 731
9 1376 1404 1405 1377 732
9 1377 1405 1406 1378 733
9 1378 1406 1407 1379 734
9 1379 1407 1408 1380 735
9 1380 1408 1409 1381 736
9 1381 1409 1410 1382 737
9 1382 1410 1411 1383 738
9 1383 1411 1412 1384 739
9 1384 1412 1413 1385 740
9 1385 1413 1414 1386 741
9 1386 1414 1415 1387 742
9 1387 1415 1416 1388 743
9 1388 1416 1417 1389 744
9 1389 1417 1418 1390 745
9 1390 1418 1419 1391 746
9 1391 1419 1420 1392 747
9 1392 1420 1421 1393 748
9 1393 1421 1422 1394 749
9 1394 1422 1423 1395 750
9 1395 1423 1424 1396 751
9 1396 1424 1425 1397 752
9 1397 1425 523 522 753
9 237 238 1426 1398 754
9 1398 1426 1427 1399 755
9 1399 1427 1428 1400 756
9 1400 1428 1429 1401 757
9 1401 1429 1430 1402 758
9 1402 1430 1431 1403 759
9 1403 1431 1432 1404 760
9 1404 1432 1433 1405 761
9 1405 1433 1434 1406 762
9 1406 1434 1435 1407 763
9 1407 1435 1436 1408 764
9 1408 1436 1437 1409 765
9 1409 1437 1438 1410 766
9 1410 1438 1439 1411 767
9 1411 1439 1440 1412 768
9 1412 1440 1441 1413 769
9 1413 1441 1442 1414 770
9 1414 1442 1443 1415 771
9 1415 1443 1444 1416 772
9 1416 1444 1445 1417 773
9 1417 1445 1446 1418 774
9 1418 1446 1447 1419 775
9 1419 1447 1448 1420 776
9 1420 1448 1449 1421 777
9 1421 1449 1450 1422 778
9 1422 1450 1451 1423 779
9 1423 1451 1452 1424 780
9 1424 1452 1453 1425 781
9 1425 1453 524 523 782
9 238 239 1454 1426 783
9 1426 1454 1455 1427 784
9 1427 1455 1456 1428 785
9 1428 1456 1457 1429 786
9 1429 1457 1458 1430 787
9 1430 1458 1459 1431 788
9 1431 1459 1460 1432 789
9 1432 1460 1461 1433 790
9 1433 1461 1462 1434 791
9 1434 1462 1463 1435 792
9 1435 1463 1464 1436 793
9 1436 1464 1465 1437 794
9 1437 1465 1466 1438 795
9 1438 1466 1467 1439 796
9 1439 1467 1468 1440 797
9 1440 1468 1469 1441 798
9 1441 1469 1470 1442 799
9 1442 1470 1471 1443 800
9 1443 1471 1472 1444 801
9 1444 1472 1473 1445 802
9 1445 1473 1474 1446 803
9 1446 1474 1475 1447 804
9 1447 1475 1476 1448 805
9 1448 1476 1477 1449 806
9 1449 1477 1478 1450 807
9 1450 1478 1479 1451 808
9 1451 1479 1480 1452 809
9 1452 1480 1481 1453 810
9 1453 1481 525 524 811
9 239 7 497 1454 812
9 1454 497 496 1455 813
9 1455 496 495 1456 814
9 1456 495 494 1457 815
9 1457 494 493 1458 816
9 1458 493 492 1459 817
9 1459 492 491 1460 818
9 1460 491 490 1461 819
9 1461 490 489 1462 820
9 1462 489 488 1463 821
9 1463 488 487 1464 822
9 1464 487 486 1465 823
9 1465 486 485 1466 824
9 1466 485 484 1467 825
9 1467 484 483 1468 826
9 1468 483 482 1469 827
9 1469 482 481 1470 828
9 1470 481 480 1471 829
9 1471 480 479 1472 830
9 1472 479 478 1473 831
9 1473 478 477 1474 832
9 1474 477 476 1475 833
9 1475 476 475 1476 834
9 1476 475 474 1477 835
9 1477 474 473 1478 836
9 1478 473 472 1479 837
9 1479 472 471 1480 838
9 1480 471 470 1481 839
9 1481 470 11 525 840
9 8 612 1482 498 841
9 498 1482 1483 499 842
9 499 1483 1484 500 843
9 500 1484 1485 501 844
9 501 1485 1486 502 845
9 502 1486 1487 503 846
9 503 1487 1488 504 847
9 504 1488 1489 505 848
9 505 1489 1490 506 849
9 506 1490 1491 507 850
9 507 1491 1492 508 851
9 508 1492 1493 509 852
9 509 1493 1494 510 853
9 510 1494 1495 511 854
9 511 1495 1496 512 855
9 512 1496 1497 513 856
9 513 1497 1498 514 857
9 514 1498 1499 515 858
9 515 1499 1500 516 859
9 516 1500 1501 517 860
9 517 1501 1502 518 861
9 518 1502 1503 519 862
9 519 1503 1504 520 863
9 520 1504 1505 521 864
9 521 1505 1506 522 865
9 522 1506 1507 523 866
9 523 1507 1508 524 867
9 524 1508 1509 525 868
9 525 1509 469 11 869
9 612 613 1510 1482 870
9 1482 1510 1511 1483 871
9 1483 1511 1512 1484 872
9 1484 1512 1513 1485 873
9 1485 1513 1514 1486 874
9 1486 1514 1515 1487 875
9 1487 1515 1516 1488 876
9 1488 1516 1517 1489 877
9 1489 1517 1518 1490 878
9 1490 1518 1519 1491 879
9 1491 1519 1520 1492 880
9 1492 1520 1521 1493 881
9 1493 1521 1522 1494 882
9 1494 1522 1523 1495 883
9 1495 1523 1524 1496 884
9 1496 1524 1525 1497 885
9 1497 1525 1526 1498 886
9 1498 1526 1527 1499 887
9 1499 1527 1528 1500 888
9 1500 1528 1529 1501 889
9 1501 1529 1530 1502 890
9 1502 1530 1531 1503 891
9 1503 1531 1532 1504 892
9 1504 1532 1533 1505 893
9 1505 1533 1534 1506 894
9 1506 1534 1535 1507 895
9 1507 1535 1536 1508 896
9 1508 1536 1537 1509 897
9 1509 1537 468 469 898
9 613 614 1538 1510 899
9 1510 1538 1539 1511 900
9 1511 1539 1540 1512 901
9 1512 1540 1541 1513 902
9 1513 1541 1542 1514 903
9 1514 1542 1543 1515 904
9 1515 1543 1544 1516 905
9 1516 1544 1545 1517 906
9 1517 1545 1546 1518 907
9 1518 1546 1547 1519 908
9 1519 1547 1548 1520 909
9 1520 1548 1549 1521 910
9 1521 1549 1550 1522 911
9 1522 1550 1551 1523 912
9 1523 1551 1552 1524 913
9 1524 1552 1553 1525 914
9 1525 1553 1554 1526 915
9 1526 1554 1555 1527 916
9 1527 1555 1556 1528 917
9 1528 1556 1557 1529 918
9 1529 1557 1558 1530 919
9 1530 1558 1559 1531 920
9 1531 1559 1560 1532 921
9 1532 1560 1561 1533 922
9 1533 1561 1562 1534 923
9 1534 1562 1563 1535 924
9 1535 1563 1564 1536 925
9 1536 1564 1565 1537 926
9 1537 1565 467 468 927
9 614 615 1566 1538 928
9 1538 1566 1567 1539 929
9 1539 1567 1568 1540 930
9 1540 1568 1569 1541 931
9 1541 1569 1570 1542 932
9 1542 1570 1571 1543 933
9 1543 1571 1572 1544 934
9 1544 1572 1573 1545 935
9 1545 1573 1574 1546 936
9 1546 1574 1575 1547 937
9 1547 1575 1576 1548 938
9 1548 1576 1577 1549 939
9 1549 1577 1578 1550 940
9 1550 1578 1579 1551 941
9 1551 1579 1580 1552 942
9 1552 1580 1581 1553 943
9 1553 1581 1582 1554 944
9 1554 1582 1583 1555 945
9 1555 1583 1584 1556 946
9 1556 1584 1585 1557 947
9 1557 1585 1586 1558 948
9 1558 1586 1587 1559 949
9 1559 1587 1588 1560 950
9 1560 1588 1589 1561 951
9 1561 1589 1590 1562 952
9 1562 1590 1591 1563 953
9 1563 1591 1592 1564 954
9 1564 1592 1593 1565 955
9 1565 1593 466 467 956
9 615 616 1594 1566 957
9 1566 1594 1595 1567 958
9 1567 1595 1596 1568 959
9 1568 1596 1597 1569 960
9 1569 1597 1598 1570 961
9 1570 1598 1599 1571 962
9 1571 1599 1600 1572 963
9 1572 1600 1601 1573 964
9 1573 1601 1602 1574 965
9 1574 1602 1603 1575 966
9 1575 1603 1604 1576 967
9 1576 1604 1605 1577 968
9 1577 1605 1606 1578 969
9 1578 1606 1607 1579 970
9 1579 1607 1608 1580 971
9 1580 1608 1609 1581 972
9 1581 1609 1610 1582 973
9 1582 1610 1611 1583 974
9 1583 1611 1612 1584 975
9 1584 1612 1613 1585 976
9 1585 1613 1614 1586 977
9 1586 1614 1615 1587 978
9 1587 1615 1616 1588 979
9 1588 1616 1617 1589 980
9 1589 1617 1618 1590 981
9 1590 1618 1619 1591 982
9 1591 1619 1620 1592 983
9 1592 1620 1621 1593 984
9 1593 1621 465 466 985
9 616 617 1622 1594 986
9 1594 1622 1623 1595 987
9 1595 1623 1624 1596 988
9 1596 1624 1625 1597 989
9 1597 1625 1626 1598 990
9 1598 1626 1627 1599 991
9 1599 1627 1628 1600 992
9 1600 1628 1629 1601 993
9 1601 1629 1630 1602 994
9 1602 1630 1631 1603 995
9 1603 1631 1632 1604 996
9 1604 1632 1633 1605 997
9 1605 1633 1634 1606 998
9 1606 1634 1635 1607 999
9 1607 1635 1636 1608 1000
9 1608 1636 1637 1609 1001
9 1609 1637 1638 1610 1002
9 1610 1638 1639 1611 1003
9 1611 1639 1640 1612 1004
9 1612 1640 1641 1613 1005
9 1613 1641 1642 1614 1006
9 1614 1642 1643 1615 1007
9 1615 1643 1644 1616 1008
9 1616 1644 1645 1617 1009
9 1617 1645 1646 1618 1010
9 1618 1646 1647 1619 1011
9 1619 1647 1648 1620 1012
9 1620 1648 1649 1621 1013
9 1621 1649 464 465 1014
9 617 618 1650 1622 1015
9 1622 1650 1651 1623 1016
9 1623 1651 1652 1624 1017
9 1624 1652 1653 1625 1018
9 1625 1653 1654 1626 1019
9 1626 1654 1655 1627 1020
9 1627 1655 1656 1628 1021
9 1628 1656 1657 1629 1022
9 1629 1657 1658 1630 1023
9 1630 1658 1659 1631 1024
9 1631 1659 1660 1632 1025
9 1632 1660 1661 1633 1026
9 1633 1661 1662 1634 1027
9 1634 1662 1663 1635 1028
9 1635 1663 1664 1636 1029
9 1636 1664 1665 1637 1030
9 1637 1665 1666 1638 1031
9 1638 1666 1667 1639 1032
9 1639 1667 1668 1640 1033
9 1640 1668 1669 1641 1034
9 1641 1669 1670 1642 1035
9 1642 1670 1671 1643 1036
9 1643 1671 1672 1644 1037
9 1644 1672 1673 1645 1038
9 1645 1673 1674 1646 1039
9 1646 1674 1675 1647 1040
9 1647 1675 1676 1648 1041
9 1648 1676 1677 1649 1042
9 1649 1677 463 464 1043
9 618 619 1678 1650 1044
9 1650 1678 1679 1651 1045
9 1651 1679 1680 1652 1046
9 1652 1680 1681 1653 1047
9 1653 1681 1682 1654 1048
9 1654 1682 1683 1655 1049
9 1655 1683 1684 1656 1050
9 1656 1684 1685 1657 1051
9 1657 1685 1686 1658 1052
9 1658 1686 1687 1659 1053
9 1659 1687 1688 1660 1054
9 1660 1688 1689 1661 1055
9 1661 1689 1690 1662 1056
9 1662 1690 1691 1663 1057
9 1663 1691 1692 1664 1058
9 1664 1692 1693 1665 1059
9 1665 1693 1694 1666 1060
9 1666 1694 1695 1667 1061
9 1667 1695 1696 1668 1062
9 1668 1696 1697 1669 1063
9 1669 1697 1698 1670 1064
9 1670 1698 1699 1671 1065
9 1671 1699 1700 1672 1066
9 1672 1700 1701 1673 1067
9 1673 1701 1702 1674 1068
9 1674 1702 1703 1675 1069
9 1675 1703 1704 1676 1070
9 1676 1704 1705 1677 1071
9 1677 1705 462 463 1072
9 619 620 1706 1678 1073
9 1678 1706 1707 1679 1074
9 1679 1707 1708 1680 1075
9 1680 1708 1709 1681 1076
9 1681 1709 1710 1682 1077
9 1682 1710 1711 1683 1078
9 1683 1711 1712 1684 1079
9 1684 1712 1713 1685 1080
9 1685 1713 1714 1686 1081
9 1686 1714 1715 1687 1082
9 1687 1715 1716 1688 1083
9 1688 1716 1717 1689 1084
9 1689 1717 1718 1690 1085
9 1690 1718 1719 1691 1086
9 1691 1719 1720 1692 1087
9 1692 1720 1721 1693 1088
9 1693 1721 1722 1694 1089
9 1694 1722 1723 1695 1090
9 1695 1723 1724 1696 1091
9 1696 1724 1725 1697 1092
9 1697 1725 1726 1698 1093
9 1698 1726 1727 1699 1094
9 1699 1727 1728 1700 1095
9 1700 1728 1729 1701 1096
9 1701 1729 1730 1702 1097
9 1702 1730 1731 1703 1098
9 1703 1731 1732 1704 1099
9 1704 1732 1733 1705 1100
9 1705 1733 461 462 1101
9 620 621 1734 1706 1102
9 1706 1734 1735 1707 1103
9 1707 1735 1736 1708 1104
9 1708 1736 1737 1709 1105
9 1709 1737 1738 1710 1106
9 1710 1738 1739 1711 1107
9 1711 1739 1740 1712 1108
9 1712 1740 1741 1713 1109
9 1713 1741 1742 1714 1110
9 1714 1742 1743 1715 1111
9 1715 1743 1744 1716 1112
9 1716 1744 1745 1717 1113
9 1717 1745 1746 1718 1114
9 1718 1746 1747 1719 1115
9 1719 1747 1748 1720 1116
9 1720 1748 1749 1721 1117
9 1721 1749 1750 1722 1118
9 1722 1750 1751 1723 1119
9 1723 1751 1752 1724 1120
9 1724 1752 1753 1725 1121
9 1725 1753 1754 1726 1122
9 1726 1754 1755 1727 1123
9 1727 1755 1756 1728 1124
9 1728 1756 1757 1729 1125
9 1729 1757 1758 1730 1126
9 1730 1758 1759 1731 1127
9 1731 1759 1760 1732 1128
9 1732 1760 1761 1733 1129
9 1733 1761 460 461 1130
9 621 622 1762 1734 1131
9 1734 1762 1763 1735 1132
9 1735 1763 1764 1736 1133
9 1736 1764 1765 1737 1134
9 1737 1765 1766 1738 1135
9 1738 1766 1767 1739 1136
9 1739 1767 1768 1740 1137
9 1740 1768 1769 1741 1138
9 1741 1769 1770 1742 1139
9 1742 1770 1771 1743 1140
9 1743 1771 1772 1744 1141
9 1744 1772 1773 1745 1142
9 1745 1773 1774 1746 1143
9 1746 1774 1775 1747 1144
9 1747 1775 1776 1748 1145
9 1748 1776 1777 1749 1146
9 1749 1777 1778 1750 1147
9 1750 1778 1779 1751 1148
9 1751 1779 1780 1752 1149
9 1752 1780 1781 1753 1150
9 1753 1781 1782 1754 1151
9 1754 1782 1783 1755 1152
9 1755 1783 1784 1756 1153
9 1756 1784 1785 1757 1154
9 1757 1785 1786 1758 1155
9 1758 1786 1787 1759 1156
9 1759 1787 1788 1760 1157
9 1760 1788 1789 1761 1158
9 1761 1789 459 460 1159
9 622 623 1790 1762 1160
9 1762 1790 1791 1763 1161
9 1763 1791 1792 1764 1162
9 1764 1792 1793 1765 1163
9 1765 1793 1794 1766 1164
9 1766 1794 1795 1767 1165
9 1767 1795 1796 1768 1166
9 1768 1796 1797 1769 1167
9 1769 1797 1798 1770 1168
9 1770 1798 1799 1771 1169
9 1771 1799 1800 1772 1170
9 1772 1800 1801 1773 1171
9 1773 1801 1802 1774 1172
9 1774 1802 1803 1775 1173
9 1775 1803 1804 1776 1174
9 1776 1804 1805 1777 1175
9 1777 1805 1806 1778 1176
9 1778 1806 1807 1779 1177
9 1779 1807 1808 1780 1178
9 1780 1808 1809 1781 1179
9 1781 1809 1810 1782 1180
9 1782 1810 1811 1783 1181
9 1783 1811 1812 1784 1182
9 1784 1812 1813 1785 1183
9 1785 1813 1814 1786 1184
9 1786 1814 1815 1787 1185
9 1787 1815 1816 1788 1186
9 1788 1816 1817 1789 1187
9 1789 1817 458 459 1188
9 623 624 1818 1790 1189
9 1790 1818 1819 1791 1190
9 1791 1819 1820 1792 1191
9 1792 1820 1821 1793 1192
9 1793 1821 1822 1794 1193
9 1794 1822 1823 1795 1194
9 1795 1823 1824 1796 1195
9 1796 1824 1825 1797 1196
9 1797 1825 1826 1798 1197
9 1798 1826 1827 1799 1198
9 1799 1827 1828 1800 1199
9 1800 1828 1829 1801 1200
9 1801 1829 1830 1802 1201
9 1802 1830 1831 1803 1202
9 1803 1831 1832 1804 1203
9 1804 1832 1833 1805 1204
9 1805 1833 1834 1806 1205
9 1806 1834 1835 1807 1206
9 1807 1835 1836 1808 1207
9 1808 1836 1837 1809 1208
9 1809 1837 1838 1810 1209
9 1810 1838 1839 1811 1210
9 1811 1839 1840 1812 1211
9 1812 1840 1841 1813 1212
9 1813 1841 1842 1814 1213
9 1814 1842 1843 1815 1214
9 1815 1843 1844 1816 1215
9 1816 1844 1845 1817 1216
9 1817 1845 457 458 1217
9 624 625 1846 1818 1218
9 1818 1846 1847 1819 1219
9 1819 1847 1848 1820 1220
9 1820 1848 1849 1821 1221
9 1821 1849 1850 1822 1222
9 1822 1850 1851 1823 1223
9 1823 1851 1852 1824 1224
9 1824 1852 1853 1825 1225
9 1825 1853 1854 1826 1226
9 1826 1854 1855 1827 1227
9 1827 1855 1856 1828 1228
9 1828 1856 1857 1829 1229
9 1829 1857 1858 1830 1230
9 1830 1858 1859 1831 1231
9 1831 1859 1860 1832 1232
9 1832 1860 1861 1833 1233
9 1833 1861 1862 1834 1234
9 1834 1862 1863 1835 1235
9 1835 1863 1864 1836 1236
9 1836 1864 1865 1837 1237
9 1837 1865 1866 1838 1238
9 1838 1866 1867 1839 1239
9 1839 1867 1868 1840 1240
9 1840 1868 1869 1841 1241
9 1841 1869 1870 1842 1242
9 1842 1870 1871 1843 1243
9 1843 1871 1872 1844 1244
9 1844 1872 1873 1845 1245
9 1845 1873 456 457 1246
9 625 626 1874 1846 1247
9 1846 1874 1875 1847 1248
9 1847 1875 1876 1848 1249
9 1848 1876 1877 1849 1250
9 1849 1877 1878 1850 1251
9 1850 1878 1879 1851 1252
9 1851 1879 1880 1852 1253
9 1852 1880 1881 1853 1254
9 1853 1881 1882 1854 1255
9 1854 1882 1883 1855 1256
9 1855 1883 1884 1856 1257
9 1856 1884 1885 1857 1258
9 1857 1885 1886 1858 1259
9 1858 1886 1887 1859 1260
9 1859 1887 1888 1860 1261
9 1860 1888 1889 1861 1262
9 1861 1889 1890 1862 1263
9 1862 1890 1891 1863 1264
9 1863 1891 1892 1864 1265
9 1864 1892 1893 1865 1266
9 1865 1893 1894 1866 1267
9 1866 1894 1895 1867 1268
9 1867 1895 1896 1868 1269
9 1868 1896 1897 1869 1270
9 1869 1897 1898 1870 1271
9 1870 1898 1899 1871 1272
9 1871 1899 1900 1872 1273
9 1872 1900 1901 1873 1274
9 1873 1901 455 456 1275
9 626 627 1902 1874 1276
9 1874 1902 1903 1875 1277
9 1875 1903 1904 1876 1278
9 1876 1904 1905 1877 1279
9 1877 1905 1906 1878 1280
9 1878 1906 1907 1879 1281
9 1879 1907 1908 1880 1282
9 1880 1908 1909 1881 1283
9 1881 1909 1910 1882 1284
9 1882 1910 1911 1883 1285
9 1883 1911 1912 1884 1286
9 1884 1912 1913 1885 1287
9 1885 1913 1914 1886 1288
9 1886 1914 1915 1887 1289
9 1887 1915 1916 1888 1290
9 1888 1916 1917 1889 1291
9 1889 1917 1918 1890 1292
9 1890 1918 1919 1891 1293
9 1891 1919 1920 1892 1294
9 1892 1920 1921 1893 1295
9 1893 1921 1922 1894 1296
9 1894 1922 1923 1895 1297
9 1895 1923 1924 1896 1298
9 1896 1924 1925 1897 1299
9 1897 1925 1926 1898 1300
9 1898 1926 1927 1899 1301
9 1899 1927 1928 1900 1302
9 1900 1928 1929 1901 1303
9 1901 1929 454 455 1304
9 627 628 1930 1902 1305
9 1902 1930 1931 1903 1306
9 1903 1931 1932 1904 1307
9 1904 1932 1933 1905 1308
9 1905 1933 1934 1906 1309
9 1906 1934 1935 1907 1310
9 1907 1935 1936 1908 1311
9 1908 1936 1937 1909 1312
9 1909 1937 1938 1910 1313
9 1910 1938 1939 1911 1314
9 1911 1939 1940 1912 1315
9 1912 1940 1941 1913 1316
9 1913 1941 1942 1914 1317
9 1914 1942 1943 1915 1318
9 1915 1943 1944 1916 1319
9 1916 1944 1945 1917 1320
9 1917 1945 1946 1918 1321
9 1918 1946 1947 1919 1322
9 1919 1947 1948 1920 1323
9 1920 1948 1949 1921 1324
9 1921 1949 1950 1922 1325
9 1922 1950 1951 1923 1326
9 1923 1951 1952 1924 1327
9 1924 1952 1953 1925 1328
9 1925 1953 1954 1926 1329
9 1926 1954 1955 1927 1330
9 1927 1955 1956 1928 1331
9 1928 1956 1957 1929 1332
9 1929 1957 453 454 1333
9 628 629 1958 1930 1334
9 1930 1958 1959 1931 1335
9 1931 1959 1960 1932 1336
9 1932 1960 1961 1933 1337
9 1933 1961 1962 1934 1338
9 1934 1962 1963 1935 1339
9 1935 1963 1964 1936 1340
9 1936 1964 1965 1937 1341
9 1937 1965 1966 1938 1342
9 1938 1966 1967 1939 1343
9 1939 1967 1968 1940 1344
9 1940 1968 1969 1941 1345
9 1941 1969 1970 1942 1346
9 1942 1970 1971 1943 1347
9 1943 1971 1972 1944 1348
9 1944 1972 1973 1945 1349
9 1945 1973 1974 1946 1350
9 1946 1974 1975 1947 1351
9 1947 1975 1976 1948 1352
9 1948 1976 1977 1949 1353
9 1949 1977 1978 1950 1354
9 1950 1978 1979 1951 1355
9 1951 1979 1980 1952 1356
9 1952 1980 1981 1953 1357
9 1953 1981 1982 1954 1358
9 1954 1982 1983 1955 1359
9 1955 1983 1984 1956 1360
9 1956 1984 1985 1957 1361
9 1957 1985 452 453 1362
9 629 630 1986 1958 1363
9 1958 1986 1987 1959 1364
9 1959 1987 1988 1960 1365
9 1960 1988 1989 1961 1366
9 1961 1989 1990 1962 1367
9 1962 1990 1991 1963 1368
9 1963 1991 1992 1964 1369
9 1964 1992 1993 1965 1370
9 1965 1993 1994 1966 1371
9 1966 1994 1995 1967 1372
9 1967 1995 1996 1968 1373
9 1968 1996 1997 1969 1374
9 1969 1997 1998 1970 1375
9 1970 1998 1999 1971 1376
9 1971 1999 2000 1972 1377
9 1972 2000 2001 1973 1378
9 1973 2001 2002 1974 1379
9 1974 2002 2003 1975 1380
9 1975 2003 2004 1976 1381
9 1976 2004 2005 1977 1382
9 1977 2005 2006 1978 1383
9 1978 2006 2007 1979 1384
9 1979 2007 2008 1980 1385
9 1980 2008 2009 1981 1386
9 1981 2009 2010 1982 1387
9 1982 2010 2011 1983 1388
9 1983 2011 2012 1984 1389
9 1984 2012 2013 1985 1390
9 1985 2013 451 452 1391
9 630 631 2014 1986 1392
9 1986 2014 2015 1987 1393
9 1987 2015 2016 1988 1394
9 1988 2016 2017 1989 1395
9 1989 2017 2018 1990 1396
9 1990 2018 2019 1991 1397
9 1991 2019 2020 1992 1398
9 1992 2020 2021 1993 1399
9 1993 2021 2022 1994 1400
9 1994 2022 2023 1995 1401
9 1995 2023 2024 1996 1402
9 1996 2024 2025 1997 1403
9 1997 2025 2026 1998 1404
9 1998 2026 2027 1999 1405
9 1999 2027 2028 2000 1406
9 2000 2028 2029 2001 1407
9 2001 2029 2030 2002 1408
9 2002 2030 2031 2003 1409
9 2003 2031 2032 2004 1410
9 2004 2032 2033 2005 1411
9 2005 2033 2034 2006 1412
9 2006 2034 2035 2007 1413
9 2007 2035 2036 2008 1414
9 2008 2036 2037 2009 1415
9 2009 2037 2038 2010 1416
9 2010 2038 2039 2011 1417
9 2011 2039 2040 2012 1418
9 2012 2040 2041 2013 1419
9 2013 2041 450 451 1420
9 631 632 2042 2014 1421
9 2014 2042 2043 2015 1422
9 2015 2043 2044 2016 1423
9 2016 2044 2045 2017 1424
9 2017 2045 2046 2018 1425
9 2018 2046 2047 2019 1426
9 2019 2047 2048 2020 1427
9 2020 2048 2049 2021 1428
9 2021 2049 2050 2022 1429
9 2022 2050 2051 2023 1430
9 2023 2051 2052 2024 1431
9 2024 2052 2053 2025 1432
9 2025 2053 2054 2026 1433
9 2026 2054 2055 2027 1434
9 2027 2055 2056 2028 1435
9 2028 2056 2057 2029 1436
9 2029 2057 2058 2030 1437
9 2030 2058 2059 2031 1438
9 2031 2059 2060 2032 1439
9 2032 2060 2061 2033 1440
9 2033 2061 2062 2034 1441
9 2034 2062 2063 2035 1442
9 2035 2063 2064 2036 1443
9 2036 2064 2065 2037 1444
9 2037 2065 2066 2038 1445
9 2038 2066 2067 2039 1446
9 2039 2067 2068 2040 1447
9 2040 2068 2069 2041 1448
9 2041 2069 449 450 1449
9 632 633 2070 2042 1450
9 2042 2070 2071 2043 1451
9 2043 2071 2072 2044 1452
9 2044 2072 2073 2045 1453
9 2045 2073 2074 2046 1454
9 2046 2074 2075 2047 1455
9 2047 2075 2076 2048 1456
9 2048 2076 2077 2049 1457
9 2049 2077 2078 2050 1458
9 2050 2078 2079 2051 1459
9 2051 2079 2080 2052 1460
9 2052 2080 2081 2053 1461
9 2053 2081 2082 2054 1462
9 2054 2082 2083 2055 1463
9 2055 2083 2084 2056 1464
9 2056 2084 2085 2057 1465
9 2057 2085 2086 2058 1466
9 2058 2086 2087 2059 1467
9 2059 2087 2088 2060 1468
9 2060 2088 2089 2061 1469
9 2061 2089 2090 2062 1470
9 2062 2090 2091 2063 1471
9 2063 2091 2092 2064 1472
9 2064 2092 2093 2065 1473
9 2065 2093 2094 2066 1474
9 2066 2094 2095 2067 1475
9 2067 2095 2096 2068 1476
9 2068 2096 2097 2069 1477
9 2069 2097 448 449 1478
9 633 634 2098 2070 1479
9 2070 2098 2099 2071 1480
9 2071 2099 2100 2072 1481
9 2072 2100 2101 2073 1482
9 2073 2101 2102 2074 1483
9 2074 2102 2103 2075 1484
9 2075 2103 2104 2076 1485
9 2076 2104 2105 2077 1486
9 2077 2105 2106 2078 1487
9 2078 2106 2107 2079 1488
9 2079 2107 2108 2080 1489
9 2080 2108 2109 2081 1490
9 2081 2109 2110 2082 1491
9 2082 2110 2111 2083 1492
9 2083 2111 2112 2084 1493
9 2084 2112 2113 2085 1494
9 2085 2113 2114 2086 1495
9 2086 2114 2115 2087 1496
9 2087 2115 2116 2088 1497
9 2088 2116 2117 2089 1498
9 2089 2117 2118 2090 1499
9 2090 2118 2119 2091 1500
9 2091 2119 2120 2092 1501
9 2092 2120 2121 2093 1502
9 2093 2121 2122 2094 1503
9 2094 2122 2123 2095 1504
9 2095 2123 2124 2096 1505
9 2096 2124 2125 2097 1506
9 2097 2125 447 448 1507
9 634 635 2126 2098 1508
9 2098 2126 2127 2099 1509
9 2099 2127 2128 2100 1510
9 2100 2128 2129 2101 1511
9 2101 2129 2130 2102 1512
9 2102 2130 2131 2103 1513
9 2103 2131 2132 2104 1514
9 2104 2132 2133 2105 1515
9 2105 2133 2134 2106 1516
9 2106 2134 2135 2107 1517
9 2107 2135 2136 2108 1518
9 2108 2136 2137 2109 1519
9 2109 2137 2138 2110 1520
9 2110 2138 2139 2111 1521
9 2111 2139 2140 2112 1522
9 2112 2140 2141 2113 1523
9 2113 2141 2142 2114 1524
9 2114 2142 2143 2115 1525
9 2115 2143 2144 2116 1526
9 2116 2144 2145 2117 1527
9 2117 2145 2146 2118 1528
9 2118 2146 2147 2119 1529
9 2119 2147 2148 2120 1530
9 2120 2148 2149 2121 1531
9 2121 2149 2150 2122 1532
9 2122 2150 2151 2123 1533
9 2123 2151 2152 2124 1534
9 2124 2152 2153 2125 1535
9 2125 2153 446 447 1536
9 635 636 2154 2126 1537
9 2126 2154 2155 2127 1538
9 2127 2155 2156 2128 1539
9 2128 2156 2157 2129 1540
9 2129 2157 2158 2130 1541
9 2130 2158 2159 2131 1542
9 2131 2159 2160 2132 1543
9 2132 2160 2161 2133 1544
9 2133 2161 2162 2134 1545
9 2134 2162 2163 2135 1546
9 2135 2163 2164 2136 1547
9 2136 2164 2165 2137 1548
9 2137 2165 2166 2138 1549
9 2138 2166 2167 2139 1550
9 2139 2167 2168 2140 1551
9 2140 2168 2169 2141 1552
9 2141 2169 2170 2142 1553
9 2142 2170 2171 2143 1554
9 2143 2171 2172 2144 1555
9 2144 2172 2173 2145 1556
9 2145 2173 2174 2146 1557
9 2146 2174 2175 2147 1558
9 2147 2175 2176 2148 1559
9 2148 2176 2177 2149 1560
9 2149 2177 2178 2150 1561
9 2150 2178 2179 2151 1562
9 2151 2179 2180 2152 1563
9 2152 2180 2181 2153 1564
9 2153 2181 445 446 1565
9 636 637 2182 2154 1566
9 2154 2182 2183 2155 1567
9 2155 2183 2184 2156 1568
9 2156 2184 2185 2157 1569
9 2157 2185 2186 2158 1570
9 2158 2186 2187 2159 1571
9 2159 2187 2188 2160 1572
9 2160 2188 2189 2161 1573
9 2161 2189 2190 2162 1574
9 2162 2190 2191 2163 1575
9 2163 2191 2192 2164 1576
9 2164 2192 2193 2165 1577
9 2165 2193 2194 2166 1578
9 2166 2194 2195 2167 1579
9 2167 2195 2196 2168 1580
9 2168 2196 2197 2169 1581
9 2169 2197 2198 2170 1582
9 2170 2198 2199 2171 1583
9 2171 2199 2200 2172 1584
9 2172 2200 2201 2173 1585
9 2173 2201 2202 2174 1586
9 2174 2202 2203 2175 1587
9 2175 2203 2204 2176 1588
9 2176 2204 2205 2177 1589
9 2177 2205 2206 2178 1590
9 2178 2206 2207 2179 1591
9 2179 2207 2208 2180 1592
9 2180 2208 2209 2181 1593
9 2181 2209 444 445 1594
9 637 638 2210 2182 1595
9 2182 2210 2211 2183 1596
9 2183 2211 2212 2184 1597
9 2184 2212 2213 2185 1598
9 2185 2213 2214 2186 1599
9 2186 2214 2215 2187 1600
9 2187 2215 2216 2188 1601
9 2188 2216 2217 2189 1602
9 2189 2217 2218 2190 1603
9 2190 2218 2219 2191 1604
9 2191 2219 2220 2192 1605
9 2192 2220 2221 2193 1606
9 2193 2221 2222 2194 1607
9 2194 2222 2223 2195 1608
9 2195 2223 2224 2196 1609
9 2196 2224 2225 2197 1610
9 2197 2225 2226 2198 1611
9 2198 2226 2227 2199 1612
9 2199 2227 2228 2200 1613
9 2200 2228 2229 2201 1614
9 2201 2229 2230 2202 1615
9 2202 2230 2231 2203 1616
9 2203 2231 2232 2204 1617
9 2204 2232 2233 2205 1618
9 2205 2233 2234 2206 1619
9 2206 2234 2235 2207 1620
9 2207 2235 2236 2208 1621
9 2208 2236 2237 2209 1622
9 2209 2237 443 444 1623
9 638 639 2238 2210 1624
9 2210 2238 2239 2211 1625
9 2211 2239 2240 2212 1626
9 2212 2240 2241 2213 1627
9 2213 2241 2242 2214 1628
9 2214 2242 2243 2215 1629
9 2215 2243 2244 2216 1630
9 2216 2244 2245 2217 1631
9 2217 2245 2246 2218 1632
9 2218 2246 2247 2219 1633
9 2219 2247 2248 2220 1634
9 2220 2248 2249 2221 1635
9 2221 2249 2250 2222 1636
9 2222 2250 2251 2223 1637
9 2223 2251 2252 2224 1638
9 2224 2252 2253 2225 1639
9 2225 2253 2254 2226 1640
9 2226 2254 2255 2227 1641
9 2227 2255 2256 2228 1642
9 2228 2256 2257 2229 1643
9 2229 2257 2258 2230 1644
9 2230 2258 2259 2231 1645
9 2231 2259 2260 2232 1646
9 2232 2260 2261 2233 1647
9 2233 2261 2262 2234 1648
9 2234 2262 2263 2235 1649
9 2235 2263 2264 2236 1650
9 2236 2264 2265 2237 1651
9 2237 2265 442 443 1652
9 639 640 2266 2238 1653
9 2238 2266 2267 2239 1654
9 2239 2267 2268 2240 1655
9 2240 2268 2269 2241 1656
9 2241 2269 2270 2242 1657
9 2242 2270 2271 2243 1658
9 2243 2271 2272 2244 1659
9 2244 2272 2273 2245 1660
9 2245 2273 2274 2246 1661
9 2246 2274 2275 2247 1662
9 2247 2275 2276 2248 1663
9 2248 2276 2277 2249 1664
9 2249 2277 2278 2250 1665
9 2250 2278 2279 2251 1666
9 2251 2279 2280 2252 1667
9 2252 2280 2281 2253 1668
9 2253 2281 2282 2254 1669
9 2254 2282 2283 2255 1670
9 2255 2283 2284 2256 1671
9 2256 2284 2285 2257 1672
9 2257 2285 2286 2258 1673
9 2258 2286 2287 2259 1674
9 2259 2287 2288 2260 1675
9 2260 2288 2289 2261 1676
9 2261 2289 2290 2262 1677
9 2262 2290 2291 2263 1678
9 2263 2291 2292 2264 1679
9 2264 2292 2293 2265 1680
9 2265 2293 441 442 1681
9 640 641 2294 2266 1682
9 2266 2294 2295 2267 1683
9 2267 2295 2296 2268 1684
9 2268 2296 2297 2269 1685
9 2269 2297 2298 2270 1686
9 2270 2298 2299 2271 1687
9 2271 2299 2300 2272 1688
9 2272 2300 2301 2273 1689
9 2273 2301 2302 2274 1690
9 2274 2302 2303 2275 1691
9 2275 2303 2304 2276 1692
9 2276 2304 2305 2277 1693
9 2277 2305 2306 2278 1694
9 2278 2306 2307 2279 1695
9 2279 2307 2308 2280 1696
9 2280 2308 2309 2281 1697
9 2281 2309 2310 2282 1698
9 2282 2310 2311 2283 1699
9 2283 2311 2312 2284 1700
9 2284 2312 2313 2285 1701
9 2285 2313 2314 2286 1702
9 2286 2314 2315 2287 1703
9 2287 2315 2316 2288 1704
9 2288 2316 2317 2289 1705
9 2289 2317 2318 2290 1706
9 2290 2318 2319 2291 1707
9 2291 2319 2320 2292 1708
9 2292 2320 2321 2293 1709
9 2293 2321 440 441 1710
9 641 642 2322 2294 1711
9 2294 2322 2323 2295 1712
9 2295 2323 2324 2296 1713
9 2296 2324 2325 2297 1714
9 2297 2325 2326 2298 1715
9 2298 2326 2327 2299 1716
9 2299 2327 2328 2300 1717
9 2300 2328 2329 2301 1718
9 2301 2329 2330 2302 1719
9 2302 2330 2331 2303 1720
9 2303 2331 2332 2304 1721
9 2304 2332 2333 2305 1722
9 2305 2333 2334 2306 1723
9 2306 2334 2335 2307 1724
9 2307 2335 2336 2308 1725
9 2308 2336 2337 2309 1726
9 2309 2337 2338 2310 1727
9 2310 2338 2339 2311 1728
9 2311 2339 2340 2312 1729
9 2312 2340 2341 2313 1730
9 2313 2341 2342 2314 1731
9 2314 2342 2343 2315 1732
9 2315 2343 2344 2316 1733
9 2316 2344 2345 2317 1734
9 2317 2345 2346 2318 1735
9 2318 2346 2347 2319 1736
9 2319 2347 2348 2320 1737
9 2320 2348 2349 2321 1738
9 2321 2349 439 440 1739
9 642 643 2350 2322 1740
9 2322 2350 2351 2323 1741
9 2323 2351 2352 2324 1742
9 2324 2352 2353 2325 1743
9 2325 2353 2354 2326 1744
9 2326 2354 2355 2327 1745
9 2327 2355 2356 2328 1746
9 2328 2356 2357 2329 1747
9 2329 2357 2358 2330 1748
9 2330 2358 2359 2331 1749
9 2331 2359 2360 2332 1750
9 2332 2360 2361 2333 1751
9 2333 2361 2362 2334 1752
9 2334 2362 2363 2335 1753
9 2335 2363 2364 2336 1754
9 2336 2364 2365 2337 1755
9 2337 2365 2366 2338 1756
9 2338 2366 2367 2339 1757
9 2339 2367 2368 2340 1758
9 2340 2368 2369 2341 1759
9 2341 2369 2370 2342 1760
9 2342 2370 2371 2343 1761
9 2343 2371 2372 2344 1762
9 2344 2372 2373 2345 1763
9 2345 2373 2374 2346 1764
9 2346 2374 2375 2347 1765
9 2347 2375 2376 2348 1766
9 2348 2376 2377 2349 1767
9 2349 2377 438 439 1768
9 643 644 2378 2350 1769
9 2350 2378 2379 2351 1770
9 2351 2379 2380 2352 1771
9 2352 2380 2381 2353 1772
9 2353 2381 2382 2354 1773
9 2354 2382 2383 2355 1774
9 2355 2383 2384 2356 1775
9 2356 2384 2385 2357 1776
9 2357 2385 2386 2358 1777
9 2358 2386 2387 2359 1778
9 2359 2387 2388 2360 1779
9 2360 2388 2389 2361 1780
9 2361 2389 2390 2362 1781
9 2362 2390 2391 2363 1782
9 2363 2391 2392 2364 1783
9 2364 2392 2393 2365 1784
9 2365 2393 2394 2366 1785
9 2366 2394 2395 2367 1786
9 2367 2395 2396 2368 1787
9 2368 2396 2397 2369 1788
9 2369 2397 2398 2370 1789
9 2370 2398 2399 2371 1790
9 2371 2399 2400 2372 1791
9 2372 2400 2401 2373 1792
9 2373 2401 2402 2374 1793
9 2374 2402 2403 2375 1794
9 2375 2403 2404 2376 1795
9 2376 2404 2405 2377 1796
9 2377 2405 437 438 1797
9 644 645 2406 2378 1798
9 2378 2406 2407 2379 1799
9 2379 2407 2408 2380 1800
9 2380 2408 2409 2381 1801
9 2381 2409 2410 2382 1802
9 2382 2410 2411 2383 1803
9 2383 2411 2412 2384 1804
9 2384 2412 2413 2385 1805
9 2385 2413 2414 2386 1806
9 2386 2414 2415 2387 1807
9 2387 2415 2416 2388 1808
9 2388 2416 2417 2389 1809
9 2389 2417 2418 2390 1810
9 2390 2418 2419 2391 1811
9 2391 2419 2420 2392 1812
9 2392 2420 2421 2393 1813
9 2393 2421 2422 2394 1814
9 2394 2422 2423 2395 1815
9 2395 2423 2424 2396 1816
9 2396 2424 2425 2397 1817
9 2397 2425 2426 2398 1818
9 2398 2426 2427 2399 1819
9 2399 2427 2428 2400 1820
9 2400 2428 2429 2401 1821
9 2401 2429 2430 2402 1822
9 2402 2430 2431 2403 1823
9 2403 2431 2432 2404 1824
9 2404 2432 2433 2405 1825
9 2405 2433 436 437 1826
9 645 646 2434 2406 1827
9 2406 2434 2435 2407 1828
9 2407 2435 2436 2408 1829
9 2408 2436 2437 2409 1830
9 2409 2437 2438 2410 1831
9 2410 2438 2439 2411 1832
9 2411 2439 2440 2412 1833
9 2412 2440 2441 2413 1834
9 2413 2441 2442 2414 1835
9 2414 2442 2443 2415 1836
9 2415 2443 2444 2416 1837
9 2416 2444 2445 2417 1838
9 2417 2445 2446 2418 1839
9 2418 2446 2447 2419 1840
9 2419 2447 2448 2420 1841
9 2420 2448 2449 2421 1842
9 2421 2449 2450 2422 1843
9 2422 2450 2451 2423 1844
9 2423 2451 2452 2424 1845
9 2424 2452 2453 2425 1846
9 2425 2453 2454 2426 1847
9 2426 2454 2455 2427 1848
9 2427 2455 2456 2428 1849
9 2428 2456 2457 2429 1850
9 2429 2457 2458 2430 1851
9 2430 2458 2459 2431 1852
9 2431 2459 2460 2432 1853
9 2432 2460 2461 2433 1854
9 2433 2461 435 436 1855
9 646 647 2462 2434 1856
9 2434 2462 2463 2435 1857
9 2435 2463 2464 2436 1858
9 2436 2464 2465 2437 1859
9 2437 2465 2466 2438 1860
9 2438 2466 2467 2439 1861
9 2439 2467 2468 2440 1862
9 2440 2468 2469 2441 1863
9 2441 2469 2470 2442 1864
9 2442 2470 2471 2443 1865
9 2443 2471 2472 2444 1866
9 2444 2472 2473 2445 1867
9 2445 2473 2474 2446 1868
9 2446 2474 2475 2447 1869
9 2447 2475 2476 2448 1870
9 2448 2476 2477 2449 1871
9 2449 2477 2478 2450 1872
9 2450 2478 2479 2451 1873
9 2451 2479 2480 2452 1874
9 2452 2480 2481 2453 1875
9 2453 2481 2482 2454 1876
9 2454 2482 2483 2455 1877
9 2455 2483 2484 2456 1878
9 2456 2484 2485 2457 1879
9 2457 2485 2486 2458 1880
9 2458 2486 2487 2459 1881
9 2459 2487 2488 2460 1882
9 2460 2488 2489 2461 1883
9 2461 2489 434 435 1884
9 647 648 2490 2462 1885
9 2462 2490 2491 2463 1886
9 2463 2491 2492 2464 1887
9 2464 2492 2493 2465 1888
9 2465 2493 2494 2466 1889
9 2466 2494 2495 2467 1890
9 2467 2495 2496 2468 1891
9 2468 2496 2497 2469 1892
9 2469 2497 2498 2470 1893
9 2470 2498 2499 2471 1894
9 2471 2499 2500 2472 1895
9 2472 2500 2501 2473 1896
9 2473 2501 2502 2474 1897
9 2474 2502 2503 2475 1898
9 2475 2503 2504 2476 1899
9 2476 2504 2505 2477 1900
9 2477 2505 2506 2478 1901
9 2478 2506 2507 2479 1902
9 2479 2507 2508 2480 1903
9 2480 2508 2509 2481 1904
9 2481 2509 2510 2482 1905
9 2482 2510 2511 2483 1906
9 2483 2511 2512 2484 1907
9 2484 2512 2513 2485 1908
9 2485 2513 2514 2486 1909
9 2486 2514 2515 2487 1910
9 2487 2515 2516 2488 1911
9 2488 2516 2517 2489 1912
9 2489 2517 433 434 1913
9 648 649 2518 2490 1914
9 2490 2518 2519 2491 1915
9 2491 2519 2520 2492 1916
9 2492 2520 2521 2493 1917
9 2493 2521 2522 2494 1918
9 2494 2522 2523 2495 1919
9 2495 2523 2524 2496 1920
9 2496 2524 2525 2497 1921
9 2497 2525 2526 2498 1922
9 2498 2526 2527 2499 1923
9 2499 2527 2528 2500 1924
9 2500 2528 2529 2501 1925
9 2501 2529 2530 2502 1926
9 2502 2530 2531 2503 1927
9 2503 2531 2532 2504 1928
9 2504 2532 2533 2505 1929
9 2505 2533 2534 2506 1930
9 2506 2534 2535 2507 1931
9 2507 2535 2536 2508 1932
9 2508 2536 2537 2509 1933
9 2509 2537 2538 2510 1934
9 2510 2538 2539 2511 1935
9 2511 2539 2540 2512 1936
9 2512 2540 2541 2513 1937
9 2513 2541 2542 2514 1938
9 2514 2542 2543 2515 1939
9 2515 2543 2544 2516 1940
9 2516 2544 2545 2517 1941
9 2517 2545 432 433 1942
9 649 650 2546 2518 1943
9 2518 2546 2547 2519 1944
9 2519 2547 2548 2520 1945
9 2520 2548 2549 2521 1946
9 2521 2549 2550 2522 1947
9 2522 2550 2551 2523 1948
9 2523 2551 2552 2524 1949
9 2524 2552 2553 2525 1950
9 2525 2553 2554 2526 1951
9 2526 2554 2555 2527 1952
9 2527 2555 2556 2528 1953
9 2528 2556 2557 2529 1954
9 2529 2557 2558 2530 1955
9 2530 2558 2559 2531 1956
9 2531 2559 2560 2532 1957
9 2532 2560 2561 2533 1958
9 2533 2561 2562 2534 1959
9 2534 2562 2563 2535 1960
9 2535 2563 2564 2536 1961
9 2536 2564 2565 2537 1962
9 2537 2565 2566 2538 1963
9 2538 2566 2567 2539 1964
9 2539 2567 2568 2540 1965
9 2540 2568 2569 2541 1966
9 2541 2569 2570 2542 1967
9 2542 2570 2571 2543 1968
9 2543 2571 2572 2544 1969
9 2544 2572 2573 2545 1970
9 2545 2573 431 432 1971
9 650 651 2574 2546 1972
9 2546 2574 2575 2547 1973
9 2547 2575 2576 2548 1974
9 2548 2576 2577 2549 1975
9 2549 2577 2578 2550 1976
9 2550 2578 2579 2551 1977
9 2551 2579 2580 2552 1978
9 2552 2580 2581 2553 1979
9 2553 2581 2582 2554 1980
9 2554 2582 2583 2555 1981
9 2555 2583 2584 2556 1982
9 2556 2584 2585 2557 1983
9 2557 2585 2586 2558 1984
9 2558 2586 2587 2559 1985
9 2559 2587 2588 2560 1986
9 2560 2588 2589 2561 1987
9 2561 2589 2590 2562 1988
9 2562 2590 2591 2563 1989
9 2563 2591 2592 2564 1990
9 2564 2592 2593 2565 1991
9 2565 2593 2594 2566 1992
9 2566 2594 2595 2567 1993
9 2567 2595 2596 2568 1994
9 2568 2596 2597 2569 1995
9 2569 2597 2598 2570 1996
9 2570 2598 2599 2571 1997
9 2571 2599 2600 2572 1998
9 2572 2600 2601 2573 1999
9 2573 2601 430 431 2000
9 651 652 2602 2574 2001
9 2574 2602 2603 2575 2002
9 2575 2603 2604 2576 2003
9 2576 2604 2605 2577 2004
9 2577 2605 2606 2578 2005
9 2578 2606 2607 2579 2006
9 2579 2607 2608 2580 2007
9 2580 2608 2609 2581 2008
9 2581 2609 2610 2582 2009
9 2582 2610 2611 2583 2010
9 2583 2611 2612 2584 2011
9 2584 2612 2613 2585 2012
9 2585 2613 2614 2586 2013
9 2586 2614 2615 2587 2014
9 2587 2615 2616 2588 2015
9 2588 2616 2617 2589 2016
9 2589 2617 2618 2590 2017
9 2590 2618 2619 2591 2018
9 2591 2619 2620 2592 2019
9 2592 2620 2621 2593 2020
9 2593 2621 2622 2594 2021
9 2594 2622 2623 2595 2022
9 2595 2623 2624 2596 2023
9 2596 2624 2625 2597 2024
9 2597 2625 2626 2598 2025
9 2598 2626 2627 2599 2026
9 2599 2627 2628 2600 2027
9 2600 2628 2629 2601 2028
9 2601 2629 429 430 2029
9 652 653 2630 2602 2030
9 2602 2630 2631 2603 2031
9 2603 2631 2632 2604 2032
9 2604 2632 2633 2605 2033
9 2605 2633 2634 2606 2034
9 2606 2634 2635 2607 2035
9 2607 2635 2636 2608 2036
9 2608 2636 2637 2609 2037
9 2609 2637 2638 2610 2038
9 2610 2638 2639 2611 2039
9 2611 2639 2640 2612 2040
9 2612 2640 2641 2613 2041
9 2613 2641 2642 2614 2042
9 2614 2642 2643 2615 2043
9 2615 2643 2644 2616 2044
9 2616 2644 2645 2617 2045
9 2617 2645 2646 2618 2046
9 2618 2646 2647 2619 2047
9 2619 2647 2648 2620 2048
9 2620 2648 2649 2621 2049
9 2621 2649 2650 2622 2050
9 2622 2650 2651 2623 2051
9 2623 2651 2652 2624 2052
9 2624 2652 2653 2625 2053
9 2625 2653 2654 2626 2054
9 2626 2654 2655 2627 2055
9 2627 2655 2656 2628 2056
9 2628 2656 2657 2629 2057
9 2629 2657 428 429 2058
9 653 654 2658 2630 2059
9 2630 2658 2659 2631 2060
9 2631 2659 2660 2632 2061
9 2632 2660 2661 2633 2062
9 2633 2661 2662 2634 2063
9 2634 2662 2663 2635 2064
9 2635 2663 2664 2636 2065
9 2636 2664 2665 2637 2066
9 2637 2665 2666 2638 2067
9 2638 2666 2667 2639 2068
9 2639 2667 2668 2640 2069
9 2640 2668 2669 2641 2070
9 2641 2669 2670 2642 2071
9 2642 2670 2671 2643 2072
9 2643 2671 2672 2644 2073
9 2644 2672 2673 2645 2074
9 2645 2673 2674 2646 2075
9 2646 2674 2675 2647 2076
9 2647 2675 2676 2648 2077
9 2648 2676 2677 2649 2078
9 2649 2677 2678 2650 2079
9 2650 2678 2679 2651 2080
9 2651 2679 2680 2652 2081
9 2652 2680 2681 2653 2082
9 2653 2681 2682 2654 2083
9 2654 2682 2683 2655 2084
9 2655 2683 2684 2656 2085
9 2656 2684 2685 2657 2086
9 2657 2685 427 428 2087
9 654 655 2686 2658 2088
9 2658 2686 2687 2659 2089
9 2659 2687 2688 2660 2090
9 2660 2688 2689 2661 2091
9 2661 2689 2690 2662 2092
9 2662 2690 2691 2663 2093
9 2663 2691 2692 2664 2094
9 2664 2692 2693 2665 2095
9 2665 2693 2694 2666 2096
9 2666 2694 2695 2667 2097
9 2667 2695 2696 2668 2098
9 2668 2696 2697 2669 2099
9 2669 2697 2698 2670 2100
9 2670 2698 2699 2671 2101
9 2671 2699 2700 2672 2102
9 2672 2700 2701 2673 2103
9 2673 2701 2702 2674 2104
9 2674 2702 2703 2675 2105
9 2675 2703 2704 2676 2106
9 2676 2704 2705 2677 2107
9 2677 2705 2706 2678 2108
9 2678 2706 2707 2679 2109
9 2679 2707 2708 2680 2110
9 2680 2708 2709 2681 2111
9 2681 2709 2710 2682 2112
9 2682 2710 2711 2683 2113
9 2683 2711 2712 2684 2114
9 2684 2712 2713 2685 2115
9 2685 2713 426 427 2116
9 655 656 2714 2686 2117
9 2686 2714 2715 2687 2118
9 2687 2715 2716 2688 2119
9 2688 2716 2717 2689 2120
9 2689 2717 2718 2690 2121
9 2690 2718 2719 2691 2122
9 2691 2719 2720 2692 2123
9 2692 2720 2721 2693 2124
9 2693 2721 2722 2694 2125
9 2694 2722 2723 2695 2126
9 2695 2723 2724 2696 2127
9 2696 2724 2725 2697 2128
9 2697 2725 2726 2698 2129
9 2698 2726 2727 2699 2130
9 2699 2727 2728 2700 2131
9 2700 2728 2729 2701 2132
9 2701 2729 2730 2702 2133
9 2702 2730 2731 2703 2134
9 2703 2731 2732 2704 2135
9 2704 2732 2733 2705 2136
9 2705 2733 2734 2706 2137
9 2706 2734 2735 2707 2138
9 2707 2735 2736 2708 2139
9 2708 2736 2737 2709 2140
9 2709 2737 2738 2710 2141
9 2710 2738 2739 2711 2142
9 2711 2739 2740 2712 2143
9 2712 2740 2741 2713 2144
9 2713 2741 425 426 2145
9 656 657 2742 2714 2146
9 2714 2742 2743 2715 2147
9 2715 2743 2744 2716 2148
9 2716 2744 2745 2717 2149
9 2717 2745 2746 2718 2150
9 2718 2746 2747 2719 2151
9 2719 2747 2748 2720 2152
9 2720 2748 2749 2721 2153
9 2721 2749 2750 2722 2154
9 2722 2750 2751 2723 2155
9 2723 2751 2752 2724 2156
9 2724 2752 2753 2725 2157
9 2725 2753 2754 2726 2158
9 2726 2754 2755 2727 2159
9 2727 2755 2756 2728 2160
9 2728 2756 2757 2729 2161
9 2729 2757 2758 2730 2162
9 2730 2758 2759 2731 2163
9 2731 2759 2760 2732 2164
9 2732 2760 2761 2733 2165
9 2733 2761 2762 2734 2166
9 2734 2762 2763 2735 2167
9 2735 2763 2764 2736 2168
9 2736 2764 2765 2737 2169
9 2737 2765 2766 2738 2170
9 2738 2766 2767 2739 2171
9 2739 2767 2768 2740 2172
9 2740 2768 2769 2741 2173
9 2741 2769 424 425 2174
9 657 658 2770 2742 2175
9 2742 2770 2771 2743 2176
9 2743 2771 2772 2744 2177
9 2744 2772 2773 2745 2178
9 2745 2773 2774 2746 2179
9 2746 2774 2775 2747 2180
9 2747 2775 2776 2748 2181
9 2748 2776 2777 2749 2182
9 2749 2777 2778 2750 2183
9 2750 2778 2779 2751 2184
9 2751 2779 2780 2752 2185
9 2752 2780 2781 2753 2186
9 2753 2781 2782 2754 2187
9 2754 2782 2783 2755 2188
9 2755 2783 2784 2756 2189
9 2756 2784 2785 2757 2190
9 2757 2785 2786 2758 2191
9 2758 2786 2787 2759 2192
9 2759 2787 2788 2760 2193
9 2760 2788 2789 2761 2194
9 2761 2789 2790 2762 2195
9 2762 2790 2791 2763 2196
9 2763 2791 2792 2764 2197
9 2764 2792 2793 2765 2198
9 2765 2793 2794 2766 2199
9 2766 2794 2795 2767 2200
9 2767 2795 2796 2768 2201
9 2768 2796 2797 2769 2202
9 2769 2797 423 424 2203
9 658 659 2798 2770 2204
9 2770 2798 2799 2771 2205
9 2771 2799 2800 2772 2206
9 2772 2800 2801 2773 2207
9 2773 2801 2802 2774 2208
9 2774 2802 2803 2775 2209
9 2775 2803 2804 2776 2210
9 2776 2804 2805 2777 2211
9 2777 2805 2806 2778 2212
9 2778 2806 2807 2779 2213
9 2779 2807 2808 2780 2214
9 2780 2808 2809 2781 2215
9 2781 2809 2810 2782 2216
9 2782 2810 2811 2783 2217
9 2783 2811 2812 2784 2218
9 2784 2812 2813 2785 2219
9 2785 2813 2814 2786 2220
9 2786 2814 2815 2787 2221
9 2787 2815 2816 2788 2222
9 2788 2816 2817 2789 2223
9 2789 2817 2818 2790 2224
9 2790 2818 2819 2791 2225
9 2791 2819 2820 2792 2226
9 2792 2820 2821 2793 2227
9 2793 2821 2822 2794 2228
9 2794 2822 2823 2795 2229
9 2795 2823 2824 2796 2230
9 2796 2824 2825 2797 2231
9 2797 2825 422 423 2232
9 659 660 2826 2798 2233
9 2798 2826 2827 2799 2234
9 2799 2827 2828 2800 2235
9 2800 2828 2829 2801 2236
9 2801 2829 2830 2802 2237
9 2802 2830 2831 2803 2238
9 2803 2831 2832 2804 2239
9 2804 2832 2833 2805 2240
9 2805 2833 2834 2806 2241
9 2806 2834 2835 2807 2242
9 2807 2835 2836 2808 2243
9 2808 2836 2837 2809 2244
9 2809 2837 2838 2810 2245
9 2810 2838 2839 2811 2246
9 2811 2839 2840 2812 2247
9 2812 2840 2841 2813 2248
9 2813 2841 2842 2814 2249
9 2814 2842 2843 2815 2250
9 2815 2843 2844 2816 2251
9 2816 2844 2845 2817 2252
9 2817 2845 2846 2818 2253
9 2818 2846 2847 2819 2254
9 2819 2847 2848 2820 2255
9 2820 2848 2849 2821 2256
9 2821 2849 2850 2822 2257
9 2822 2850 2851 2823 2258
9 2823 2851 2852 2824 2259
9 2824 2852 2853 2825 2260
9 2825 2853 421 422 2261
9 660 661 2854 2826 2262
9 2826 2854 2855 2827 2263
9 2827 2855 2856 2828 2264
9 2828 2856 2857 2829 2265
9 2829 2857 2858 2830 2266
9 2830 2858 2859 2831 2267
9 2831 2859 2860 2832 2268
9 2832 2860 2861 2833 2269
9 2833 2861 2862 2834 2270
9 2834 2862 2863 2835 2271
9 2835 2863 2864 2836 2272
9 2836 2864 2865 2837 2273
9 2837 2865 2866 2838 2274
9 2838 2866 2867 2839 2275
9 2839 2867 2868 2840 2276
9 2840 2868 2869 2841 2277
9 2841 2869 2870 2842 2278
9 2842 2870 2871 2843 2279
9 2843 2871 2872 2844 2280
9 2844 2872 2873 2845 2281
9 2845 2873 2874 2846 2282
9 2846 2874 2875 2847 2283
9 2847 2875 2876 2848 2284
9 2848 2876 2877 2849 2285
9 2849 2877 2878 2850 2286
9 2850 2878 2879 2851 2287
9 2851 2879 2880 2852 2288
9 2852 2880 2881 2853 2289
9 2853 2881 420 421 2290
9 661 662 2882 2854 2291
9 2854 2882 2883 2855 2292
9 2855 2883 2884 2856 2293
9 2856 2884 2885 2857 2294
9 2857 2885 2886 2858 2295
9 2858 2886 2887 2859 2296
9 2859 2887 2888 2860 2297
9 2860 2888 2889 2861 2298
9 2861 2889 2890 2862 2299
9 2862 2890 2891 2863 2300
9 2863 2891 2892 2864 2301
9 2864 2892 2893 2865 2302
9 2865 2893 2894 2866 2303
9 2866 2894 2895 2867 2304
9 2867 2895 2896 2868 2305
9 2868 2896 2897 2869 2306
9 2869 2897 2898 2870 2307
9 2870 2898 2899 2871 2308
9 2871 2899 2900 2872 2309
9 2872 2900 2901 2873 2310
9 2873 2901 2902 2874 2311
9 2874 2902 2903 2875 2312
9 2875 2903 2904 2876 2313
9 2876 2904 2905 2877 2314
9 2877 2905 2906 2878 2315
9 2878 2906 2907 2879 2316
9 2879 2907 2908 2880 2317
9 2880 2908 2909 2881 2318
9 2881 2909 419 420 2319
9 662 663 2910 2882 2320
9 2882 2910 2911 2883 2321
9 2883 2911 2912 2884 2322
9 2884 2912 2913 2885 2323
9 2885 2913 2914 2886 2324
9 2886 2914 2915 2887 2325
9 2887 2915 2916 2888 2326
9 2888 2916 2917 2889 2327
9 2889 2917 2918 2890 2328
9 2890 2918 2919 2891 2329
9 2891 2919 2920 2892 2330
9 2892 2920 2921 2893 2331
9 2893 2921 2922 2894 2332
9 2894 2922 2923 2895 2333
9 2895 2923 2924 2896 2334
9 2896 2924 2925 2897 2335
9 2897 2925 2926 2898 2336
9 2898 2926 2927 2899 2337
9 2899 2927 2928 2900 2338
9 2900 2928 2929 2901 2339
9 2901 2929 2930 2902 2340
9 2902 2930 2931 2903 2341
9 2903 2931 2932 2904 2342
9 2904 2932 2933 2905 2343
9 2905 2933 2934 2906 2344
9 2906 2934 2935 2907 2345
9 2907 2935 2936 2908 2346
9 2908 2936 2937 2909 2347
9 2909 2937 418 419 2348
9 663 664 2938 2910 2349
9 2910 2938 2939 2911 2350
9 2911 2939 2940 2912 2351
9 2912 2940 2941 2913 2352
9 2913 2941 2942 2914 2353
9 2914 2942 2943 2915 2354
9 2915 2943 2944 2916 2355
9 2916 2944 2945 2917 2356
9 2917 2945 2946 2918 2357
9 2918 2946 2947 2919 2358
9 2919 2947 2948 2920 2359
9 2920 2948 2949 2921 2360
9 2921 2949 2950 2922 2361
9 2922 2950 2951 2923 2362
9 2923 2951 2952 2924 2363
9 2924 2952 2953 2925 2364
9 2925 2953 2954 2926 2365
9 2926 2954 2955 2927 2366
9 2927 2955 2956 2928 2367
9 2928 2956 2957 2929 2368
9 2929 2957 2958 2930 2369
9 2930 2958 2959 2931 2370
9 2931 2959 2960 2932 2371
9 2932 2960 2961 2933 2372
9 2933 2961 2962 2934 2373
9 2934 2962 2963 2935 2374
9 2935 2963 2964 2936 2375
9 2936 2964 2965 2937 2376
9 2937 2965 417 418 2377
9 664 665 2966 2938 2378
9 2938 2966 2967 2939 2379
9 2939 2967 2968 2940 2380
9 2940 2968 2969 2941 2381
9 2941 2969 2970 2942 2382
9 2942 2970 2971 2943 2383
9 2943 2971 2972 2944 2384
9 2944 2972 2973 2945 2385
9 2945 2973 2974 2946 2386
9 2946 2974 2975 2947 2387
9 2947 2975 2976 2948 2388
9 2948 2976 2977 2949 2389
9 2949 2977 2978 2950 2390
9 2950 2978 2979 2951 2391
9 2951 2979 2980 2952 2392
9 2952 2980 2981 2953 2393
9 2953 2981 2982 2954 2394
9 2954 2982 2983 2955 2395
9 2955 2983 2984 2956 2396
9 2956 2984 2985 2957 2397
9 2957 2985 2986 2958 2398
9 2958 2986 2987 2959 2399
9 2959 2987 2988 2960 2400
9 2960 2988 2989 2961 2401
9 2961 2989 2990 2962 2402
9 2962 2990 2991 2963 2403
9 2963 2991 2992 2964 2404
9 2964 2992 2993 2965 2405
9 2965 2993 416 417 2406
9 665 666 2994 2966 2407
9 2966 2994 2995 2967 2408
9 2967 2995 2996 2968 2409
9 2968 2996 2997 2969 2410
9 2969 2997 2998 2970 2411
9 2970 2998 2999 2971 2412
9 2971 2999 3000 2972 2413
9 2972 3000 3001 2973 2414
9 2973 3001 3002 2974 2415
9 2974 3002 3003 2975 2416
9 2975 3003 3004 2976 2417
9 2976 3004 3005 2977 2418
9 2977 3005 3006 2978 2419
9 2978 3006 3007 2979 2420
9 2979 3007 3008 2980 2421
9 2980 3008 3009 2981 2422
9 2981 3009 3010 2982 2423
9 2982 3010 3011 2983 2424
9 2983 3011 3012 2984 2425
9 2984 3012 3013 2985 2426
9 2985 3013 3014 2986 2427
9 2986 3014 3015 2987 2428
9 2987 3015 3016 2988 2429
9 2988 3016 3017 2989 2430
9 2989 3017 3018 2990 2431
9 2990 3018 3019 2991 2432
9 2991 3019 3020 2992 2433
9 2992 3020 3021 2993 2434
9 2993 3021 415 416 2435
9 666 667 3022 2994 2436
9 2994 3022 3023 2995 2437
9 2995 3023 3024 2996 2438
9 2996 3024 3025 2997 2439
9 2997 3025 3026 2998 2440
9 2998 3026 3027 2999 2441
9 2999 3027 3028 3000 2442
9 3000 3028 3029 3001 2443
9 3001 3029 3030 3002 2444
9 3002 3030 3031 3003 2445
9 3003 3031 3032 3004 2446
9 3004 3032 3033 3005 2447
9 3005 3033 3034 3006 2448
9 3006 3034 3035 3007 2449
9 3007 3035 3036 3008 2450
9 3008 3036 3037 3009 2451
9 3009 3037 3038 3010 2452
9 3010 3038 3039 3011 2453
9 3011 3039 3040 3012 2454
9 3012 3040 3041 3013 2455
9 3013 3041 3042 3014 2456
9 3014 3042 3043 3015 2457
9 3015 3043 3044 3016 2458
9 3016 3044 3045 3017 2459
9 3017 3045 3046 3018 2460
9 3018 3046 3047 3019 2461
9 3019 3047 3048 3020 2462
9 3020 3048 3049 3021 2463
9 3021 3049 414 415 2464
9 667 668 3050 3022 2465
9 3022 3050 3051 3023 2466
9 3023 3051 3052 3024 2467
9 3024 3052 3053 3025 2468
9 3025 3053 3054 3026 2469
9 3026 3054 3055 3027 2470
9 3027 3055 3056 3028 2471
9 3028 3056 3057 3029 2472
9 3029 3057 3058 3030 2473
9 3030 3058 3059 3031 2474
9 3031 3059 3060 3032 2475
9 3032 3060 3061 3033 2476
9 3033 3061 3062 3034 2477
9 3034 3062 3063 3035 2478
9 3035 3063 3064 3036 2479
9 3036 3064 3065 3037 2480
9 3037 3065 3066 3038 2481
9 3038 3066 3067 3039 2482
9 3039 3067 3068 3040 2483
9 3040 3068 3069 3041 2484
9 3041 3069 3070 3042 2485
9 3042 3070 3071 3043 2486
9 3043 3071 3072 3044 2487
9 3044 3072 3073 3045 2488
9 3045 3073 3074 3046 2489
9 3046 3074 3075 3047 2490
9 3047 3075 3076 3048 2491
9 3048 3076 3077 3049 2492
9 3049 3077 413 414 2493
9 668 669 3078 3050 2494
9 3050 3078 3079 3051 2495
9 3051 3079 3080 3052 2496
9 3052 3080 3081 3053 2497
9 3053 3081 3082 3054 2498
9 3054 3082 3083 3055 2499
9 3055 3083 3084 3056 2500
9 3056 3084 3085 3057 2501
9 3057 3085 3086 3058 2502
9 3058 3086 3087 3059 2503
9 3059 3087 3088 3060 2504
9 3060 3088 3089 3061 2505
9 3061 3089 3090 3062 2506
9 3062 3090 3091 3063 2507
9 3063 3091 3092 3064 2508
9 3064 3092 3093 3065 2509
9 3065 3093 3094 3066 2510
9 3066 3094 3095 3067 2511
9 3067 3095 3096 3068 2512
9 3068 3096 3097 3069 2513
9 3069 3097 3098 3070 2514
9 3070 3098 3099 3071 2515
9 3071 3099 3100 3072 2516
9 3072 3100 3101 3073 2517
9 3073 3101 3102 3074 2518
9 3074 3102 3103 3075 2519
9 3075 3103 3104 3076 2520
9 3076 3104 3105 3077 2521
9 3077 3105 412 413 2522
9 669 9 298 3078 2523
9 3078 298 299 3079 2524
9 3079 299 300 3080 2525
9 3080 300 301 3081 2526
9 3081 301 302 3082 2527
9 3082 302 303 3083 2528
9 3083 303 304 3084 2529
9 3084 304 305 3085 2530
9 3085 305 306 3086 2531
9 3086 306 307 3087 2532
9 3087 307 308 3088 2533
9 3088 308 309 3089 2534
9 3089 309 310 3090 2535
9 3090 310 311 3091 2536
9 3091 311 312 3092 2537
9 3092 312 313 3093 2538
9 3093 313 314 3094 2539
9 3094 314 315 3095 2540
9 3095 315 316 3096 2541
9 3096 316 317 3097 2542
9 3097 317 318 3098 2543
9 3098 318 319 3099 2544
9 3099 319 320 3100 2545
9 3100 320 321 3101 2546
9 3101 321 322 3102 2547
9 3102 322 323 3103 2548
9 3103 323 324 3104 2549
9 3104 324 325 3105 2550
9 3105 325 10 412 2551
9 9 670 3106 298 2552
9 298 3106 3107 299 2553
9 299 3107 3108 300 2554
9 300 3108 3109 301 2555
9 301 3109 3110 302 2556
9 302 3110 3111 303 2557
9 303 3111 3112 304 2558
9 304 3112 3113 305 2559
9 305 3113 3114 306 2560
9 306 3114 3115 307 2561
9 307 3115 3116 308 2562
9 308 3116 3117 309 2563
9 309 3117 3118 310 2564
9 310 3118 3119 311 2565
9 311 3119 3120 312 2566
9 312 3120 3121 313 2567
9 313 3121 3122 314 2568
9 314 3122 3123 315 2569
9 315 3123 3124 316 2570
9 316 3124 3125 317 2571
9 317 3125 3126 318 2572
9 318 3126 3127 319 2573
9 319 3127 3128 320 2574
9 320 3128 3129 321 2575
9 321 3129 3130 322 2576
9 322 3130 3131 323 2577
9 323 3131 3132 324 2578
9 324 3132 3133 325 2579
9 325 3133 411 10 2580
9 670 671 3134 3106 2581
9 3106 3134 3135 3107 2582
9 3107 3135 3136 3108 2583
9 3108 3136 3137 3109 2584
9 3109 3137 3138 3110 2585
9 3110 3138 3139 3111 2586
9 3111 3139 3140 3112 2587
9 3112 3140 3141 3113 2588
9 3113 3141 3142 3114 2589
9 3114 3142 3143 3115 2590
9 3115 3143 3144 3116 2591
9 3116 3144 3145 3117 2592
9 3117 3145 3146 3118 2593
9 3118 3146 3147 3119 2594
9 3119 3147 3148 3120 2595
9 3120 3148 3149 3121 2596
9 3121 3149 3150 3122 2597
9 3122 3150 3151 3123 2598
9 3123 3151 3152 3124 2599
9 3124 3152 3153 3125 2600
9 3125 3153 3154 3126 2601
9 3126 3154 3155 3127 2602
9 3127 3155 3156 3128 2603
9 3128 3156 3157 3129 2604
9 3129 3157 3158 3130 2605
9 3130 3158 3159 3131 2606
9 3131 3159 3160 3132 2607
9 3132 3160 3161 3133 2608
9 3133 3161 410 411 2609
9 671 672 3162 3134 2610
9 3134 3162 3163 3135 2611
9 3135 3163 3164 3136 2612
9 3136 3164 3165 3137 2613
9 3137 3165 3166 3138 2614
9 3138 3166 3167 3139 2615
9 3139 3167 3168 3140 2616
9 3140 3168 3169 3141 2617
9 3141 3169 3170 3142 2618
9 3142 3170 3171 3143 2619
9 3143 3171 3172 3144 2620
9 3144 3172 3173 3145 2621
9 3145 3173 3174 3146 2622
9 3146 3174 3175 3147 2623
9 3147 3175 3176 3148 2624
9 3148 3176 3177 3149 2625
9 3149 3177 3178 3150 2626
9 3150 3178 3179 3151 2627
9 3151 3179 3180 3152 2628
9 3152 3180 3181 3153 2629
9 3153 3181 3182 3154 2630
9 3154 3182 3183 3155 2631
9 3155 3183 3184 3156 2632
9 3156 3184 3185 3157 2633
9 3157 3185 3186 3158 2634
9 3158 3186 3187 3159 2635
9 3159 3187 3188 3160 2636
9 3160 3188 3189 3161 2637
9 3161 3189 409 410 2638
9 672 673 3190 3162 2639
9 3162 3190 3191 3163 2640
9 3163 3191 3192 3164 2641
9 3164 3192 3193 3165 2642
9 3165 3193 3194 3166 2643
9 3166 3194 3195 3167 2644
9 3167 3195 3196 3168 2645
9 3168 3196 3197 3169 2646
9 3169 3197 3198 3170 2647
9 3170 3198 3199 3171 2648
9 3171 3199 3200 3172 2649
9 3172 3200 3201 3173 2650
9 3173 3201 3202 3174 2651
9 3174 3202 3203 3175 2652
9 3175 3203 3204 3176 2653
9 3176 3204 3205 3177 2654
9 3177 3205 3206 3178 2655
9 3178 3206 3207 3179 2656
9 3179 3207 3208 3180 2657
9 3180 3208 3209 3181 2658
9 3181 3209 3210 3182 2659
9 3182 3210 3211 3183 2660
9 3183 3211 3212 3184 2661
9 3184 3212 3213 3185 2662
9 3185 3213 3214 3186 2663
9 3186 3214 3215 3187 2664
9 3187 3215 3216 3188 2665
9 3188 3216 3217 3189 2666
9 3189 3217 408 409 2667
9 673 674 3218 3190 2668
9 3190 3218 3219 3191 2669
9 3191 3219 3220 3192 2670
9 3192 3220 3221 3193 2671
9 3193 3221 3222 3194 2672
9 3194 3222 3223 3195 2673
9 3195 3223 3224 3196 2674
9 3196 3224 3225 3197 2675
9 3197 3225 3226 3198 2676
9 3198 3226 3227 3199 2677
9 3199 3227 3228 3200 2678
9 3200 3228 3229 3201 2679
9 3201 3229 3230 3202 2680
9 3202 3230 3231 3203 2681
9 3203 3231 3232 3204 2682
9 3204 3232 3233 3205 2683
9 3205 3233 3234 3206 2684
9 3206 3234 3235 3207 2685
9 3207 3235 3236 3208 2686
9 3208 3236 3237 3209 2687
9 3209 3237 3238 3210 2688
9 3210 3238 3239 3211 2689
9 3211 3239 3240 3212 2690
9 3212 3240 3241 3213 2691
9 3213 3241 3242 3214 2692
9 3214 3242 3243 3215 2693
9 3215 3243 3244 3216 2694
9 3216 3244 3245 3217 2695
9 3217 3245 407 408 2696
9 674 675 3246 3218 2697
9 3218 3246 3247 3219 2698
9 3219 3247 3248 3220 2699
9 3220 3248 3249 3221 2700
9 3221 3249 3250 3222 2701
9 3222 3250 3251 3223 2702
9 3223 3251 3252 3224 2703
9 3224 3252 3253 3225 2704
9 3225 3253 3254 3226 2705
9 3226 3254 3255 3227 2706
9 3227 3255 3256 3228 2707
9 3228 3256 3257 3229 2708
9 3229 3257 3258 3230 2709
9 3230 3258 3259 3231 2710
9 3231 3259 3260 3232 2711
9 3232 3260 3261 3233 2712
9 3233 3261 3262 3234 2713
9 3234 3262 3263 3235 2714
9 3235 3263 3264 3236 2715
9 3236 3264 3265 3237 2716
9 3237 3265 3266 3238 2717
9 3238 3266 3267 3239 2718
9 3239 3267 3268 3240 2719
9 3240 3268 3269 3241 2720
9 3241 3269 3270 3242 2721
9 3242 3270 3271 3243 2722
9 3243 3271 3272 3244 2723
9 3244 3272 3273 3245 2724
9 3245 3273 406 407 2725
9 675 676 3274 3246 2726
9 3246 3274 3275 3247 2727
9 3247 3275 3276 3248 2728
9 3248 3276 3277 3249 2729
9 3249 3277 3278 3250 2730
9 3250 3278 3279 3251 2731
9 3251 3279 3280 3252 2732
9 3252 3280 3281 3253 2733
9 3253 3281 3282 3254 2734
9 3254 3282 3283 3255 2735
9 3255 3283 3284 3256 2736
9 3256 3284 3285 3257 2737
9 3257 3285 3286 3258 2738
9 3258 3286 3287 3259 2739
9 3259 3287 3288 3260 2740
9 3260 3288 3289 3261 2741
9 3261 3289 3290 3262 2742
9 3262 3290 3291 3263 2743
9 3263 3291 3292 3264 2744
9 3264 3292 3293 3265 2745
9 3265 3293 3294 3266 2746
9 3266 3294 3295 3267 2747
9 3267 3295 3296 3268 2748
9 3268 3296 3297 3269 2749
9 3269 3297 3298 3270 2750
9 3270 3298 3299 3271 2751
9 3271 3299 3300 3272 2752
9 3272 3300 3301 3273 2753
9 3273 3301 405 406 2754
9 676 677 3302 3274 2755
9 3274 3302 3303 3275 2756
9 3275 3303 3304 3276 2757
9 3276 3304 3305 3277 2758
9 3277 3305 3306 3278 2759
9 3278 3306 3307 3279 2760
9 3279 3307 3308 3280 2761
9 3280 3308 3309 3281 2762
9 3281 3309 3310 3282 2763
9 3282 3310 3311 3283 2764
9 3283 3311 3312 3284 2765
9 3284 3312 3313 3285 2766
9 3285 3313 3314 3286 2767
9 3286 3314 3315 3287 2768
9 3287 3315 3316 3288 2769
9 3288 3316 3317 3289 2770
9 3289 3317 3318 3290 2771
9 3290 3318 3319 3291 2772
9 3291 3319 3320 3292 2773
9 3292 3320 3321 3293 2774
9 3293 3321 3322 3294 2775
9 3294 3322 3323 3295 2776
9 3295 3323 3324 3296 2777
9 3296 3324 3325 3297 2778
9 3297 3325 3326 3298 2779
9 3298 3326 3327 3299 2780
9 3299 3327 3328 3300 2781
9 3300 3328 3329 3301 2782
9 3301 3329 404 405 2783
9 677 678 3330 3302 2784
9 3302 3330 3331 3303 2785
9 3303 3331 3332 3304 2786
9 3304 3332 3333 3305 2787
9 3305 3333 3334 3306 2788
9 3306 3334 3335 3307 2789
9 3307 3335 3336 3308 2790
9 3308 3336 3337 3309 2791
9 3309 3337 3338 3310 2792
9 3310 3338 3339 3311 2793
9 3311 3339 3340 3312 2794
9 3312 3340 3341 3313 2795
9 3313 3341 3342 3314 2796
9 3314 3342 3343 3315 2797
9 3315 3343 3344 3316 2798
9 3316 3344 3345 3317 2799
9 3317 3345 3346 3318 2800
9 3318 3346 3347 3319 2801
9 3319 3347 3348 3320 2802
9 3320 3348 3349 3321 2803
9 3321 3349 3350 3322 2804
9 3322 3350 3351 3323 2805
9 3323 3351 3352 3324 2806
9 3324 3352 3353 3325 2807
9 3325 3353 3354 3326 2808
9 3326 3354 3355 3327 2809
9 3327 3355 3356 3328 2810
9 3328 3356 3357 3329 2811
9 3329 3357 403 404 2812
9 678 679 3358 3330 2813
9 3330 3358 3359 3331 2814
9 3331 3359 3360 3332 2815
9 3332 3360 3361 3333 2816
9 3333 3361 3362 3334 2817
9 3334 3362 3363 3335 2818
9 3335 3363 3364 3336 2819
9 3336 3364 3365 3337 2820
9 3337 3365 3366 3338 2821
9 3338 3366 3367 3339 2822
9 3339 3367 3368 3340 2823
9 3340 3368 3369 3341 2824
9 3341 3369 3370 3342 2825
9 3342 3370 3371 3343 2826
9 3343 3371 3372 3344 2827
9 3344 3372 3373 3345 2828
9 3345 3373 3374 3346 2829
9 3346 3374 3375 3347 2830
9 3347 3375 3376 3348 2831
9 3348 3376 3377 3349 2832
9 3349 3377 3378 3350 2833
9 3350 3378 3379 3351 2834
9 3351 3379 3380 3352 2835
9 3352 3380 3381 3353 2836
9 3353 3381 3382 3354 2837
9 3354 3382 3383 3355 2838
9 3355 3383 3384 3356 2839
9 3356 3384 3385 3357 2840
9 3357 3385 402 403 2841
9 679 680 3386 3358 2842
9 3358 3386 3387 3359 2843
9 3359 3387 3388 3360 2844
9 3360 3388 3389 3361 2845
9 3361 3389 3390 3362 2846
9 3362 3390 3391 3363 2847
9 3363 3391 3392 3364 2848
9 3364 3392 3393 3365 2849
9 3365 3393 3394 3366 2850
9 3366 3394 3395 3367 2851
9 3367 3395 3396 3368 2852
9 3368 3396 3397 3369 2853
9 3369 3397 3398 3370 2854
9 3370 3398 3399 3371 2855
9 3371 3399 3400 3372 2856
9 3372 3400 3401 3373 2857
9 3373 3401 3402 3374 2858
9 3374 3402 3403 3375 2859
9 3375 3403 3404 3376 2860
9 3376 3404 3405 3377 2861
9 3377 3405 3406 3378 2862
9 3378 3406 3407 3379 2863
9 3379 3407 3408 3380 2864
9 3380 3408 3409 3381 2865
9 3381 3409 3410 3382 2866
9 3382 3410 3411 3383 2867
9 3383 3411 3412 3384 2868
9 3384 3412 3413 3385 2869
9 3385 3413 401 402 2870
9 680 681 3414 3386 2871
9 3386 3414 3415 3387 2872
9 3387 3415 3416 3388 2873
9 3388 3416 3417 3389 2874
9 3389 3417 3418 3390 2875
9 3390 3418 3419 3391 2876
9 3391 3419 3420 3392 2877
9 3392 3420 3421 3393 2878
9 3393 3421 3422 3394 2879
9 3394 3422 3423 3395 2880
9 3395 3423 3424 3396 2881
9 3396 3424 3425 3397 2882
9 3397 3425 3426 3398 2883
9 3398 3426 3427 3399 2884
9 3399 3427 3428 3400 2885
9 3400 3428 3429 3401 2886
9 3401 3429 3430 3402 2887
9 3402 3430 3431 3403 2888
9 3403 3431 3432 3404 2889
9 3404 3432 3433 3405 2890
9 3405 3433 3434 3406 2891
9 3406 3434 3435 3407 2892
9 3407 3435 3436 3408 2893
9 3408 3436 3437 3409 2894
9 3409 3437 3438 3410 2895
9 3410 3438 3439 3411 2896
9 3411 3439 3440 3412 2897
9 3412 3440 3441 3413 2898
9 3413 3441 400 401 2899
9 681 682 3442 3414 2900
9 3414 3442 3443 3415 2901
9 3415 3443 3444 3416 2902
9 3416 3444 3445 3417 2903
9 3417 3445 3446 3418 2904
9 3418 3446 3447 3419 2905
9 3419 3447 3448 3420 2906
9 3420 3448 3449 3421 2907
9 3421 3449 3450 3422 2908
9 3422 3450 3451 3423 2909
9 3423 3451 3452 3424 2910
9 3424 3452 3453 3425 2911
9 3425 3453 3454 3426 2912
9 3426 3454 3455 3427 2913
9 3427 3455 3456 3428 2914
9 3428 3456 3457 3429 2915
9 3429 3457 3458 3430 2916
9 3430 3458 3459 3431 2917
9 3431 3459 3460 3432 2918
9 3432 3460 3461 3433 2919
9 3433 3461 3462 3434 2920
9 3434 3462 3463 3435 2921
9 3435 3463 3464 3436 2922
9 3436 3464 3465 3437 2923
9 3437 3465 3466 3438 2924
9 3438 3466 3467 3439 2925
9 3439 3467 3468 3440 2926
9 3440 3468 3469 3441 2927
9 3441 3469 399 400 2928
9 682 683 3470 3442 2929
9 3442 3470 3471 3443 2930
9 3443 3471 3472 3444 2931
9 3444 3472 3473 3445 2932
9 3445 3473 3474 3446 2933
9 3446 3474 3475 3447 2934
9 3447 3475 3476 3448 2935
9 3448 3476 3477 3449 2936
9 3449 3477 3478 3450 2937
9 3450 3478 3479 3451 2938
9 3451 3479 3480 3452 2939
9 3452 3480 3481 3453 2940
9 3453 3481 3482 3454 2941
9 3454 3482 3483 3455 2942
9 3455 3483 3484 3456 2943
9 3456 3484 3485 3457 2944
9 3457 3485 3486 3458 2945
9 3458 3486 3487 3459 2946
9 3459 3487 3488 3460 2947
9 3460 3488 3489 3461 2948
9 3461 3489 3490 3462 2949
9 3462 3490 3491 3463 2950
9 3463 3491 3492 3464 2951
9 3464 3492 3493 3465 2952
9 3465 3493 3494 3466 2953
9 3466 3494 3495 3467 2954
9 3467 3495 3496 3468 2955
9 3468 3496 3497 3469 2956
9 3469 3497 398 399 2957
9 683 684 3498 3470 2958
9 3470 3498 3499 3471 2959
9 3471 3499 3500 3472 2960
9 3472 3500 3501 3473 2961
9 3473 3501 3502 3474 2962
9 3474 3502 3503 3475 2963
9 3475 3503 3504 3476 2964
9 3476 3504 3505 3477 2965
9 3477 3505 3506 3478 2966
9 3478 3506 3507 3479 2967
9 3479 3507 3508 3480 2968
9 3480 3508 3509 3481 2969
9 3481 3509 3510 3482 2970
9 3482 3510 3511 3483 2971
9 3483 3511 3512 3484 2972
9 3484 3512 3513 3485 2973
9 3485 3513 3514 3486 2974
9 3486 3514 3515 3487 2975
9 3487 3515 3516 3488 2976
9 3488 3516 3517 3489 2977
9 3489 3517 3518 3490 2978
9 3490 3518 3519 3491 2979
9 3491 3519 3520 3492 2980
9 3492 3520 3521 3493 2981
9 3493 3521 3522 3494 2982
9 3494 3522 3523 3495 2983
9 3495 3523 3524 3496 2984
9 3496 3524 3525 3497 2985
9 3497 3525 397 398 2986
9 684 685 3526 3498 2987
9 3498 3526 3527 3499 2988
9 3499 3527 3528 3500 2989
9 3500 3528 3529 3501 2990
9 3501 3529 3530 3502 2991
9 3502 3530 3531 3503 2992
9 3503 3531 3532 3504 2993
9 3504 3532 3533 3505 2994
9 3505 3533 3534 3506 2995
9 3506 3534 3535 3507 2996
9 3507 3535 3536 3508 2997
9 3508 3536 3537 3509 2998
9 3509 3537 3538 3510 2999
9 3510 3538 3539 3511 3000
9 3511 3539 3540 3512 3001
9 3512 3540 3541 3513 3002
9 3513 3541 3542 3514 3003
9 3514 3542 3543 3515 3004
9 3515 3543 3544 3516 3005
9 3516 3544 3545 3517 3006
9 3517 3545 3546 3518 3007
9 3518 3546 3547 3519 3008
9 3519 3547 3548 3520 3009
9 3520 3548 3549 3521 3010
9 3521 3549 3550 3522 3011
9 3522 3550 3551 3523 3012
9 3523 3551 3552 3524 3013
9 3524 3552 3553 3525 3014
9 3525 3553 396 397 3015
9 685 686 3554 3526 3016
9 3526 3554 3555 3527 3017
9 3527 3555 3556 3528 3018
9 3528 3556 3557 3529 3019
9 3529 3557 3558 3530 3020
9 3530 3558 3559 3531 3021
9 3531 3559 3560 3532 3022
9 3532 3560 3561 3533 3023
9 3533 3561 3562 3534 3024
9 3534 3562 3563 3535 3025
9 3535 3563 3564 3536 3026
9 3536 3564 3565 3537 3027
9 3537 3565 3566 3538 3028
9 3538 3566 3567 3539 3029
9 3539 3567 3568 3540 3030
9 3540 3568 3569 3541 3031
9 3541 3569 3570 3542 3032
9 3542 3570 3571 3543 3033
9 3543 3571 3572 3544 3034
9 3544 3572 3573 3545 3035
9 3545 3573 3574 3546 3036
9 3546 3574 3575 3547 3037
9 3547 3575 3576 3548 3038
9 3548 3576 3577 3549 3039
9 3549 3577 3578 3550 3040
9 3550 3578 3579 3551 3041
9 3551 3579 3580 3552 3042
9 3552 3580 3581 3553 3043
9 3553 3581 395 396 3044
9 686 687 3582 3554 3045
9 3554 3582 3583 3555 3046
9 3555 3583 3584 3556 3047
9 3556 3584 3585 3557 3048
9 3557 3585 3586 3558 3049
9 3558 3586 3587 3559 3050
9 3559 3587 3588 3560 3051
9 3560 3588 3589 3561 3052
9 3561 3589 3590 3562 3053
9 3562 3590 3591 3563 3054
9 3563 3591 3592 3564 3055
9 3564 3592 3593 3565 3056
9 3565 3593 3594 3566 3057
9 3566 3594 3595 3567 3058
9 3567 3595 3596 3568 3059
9 3568 3596 3597 3569 3060
9 3569 3597 3598 3570 3061
9 3570 3598 3599 3571 3062
9 3571 3599 3600 3572 3063
9 3572 3600 3601 3573 3064
9 3573 3601 3602 3574 3065
9 3574 3602 3603 3575 3066
9 3575 3603 3604 3576 3067
9 3576 3604 3605 3577 3068
9 3577 3605 3606 3578 3069
9 3578 3606 3607 3579 3070
9 3579 3607 3608 3580 3071
9 3580 3608 3609 3581 3072
9 3581 3609 394 395 3073
9 687 688 3610 3582 3074
9 3582 3610 3611 3583 3075
9 3583 3611 3612 3584 3076
9 3584 3612 3613 3585 3077
9 3585 3613 3614 3586 3078
9 3586 3614 3615 3587 3079
9 3587 3615 3616 3588 3080
9 3588 3616 3617 3589 3081
9 3589 3617 3618 3590 3082
9 3590 3618 3619 3591 3083
9 3591 3619 3620 3592 3084
9 3592 3620 3621 3593 3085
9 3593 3621 3622 3594 3086
9 3594 3622 3623 3595 3087
9 3595 3623 3624 3596 3088
9 3596 3624 3625 3597 3089
9 3597 3625 3626 3598 3090
9 3598 3626 3627 3599 3091
9 3599 3627 3628 3600 3092
9 3600 3628 3629 3601 3093
9 3601 3629 3630 3602 3094
9 3602 3630 3631 3603 3095
9 3603 3631 3632 3604 3096
9 3604 3632 3633 3605 3097
9 3605 3633 3634 3606 3098
9 3606 3634 3635 3607 3099
9 3607 3635 3636 3608 3100
9 3608 3636 3637 3609 3101
9 3609 3637 393 394 3102
9 688 689 3638 3610 3103
9 3610 3638 3639 3611 3104
9 3611 3639 3640 3612 3105
9 3612 3640 3641 3613 3106
9 3613 3641 3642 3614 3107
9 3614 3642 3643 3615 3108
9 3615 3643 3644 3616 3109
9 3616 3644 3645 3617 3110
9 3617 3645 3646 3618 3111
9 3618 3646 3647 3619 3112
9 3619 3647 3648 3620 3113
9 3620 3648 3649 3621 3114
9 3621 3649 3650 3622 3115
9 3622 3650 3651 3623 3116
9 3623 3651 3652 3624 3117
9 3624 3652 3653 3625 3118
9 3625 3653 3654 3626 3119
9 3626 3654 3655 3627 3120
9 3627 3655 3656 3628 3121
9 3628 3656 3657 3629 3122
9 3629 3657 3658 3630 3123
9 3630 3658 3659 3631 3124
9 3631 3659 3660 3632 3125
9 3632 3660 3661 3633 3126
9 3633 3661 3662 3634 3127
9 3634 3662 3663 3635 3128
9 3635 3663 3664 3636 3129
9 3636 3664 3665 3637 3130
9 3637 3665 392 393 3131
9 689 690 3666 3638 3132
9 3638 3666 3667 3639 3133
9 3639 3667 3668 3640 3134
9 3640 3668 3669 3641 3135
9 3641 3669 3670 3642 3136
9 3642 3670 3671 3643 3137
9 3643 3671 3672 3644 3138
9 3644 3672 3673 3645 3139
9 3645 3673 3674 3646 3140
9 3646 3674 3675 3647 3141
9 3647 3675 3676 3648 3142
9 3648 3676 3677 3649 3143
9 3649 3677 3678 3650 3144
9 3650 3678 3679 3651 3145
9 3651 3679 3680 3652 3146
9 3652 3680 3681 3653 3147
9 3653 3681 3682 3654 3148
9 3654 3682 3683 3655 3149
9 3655 3683 3684 3656 3150
9 3656 3684 3685 3657 3151
9 3657 3685 3686 3658 3152
9 3658 3686 3687 3659 3153
9 3659 3687 3688 3660 3154
9 3660 3688 3689 3661 3155
9 3661 3689 3690 3662 3156
9 3662 3690 3691 3663 3157
9 3663 3691 3692 3664 3158
9 3664 3692 3693 3665 3159
9 3665 3693 391 392 3160
9 690 691 3694 3666 3161
9 3666 3694 3695 3667 3162
9 3667 3695 3696 3668 3163
9 3668 3696 3697 3669 3164
9 3669 3697 3698 3670 3165
9 3670 3698 3699 3671 3166
9 3671 3699 3700 3672 3167
9 3672 3700 3701 3673 3168
9 3673 3701 3702 3674 3169
9 3674 3702 3703 3675 3170
9 3675 3703 3704 3676 3171
9 3676 3704 3705 3677 3172
9 3677 3705 3706 3678 3173
9 3678 3706 3707 3679 3174
9 3679 3707 3708 3680 3175
9 3680 3708 3709 3681 3176
9 3681 3709 3710 3682 3177
9 3682 3710 3711 3683 3178
9 3683 3711 3712 3684 3179
9 3684 3712 3713 3685 3180
9 3685 3713 3714 3686 3181
9 3686 3714 3715 3687 3182
9 3687 3715 3716 3688 3183
9 3688 3716 3717 3689 3184
9 3689 3717 3718 3690 3185
9 3690 3718 3719 3691 3186
9 3691 3719 3720 3692 3187
9 3692 3720 3721 3693 3188
9 3693 3721 390 391 3189
9 691 692 3722 3694 3190
9 3694 3722 3723 3695 3191
9 3695 3723 3724 3696 3192
9 3696 3724 3725 3697 3193
9 3697 3725 3726 3698 3194
9 3698 3726 3727 3699 3195
9 3699 3727 3728 3700 3196
9 3700 3728 3729 3701 3197
9 3701 3729 3730 3702 3198
9 3702 3730 3731 3703 3199
9 3703 3731 3732 3704 3200
9 3704 3732 3733 3705 3201
9 3705 3733 3734 3706 3202
9 3706 3734 3735 3707 3203
9 3707 3735 3736 3708 3204
9 3708 3736 3737 3709 3205
9 3709 3737 3738 3710 3206
9 3710 3738 3739 3711 3207
9 3711 3739 3740 3712 3208
9 3712 3740 3741 3713 3209
9 3713 3741 3742 3714 3210
9 3714 3742 3743 3715 3211
9 3715 3743 3744 3716 3212
9 3716 3744 3745 3717 3213
9 3717 3745 3746 3718 3214
9 3718 3746 3747 3719 3215
9 3719 3747 3748 3720 3216
9 3720 3748 3749 3721 3217
9 3721 3749 389 390 3218
9 692 693 3750 3722 3219
9 3722 3750 3751 3723 3220
9 3723 3751 3752 3724 3221
9 3724 3752 3753 3725 3222
9 3725 3753 3754 3726 3223
9 3726 3754 3755 3727 3224
9 3727 3755 3756 3728 3225
9 3728 3756 3757 3729 3226
9 3729 3757 3758 3730 3227
9 3730 3758 3759 3731 3228
9 3731 3759 3760 3732 3229
9 3732 3760 3761 3733 3230
9 3733 3761 3762 3734 3231
9 3734 3762 3763 3735 3232
9 3735 3763 3764 3736 3233
9 3736 3764 3765 3737 3234
9 3737 3765 3766 3738 3235
9 3738 3766 3767 3739 3236
9 3739 3767 3768 3740 3237
9 3740 3768 3769 3741 3238
9 3741 3769 3770 3742 3239
9 3742 3770 3771 3743 3240
9 3743 3771 3772 3744 3241
9 3744 3772 3773 3745 3242
9 3745 3773 3774 3746 3243
9 3746 3774 3775 3747 3244
9 3747 3775 3776 3748 3245
9 3748 3776 3777 3749 3246
9 3749 3777 388 389 3247
9 693 694 3778 3750 3248
9 3750 3778 3779 3751 3249
9 3751 3779 3780 3752 3250
9 3752 3780 3781 3753 3251
9 3753 3781 3782 3754 3252
9 3754 3782 3783 3755 3253
9 3755 3783 3784 3756 3254
9 3756 3784 3785 3757 3255
9 3757 3785 3786 3758 3256
9 3758 3786 3787 3759 3257
9 3759 3787 3788 3760 3258
9 3760 3788 3789 3761 3259
9 3761 3789 3790 3762 3260
9 3762 3790 3791 3763 3261
9 3763 3791 3792 3764 3262
9 3764 3792 3793 3765 3263
9 3765 3793 3794 3766 3264
9 3766 3794 3795 3767 3265
9 3767 3795 3796 3768 3266
9 3768 3796 3797 3769 3267
9 3769 3797 3798 3770 3268
9 3770 3798 3799 3771 3269
9 3771 3799 3800 3772 3270
9 3772 3800 3801 3773 3271
9 3773 3801 3802 3774 3272
9 3774 3802 3803 3775 3273
9 3775 3803 3804 3776 3274
9 3776 3804 3805 3777 3275
9 3777 3805 387 388 3276
9 694 695 3806 3778 3277
9 3778 3806 3807 3779 3278
9 3779 3807 3808 3780 3279
9 3780 3808 3809 3781 3280
9 3781 3809 3810 3782 3281
9 3782 3810 3811 3783 3282
9 3783 3811 3812 3784 3283
9 3784 3812 3813 3785 3284
9 3785 3813 3814 3786 3285
9 3786 3814 3815 3787 3286
9 3787 3815 3816 3788 3287
9 3788 3816 3817 3789 3288
9 3789 3817 3818 3790 3289
9 3790 3818 3819 3791 3290
9 3791 3819 3820 3792 3291
9 3792 3820 3821 3793 3292
9 3793 3821 3822 3794 3293
9 3794 3822 3823 3795 3294
9 3795 3823 3824 3796 3295
9 3796 3824 3825 3797 3296
9 3797 3825 3826 3798 3297
9 3798 3826 3827 3799 3298
9 3799 3827 3828 3800 3299
9 3800 3828 3829 3801 3300
9 3801 3829 3830 3802 3301
9 3802 3830 3831 3803 3302
9 3803 3831 3832 3804 3303
9 3804 3832 3833 3805 3304
9 3805 3833 386 387 3305
9 695 696 3834 3806 3306
9 3806 3834 3835 3807 3307
9 3807 3835 3836 3808 3308
9 3808 3836 3837 3809 3309
9 3809 3837 3838 3810 3310
9 3810 3838 3839 3811 3311
9 3811 3839 3840 3812 3312
9 3812 3840 3841 3813 3313
9 3813 3841 3842 3814 3314
9 3814 3842 3843 3815 3315
9 3815 3843 3844 3816 3316
9 3816 3844 3845 3817 3317
9 3817 3845 3846 3818 3318
9 3818 3846 3847 3819 3319
9 3819 3847 3848 3820 3320
9 3820 3848 3849 3821 3321
9 3821 3849 3850 3822 3322
9 3822 3850 3851 3823 3323
9 3823 3851 3852 3824 3324
9 3824 3852 3853 3825 3325
9 3825 3853 3854 3826 3326
9 3826 3854 3855 3827 3327
9 3827 3855 3856 3828 3328
9 3828 3856 3857 3829 3329
9 3829 3857 3858 3830 3330
9 3830 3858 3859 3831 3331
9 3831 3859 3860 3832 3332
9 3832 3860 3861 3833 3333
9 3833 3861 385 386 3334
9 696 697 3862 3834 3335
9 3834 3862 3863 3835 3336
9 3835 3863 3864 3836 3337
9 3836 3864 3865 3837 3338
9 3837 3865 3866 3838 3339
9 3838 3866 3867 3839 3340
9 3839 3867 3868 3840 3341
9 3840 3868 3869 3841 3342
9 3841 3869 3870 3842 3343
9 3842 3870 3871 3843 3344
9 3843 3871 3872 3844 3345
9 3844 3872 3873 3845 3346
9 3845 3873 3874 3846 3347
9 3846 3874 3875 3847 3348
9 3847 3875 3876 3848 3349
9 3848 3876 3877 3849 3350
9 3849 3877 3878 3850 3351
9 3850 3878 3879 3851 3352
9 3851 3879 3880 3852 3353
9 3852 3880 3881 3853 3354
9 3853 3881 3882 3854 3355
9 3854 3882 3883 3855 3356
9 3855 3883 3884 3856 3357
9 3856 3884 3885 3857 3358
9 3857 3885 3886 3858 3359
9 3858 3886 3887 3859 3360
9 3859 3887 3888 3860 3361
9 3860 3888 3889 3861 3362
9 3861 3889 384 385 3363
9 697 1 12 3862 3364
9 3862 12 13 3863 3365
9 3863 13 14 3864 3366
9 3864 14 15 3865 3367
9 3865 15 16 3866 3368
9 3866 16 17 3867 3369
9 3867 17 18 3868 3370
9 3868 18 19 3869 3371
9 3869 19 20 3870 3372
9 3870 20 21 3871 3373
9 3871 21 22 3872 3374
9 3872 22 23 3873 3375
9 3873 23 24 3874 3376
9 3874 24 25 3875 3377
9 3875 25 26 3876 3378
9 3876 26 27 3877 3379
9 3877 27 28 3878 3380
9 3878 28 29 3879 3381
9 3879 29 30 3880 3382
9 3880 30 31 3881 3383
9 3881 31 32 3882 3384
9 3882 32 33 3883 3385
9 3883 33 34 3884 3386
9 3884 34 35 3885 3387
9 3885 35 36 3886 3388
9 3886 36 37 3887 3389
9 3887 37 38 3888 3390
9 3888 38 39 3889 3391
9 3889 39 2 384 3392
9 2 40 3890 384 3393
9 384 3890 3891 385 3394
9 385 3891 3892 386 3395
9 386 3892 3893 387 3396
9 387 3893 3894 388 3397
9 388 3894 3895 389 3398
9 389 3895 3896 390 3399
9 390 3896 3897 391 3400
9 391 3897 3898 392 3401
9 392 3898 3899 393 3402
9 393 3899 3900 394 3403
9 394 3900 3901 395 3404
9 395 3901 3902 396 3405
9 396 3902 3903 397 3406
9 397 3903 3904 398 3407
9 398 3904 3905 399 3408
9 399 3905 3906 400 3409
9 400 3906 3907 401 3410
9 401 3907 3908 402 3411
9 402 3908 3909 403 3412
9 403 3909 3910 404 3413
9 404 3910 3911 405 3414
9 405 3911 3912 406 3415
9 406 3912 3913 407 3416
9 407 3913 3914 408 3417
9 408 3914 3915 409 3418
9 409 3915 3916 410 3419
9 410 3916 3917 411 3420
9 411 3917 326 10 3421
9 40 41 3918 3890 3422
9 3890 3918 3919 3891 3423
9 3891 3919 3920 3892 3424
9 3892 3920 3921 3893 3425
9 3893 3921 3922 3894 3426
9 3894 3922 3923 3895 3427
9 3895 3923 3924 3896 3428
9 3896 3924 3925 3897 3429
9 3897 3925 3926 3898 3430
9 3898 3926 3927 3899 3431
9 3899 3927 3928 3900 3432
9 3900 3928 3929 3901 3433
9 3901 3929 3930 3902 3434
9 3902 3930 3931 3903 3435
9 3903 3931 3932 3904 3436
9 3904 3932 3933 3905 3437
9 3905 3933 3934 3906 3438
9 3906 3934 3935 3907 3439
9 3907 3935 3936 3908 3440
9 3908 3936 3937 3909 3441
9 3909 3937 3938 3910 3442
9 3910 3938 3939 3911 3443
9 3911 3939 3940 3912 3444
9 3912 3940 3941 3913 3445
9 3913 3941 3942 3914 3446
9 3914 3942 3943 3915 3447
9 3915 3943 3944 3916 3448
9 3916 3944 3945 3917 3449
9 3917 3945 327 326 3450
9 41 42 3946 3918 3451
9 3918 3946 3947 3919 3452
9 3919 3947 3948 3920 3453
9 3920 3948 3949 3921 3454
9 3921 3949 3950 3922 3455
9 3922 3950 3951 3923 3456
9 3923 3951 3952 3924 3457
9 3924 3952 3953 3925 3458
9 3925 3953 3954 3926 3459
9 3926 3954 3955 3927 3460
9 3927 3955 3956 3928 3461
9 3928 3956 3957 3929 3462
9 3929 3957 3958 3930 3463
9 3930 3958 3959 3931 3464
9 3931 3959 3960 3932 3465
9 3932 3960 3961 3933 3466
9 3933 3961 3962 3934 3467
9 3934 3962 3963 3935 3468
9 3935 3963 3964 3936 3469
9 3936 3964 3965 3937 3470
9 3937 3965 3966 3938 3471
9 3938 3966 3967 3939 3472
9 3939 3967 3968 3940 3473
9 3940 3968 3969 3941 3474
9 3941 3969 3970 3942 3475
9 3942 3970 3971 3943 3476
9 3943 3971 3972 3944 3477
9 3944 3972 3973 3945 3478
9 3945 3973 328 327 3479
9 42 43 3974 3946 3480
9 3946 3974 3975 3947 3481
9 3947 3975 3976 3948 3482
9 3948 3976 3977 3949 3483
9 3949 3977 3978 3950 3484
9 3950 3978 3979 3951 3485
9 3951 3979 3980 3952 3486
9 3952 3980 3981 3953 3487
9 3953 3981 3982 3954 3488
9 3954 3982 3983 3955 3489
9 3955 3983 3984 3956 3490
9 3956 3984 3985 3957 3491
9 3957 3985 3986 3958 3492
9 3958 3986 3987 3959 3493
9 3959 3987 3988 3960 3494
9 3960 3988 3989 3961 3495
9 3961 3989 3990 3962 3496
9 3962 3990 3991 3963 3497
9 3963 3991 3992 3964 3498
9 3964 3992 3993 3965 3499
9 3965 3993 3994 3966 3500
9 3966 3994 3995 3967 3501
9 3967 3995 3996 3968 3502
9 3968 3996 3997 3969 3503
9 3969 3997 3998 3970 3504
9 3970 3998 3999 3971 3505
9 3971 3999 4000 3972 3506
9 3972 4000 4001 3973 3507
9 3973 4001 329 328 3508
9 43 44 4002 3974 3509
9 3974 4002 4003 3975 3510
9 3975 4003 4004 3976 3511
9 3976 4004 4005 3977 3512
9 3977 4005 4006 3978 3513
9 3978 4006 4007 3979 3514
9 3979 4007 4008 3980 3515
9 3980 4008 4009 3981 3516
9 3981 4009 4010 3982 3517
9 3982 4010 4011 3983 3518
9 3983 4011 4012 3984 3519
9 3984 4012 4013 3985 3520
9 3985 4013 4014 3986 3521
9 3986 4014 4015 3987 3522
9 3987 4015 4016 3988 3523
9 3988 4016 4017 3989 3524
9 3989 4017 4018 3990 3525
9 3990 4018 4019 3991 3526
9 3991 4019 4020 3992 3527
9 3992 4020 4021 3993 3528
9 3993 4021 4022 3994 3529
9 3994 4022 4023 3995 3530
9 3995 4023 4024 3996 3531
9 3996 4024 4025 3997 3532
9 3997 4025 4026 3998 3533
9 3998 4026 4027 3999 3534
9 3999 4027 4028 4000 3535
9 4000 4028 4029 4001 3536
9 4001 4029 330 329 3537
9 44 45 4030 4002 3538
9 4002 4030 4031 4003 3539
9 4003 4031 4032 4004 3540
9 4004 4032 4033 4005 3541
9 4005 4033 4034 4006 3542
9 4006 4034 4035 4007 3543
9 4007 4035 4036 4008 3544
9 4008 4036 4037 4009 3545
9 4009 4037 4038 4010 3546
9 4010 4038 4039 4011 3547
9 4011 4039 4040 4012 3548
9 4012 4040 4041 4013 3549
9 4013 4041 4042 4014 3550
9 4014 4042 4043 4015 3551
9 4015 4043 4044 4016 3552
9 4016 4044 4045 4017 3553
9 4017 4045 4046 4018 3554
9 4018 4046 4047 4019 3555
9 4019 4047 4048 4020 3556
9 4020 4048 4049 4021 3557
9 4021 4049 4050 4022 3558
9 4022 4050 4051 4023 3559
9 4023 4051 4052 4024 3560
9 4024 4052 4053 4025 3561
9 4025 4053 4054 4026 3562
9 4026 4054 4055 4027 3563
9 4027 4055 4056 4028 3564
9 4028 4056 4057 4029 3565
9 4029 4057 331 330 3566
9 45 46 4058 4030 3567
9 4030 4058 4059 4031 3568
9 4031 4059 4060 4032 3569
9 4032 4060 4061 4033 3570
9 4033 4061 4062 4034 3571
9 4034 4062 4063 4035 3572
9 4035 4063 4064 4036 3573
9 4036 4064 4065 4037 3574
9 4037 4065 4066 4038 3575
9 4038 4066 4067 4039 3576
9 4039 4067 4068 4040 3577
9 4040 4068 4069 4041 3578
9 4041 4069 4070 4042 3579
9 4042 4070 4071 4043 3580
9 4043 4071 4072 4044 3581
9 4044 4072 4073 4045 3582
9 4045 4073 4074 4046 3583
9 4046 4074 4075 4047 3584
9 4047 4075 4076 4048 3585
9 4048 4076 4077 4049 3586
9 4049 4077 4078 4050 3587
9 4050 4078 4079 4051 3588
9 4051 4079 4080 4052 3589
9 4052 4080 4081 4053 3590
9 4053 4081 4082 4054 3591
9 4054 4082 4083 4055 3592
9 4055 4083 4084 4056 3593
9 4056 4084 4085 4057 3594
9 4057 4085 332 331 3595
9 46 47 4086 4058 3596
9 4058 4086 4087 4059 3597
9 4059 4087 4088 4060 3598
9 4060 4088 4089 4061 3599
9 4061 4089 4090 4062 3600
9 4062 4090 4091 4063 3601
9 4063 4091 4092 4064 3602
9 4064 4092 4093 4065 3603
9 4065 4093 4094 4066 3604
9 4066 4094 4095 4067 3605
9 4067 4095 4096 4068 3606
9 4068 4096 4097 4069 3607
9 4069 4097 4098 4070 3608
9 4070 4098 4099 4071 3609
9 4071 4099 4100 4072 3610
9 4072 4100 4101 4073 3611
9 4073 4101 4102 4074 3612
9 4074 4102 4103 4075 3613
9 4075 4103 4104 4076 3614
9 4076 4104 4105 4077 3615
9 4077 4105 4106 4078 3616
9 4078 4106 4107 4079 3617
9 4079 4107 4108 4080 3618
9 4080 4108 4109 4081 3619
9 4081 4109 4110 4082 3620
9 4082 4110 4111 4083 3621
9 4083 4111 4112 4084 3622
9 4084 4112 4113 4085 3623
9 4085 4113 333 332 3624
9 47 48 4114 4086 3625
9 4086 4114 4115 4087 3626
9 4087 4115 4116 4088 3627
9 4088 4116 4117 4089 3628
9 4089 4117 4118 4090 3629
9 4090 4118 4119 4091 3630
9 4091 4119 4120 4092 3631
9 4092 4120 4121 4093 3632
9 4093 4121 4122 4094 3633
9 4094 4122 4123 4095 3634
9 4095 4123 4124 4096 3635
9 4096 4124 4125 4097 3636
9 4097 4125 4126 4098 3637
9 4098 4126 4127 4099 3638
9 4099 4127 4128 4100 3639
9 4100 4128 4129 4101 3640
9 4101 4129 4130 4102 3641
9 4102 4130 4131 4103 3642
9 4103 4131 4132 4104 3643
9 4104 4132 4133 4105 3644
9 4105 4133 4134 4106 3645
9 4106 4134 4135 4107 3646
9 4107 4135 4136 4108 3647
9 4108 4136 4137 4109 3648
9 4109 4137 4138 4110 3649
9 4110 4138 4139 4111 3650
9 4111 4139 4140 4112 3651
9 4112 4140 4141 4113 3652
9 4113 4141 334 333 3653
9 48 49 4142 4114 3654
9 4114 4142 4143 4115 3655
9 4115 4143 4144 4116 3656
9 4116 4144 4145 4117 3657
9 4117 4145 4146 4118 3658
9 4118 4146 4147 4119 3659
9 4119 4147 4148 4120 3660
9 4120 4148 4149 4121 3661
9 4121 4149 4150 4122 3662
9 4122 4150 4151 4123 3663
9 4123 4151 4152 4124 3664
9 4124 4152 4153 4125 3665
9 4125 4153 4154 4126 3666
9 4126 4154 4155 4127 3667
9 4127 4155 4156 4128 3668
9 4128 4156 4157 4129 3669
9 4129 4157 4158 4130 3670
9 4130 4158 4159 4131 3671
9 4131 4159 4160 4132 3672
9 4132 4160 4161 4133 3673
9 4133 4161 4162 4134 3674
9 4134 4162 4163 4135 3675
9 4135 4163 4164 4136 3676
9 4136 4164 4165 4137 3677
9 4137 4165 4166 4138 3678
9 4138 4166 4167 4139 3679
9 4139 4167 4168 4140 3680
9 4140 4168 4169 4141 3681
9 4141 4169 335 334 3682
9 49 50 4170 4142 3683
9 4142 4170 4171 4143 3684
9 4143 4171 4172 4144 3685
9 4144 4172 4173 4145 3686
9 4145 4173 4174 4146 3687
9 4146 4174 4175 4147 3688
9 4147 4175 4176 4148 3689
9 4148 4176 4177 4149 3690
9 4149 4177 4178 4150 3691
9 4150 4178 4179 4151 3692
9 4151 4179 4180 4152 3693
9 4152 4180 4181 4153 3694
9 4153 4181 4182 4154 3695
9 4154 4182 4183 4155 3696
9 4155 4183 4184 4156 3697
9 4156 4184 4185 4157 3698
9 4157 4185 4186 4158 3699
9 4158 4186 4187 4159 3700
9 4159 4187 4188 4160 3701
9 4160 4188 4189 4161 3702
9 4161 4189 4190 4162 3703
9 4162 4190 4191 4163 3704
9 4163 4191 4192 4164 3705
9 4164 4192 4193 4165 3706
9 4165 4193 4194 4166 3707
9 4166 4194 4195 4167 3708
9 4167 4195 4196 4168 3709
9 4168 4196 4197 4169 3710
9 4169 4197 336 335 3711
9 50 51 4198 4170 3712
9 4170 4198 4199 4171 3713
9 4171 4199 4200 4172 3714
9 4172 4200 4201 4173 3715
9 4173 4201 4202 4174 3716
9 4174 4202 4203 4175 3717
9 4175 4203 4204 4176 3718
9 4176 4204 4205 4177 3719
9 4177 4205 4206 4178 3720
9 4178 4206 4207 4179 3721
9 4179 4207 4208 4180 3722
9 4180 4208 4209 4181 3723
9 4181 4209 4210 4182 3724
9 4182 4210 4211 4183 3725
9 4183 4211 4212 4184 3726
9 4184 4212 4213 4185 3727
9 4185 4213 4214 4186 3728
9 4186 4214 4215 4187 3729
9 4187 4215 4216 4188 3730
9 4188 4216 4217 4189 3731
9 4189 4217 4218 4190 3732
9 4190 4218 4219 4191 3733
9 4191 4219 4220 4192 3734
9 4192 4220 4221 4193 3735
9 4193 4221 4222 4194 3736
9 4194 4222 4223 4195 3737
9 4195 4223 4224 4196 3738
9 4196 4224 4225 4197 3739
9 4197 4225 337 336 3740
9 51 52 4226 4198 3741
9 4198 4226 4227 4199 3742
9 4199 4227 4228 4200 3743
9 4200 4228 4229 4201 3744
9 4201 4229 4230 4202 3745
9 4202 4230 4231 4203 3746
9 4203 4231 4232 4204 3747
9 4204 4232 4233 4205 3748
9 4205 4233 4234 4206 3749
9 4206 4234 4235 4207 3750
9 4207 4235 4236 4208 3751
9 4208 4236 4237 4209 3752
9 4209 4237 4238 4210 3753
9 4210 4238 4239 4211 3754
9 4211 4239 4240 4212 3755
9 4212 4240 4241 4213 3756
9 4213 4241 4242 4214 3757
9 4214 4242 4243 4215 3758
9 4215 4243 4244 4216 3759
9 4216 4244 4245 4217 3760
9 4217 4245 4246 4218 3761
9 4218 4246 4247 4219 3762
9 4219 4247 4248 4220 3763
9 4220 4248 4249 4221 3764
9 4221 4249 4250 4222 3765
9 4222 4250 4251 4223 3766
9 4223 4251 4252 4224 3767
9 4224 4252 4253 4225 3768
9 4225 4253 338 337 3769
9 52 53 4254 4226 3770
9 4226 4254 4255 4227 3771
9 4227 4255 4256 4228 3772
9 4228 4256 4257 4229 3773
9 4229 4257 4258 4230 3774
9 4230 4258 4259 4231 3775
9 4231 4259 4260 4232 3776
9 4232 4260 4261 4233 3777
9 4233 4261 4262 4234 3778
9 4234 4262 4263 4235 3779
9 4235 4263 4264 4236 3780
9 4236 4264 4265 4237 3781
9 4237 4265 4266 4238 3782
9 4238 4266 4267 4239 3783
9 4239 4267 4268 4240 3784
9 4240 4268 4269 4241 3785
9 4241 4269 4270 4242 3786
9 4242 4270 4271 4243 3787
9 4243 4271 4272 4244 3788
9 4244 4272 4273 4245 3789
9 4245 4273 4274 4246 3790
9 4246 4274 4275 4247 3791
9 4247 4275 4276 4248 3792
9 4248 4276 4277 4249 3793
9 4249 4277 4278 4250 3794
9 4250 4278 4279 4251 3795
9 4251 4279 4280 4252 3796
9 4252 4280 4281 4253 3797
9 4253 4281 339 338 3798
9 53 54 4282 4254 3799
9 4254 4282 4283 4255 3800
9 4255 4283 4284 4256 3801
9 4256 4284 4285 4257 3802
9 4257 4285 4286 4258 3803
9 4258 4286 4287 4259 3804
9 4259 4287 4288 4260 3805
9 4260 4288 4289 4261 3806
9 4261 4289 4290 4262 3807
9 4262 4290 4291 4263 3808
9 4263 4291 4292 4264 3809
9 4264 4292 4293 4265 3810
9 4265 4293 4294 4266 3811
9 4266 4294 4295 4267 3812
9 4267 4295 4296 4268 3813
9 4268 4296 4297 4269 3814
9 4269 4297 4298 4270 3815
9 4270 4298 4299 4271 3816
9 4271 4299 4300 4272 3817
9 4272 4300 4301 4273 3818
9 4273 4301 4302 4274 3819
9 4274 4302 4303 4275 3820
9 4275 4303 4304 4276 3821
9 4276 4304 4305 4277 3822
9 4277 4305 4306 4278 3823
9 4278 4306 4307 4279 3824
9 4279 4307 4308 4280 3825
9 4280 4308 4309 4281 3826
9 4281 4309 340 339 3827
9 54 55 4310 4282 3828
9 4282 4310 4311 4283 3829
9 4283 4311 4312 4284 3830
9 4284 4312 4313 4285 3831
9 4285 4313 4314 4286 3832
9 4286 4314 4315 4287 3833
9 4287 4315 4316 4288 3834
9 4288 4316 4317 4289 3835
9 4289 4317 4318 4290 3836
9 4290 4318 4319 4291 3837
9 4291 4319 4320 4292 3838
9 4292 4320 4321 4293 3839
9 4293 4321 4322 4294 3840
9 4294 4322 4323 4295 3841
9 4295 4323 4324 4296 3842
9 4296 4324 4325 4297 3843
9 4297 4325 4326 4298 3844
9 4298 4326 4327 4299 3845
9 4299 4327 4328 4300 3846
9 4300 4328 4329 4301 3847
9 4301 4329 4330 4302 3848
9 4302 4330 4331 4303 3849
9 4303 4331 4332 4304 3850
9 4304 4332 4333 4305 3851
9 4305 4333 4334 4306 3852
9 4306 4334 4335 4307 3853
9 4307 4335 4336 4308 3854
9 4308 4336 4337 4309 3855
9 4309 4337 341 340 3856
9 55 56 4338 4310 3857
9 4310 4338 4339 4311 3858
9 4311 4339 4340 4312 3859
9 4312 4340 4341 4313 3860
9 4313 4341 4342 4314 3861
9 4314 4342 4343 4315 3862
9 4315 4343 4344 4316 3863
9 4316 4344 4345 4317 3864
9 4317 4345 4346 4318 3865
9 4318 4346 4347 4319 3866
9 4319 4347 4348 4320 3867
9 4320 4348 4349 4321 3868
9 4321 4349 4350 4322 3869
9 4322 4350 4351 4323 3870
9 4323 4351 4352 4324 3871
9 4324 4352 4353 4325 3872
9 4325 4353 4354 4326 3873
9 4326 4354 4355 4327 3874
9 4327 4355 4356 4328 3875
9 4328 4356 4357 4329 3876
9 4329 4357 4358 4330 3877
9 4330 4358 4359 4331 3878
9 4331 4359 4360 4332 3879
9 4332 4360 4361 4333 3880
9 4333 4361 4362 4334 3881
9 4334 4362 4363 4335 3882
9 4335 4363 4364 4336 3883
9 4336 4364 4365 4337 3884
9 4337 4365 342 341 3885
9 56 57 4366 4338 3886
9 4338 4366 4367 4339 3887
9 4339 4367 4368 4340 3888
9 4340 4368 4369 4341 3889
9 4341 4369 4370 4342 3890
9 4342 4370 4371 4343 3891
9 4343 4371 4372 4344 3892
9 4344 4372 4373 4345 3893
9 4345 4373 4374 4346 3894
9 4346 4374 4375 4347 3895
9 4347 4375 4376 4348 3896
9 4348 4376 4377 4349 3897
9 4349 4377 4378 4350 3898
9 4350 4378 4379 4351 3899
9 4351 4379 4380 4352 3900
9 4352 4380 4381 4353 3901
9 4353 4381 4382 4354 3902
9 4354 4382 4383 4355 3903
9 4355 4383 4384 4356 3904
9 4356 4384 4385 4357 3905
9 4357 4385 4386 4358 3906
9 4358 4386 4387 4359 3907
9 4359 4387 4388 4360 3908
9 4360 4388 4389 4361 3909
9 4361 4389 4390 4362 3910
9 4362 4390 4391 4363 3911
9 4363 4391 4392 4364 3912
9 4364 4392 4393 4365 3913
9 4365 4393 343 342 3914
9 57 58 4394 4366 3915
9 4366 4394 4395 4367 3916
9 4367 4395 4396 4368 3917
9 4368 4396 4397 4369 3918
9 4369 4397 4398 4370 3919
9 4370 4398 4399 4371 3920
9 4371 4399 4400 4372 3921
9 4372 4400 4401 4373 3922
9 4373 4401 4402 4374 3923
9 4374 4402 4403 4375 3924
9 4375 4403 4404 4376 3925
9 4376 4404 4405 4377 3926
9 4377 4405 4406 4378 3927
9 4378 4406 4407 4379 3928
9 4379 4407 4408 4380 3929
9 4380 4408 4409 4381 3930
9 4381 4409 4410 4382 3931
9 4382 4410 4411 4383 3932
9 4383 4411 4412 4384 3933
9 4384 4412 4413 4385 3934
9 4385 4413 4414 4386 3935
9 4386 4414 4415 4387 3936
9 4387 4415 4416 4388 3937
9 4388 4416 4417 4389 3938
9 4389 4417 4418 4390 3939
9 4390 4418 4419 4391 3940
9 4391 4419 4420 4392 3941
9 4392 4420 4421 4393 3942
9 4393 4421 344 343 3943
9 58 59 4422 4394 3944
9 4394 4422 4423 4395 3945
9 4395 4423 4424 4396 3946
9 4396 4424 4425 4397 3947
9 4397 4425 4426 4398 3948
9 4398 4426 4427 4399 3949
9 4399 4427 4428 4400 3950
9 4400 4428 4429 4401 3951
9 4401 4429 4430 4402 3952
9 4402 4430 4431 4403 3953
9 4403 4431 4432 4404 3954
9 4404 4432 4433 4405 3955
9 4405 4433 4434 4406 3956
9 4406 4434 4435 4407 3957
9 4407 4435 4436 4408 3958
9 4408 4436 4437 4409 3959
9 4409 4437 4438 4410 3960
9 4410 4438 4439 4411 3961
9 4411 4439 4440 4412 3962
9 4412 4440 4441 4413 3963
9 4413 4441 4442 4414 3964
9 4414 4442 4443 4415 3965
9 4415 4443 4444 4416 3966
9 4416 4444 4445 4417 3967
9 4417 4445 4446 4418 3968
9 4418 4446 4447 4419 3969
9 4419 4447 4448 4420 3970
9 4420 4448 4449 4421 3971
9 4421 4449 345 344 3972
9 59 60 4450 4422 3973
9 4422 4450 4451 4423 3974
9 4423 4451 4452 4424 3975
9 4424 4452 4453 4425 3976
9 4425 4453 4454 4426 3977
9 4426 4454 4455 4427 3978
9 4427 4455 4456 4428 3979
9 4428 4456 4457 4429 3980
9 4429 4457 4458 4430 3981
9 4430 4458 4459 4431 3982
9 4431 4459 4460 4432 3983
9 4432 4460 4461 4433 3984
9 4433 4461 4462 4434 3985
9 4434 4462 4463 4435 3986
9 4435 4463 4464 4436 3987
9 4436 4464 4465 4437 3988
9 4437 4465 4466 4438 3989
9 4438 4466 4467 4439 3990
9 4439 4467 4468 4440 3991
9 4440 4468 4469 4441 3992
9 4441 4469 4470 4442 3993
9 4442 4470 4471 4443 3994
9 4443 4471 4472 4444 3995
9 4444 4472 4473 4445 3996
9 4445 4473 4474 4446 3997
9 4446 4474 4475 4447 3998
9 4447 4475 4476 4448 3999
9 4448 4476 4477 4449 4000
9 4449 4477 346 345 4001
9 60 61 4478 4450 4002
9 4450 4478 4479 4451 4003
9 4451 4479 4480 4452 4004
9 4452 4480 4481 4453 4005
9 4453 4481 4482 4454 4006
9 4454 4482 4483 4455 4007
9 4455 4483 4484 4456 4008
9 4456 4484 4485 4457 4009
9 4457 4485 4486 4458 4010
9 4458 4486 4487 4459 4011
9 4459 4487 4488 4460 4012
9 4460 4488 4489 4461 4013
9 4461 4489 4490 4462 4014
9 4462 4490 4491 4463 4015
9 4463 4491 4492 4464 4016
9 4464 4492 4493 4465 4017
9 4465 4493 4494 4466 4018
9 4466 4494 4495 4467 4019
9 4467 4495 4496 4468 4020
9 4468 4496 4497 4469 4021
9 4469 4497 4498 4470 4022
9 4470 4498 4499 4471 4023
9 4471 4499 4500 4472 4024
9 4472 4500 4501 4473 4025
9 4473 4501 4502 4474 4026
9 4474 4502 4503 4475 4027
9 4475 4503 4504 4476 4028
9 4476 4504 4505 4477 4029
9 4477 4505 347 346 4030
9 61 62 4506 4478 4031
9 4478 4506 4507 4479 4032
9 4479 4507 4508 4480 4033
9 4480 4508 4509 4481 4034
9 4481 4509 4510 4482 4035
9 4482 4510 4511 4483 4036
9 4483 4511 4512 4484 4037
9 4484 4512 4513 4485 4038
9 4485 4513 4514 4486 4039
9 4486 4514 4515 4487 4040
9 4487 4515 4516 4488 4041
9 4488 4516 4517 4489 4042
9 4489 4517 4518 4490 4043
9 4490 4518 4519 4491 4044
9 4491 4519 4520 4492 4045
9 4492 4520 4521 4493 4046
9 4493 4521 4522 4494 4047
9 4494 4522 4523 4495 4048
9 4495 4523 4524 4496 4049
9 4496 4524 4525 4497 4050
9 4497 4525 4526 4498 4051
9 4498 4526 4527 4499 4052
9 4499 4527 4528 4500 4053
9 4500 4528 4529 4501 4054
9 4501 4529 4530 4502 4055
9 4502 4530 4531 4503 4056
9 4503 4531 4532 4504 4057
9 4504 4532 4533 4505 4058
9 4505 4533 348 347 4059
9 62 63 4534 4506 4060
9 4506 4534 4535 4507 4061
9 4507 4535 4536 4508 4062
9 4508 4536 4537 4509 4063
9 4509 4537 4538 4510 4064
9 4510 4538 4539 4511 4065
9 4511 4539 4540 4512 4066
9 4512 4540 4541 4513 4067
9 4513 4541 4542 4514 4068
9 4514 4542 4543 4515 4069
9 4515 4543 4544 4516 4070
9 4516 4544 4545 4517 4071
9 4517 4545 4546 4518 4072
9 4518 4546 4547 4519 4073
9 4519 4547 4548 4520 4074
9 4520 4548 4549 4521 4075
9 4521 4549 4550 4522 4076
9 4522 4550 4551 4523 4077
9 4523 4551 4552 4524 4078
9 4524 4552 4553 4525 4079
9 4525 4553 4554 4526 4080
9 4526 4554 4555 4527 4081
9 4527 4555 4556 4528 4082
9 4528 4556 4557 4529 4083
9 4529 4557 4558 4530 4084
9 4530 4558 4559 4531 4085
9 4531 4559 4560 4532 4086
9 4532 4560 4561 4533 4087
9 4533 4561 349 348 4088
9 63 64 4562 4534 4089
9 4534 4562 4563 4535 4090
9 4535 4563 4564 4536 4091
9 4536 4564 4565 4537 4092
9 4537 4565 4566 4538 4093
9 4538 4566 4567 4539 4094
9 4539 4567 4568 4540 4095
9 4540 4568 4569 4541 4096
9 4541 4569 4570 4542 4097
9 4542 4570 4571 4543 4098
9 4543 4571 4572 4544 4099
9 4544 4572 4573 4545 4100
9 4545 4573 4574 4546 4101
9 4546 4574 4575 4547 4102
9 4547 4575 4576 4548 4103
9 4548 4576 4577 4549 4104
9 4549 4577 4578 4550 4105
9 4550 4578 4579 4551 4106
9 4551 4579 4580 4552 4107
9 4552 4580 4581 4553 4108
9 4553 4581 4582 4554 4109
9 4554 4582 4583 4555 4110
9 4555 4583 4584 4556 4111
9 4556 4584 4585 4557 4112
9 4557 4585 4586 4558 4113
9 4558 4586 4587 4559 4114
9 4559 4587 4588 4560 4115
9 4560 4588 4589 4561 4116
9 4561 4589 350 349 4117
9 64 65 4590 4562 4118
9 4562 4590 4591 4563 4119
9 4563 4591 4592 4564 4120
9 4564 4592 4593 4565 4121
9 4565 4593 4594 4566 4122
9 4566 4594 4595 4567 4123
9 4567 4595 4596 4568 4124
9 4568 4596 4597 4569 4125
9 4569 4597 4598 4570 4126
9 4570 4598 4599 4571 4127
9 4571 4599 4600 4572 4128
9 4572 4600 4601 4573 4129
9 4573 4601 4602 4574 4130
9 4574 4602 4603 4575 4131
9 4575 4603 4604 4576 4132
9 4576 4604 4605 4577 4133
9 4577 4605 4606 4578 4134
9 4578 4606 4607 4579 4135
9 4579 4607 4608 4580 4136
9 4580 4608 4609 4581 4137
9 4581 4609 4610 4582 4138
9 4582 4610 4611 4583 4139
9 4583 4611 4612 4584 4140
9 4584 4612 4613 4585 4141
9 4585 4613 4614 4586 4142
9 4586 4614 4615 4587 4143
9 4587 4615 4616 4588 4144
9 4588 4616 4617 4589 4145
9 4589 4617 351 350 4146
9 65 66 4618 4590 4147
9 4590 4618 4619 4591 4148
9 4591 4619 4620 4592 4149
9 4592 4620 4621 4593 4150
9 4593 4621 4622 4594 4151
9 4594 4622 4623 4595 4152
9 4595 4623 4624 4596 4153
9 4596 4624 4625 4597 4154
9 4597 4625 4626 4598 4155
9 4598 4626 4627 4599 4156
9 4599 4627 4628 4600 4157
9 4600 4628 4629 4601 4158
9 4601 4629 4630 4602 4159
9 4602 4630 4631 4603 4160
9 4603 4631 4632 4604 4161
9 4604 4632 4633 4605 4162
9 4605 4633 4634 4606 4163
9 4606 4634 4635 4607 4164
9 4607 4635 4636 4608 4165
9 4608 4636 4637 4609 4166
9 4609 4637 4638 4610 4167
9 4610 4638 4639 4611 4168
9 4611 4639 4640 4612 4169
9 4612 4640 4641 4613 4170
9 4613 4641 4642 4614 4171
9 4614 4642 4643 4615 4172
9 4615 4643 4644 4616 4173
9 4616 4644 4645 4617 4174
9 4617 4645 352 351 4175
9 66 67 4646 4618 4176
9 4618 4646 4647 4619 4177
9 4619 4647 4648 4620 4178
9 4620 4648 4649 4621 4179
9 4621 4649 4650 4622 4180
9 4622 4650 4651 4623 4181
9 4623 4651 4652 4624 4182
9 4624 4652 4653 4625 4183
9 4625 4653 4654 4626 4184
9 4626 4654 4655 4627 4185
9 4627 4655 4656 4628 4186
9 4628 4656 4657 4629 4187
9 4629 4657 4658 4630 4188
9 4630 4658 4659 4631 4189
9 4631 4659 4660 4632 4190
9 4632 4660 4661 4633 4191
9 4633 4661 4662 4634 4192
9 4634 4662 4663 4635 4193
9 4635 4663 4664 4636 4194
9 4636 4664 4665 4637 4195
9 4637 4665 4666 4638 4196
9 4638 4666 4667 4639 4197
9 4639 4667 4668 4640 4198
9 4640 4668 4669 4641 4199
9 4641 4669 4670 4642 4200
9 4642 4670 4671 4643 4201
9 4643 4671 4672 4644 4202
9 4644 4672 4673 4645 4203
9 4645 4673 353 352 4204
9 67 68 4674 4646 4205
9 4646 4674 4675 4647 4206
9 4647 4675 4676 4648 4207
9 4648 4676 4677 4649 4208
9 4649 4677 4678 4650 4209
9 4650 4678 4679 4651 4210
9 4651 4679 4680 4652 4211
9 4652 4680 4681 4653 4212
9 4653 4681 4682 4654 4213
9 4654 4682 4683 4655 4214
9 4655 4683 4684 4656 4215
9 4656 4684 4685 4657 4216
9 4657 4685 4686 4658 4217
9 4658 4686 4687 4659 4218
9 4659 4687 4688 4660 4219
9 4660 4688 4689 4661 4220
9 4661 4689 4690 4662 4221
9 4662 4690 4691 4663 4222
9 4663 4691 4692 4664 4223
9 4664 4692 4693 4665 4224
9 4665 4693 4694 4666 4225
9 4666 4694 4695 4667 4226
9 4667 4695 4696 4668 4227
9 4668 4696 4697 4669 4228
9 4669 4697 4698 4670 4229
9 4670 4698 4699 4671 4230
9 4671 4699 4700 4672 4231
9 4672 4700 4701 4673 4232
9 4673 4701 354 353 4233
9 68 69 4702 4674 4234
9 4674 4702 4703 4675 4235
9 4675 4703 4704 4676 4236
9 4676 4704 4705 4677 4237
9 4677 4705 4706 4678 4238
9 4678 4706 4707 4679 4239
9 4679 4707 4708 4680 4240
9 4680 4708 4709 4681 4241
9 4681 4709 4710 4682 4242
9 4682 4710 4711 4683 4243
9 4683 4711 4712 4684 4244
9 4684 4712 4713 4685 4245
9 4685 4713 4714 4686 4246
9 4686 4714 4715 4687 4247
9 4687 4715 4716 4688 4248
9 4688 4716 4717 4689 4249
9 4689 4717 4718 4690 4250
9 4690 4718 4719 4691 4251
9 4691 4719 4720 4692 4252
9 4692 4720 4721 4693 4253
9 4693 4721 4722 4694 4254
9 4694 4722 4723 4695 4255
9 4695 4723 4724 4696 4256
9 4696 4724 4725 4697 4257
9 4697 4725 4726 4698 4258
9 4698 4726 4727 4699 4259
9 4699 4727 4728 4700 4260
9 4700 4728 4729 4701 4261
9 4701 4729 355 354 4262
9 69 70 4730 4702 4263
9 4702 4730 4731 4703 4264
9 4703 4731 4732 4704 4265
9 4704 4732 4733 4705 4266
9 4705 4733 4734 4706 4267
9 4706 4734 4735 4707 4268
9 4707 4735 4736 4708 4269
9 4708 4736 4737 4709 4270
9 4709 4737 4738 4710 4271
9 4710 4738 4739 4711 4272
9 4711 4739 4740 4712 4273
9 4712 4740 4741 4713 4274
9 4713 4741 4742 4714 4275
9 4714 4742 4743 4715 4276
9 4715 4743 4744 4716 4277
9 4716 4744 4745 4717 4278
9 4717 4745 4746 4718 4279
9 4718 4746 4747 4719 4280
9 4719 4747 4748 4720 4281
9 4720 4748 4749 4721 4282
9 4721 4749 4750 4722 4283
9 4722 4750 4751 4723 4284
9 4723 4751 4752 4724 4285
9 4724 4752 4753 4725 4286
9 4725 4753 4754 4726 4287
9 4726 4754 4755 4727 4288
9 4727 4755 4756 4728 4289
9 4728 4756 4757 4729 4290
9 4729 4757 356 355 4291
9 70 71 4758 4730 4292
9 4730 4758 4759 4731 4293
9 4731 4759 4760 4732 4294
9 4732 4760 4761 4733 4295
9 4733 4761 4762 4734 4296
9 4734 4762 4763 4735 4297
9 4735 4763 4764 4736 4298
9 4736 4764 4765 4737 4299
9 4737 4765 4766 4738 4300
9 4738 4766 4767 4739 4301
9 4739 4767 4768 4740 4302
9 4740 4768 4769 4741 4303
9 4741 4769 4770 4742 4304
9 4742 4770 4771 4743 4305
9 4743 4771 4772 4744 4306
9 4744 4772 4773 4745 4307
9 4745 4773 4774 4746 4308
9 4746 4774 4775 4747 4309
9 4747 4775 4776 4748 4310
9 4748 4776 4777 4749 4311
9 4749 4777 4778 4750 4312
9 4750 4778 4779 4751 4313
9 4751 4779 4780 4752 4314
9 4752 4780 4781 4753 4315
9 4753 4781 4782 4754 4316
9 4754 4782 4783 4755 4317
9 4755 4783 4784 4756 4318
9 4756 4784 4785 4757 4319
9 4757 4785 357 356 4320
9 71 72 4786 4758 4321
9 4758 4786 4787 4759 4322
9 4759 4787 4788 4760 4323
9 4760 4788 4789 4761 4324
9 4761 4789 4790 4762 4325
9 4762 4790 4791 4763 4326
9 4763 4791 4792 4764 4327
9 4764 4792 4793 4765 4328
9 4765 4793 4794 4766 4329
9 4766 4794 4795 4767 4330
9 4767 4795 4796 4768 4331
9 4768 4796 4797 4769 4332
9 4769 4797 4798 4770 4333
9 4770 4798 4799 4771 4334
9 4771 4799 4800 4772 4335
9 4772 4800 4801 4773 4336
9 4773 4801 4802 4774 4337
9 4774 4802 4803 4775 4338
9 4775 4803 4804 4776 4339
9 4776 4804 4805 4777 4340
9 4777 4805 4806 4778 4341
9 4778 4806 4807 4779 4342
9 4779 4807 4808 4780 4343
9 4780 4808 4809 4781 4344
9 4781 4809 4810 4782 4345
9 4782 4810 4811 4783 4346
9 4783 4811 4812 4784 4347
9 4784 4812 4813 4785 4348
9 4785 4813 358 357 4349
9 72 73 4814 4786 4350
9 4786 4814 4815 4787 4351
9 4787 4815 4816 4788 4352
9 4788 4816 4817 4789 4353
9 4789 4817 4818 4790 4354
9 4790 4818 4819 4791 4355
9 4791 4819 4820 4792 4356
9 4792 4820 4821 4793 4357
9 4793 4821 4822 4794 4358
9 4794 4822 4823 4795 4359
9 4795 4823 4824 4796 4360
9 4796 4824 4825 4797 4361
9 4797 4825 4826 4798 4362
9 4798 4826 4827 4799 4363
9 4799 4827 4828 4800 4364
9 4800 4828 4829 4801 4365
9 4801 4829 4830 4802 4366
9 4802 4830 4831 4803 4367
9 4803 4831 4832 4804 4368
9 4804 4832 4833 4805 4369
9 4805 4833 4834 4806 4370
9 4806 4834 4835 4807 4371
9 4807 4835 4836 4808 4372
9 4808 4836 4837 4809 4373
9 4809 4837 4838 4810 4374
9 4810 4838 4839 4811 4375
9 4811 4839 4840 4812 4376
9 4812 4840 4841 4813 4377
9 4813 4841 359 358 4378
9 73 74 4842 4814 4379
9 4814 4842 4843 4815 4380
9 4815 4843 4844 4816 4381
9 4816 4844 4845 4817 4382
9 4817 4845 4846 4818 4383
9 4818 4846 4847 4819 4384
9 4819 4847 4848 4820 4385
9 4820 4848 4849 4821 4386
9 4821 4849 4850 4822 4387
9 4822 4850 4851 4823 4388
9 4823 4851 4852 4824 4389
9 4824 4852 4853 4825 4390
9 4825 4853 4854 4826 4391
9 4826 4854 4855 4827 4392
9 4827 4855 4856 4828 4393
9 4828 4856 4857 4829 4394
9 4829 4857 4858 4830 4395
9 4830 4858 4859 4831 4396
9 4831 4859 4860 4832 4397
9 4832 4860 4861 4833 4398
9 4833 4861 4862 4834 4399
9 4834 4862 4863 4835 4400
9 4835 4863 4864 4836 4401
9 4836 4864 4865 4837 4402
9 4837 4865 4866 4838 4403
9 4838 4866 4867 4839 4404
9 4839 4867 4868 4840 4405
9 4840 4868 4869 4841 4406
9 4841 4869 360 359 4407
9 74 75 4870 4842 4408
9 4842 4870 4871 4843 4409
9 4843 4871 4872 4844 4410
9 4844 4872 4873 4845 4411
9 4845 4873 4874 4846 4412
9 4846 4874 4875 4847 4413
9 4847 4875 4876 4848 4414
9 4848 4876 4877 4849 4415
9 4849 4877 4878 4850 4416
9 4850 4878 4879 4851 4417
9 4851 4879 4880 4852 4418
9 4852 4880 4881 4853 4419
9 4853 4881 4882 4854 4420
9 4854 4882 4883 4855 4421
9 4855 4883 4884 4856 4422
9 4856 4884 4885 4857 4423
9 4857 4885 4886 4858 4424
9 4858 4886 4887 4859 4425
9 4859 4887 4888 4860 4426
9 4860 4888 4889 4861 4427
9 4861 4889 4890 4862 4428
9 4862 4890 4891 4863 4429
9 4863 4891 4892 4864 4430
9 4864 4892 4893 4865 4431
9 4865 4893 4894 4866 4432
9 4866 4894 4895 4867 4433
9 4867 4895 4896 4868 4434
9 4868 4896 4897 4869 4435
9 4869 4897 361 360 4436
9 75 76 4898 4870 4437
9 4870 4898 4899 4871 4438
9 4871 4899 4900 4872 4439
9 4872 4900 4901 4873 4440
9 4873 4901 4902 4874 4441
9 4874 4902 4903 4875 4442
9 4875 4903 4904 4876 4443
9 4876 4904 4905 4877 4444
9 4877 4905 4906 4878 4445
9 4878 4906 4907 4879 4446
9 4879 4907 4908 4880 4447
9 4880 4908 4909 4881 4448
9 4881 4909 4910 4882 4449
9 4882 4910 4911 4883 4450
9 4883 4911 4912 4884 4451
9 4884 4912 4913 4885 4452
9 4885 4913 4914 4886 4453
9 4886 4914 4915 4887 4454
9 4887 4915 4916 4888 4455
9 4888 4916 4917 4889 4456
9 4889 4917 4918 4890 4457
9 4890 4918 4919 4891 4458
9 4891 4919 4920 4892 4459
9 4892 4920 4921 4893 4460
9 4893 4921 4922 4894 4461
9 4894 4922 4923 4895 4462
9 4895 4923 4924 4896 4463
9 4896 4924 4925 4897 4464
9 4897 4925 362 361 4465
9 76 77 4926 4898 4466
9 4898 4926 4927 4899 4467
9 4899 4927 4928 4900 4468
9 4900 4928 4929 4901 4469
9 4901 4929 4930 4902 4470
9 4902 4930 4931 4903 4471
9 4903 4931 4932 4904 4472
9 4904 4932 4933 4905 4473
9 4905 4933 4934 4906 4474
9 4906 4934 4935 4907 4475
9 4907 4935 4936 4908 4476
9 4908 4936 4937 4909 4477
9 4909 4937 4938 4910 4478
9 4910 4938 4939 4911 4479
9 4911 4939 4940 4912 4480
9 4912 4940 4941 4913 4481
9 4913 4941 4942 4914 4482
9 4914 4942 4943 4915 4483
9 4915 4943 4944 4916 4484
9 4916 4944 4945 4917 4485
9 4917 4945 4946 4918 4486
9 4918 4946 4947 4919 4487
9 4919 4947 4948 4920 4488
9 4920 4948 4949 4921 4489
9 4921 4949 4950 4922 4490
9 4922 4950 4951 4923 4491
9 4923 4951 4952 4924 4492
9 4924 4952 4953 4925 4493
9 4925 4953 363 362 4494
9 77 78 4954 4926 4495
9 4926 4954 4955 4927 4496
9 4927 4955 4956 4928 4497
9 4928 4956 4957 4929 4498
9 4929 4957 4958 4930 4499
9 4930 4958 4959 4931 4500
9 4931 4959 4960 4932 4501
9 4932 4960 4961 4933 4502
9 4933 4961 4962 4934 4503
9 4934 4962 4963 4935 4504
9 4935 4963 4964 4936 4505
9 4936 4964 4965 4937 4506
9 4937 4965 4966 4938 4507
9 4938 4966 4967 4939 4508
9 4939 4967 4968 4940 4509
9 4940 4968 4969 4941 4510
9 4941 4969 4970 4942 4511
9 4942 4970 4971 4943 4512
9 4943 4971 4972 4944 4513
9 4944 4972 4973 4945 4514
9 4945 4973 4974 4946 4515
9 4946 4974 4975 4947 4516
9 4947 4975 4976 4948 4517
9 4948 4976 4977 4949 4518
9 4949 4977 4978 4950 4519
9 4950 4978 4979 4951 4520
9 4951 4979 4980 4952 4521
9 4952 4980 4981 4953 4522
9 4953 4981 364 363 4523
9 78 79 4982 4954 4524
9 4954 4982 4983 4955 4525
9 4955 4983 4984 4956 4526
9 4956 4984 4985 4957 4527
9 4957 4985 4986 4958 4528
9 4958 4986 4987 4959 4529
9 4959 4987 4988 4960 4530
9 4960 4988 4989 4961 4531
9 4961 4989 4990 4962 4532
9 4962 4990 4991 4963 4533
9 4963 4991 4992 4964 4534
9 4964 4992 4993 4965 4535
9 4965 4993 4994 4966 4536
9 4966 4994 4995 4967 4537
9 4967 4995 4996 4968 4538
9 4968 4996 4997 4969 4539
9 4969 4997 4998 4970 4540
9 4970 4998 4999 4971 4541
9 4971 4999 5000 4972 4542
9 4972 5000 5001 4973 4543
9 4973 5001 5002 4974 4544
9 4974 5002 5003 4975 4545
9 4975 5003 5004 4976 4546
9 4976 5004 5005 4977 4547
9 4977 5005 5006 4978 4548
9 4978 5006 5007 4979 4549
9 4979 5007 5008 4980 4550
9 4980 5008 5009 4981 4551
9 4981 5009 365 364 4552
9 79 80 5010 4982 4553
9 4982 5010 5011 4983 4554
9 4983 5011 5012 4984 4555
9 4984 5012 5013 4985 4556
9 4985 5013 5014 4986 4557
9 4986 5014 5015 4987 4558
9 4987 5015 5016 4988 4559
9 4988 5016 5017 4989 4560
9 4989 5017 5018 4990 4561
9 4990 5018 5019 4991 4562
9 4991 5019 5020 4992 4563
9 4992 5020 5021 4993 4564
9 4993 5021 5022 4994 4565
9 4994 5022 5023 4995 4566
9 4995 5023 5024 4996 4567
9 4996 5024 5025 4997 4568
9 4997 5025 5026 4998 4569
9 4998 5026 5027 4999 4570
9 4999 5027 5028 5000 4571
9 5000 5028 5029 5001 4572
9 5001 5029 5030 5002 4573
9 5002 5030 5031 5003 4574
9 5003 5031 5032 5004 4575
9 5004 5032 5033 5005 4576
9 5005 5033 5034 5006 4577
9 5006 5034 5035 5007 4578
9 5007 5035 5036 5008 4579
9 5008 5036 5037 5009 4580
9 5009 5037 366 365 4581
9 80 81 5038 5010 4582
9 5010 5038 5039 5011 4583
9 5011 5039 5040 5012 4584
9 5012 5040 5041 5013 4585
9 5013 5041 5042 5014 4586
9 5014 5042 5043 5015 4587
9 5015 5043 5044 5016 4588
9 5016 5044 5045 5017 4589
9 5017 5045 5046 5018 4590
9 5018 5046 5047 5019 4591
9 5019 5047 5048 5020 4592
9 5020 5048 5049 5021 4593
9 5021 5049 5050 5022 4594
9 5022 5050 5051 5023 4595
9 5023 5051 5052 5024 4596
9 5024 5052 5053 5025 4597
9 5025 5053 5054 5026 4598
9 5026 5054 5055 5027 4599
9 5027 5055 5056 5028 4600
9 5028 5056 5057 5029 4601
9 5029 5057 5058 5030 4602
9 5030 5058 5059 5031 4603
9 5031 5059 5060 5032 4604
9 5032 5060 5061 5033 4605
9 5033 5061 5062 5034 4606
9 5034 5062 5063 5035 4607
9 5035 5063 5064 5036 4608
9 5036 5064 5065 5037 4609
9 5037 5065 367 366 4610
9 81 82 5066 5038 4611
9 5038 5066 5067 5039 4612
9 5039 5067 5068 5040 4613
9 5040 5068 5069 5041 4614
9 5041 5069 5070 5042 4615
9 5042 5070 5071 5043 4616
9 5043 5071 5072 5044 4617
9 5044 5072 5073 5045 4618
9 5045 5073 5074 5046 4619
9 5046 5074 5075 5047 4620
9 5047 5075 5076 5048 4621
9 5048 5076 5077 5049 4622
9 5049 5077 5078 5050 4623
9 5050 5078 5079 5051 4624
9 5051 5079 5080 5052 4625
9 5052 5080 5081 5053 4626
9 5053 5081 5082 5054 4627
9 5054 5082 5083 5055 4628
9 5055 5083 5084 5056 4629
9 5056 5084 5085 5057 4630
9 5057 5085 5086 5058 4631
9 5058 5086 5087 5059 4632
9 5059 5087 5088 5060 4633
9 5060 5088 5089 5061 4634
9 5061 5089 5090 5062 4635
9 5062 5090 5091 5063 4636
9 5063 5091 5092 5064 4637
9 5064 5092 5093 5065 4638
9 5065 5093 368 367 4639
9 82 83 5094 5066 4640
9 5066 5094 5095 5067 4641
9 5067 5095 5096 5068 4642
9 5068 5096 5097 5069 4643
9 5069 5097 5098 5070 4644
9 5070 5098 5099 5071 4645
9 5071 5099 5100 5072 4646
9 5072 5100 5101 5073 4647
9 5073 5101 5102 5074 4648
9 5074 5102 5103 5075 4649
9 5075 5103 5104 5076 4650
9 5076 5104 5105 5077 4651
9 5077 5105 5106 5078 4652
9 5078 5106 5107 5079 4653
9 5079 5107 5108 5080 4654
9 5080 5108 5109 5081 4655
9 5081 5109 5110 5082 4656
9 5082 5110 5111 5083 4657
9 5083 5111 5112 5084 4658
9 5084 5112 5113 5085 4659
9 5085 5113 5114 5086 4660
9 5086 5114 5115 5087 4661
9 5087 5115 5116 5088 4662
9 5088 5116 5117 5089 4663
9 5089 5117 5118 5090 4664
9 5090 5118 5119 5091 4665
9 5091 5119 5120 5092 4666
9 5092 5120 5121 5093 4667
9 5093 5121 369 368 4668
9 83 84 5122 5094 4669
9 5094 5122 5123 5095 4670
9 5095 5123 5124 5096 4671
9 5096 5124 5125 5097 4672
9 5097 5125 5126 5098 4673
9 5098 5126 5127 5099 4674
9 5099 5127 5128 5100 4675
9 5100 5128 5129 5101 4676
9 5101 5129 5130 5102 4677
9 5102 5130 5131 5103 4678
9 5103 5131 5132 5104 4679
9 5104 5132 5133 5105 4680
9 5105 5133 5134 5106 4681
9 5106 5134 5135 5107 4682
9 5107 5135 5136 5108 4683
9 5108 5136 5137 5109 4684
9 5109 5137 5138 5110 4685
9 5110 5138 5139 5111 4686
9 5111 5139 5140 5112 4687
9 5112 5140 5141 5113 4688
9 5113 5141 5142 5114 4689
9 5114 5142 5143 5115 4690
9 5115 5143 5144 5116 4691
9 5116 5144 5145 5117 4692
9 5117 5145 5146 5118 4693
9 5118 5146 5147 5119 4694
9 5119 5147 5148 5120 4695
9 5120 5148 5149 5121 4696
9 5121 5149 370 369 4697
9 84 85 5150 5122 4698
9 5122 5150 5151 5123 4699
9 5123 5151 5152 5124 4700
9 5124 5152 5153 5125 4701
9 5125 5153 5154 5126 4702
9 5126 5154 5155 5127 4703
9 5127 5155 5156 5128 4704
9 5128 5156 5157 5129 4705
9 5129 5157 5158 5130 4706
9 5130 5158 5159 5131 4707
9 5131 5159 5160 5132 4708
9 5132 5160 5161 5133 4709
9 5133 5161 5162 5134 4710
9 5134 5162 5163 5135 4711
9 5135 5163 5164 5136 4712
9 5136 5164 5165 5137 4713
9 5137 5165 5166 5138 4714
9 5138 5166 5167 5139 4715
9 5139 5167 5168 5140 4716
9 5140 5168 5169 5141 4717
9 5141 5169 5170 5142 4718
9 5142 5170 5171 5143 4719
9 5143 5171 5172 5144 4720
9 5144 5172 5173 5145 4721
9 5145 5173 5174 5146 4722
9 5146 5174 5175 5147 4723
9 5147 5175 5176 5148 4724
9 5148 5176 5177 5149 4725
9 5149 5177 371 370 4726
9 85 86 5178 5150 4727
9 5150 5178 5179 5151 4728
9 5151 5179 5180 5152 4729
9 5152 5180 5181 5153 4730
9 5153 5181 5182 5154 4731
9 5154 5182 5183 5155 4732
9 5155 5183 5184 5156 4733
9 5156 5184 5185 5157 4734
9 5157 5185 5186 5158 4735
9 5158 5186 5187 5159 4736
9 5159 5187 5188 5160 4737
9 5160 5188 5189 5161 4738
9 5161 5189 5190 5162 4739
9 5162 5190 5191 5163 4740
9 5163 5191 5192 5164 4741
9 5164 5192 5193 5165 4742
9 5165 5193 5194 5166 4743
9 5166 5194 5195 5167 4744
9 5167 5195 5196 5168 4745
9 5168 5196 5197 5169 4746
9 5169 5197 5198 5170 4747
9 5170 5198 5199 5171 4748
9 5171 5199 5200 5172 4749
9 5172 5200 5201 5173 4750
9 5173 5201 5202 5174 4751
9 5174 5202 5203 5175 4752
9 5175 5203 5204 5176 4753
9 5176 5204 5205 5177 4754
9 5177 5205 372 371 4755
9 86 87 5206 5178 4756
9 5178 5206 5207 5179 4757
9 5179 5207 5208 5180 4758
9 5180 5208 5209 5181 4759
9 5181 5209 5210 5182 4760
9 5182 5210 5211 5183 4761
9 5183 5211 5212 5184 4762
9 5184 5212 5213 5185 4763
9 5185 5213 5214 5186 4764
9 5186 5214 5215 5187 4765
9 5187 5215 5216 5188 4766
9 5188 5216 5217 5189 4767
9 5189 5217 5218 5190 4768
9 5190 5218 5219 5191 4769
9 5191 5219 5220 5192 4770
9 5192 5220 5221 5193 4771
9 5193 5221 5222 5194 4772
9 5194 5222 5223 5195 4773
9 5195 5223 5224 5196 4774
9 5196 5224 5225 5197 4775
9 5197 5225 5226 5198 4776
9 5198 5226 5227 5199 4777
9 5199 5227 5228 5200 4778
9 5200 5228 5229 5201 4779
9 5201 5229 5230 5202 4780
9 5202 5230 5231 5203 4781
9 5203 5231 5232 5204 4782
9 5204 5232 5233 5205 4783
9 5205 5233 373 372 4784
9 87 88 5234 5206 4785
9 5206 5234 5235 5207 4786
9 5207 5235 5236 5208 4787
9 5208 5236 5237 5209 4788
9 5209 5237 5238 5210 4789
9 5210 5238 5239 5211 4790
9 5211 5239 5240 5212 4791
9 5212 5240 5241 5213 4792
9 5213 5241 5242 5214 4793
9 5214 5242 5243 5215 4794
9 5215 5243 5244 5216 4795
9 5216 5244 5245 5217 4796
9 5217 5245 5246 5218 4797
9 5218 5246 5247 5219 4798
9 5219 5247 5248 5220 4799
9 5220 5248 5249 5221 4800
9 5221 5249 5250 5222 4801
9 5222 5250 5251 5223 4802
9 5223 5251 5252 5224 4803
9 5224 5252 5253 5225 4804
9 5225 5253 5254 5226 4805
9 5226 5254 5255 5227 4806
9 5227 5255 5256 5228 4807
9 5228 5256 5257 5229 4808
9 5229 5257 5258 5230 4809
9 5230 5258 5259 5231 4810
9 5231 5259 5260 5232 4811
9 5232 5260 5261 5233 4812
9 5233 5261 374 373 4813
9 88 89 5262 5234 4814
9 5234 5262 5263 5235 4815
9 5235 5263 5264 5236 4816
9 5236 5264 5265 5237 4817
9 5237 5265 5266 5238 4818
9 5238 5266 5267 5239 4819
9 5239 5267 5268 5240 4820
9 5240 5268 5269 5241 4821
9 5241 5269 5270 5242 4822
9 5242 5270 5271 5243 4823
9 5243 5271 5272 5244 4824
9 5244 5272 5273 5245 4825
9 5245 5273 5274 5246 4826
9 5246 5274 5275 5247 4827
9 5247 5275 5276 5248 4828
9 5248 5276 5277 5249 4829
9 5249 5277 5278 5250 4830
9 5250 5278 5279 5251 4831
9 5251 5279 5280 5252 4832
9 5252 5280 5281 5253 4833
9 5253 5281 5282 5254 4834
9 5254 5282 5283 5255 4835
9 5255 5283 5284 5256 4836
9 5256 5284 5285 5257 4837
9 5257 5285 5286 5258 4838
9 5258 5286 5287 5259 4839
9 5259 5287 5288 5260 4840
9 5260 5288 5289 5261 4841
9 5261 5289 375 374 4842
9 89 90 5290 5262 4843
9 5262 5290 5291 5263 4844
9 5263 5291 5292 5264 4845
9 5264 5292 5293 5265 4846
9 5265 5293 5294 5266 4847
9 5266 5294 5295 5267 4848
9 5267 5295 5296 5268 4849
9 5268 5296 5297 5269 4850
9 5269 5297 5298 5270 4851
9 5270 5298 5299 5271 4852
9 5271 5299 5300 5272 4853
9 5272 5300 5301 5273 4854
9 5273 5301 5302 5274 4855
9 5274 5302 5303 5275 4856
9 5275 5303 5304 5276 4857
9 5276 5304 5305 5277 4858
9 5277 5305 5306 5278 4859
9 5278 5306 5307 5279 4860
9 5279 5307 5308 5280 4861
9 5280 5308 5309 5281 4862
9 5281 5309 5310 5282 4863
9 5282 5310 5311 5283 4864
9 5283 5311 5312 5284 4865
9 5284 5312 5313 5285 4866
9 5285 5313 5314 5286 4867
9 5286 5314 5315 5287 4868
9 5287 5315 5316 5288 4869
9 5288 5316 5317 5289 4870
9 5289 5317 376 375 4871
9 90 91 5318 5290 4872
9 5290 5318 5319 5291 4873
9 5291 5319 5320 5292 4874
9 5292 5320 5321 5293 4875
9 5293 5321 5322 5294 4876
9 5294 5322 5323 5295 4877
9 5295 5323 5324 5296 4878
9 5296 5324 5325 5297 4879
9 5297 5325 5326 5298 4880
9 5298 5326 5327 5299 4881
9 5299 5327 5328 5300 4882
9 5300 5328 5329 5301 4883
9 5301 5329 5330 5302 4884
9 5302 5330 5331 5303 4885
9 5303 5331 5332 5304 4886
9 5304 5332 5333 5305 4887
9 5305 5333 5334 5306 4888
9 5306 5334 5335 5307 4889
9 5307 5335 5336 5308 4890
9 5308 5336 5337 5309 4891
9 5309 5337 5338 5310 4892
9 5310 5338 5339 5311 4893
9 5311 5339 5340 5312 4894
9 5312 5340 5341 5313 4895
9 5313 5341 5342 5314 4896
9 5314 5342 5343 5315 4897
9 5315 5343 5344 5316 4898
9 5316 5344 5345 5317 4899
9 5317 5345 377 376 4900
9 91 92 5346 5318 4901
9 5318 5346 5347 5319 4902
9 5319 5347 5348 5320 4903
9 5320 5348 5349 5321 4904
9 5321 5349 5350 5322 4905
9 5322 5350 5351 5323 4906
9 5323 5351 5352 5324 4907
9 5324 5352 5353 5325 4908
9 5325 5353 5354 5326 4909
9 5326 5354 5355 5327 4910
9 5327 5355 5356 5328 4911
9 5328 5356 5357 5329 4912
9 5329 5357 5358 5330 4913
9 5330 5358 5359 5331 4914
9 5331 5359 5360 5332 4915
9 5332 5360 5361 5333 4916
9 5333 5361 5362 5334 4917
9 5334 5362 5363 5335 4918
9 5335 5363 5364 5336 4919
9 5336 5364 5365 5337 4920
9 5337 5365 5366 5338 4921
9 5338 5366 5367 5339 4922
9 5339 5367 5368 5340 4923
9 5340 5368 5369 5341 4924
9 5341 5369 5370 5342 4925
9 5342 5370 5371 5343 4926
9 5343 5371 5372 5344 4927
9 5344 5372 5373 5345 4928
9 5345 5373 378 377 4929
9 92 93 5374 5346 4930
9 5346 5374 5375 5347 4931
9 5347 5375 5376 5348 4932
9 5348 5376 5377 5349 4933
9 5349 5377 5378 5350 4934
9 5350 5378 5379 5351 4935
9 5351 5379 5380 5352 4936
9 5352 5380 5381 5353 4937
9 5353 5381 5382 5354 4938
9 5354 5382 5383 5355 4939
9 5355 5383 5384 5356 4940
9 5356 5384 5385 5357 4941
9 5357 5385 5386 5358 4942
9 5358 5386 5387 5359 4943
9 5359 5387 5388 5360 4944
9 5360 5388 5389 5361 4945
9 5361 5389 5390 5362 4946
9 5362 5390 5391 5363 4947
9 5363 5391 5392 5364 4948
9 5364 5392 5393 5365 4949
9 5365 5393 5394 5366 4950
9 5366 5394 5395 5367 4951
9 5367 5395 5396 5368 4952
9 5368 5396 5397 5369 4953
9 5369 5397 5398 5370 4954
9 5370 5398 5399 5371 4955
9 5371 5399 5400 5372 4956
9 5372 5400 5401 5373 4957
9 5373 5401 379 378 4958
9 93 94 5402 5374 4959
9 5374 5402 5403 5375 4960
9 5375 5403 5404 5376 4961
9 5376 5404 5405 5377 4962
9 5377 5405 5406 5378 4963
9 5378 5406 5407 5379 4964
9 5379 5407 5408 5380 4965
9 5380 5408 5409 5381 4966
9 5381 5409 5410 5382 4967
9 5382 5410 5411 5383 4968
9 5383 5411 5412 5384 4969
9 5384 5412 5413 5385 4970
9 5385 5413 5414 5386 4971
9 5386 5414 5415 5387 4972
9 5387 5415 5416 5388 4973
9 5388 5416 5417 5389 4974
9 5389 5417 5418 5390 4975
9 5390 5418 5419 5391 4976
9 5391 5419 5420 5392 4977
9 5392 5420 5421 5393 4978
9 5393 5421 5422 5394 4979
9 5394 5422 5423 5395 4980
9 5395 5423 5424 5396 4981
9 5396 5424 5425 5397 4982
9 5397 5425 5426 5398 4983
9 5398 5426 5427 5399 4984
9 5399 5427 5428 5400 4985
9 5400 5428 5429 5401 4986
9 5401 5429 380 379 4987
9 94 95 5430 5402 4988
9 5402 5430 5431 5403 4989
9 5403 5431 5432 5404 4990
9 5404 5432 5433 5405 4991
9 5405 5433 5434 5406 4992
9 5406 5434 5435 5407 4993
9 5407 5435 5436 5408 4994
9 5408 5436 5437 5409 4995
9 5409 5437 5438 5410 4996
9 5410 5438 5439 5411 4997
9 5411 5439 5440 5412 4998
9 5412 5440 5441 5413 4999
9 5413 5441 5442 5414 5000
9 5414 5442 5443 5415 5001
9 5415 5443 5444 5416 5002
9 5416 5444 5445 5417 5003
9 5417 5445 5446 5418 5004
9 5418 5446 5447 5419 5005
9 5419 5447 5448 5420 5006
9 5420 5448 5449 5421 5007
9 5421 5449 5450 5422 5008
9 5422 5450 5451 5423 5009
9 5423 5451 5452 5424 5010
9 5424 5452 5453 5425 5011
9 5425 5453 5454 5426 5012
9 5426 5454 5455 5427 5013
9 5427 5455 5456 5428 5014
9 5428 5456 5457 5429 5015
9 5429 5457 381 380 5016
9 95 96 5458 5430 5017
9 5430 5458 5459 5431 5018
9 5431 5459 5460 5432 5019
9 5432 5460 5461 5433 5020
9 5433 5461 5462 5434 5021
9 5434 5462 5463 5435 5022
9 5435 5463 5464 5436 5023
9 5436 5464 5465 5437 5024
9 5437 5465 5466 5438 5025
9 5438 5466 5467 5439 5026
9 5439 5467 5468 5440 5027
9 5440 5468 5469 5441 5028
9 5441 5469 5470 5442 5029
9 5442 5470 5471 5443 5030
9 5443 5471 5472 5444 5031
9 5444 5472 5473 5445 5032
9 5445 5473 5474 5446 5033
9 5446 5474 5475 5447 5034
9 5447 5475 5476 5448 5035
9 5448 5476 5477 5449 5036
9 5449 5477 5478 5450 5037
9 5450 5478 5479 5451 5038
9 5451 5479 5480 5452 5039
9 5452 5480 5481 5453 5040
9 5453 5481 5482 5454 5041
9 5454 5482 5483 5455 5042
9 5455 5483 5484 5456 5043
9 5456 5484 5485 5457 5044
9 5457 5485 382 381 5045
9 96 97 5486 5458 5046
9 5458 5486 5487 5459 5047
9 5459 5487 5488 5460 5048
9 5460 5488 5489 5461 5049
9 5461 5489 5490 5462 5050
9 5462 5490 5491 5463 5051
9 5463 5491 5492 5464 5052
9 5464 5492 5493 5465 5053
9 5465 5493 5494 5466 5054
9 5466 5494 5495 5467 5055
9 5467 5495 5496 5468 5056
9 5468 5496 5497 5469 5057
9 5469 5497 5498 5470 5058
9 5470 5498 5499 5471 5059
9 5471 5499 5500 5472 5060
9 5472 5500 5501 5473 5061
9 5473 5501 5502 5474 5062
9 5474 5502 5503 5475 5063
9 5475 5503 5504 5476 5064
9 5476 5504 5505 5477 5065
9 5477 5505 5506 5478 5066
9 5478 5506 5507 5479 5067
9 5479 5507 5508 5480 5068
9 5480 5508 5509 5481 5069
9 5481 5509 5510 5482 5070
9 5482 5510 5511 5483 5071
9 5483 5511 5512 5484 5072
9 5484 5512 5513 5485 5073
9 5485 5513 383 382 5074
9 97 3 98 5486 5075
9 5486 98 99 5487 5076
9 5487 99 100 5488 5077
9 5488 100 101 5489 5078
9 5489 101 102 5490 5079
9 5490 102 103 5491 5080
9 5491 103 104 5492 5081
9 5492 104 105 5493 5082
9 5493 105 106 5494 5083
9 5494 106 107 5495 5084
9 5495 107 108 5496 5085
9 5496 108 109 5497 5086
9 5497 109 110 5498 5087
9 5498 110 111 5499 5088
9 5499 111 112 5500 5089
9 5500 112 113 5501 5090
9 5501 113 114 5502 5091
9 5502 114 115 5503 5092
9 5503 115 116 5504 5093
9 5504 116 117 5505 5094
9 5505 117 118 5506 5095
9 5506 118 119 5507 5096
9 5507 119 120 5508 5097
9 5508 120 121 5509 5098
9 5509 121 122 5510 5099
9 5510 122 123 5511 5100
9 5511 123 124 5512 5101
9 5512 124 125 5513 5102
9 5513 125 6 383 5103
9 10 412 5514 326 5104
9 326 5514 5515 327 5105
9 327 5515 5516 328 5106
9 328 5516 5517 329 5107
9 329 5517 5518 330 5108
9 330 5518 5519 331 5109
9 331 5519 5520 332 5110
9 332 5520 5521 333 5111
9 333 5521 5522 334 5112
9 334 5522 5523 335 5113
9 335 5523 5524 336 5114
9 336 5524 5525 337 5115
9 337 5525 5526 338 5116
9 338 5526 5527 339 5117
9 339 5527 5528 340 5118
9 340 5528 5529 341 5119
9 341 5529 5530 342 5120
9 342 5530 5531 343 5121
9 343 5531 5532 344 5122
9 344 5532 5533 345 5123
9 345 5533 5534 346 5124
9 346 5534 5535 347 5125
9 347 5535 5536 348 5126
9 348 5536 5537 349 5127
9 349 5537 5538 350 5128
9 350 5538 5539 351 5129
9 351 5539 5540 352 5130
9 352 5540 5541 353 5131
9 353 5541 5542 354 5132
9 354 5542 5543 355 5133
9 355 5543 5544 356 5134
9 356 5544 5545 357 5135
9 357 5545 5546 358 5136
9 358 5546 5547 359 5137
9 359 5547 5548 360 5138
9 360 5548 5549 361 5139
9 361 5549 5550 362 5140
9 362 5550 5551 363 5141
9 363 5551 5552 364 5142
9 364 5552 5553 365 5143
9 365 5553 5554 366 5144
9 366 5554 5555 367 5145
9 367 5555 5556 368 5146
9 368 5556 5557 369 5147
9 369 5557 5558 370 5148
9 370 5558 5559 371 5149
9 371 5559 5560 372 5150
9 372 5560 5561 373 5151
9 373 5561 5562 374 5152
9 374 5562 5563 375 5153
9 375 5563 5564 376 5154
9 376 5564 5565 377 5155
9 377 5565 5566 378 5156
9 378 5566 5567 379 5157
9 379 5567 5568 380 5158
9 380 5568 5569 381 5159
9 381 5569 5570 382 5160
9 382 5570 5571 383 5161
9 383 5571 126 6 5162
9 412 413 5572 5514 5163
9 5514 5572 5573 5515 5164
9 5515 5573 5574 5516 5165
9 5516 5574 5575 5517 5166
9 5517 5575 5576 5518 5167
9 5518 5576 5577 5519 5168
9 5519 5577 5578 5520 5169
9 5520 5578 5579 5521 5170
9 5521 5579 5580 5522 5171
9 5522 5580 5581 5523 5172
9 5523 5581 5582 5524 5173
9 5524 5582 5583 5525 5174
9 5525 5583 5584 5526 5175
9 5526 5584 5585 5527 5176
9 5527 5585 5586 5528 5177
9 5528 5586 5587 5529 5178
9 5529 5587 5588 5530 5179
9 5530 5588 5589 5531 5180
9 5531 5589 5590 5532 5181
9 5532 5590 5591 5533 5182
9 5533 5591 5592 5534 5183
9 5534 5592 5593 5535 5184
9 5535 5593 5594 5536 5185
9 5536 5594 5595 5537 5186
9 5537 5595 5596 5538 5187
9 5538 5596 5597 5539 5188
9 5539 5597 5598 5540 5189
9 5540 5598 5599 5541 5190
9 5541 5599 5600 5542 5191
9 5542 5600 5601 5543 5192
9 5543 5601 5602 5544 5193
9 5544 5602 5603 5545 5194
9 5545 5603 5604 5546 5195
9 5546 5604 5605 5547 5196
9 5547 5605 5606 5548 5197
9 5548 5606 5607 5549 5198
9 5549 5607 5608 5550 5199
9 5550 5608 5609 5551 5200
9 5551 5609 5610 5552 5201
9 5552 5610 5611 5553 5202
9 5553 5611 5612 5554 5203
9 5554 5612 5613 5555 5204
9 5555 5613 5614 5556 5205
9 5556 5614 5615 5557 5206
9 5557 5615 5616 5558 5207
9 5558 5616 5617 5559 5208
9 5559 5617 5618 5560 5209
9 5560 5618 5619 5561 5210
9 5561 5619 5620 5562 5211
9 5562 5620 5621 5563 5212
9 5563 5621 5622 5564 5213
9 5564 5622 5623 5565 5214
9 5565 5623 5624 5566 5215
9 5566 5624 5625 5567 5216
9 5567 5625 5626 5568 5217
9 5568 5626 5627 5569 5218
9 5569 5627 5628 5570 5219
9 5570 5628 5629 5571 5220
9 5571 5629 127 126 5221
9 413 414 5630 5572 5222
9 5572 5630 5631 5573 5223
9 5573 5631 5632 5574 5224
9 5574 5632 5633 5575 5225
9 5575 5633 5634 5576 5226
9 5576 5634 5635 5577 5227
9 5577 5635 5636 5578 5228
9 5578 5636 5637 5579 5229
9 5579 5637 5638 5580 5230
9 5580 5638 5639 5581 5231
9 5581 5639 5640 5582 5232
9 5582 5640 5641 5583 5233
9 5583 5641 5642 5584 5234
9 5584 5642 5643 5585 5235
9 5585 5643 5644 5586 5236
9 5586 5644 5645 5587 5237
9 5587 5645 5646 5588 5238
9 5588 5646 5647 5589 5239
9 5589 5647 5648 5590 5240
9 5590 5648 5649 5591 5241
9 5591 5649 5650 5592 5242
9 5592 5650 5651 5593 5243
9 5593 5651 5652 5594 5244
9 5594 5652 5653 5595 5245
9 5595 5653 5654 5596 5246
9 5596 5654 5655 5597 5247
9 5597 5655 5656 5598 5248
9 5598 5656 5657 5599 5249
9 5599 5657 5658 5600 5250
9 5600 5658 5659 5601 5251
9 5601 5659 5660 5602 5252
9 5602 5660 5661 5603 5253
9 5603 5661 5662 5604 5254
9 5604 5662 5663 5605 5255
9 5605 5663 5664 5606 5256
9 5606 5664 5665 5607 5257
9 5607 5665 5666 5608 5258
9 5608 5666 5667 5609 5259
9 5609 5667 5668 5610 5260
9 5610 5668 5669 5611 5261
9 5611 5669 5670 5612 5262
9 5612 5670 5671 5613 5263
9 5613 5671 5672 5614 5264
9 5614 5672 5673 5615 5265
9 5615 5673 5674 5616 5266
9 5616 5674 5675 5617 5267
9 5617 5675 5676 5618 5268
9 5618 5676 5677 5619 5269
9 5619 5677 5678 5620 5270
9 5620 5678 5679 5621 5271
9 5621 5679 5680 5622 5272
9 5622 5680 5681 5623 5273
9 5623 5681 5682 5624 5274
9 5624 5682 5683 5625 5275
9 5625 5683 5684 5626 5276
9 5626 5684 5685 5627 5277
9 5627 5685 5686 5628 5278
9 5628 5686 5687 5629 5279
9 5629 5687 128 127 5280
9 414 415 5688 5630 5281
9 5630 5688 5689 5631 5282
9 5631 5689 5690 5632 5283
9 5632 5690 5691 5633 5284
9 5633 5691 5692 5634 5285
9 5634 5692 5693 5635 5286
9 5635 5693 5694 5636 5287
9 5636 5694 5695 5637 5288
9 5637 5695 5696 5638 5289
9 5638 5696 5697 5639 5290
9 5639 5697 5698 5640 5291
9 5640 5698 5699 5641 5292
9 5641 5699 5700 5642 5293
9 5642 5700 5701 5643 5294
9 5643 5701 5702 5644 5295
9 5644 5702 5703 5645 5296
9 5645 5703 5704 5646 5297
9 5646 5704 5705 5647 5298
9 5647 5705 5706 5648 5299
9 5648 5706 5707 5649 5300
9 5649 5707 5708 5650 5301
9 5650 5708 5709 5651 5302
9 5651 5709 5710 5652 5303
9 5652 5710 5711 5653 5304
9 5653 5711 5712 5654 5305
9 5654 5712 5713 5655 5306
9 5655 5713 5714 5656 5307
9 5656 5714 5715 5657 5308
9 5657 5715 5716 5658 5309
9 5658 5716 5717 5659 5310
9 5659 5717 5718 5660 5311
9 5660 5718 5719 5661 5312
9 5661 5719 5720 5662 5313
9 5662 5720 5721 5663 5314
9 5663 5721 5722 5664 5315
9 5664 5722 5723 5665 5316
9 5665 5723 5724 5666 5317
9 5666 5724 5725 5667 5318
9 5667 5725 5726 5668 5319
9 5668 5726 5727 5669 5320
9 5669 5727 5728 5670 5321
9 5670 5728 5729 5671 5322
9 5671 5729 5730 5672 5323
9 5672 5730 5731 5673 5324
9 5673 5731 5732 5674 5325
9 5674 5732 5733 5675 5326
9 5675 5733 5734 5676 5327
9 5676 5734 5735 5677 5328
9 5677 5735 5736 5678 5329
9 5678 5736 5737 5679 5330
9 5679 5737 5738 5680 5331
9 5680 5738 5739 5681 5332
9 5681 5739 5740 5682 5333
9 5682 5740 5741 5683 5334
9 5683 5741 5742 5684 5335
9 5684 5742 5743 5685 5336
9 5685 5743 5744 5686 5337
9 5686 5744 5745 5687 5338
9 5687 5745 129 128 5339
9 415 416 5746 5688 5340
9 5688 5746 5747 5689 5341
9 5689 5747 5748 5690 5342
9 5690 5748 5749 5691 5343
9 5691 5749 5750 5692 5344
9 5692 5750 5751 5693 5345
9 5693 5751 5752 5694 5346
9 5694 5752 5753 5695 5347
9 5695 5753 5754 5696 5348
9 5696 5754 5755 5697 5349
9 5697 5755 5756 5698 5350
9 5698 5756 5757 5699 5351
9 5699 5757 5758 5700 5352
9 5700 5758 5759 5701 5353
9 5701 5759 5760 5702 5354
9 5702 5760 5761 5703 5355
9 5703 5761 5762 5704 5356
9 5704 5762 5763 5705 5357
9 5705 5763 5764 5706 5358
9 5706 5764 5765 5707 5359
9 5707 5765 5766 5708 5360
9 5708 5766 5767 5709 5361
9 5709 5767 5768 5710 5362
9 5710 5768 5769 5711 5363
9 5711 5769 5770 5712 5364
9 5712 5770 5771 5713 5365
9 5713 5771 5772 5714 5366
9 5714 5772 5773 5715 5367
9 5715 5773 5774 5716 5368
9 5716 5774 5775 5717 5369
9 5717 5775 5776 5718 5370
9 5718 5776 5777 5719 5371
9 5719 5777 5778 5720 5372
9 5720 5778 5779 5721 5373
9 5721 5779 5780 5722 5374
9 5722 5780 5781 5723 5375
9 5723 5781 5782 5724 5376
9 5724 5782 5783 5725 5377
9 5725 5783 5784 5726 5378
9 5726 5784 5785 5727 5379
9 5727 5785 5786 5728 5380
9 5728 5786 5787 5729 5381
9 5729 5787 5788 5730 5382
9 5730 5788 5789 5731 5383
9 5731 5789 5790 5732 5384
9 5732 5790 5791 5733 5385
9 5733 5791 5792 5734 5386
9 5734 5792 5793 5735 5387
9 5735 5793 5794 5736 5388
9 5736 5794 5795 5737 5389
9 5737 5795 5796 5738 5390
9 5738 5796 5797 5739 5391
9 5739 5797 5798 5740 5392
9 5740 5798 5799 5741 5393
9 5741 5799 5800 5742 5394
9 5742 5800 5801 5743 5395
9 5743 5801 5802 5744 5396
9 5744 5802 5803 5745 5397
9 5745 5803 130 129 5398
9 416 417 5804 5746 5399
9 5746 5804 5805 5747 5400
9 5747 5805 5806 5748 5401
9 5748 5806 5807 5749 5402
9 5749 5807 5808 5750 5403
9 5750 5808 5809 5751 5404
9 5751 5809 5810 5752 5405
9 5752 5810 5811 5753 5406
9 5753 5811 5812 5754 5407
9 5754 5812 5813 5755 5408
9 5755 5813 5814 5756 5409
9 5756 5814 5815 5757 5410
9 5757 5815 5816 5758 5411
9 5758 5816 5817 5759 5412
9 5759 5817 5818 5760 5413
9 5760 5818 5819 5761 5414
9 5761 5819 5820 5762 5415
9 5762 5820 5821 5763 5416
9 5763 5821 5822 5764 5417
9 5764 5822 5823 5765 5418
9 5765 5823 5824 5766 5419
9 5766 5824 5825 5767 5420
9 5767 5825 5826 5768 5421
9 5768 5826 5827 5769 5422
9 5769 5827 5828 5770 5423
9 5770 5828 5829 5771 5424
9 5771 5829 5830 5772 5425
9 5772 5830 5831 5773 5426
9 5773 5831 5832 5774 5427
9 5774 5832 5833 5775 5428
9 5775 5833 5834 5776 5429
9 5776 5834 5835 5777 5430
9 5777 5835 5836 5778 5431
9 5778 5836 5837 5779 5432
9 5779 5837 5838 5780 5433
9 5780 5838 5839 5781 5434
9 5781 5839 5840 5782 5435
9 5782 5840 5841 5783 5436
9 5783 5841 5842 5784 5437
9 5784 5842 5843 5785 5438
9 5785 5843 5844 5786 5439
9 5786 5844 5845 5787 5440
9 5787 5845 5846 5788 5441
9 5788 5846 5847 5789 5442
9 5789 5847 5848 5790 5443
9 5790 5848 5849 5791 5444
9 5791 5849 5850 5792 5445
9 5792 5850 5851 5793 5446
9 5793 5851 5852 5794 5447
9 5794 5852 5853 5795 5448
9 5795 5853 5854 5796 5449
9 5796 5854 5855 5797 5450
9 5797 5855 5856 5798 5451
9 5798 5856 5857 5799 5452
9 5799 5857 5858 5800 5453
9 5800 5858 5859 5801 5454
9 5801 5859 5860 5802 5455
9 5802 5860 5861 5803 5456
9 5803 5861 131 130 5457
9 417 418 5862 5804 5458
9 5804 5862 5863 5805 5459
9 5805 5863 5864 5806 5460
9 5806 5864 5865 5807 5461
9 5807 5865 5866 5808 5462
9 5808 5866 5867 5809 5463
9 5809 5867 5868 5810 5464
9 5810 5868 5869 5811 5465
9 5811 5869 5870 5812 5466
9 5812 5870 5871 5813 5467
9 5813 5871 5872 5814 5468
9 5814 5872 5873 5815 5469
9 5815 5873 5874 5816 5470
9 5816 5874 5875 5817 5471
9 5817 5875 5876 5818 5472
9 5818 5876 5877 5819 5473
9 5819 5877 5878 5820 5474
9 5820 5878 5879 5821 5475
9 5821 5879 5880 5822 5476
9 5822 5880 5881 5823 5477
9 5823 5881 5882 5824 5478
9 5824 5882 5883 5825 5479
9 5825 5883 5884 5826 5480
9 5826 5884 5885 5827 5481
9 5827 5885 5886 5828 5482
9 5828 5886 5887 5829 5483
9 5829 5887 5888 5830 5484
9 5830 5888 5889 5831 5485
9 5831 5889 5890 5832 5486
9 5832 5890 5891 5833 5487
9 5833 5891 5892 5834 5488
9 5834 5892 5893 5835 5489
9 5835 5893 5894 5836 5490
9 5836 5894 5895 5837 5491
9 5837 5895 5896 5838 5492
9 5838 5896 5897 5839 5493
9 5839 5897 5898 5840 5494
9 5840 5898 5899 5841 5495
9 5841 5899 5900 5842 5496
9 5842 5900 5901 5843 5497
9 5843 5901 5902 5844 5498
9 5844 5902 5903 5845 5499
9 5845 5903 5904 5846 5500
9 5846 5904 5905 5847 5501
9 5847 5905 5906 5848 5502
9 5848 5906 5907 5849 5503
9 5849 5907 5908 5850 5504
9 5850 5908 5909 5851 5505
9 5851 5909 5910 5852 5506
9 5852 5910 5911 5853 5507
9 5853 5911 5912 5854 5508
9 5854 5912 5913 5855 5509
9 5855 5913 5914 5856 5510
9 5856 5914 5915 5857 5511
9 5857 5915 5916 5858 5512
9 5858 5916 5917 5859 5513
9 5859 5917 5918 5860 5514
9 5860 5918 5919 5861 5515
9 5861 5919 132 131 5516
9 418 419 5920 5862 5517
9 5862 5920 5921 5863 5518
9 5863 5921 5922 5864 5519
9 5864 5922 5923 5865 5520
9 5865 5923 5924 5866 5521
9 5866 5924 5925 5867 5522
9 5867 5925 5926 5868 5523
9 5868 5926 5927 5869 5524
9 5869 5927 5928 5870 5525
9 5870 5928 5929 5871 5526
9 5871 5929 5930 5872 5527
9 5872 5930 5931 5873 5528
9 5873 5931 5932 5874 5529
9 5874 5932 5933 5875 5530
9 5875 5933 5934 5876 5531
9 5876 5934 5935 5877 5532
9 5877 5935 5936 5878 5533
9 5878 5936 5937 5879 5534
9 5879 5937 5938 5880 5535
9 5880 5938 5939 5881 5536
9 5881 5939 5940 5882 5537
9 5882 5940 5941 5883 5538
9 5883 5941 5942 5884 5539
9 5884 5942 5943 5885 5540
9 5885 5943 5944 5886 5541
9 5886 5944 5945 5887 5542
9 5887 5945 5946 5888 5543
9 5888 5946 5947 5889 5544
9 5889 5947 5948 5890 5545
9 5890 5948 5949 5891 5546
9 5891 5949 5950 5892 5547
9 5892 5950 5951 5893 5548
9 5893 5951 5952 5894 5549
9 5894 5952 5953 5895 5550
9 5895 5953 5954 5896 5551
9 5896 5954 5955 5897 5552
9 5897 5955 5956 5898 5553
9 5898 5956 5957 5899 5554
9 5899 5957 5958 5900 5555
9 5900 5958 5959 5901 5556
9 5901 5959 5960 5902 5557
9 5902 5960 5961 5903 5558
9 5903 5961 5962 5904 5559
9 5904 5962 5963 5905 5560
9 5905 5963 5964 5906 5561
9 5906 5964 5965 5907 5562
9 5907 5965 5966 5908 5563
9 5908 5966 5967 5909 5564
9 5909 5967 5968 5910 5565
9 5910 5968 5969 5911 5566
9 5911 5969 5970 5912 5567
9 5912 5970 5971 5913 5568
9 5913 5971 5972 5914 5569
9 5914 5972 5973 5915 5570
9 5915 5973 5974 5916 5571
9 5916 5974 5975 5917 5572
9 5917 5975 5976 5918 5573
9 5918 5976 5977 5919 5574
9 5919 5977 133 132 5575
9 419 420 5978 5920 5576
9 5920 5978 5979 5921 5577
9 5921 5979 5980 5922 5578
9 5922 5980 5981 5923 5579
9 5923 5981 5982 5924 5580
9 5924 5982 5983 5925 5581
9 5925 5983 5984 5926 5582
9 5926 5984 5985 5927 5583
9 5927 5985 5986 5928 5584
9 5928 5986 5987 5929 5585
9 5929 5987 5988 5930 5586
9 5930 5988 5989 5931 5587
9 5931 5989 5990 5932 5588
9 5932 5990 5991 5933 5589
9 5933 5991 5992 5934 5590
9 5934 5992 5993 5935 5591
9 5935 5993 5994 5936 5592
9 5936 5994 5995 5937 5593
9 5937 5995 5996 5938 5594
9 5938 5996 5997 5939 5595
9 5939 5997 5998 5940 5596
9 5940 5998 5999 5941 5597
9 5941 5999 6000 5942 5598
9 5942 6000 6001 5943 5599
9 5943 6001 6002 5944 5600
9 5944 6002 6003 5945 5601
9 5945 6003 6004 5946 5602
9 5946 6004 6005 5947 5603
9 5947 6005 6006 5948 5604
9 5948 6006 6007 5949 5605
9 5949 6007 6008 5950 5606
9 5950 6008 6009 5951 5607
9 5951 6009 6010 5952 5608
9 5952 6010 6011 5953 5609
9 5953 6011 6012 5954 5610
9 5954 6012 6013 5955 5611
9 5955 6013 6014 5956 5612
9 5956 6014 6015 5957 5613
9 5957 6015 6016 5958 5614
9 5958 6016 6017 5959 5615
9 5959 6017 6018 5960 5616
9 5960 6018 6019 5961 5617
9 5961 6019 6020 5962 5618
9 5962 6020 6021 5963 5619
9 5963 6021 6022 5964 5620
9 5964 6022 6023 5965 5621
9 5965 6023 6024 5966 5622
9 5966 6024 6025 5967 5623
9 5967 6025 6026 5968 5624
9 5968 6026 6027 5969 5625
9 5969 6027 6028 5970 5626
9 5970 6028 6029 5971 5627
9 5971 6029 6030 5972 5628
9 5972 6030 6031 5973 5629
9 5973 6031 6032 5974 5630
9 5974 6032 6033 5975 5631
9 5975 6033 6034 5976 5632
9 5976 6034 6035 5977 5633
9 5977 6035 134 133 5634
9 420 421 6036 5978 5635
9 5978 6036 6037 5979 5636
9 5979 6037 6038 5980 5637
9 5980 6038 6039 5981 5638
9 5981 6039 6040 5982 5639
9 5982 6040 6041 5983 5640
9 5983 6041 6042 5984 5641
9 5984 6042 6043 5985 5642
9 5985 6043 6044 5986 5643
9 5986 6044 6045 5987 5644
9 5987 6045 6046 5988 5645
9 5988 6046 6047 5989 5646
9 5989 6047 6048 5990 5647
9 5990 6048 6049 5991 5648
9 5991 6049 6050 5992 5649
9 5992 6050 6051 5993 5650
9 5993 6051 6052 5994 5651
9 5994 6052 6053 5995 5652
9 5995 6053 6054 5996 5653
9 5996 6054 6055 5997 5654
9 5997 6055 6056 5998 5655
9 5998 6056 6057 5999 5656
9 5999 6057 6058 6000 5657
9 6000 6058 6059 6001 5658
9 6001 6059 6060 6002 5659
9 6002 6060 6061 6003 5660
9 6003 6061 6062 6004 5661
9 6004 6062 6063 6005 5662
9 6005 6063 6064 6006 5663
9 6006 6064 6065 6007 5664
9 6007 6065 6066 6008 5665
9 6008 6066 6067 6009 5666
9 6009 6067 6068 6010 5667
9 6010 6068 6069 6011 5668
9 6011 6069 6070 6012 5669
9 6012 6070 6071 6013 5670
9 6013 6071 6072 6014 5671
9 6014 6072 6073 6015 5672
9 6015 6073 6074 6016 5673
9 6016 6074 6075 6017 5674
9 6017 6075 6076 6018 5675
9 6018 6076 6077 6019 5676
9 6019 6077 6078 6020 5677
9 6020 6078 6079 6021 5678
9 6021 6079 6080 6022 5679
9 6022 6080 6081 6023 5680
9 6023 6081 6082 6024 5681
9 6024 6082 6083 6025 5682
9 6025 6083 6084 6026 5683
9 6026 6084 6085 6027 5684
9 6027 6085 6086 6028 5685
9 6028 6086 6087 6029 5686
9 6029 6087 6088 6030 5687
9 6030 6088 6089 6031 5688
9 6031 6089 6090 6032 5689
9 6032 6090 6091 6033 5690
9 6033 6091 6092 6034 5691
9 6034 6092 6093 6035 5692
9 6035 6093 135 134 5693
9 421 422 6094 6036 5694
9 6036 6094 6095 6037 5695
9 6037 6095 6096 6038 5696
9 6038 6096 6097 6039 5697
9 6039 6097 6098 6040 5698
9 6040 6098 6099 6041 5699
9 6041 6099 6100 6042 5700
9 6042 6100 6101 6043 5701
9 6043 6101 6102 6044 5702
9 6044 6102 6103 6045 5703
9 6045 6103 6104 6046 5704
9 6046 6104 6105 6047 5705
9 6047 6105 6106 6048 5706
9 6048 6106 6107 6049 5707
9 6049 6107 6108 6050 5708
9 6050 6108 6109 6051 5709
9 6051 6109 6110 6052 5710
9 6052 6110 6111 6053 5711
9 6053 6111 6112 6054 5712
9 6054 6112 6113 6055 5713
9 6055 6113 6114 6056 5714
9 6056 6114 6115 6057 5715
9 6057 6115 6116 6058 5716
9 6058 6116 6117 6059 5717
9 6059 6117 6118 6060 5718
9 6060 6118 6119 6061 5719
9 6061 6119 6120 6062 5720
9 6062 6120 6121 6063 5721
9 6063 6121 6122 6064 5722
9 6064 6122 6123 6065 5723
9 6065 6123 6124 6066 5724
9 6066 6124 6125 6067 5725
9 6067 6125 6126 6068 5726
9 6068 6126 6127 6069 5727
9 6069 6127 6128 6070 5728
9 6070 6128 6129 6071 5729
9 6071 6129 6130 6072 5730
9 6072 6130 6131 6073 5731
9 6073 6131 6132 6074 5732
9 6074 6132 6133 6075 5733
9 6075 6133 6134 6076 5734
9 6076 6134 6135 6077 5735
9 6077 6135 6136 6078 5736
9 6078 6136 6137 6079 5737
9 6079 6137 6138 6080 5738
9 6080 6138 6139 6081 5739
9 6081 6139 6140 6082 5740
9 6082 6140 6141 6083 5741
9 6083 6141 6142 6084 5742
9 6084 6142 6143 6085 5743
9 6085 6143 6144 6086 5744
9 6086 6144 6145 6087 5745
9 6087 6145 6146 6088 5746
9 6088 6146 6147 6089 5747
9 6089 6147 6148 6090 5748
9 6090 6148 6149 6091 5749
9 6091 6149 6150 6092 5750
9 6092 6150 6151 6093 5751
9 6093 6151 136 135 5752
9 422 423 6152 6094 5753
9 6094 6152 6153 6095 5754
9 6095 6153 6154 6096 5755
9 6096 6154 6155 6097 5756
9 6097 6155 6156 6098 5757
9 6098 6156 6157 6099 5758
9 6099 6157 6158 6100 5759
9 6100 6158 6159 6101 5760
9 6101 6159 6160 6102 5761
9 6102 6160 6161 6103 5762
9 6103 6161 6162 6104 5763
9 6104 6162 6163 6105 5764
9 6105 6163 6164 6106 5765
9 6106 6164 6165 6107 5766
9 6107 6165 6166 6108 5767
9 6108 6166 6167 6109 5768
9 6109 6167 6168 6110 5769
9 6110 6168 6169 6111 5770
9 6111 6169 6170 6112 5771
9 6112 6170 6171 6113 5772
9 6113 6171 6172 6114 5773
9 6114 6172 6173 6115 5774
9 6115 6173 6174 6116 5775
9 6116 6174 6175 6117 5776
9 6117 6175 6176 6118 5777
9 6118 6176 6177 6119 5778
9 6119 6177 6178 6120 5779
9 6120 6178 6179 6121 5780
9 6121 6179 6180 6122 5781
9 6122 6180 6181 6123 5782
9 6123 6181 6182 6124 5783
9 6124 6182 6183 6125 5784
9 6125 6183 6184 6126 5785
9 6126 6184 6185 6127 5786
9 6127 6185 6186 6128 5787
9 6128 6186 6187 6129 5788
9 6129 6187 6188 6130 5789
9 6130 6188 6189 6131 5790
9 6131 6189 6190 6132 5791
9 6132 6190 6191 6133 5792
9 6133 6191 6192 6134 5793
9 6134 6192 6193 6135 5794
9 6135 6193 6194 6136 5795
9 6136 6194 6195 6137 5796
9 6137 6195 6196 6138 5797
9 6138 6196 6197 6139 5798
9 6139 6197 6198 6140 5799
9 6140 6198 6199 6141 5800
9 6141 6199 6200 6142 5801
9 6142 6200 6201 6143 5802
9 6143 6201 6202 6144 5803
9 6144 6202 6203 6145 5804
9 6145 6203 6204 6146 5805
9 6146 6204 6205 6147 5806
9 6147 6205 6206 6148 5807
9 6148 6206 6207 6149 5808
9 6149 6207 6208 6150 5809
9 6150 6208 6209 6151 5810
9 6151 6209 137 136 5811
9 423 424 6210 6152 5812
9 6152 6210 6211 6153 5813
9 6153 6211 6212 6154 5814
9 6154 6212 6213 6155 5815
9 6155 6213 6214 6156 5816
9 6156 6214 6215 6157 5817
9 6157 6215 6216 6158 5818
9 6158 6216 6217 6159 5819
9 6159 6217 6218 6160 5820
9 6160 6218 6219 6161 5821
9 6161 6219 6220 6162 5822
9 6162 6220 6221 6163 5823
9 6163 6221 6222 6164 5824
9 6164 6222 6223 6165 5825
9 6165 6223 6224 6166 5826
9 6166 6224 6225 6167 5827
9 6167 6225 6226 6168 5828
9 6168 6226 6227 6169 5829
9 6169 6227 6228 6170 5830
9 6170 6228 6229 6171 5831
9 6171 6229 6230 6172 5832
9 6172 6230 6231 6173 5833
9 6173 6231 6232 6174 5834
9 6174 6232 6233 6175 5835
9 6175 6233 6234 6176 5836
9 6176 6234 6235 6177 5837
9 6177 6235 6236 6178 5838
9 6178 6236 6237 6179 5839
9 6179 6237 6238 6180 5840
9 6180 6238 6239 6181 5841
9 6181 6239 6240 6182 5842
9 6182 6240 6241 6183 5843
9 6183 6241 6242 6184 5844
9 6184 6242 6243 6185 5845
9 6185 6243 6244 6186 5846
9 6186 6244 6245 6187 5847
9 6187 6245 6246 6188 5848
9 6188 6246 6247 6189 5849
9 6189 6247 6248 6190 5850
9 6190 6248 6249 6191 5851
9 6191 6249 6250 6192 5852
9 6192 6250 6251 6193 5853
9 6193 6251 6252 6194 5854
9 6194 6252 6253 6195 5855
9 6195 6253 6254 6196 5856
9 6196 6254 6255 6197 5857
9 6197 6255 6256 6198 5858
9 6198 6256 6257 6199 5859
9 6199 6257 6258 6200 5860
9 6200 6258 6259 6201 5861
9 6201 6259 6260 6202 5862
9 6202 6260 6261 6203 5863
9 6203 6261 6262 6204 5864
9 6204 6262 6263 6205 5865
9 6205 6263 6264 6206 5866
9 6206 6264 6265 6207 5867
9 6207 6265 6266 6208 5868
9 6208 6266 6267 6209 5869
9 6209 6267 138 137 5870
9 424 425 6268 6210 5871
9 6210 6268 6269 6211 5872
9 6211 6269 6270 6212 5873
9 6212 6270 6271 6213 5874
9 6213 6271 6272 6214 5875
9 6214 6272 6273 6215 5876
9 6215 6273 6274 6216 5877
9 6216 6274 6275 6217 5878
9 6217 6275 6276 6218 5879
9 6218 6276 6277 6219 5880
9 6219 6277 6278 6220 5881
9 6220 6278 6279 6221 5882
9 6221 6279 6280 6222 5883
9 6222 6280 6281 6223 5884
9 6223 6281 6282 6224 5885
9 6224 6282 6283 6225 5886
9 6225 6283 6284 6226 5887
9 6226 6284 6285 6227 5888
9 6227 6285 6286 6228 5889
9 6228 6286 6287 6229 5890
9 6229 6287 6288 6230 5891
9 6230 6288 6289 6231 5892
9 6231 6289 6290 6232 5893
9 6232 6290 6291 6233 5894
9 6233 6291 6292 6234 5895
9 6234 6292 6293 6235 5896
9 6235 6293 6294 6236 5897
9 6236 6294 6295 6237 5898
9 6237 6295 6296 6238 5899
9 6238 6296 6297 6239 5900
9 6239 6297 6298 6240 5901
9 6240 6298 6299 6241 5902
9 6241 6299 6300 6242 5903
9 6242 6300 6301 6243 5904
9 6243 6301 6302 6244 5905
9 6244 6302 6303 6245 5906
9 6245 6303 6304 6246 5907
9 6246 6304 6305 6247 5908
9 6247 6305 6306 6248 5909
9 6248 6306 6307 6249 5910
9 6249 6307 6308 6250 5911
9 6250 6308 6309 6251 5912
9 6251 6309 6310 6252 5913
9 6252 6310 6311 6253 5914
9 6253 6311 6312 6254 5915
9 6254 6312 6313 6255 5916
9 6255 6313 6314 6256 5917
9 6256 6314 6315 6257 5918
9 6257 6315 6316 6258 5919
9 6258 6316 6317 6259 5920
9 6259 6317 6318 6260 5921
9 6260 6318 6319 6261 5922
9 6261 6319 6320 6262 5923
9 6262 6320 6321 6263 5924
9 6263 6321 6322 6264 5925
9 6264 6322 6323 6265 5926
9 6265 6323 6324 6266 5927
9 6266 6324 6325 6267 5928
9 6267 6325 139 138 5929
9 425 426 6326 6268 5930
9 6268 6326 6327 6269 5931
9 6269 6327 6328 6270 5932
9 6270 6328 6329 6271 5933
9 6271 6329 6330 6272 5934
9 6272 6330 6331 6273 5935
9 6273 6331 6332 6274 5936
9 6274 6332 6333 6275 5937
9 6275 6333 6334 6276 5938
9 6276 6334 6335 6277 5939
9 6277 6335 6336 6278 5940
9 6278 6336 6337 6279 5941
9 6279 6337 6338 6280 5942
9 6280 6338 6339 6281 5943
9 6281 6339 6340 6282 5944
9 6282 6340 6341 6283 5945
9 6283 6341 6342 6284 5946
9 6284 6342 6343 6285 5947
9 6285 6343 6344 6286 5948
9 6286 6344 6345 6287 5949
9 6287 6345 6346 6288 5950
9 6288 6346 6347 6289 5951
9 6289 6347 6348 6290 5952
9 6290 6348 6349 6291 5953
9 6291 6349 6350 6292 5954
9 6292 6350 6351 6293 5955
9 6293 6351 6352 6294 5956
9 6294 6352 6353 6295 5957
9 6295 6353 6354 6296 5958
9 6296 6354 6355 6297 5959
9 6297 6355 6356 6298 5960
9 6298 6356 6357 6299 5961
9 6299 6357 6358 6300 5962
9 6300 6358 6359 6301 5963
9 6301 6359 6360 6302 5964
9 6302 6360 6361 6303 5965
9 6303 6361 6362 6304 5966
9 6304 6362 6363 6305 5967
9 6305 6363 6364 6306 5968
9 6306 6364 6365 6307 5969
9 6307 6365 6366 6308 5970
9 6308 6366 6367 6309 5971
9 6309 6367 6368 6310 5972
9 6310 6368 6369 6311 5973
9 6311 6369 6370 6312 5974
9 6312 6370 6371 6313 5975
9 6313 6371 6372 6314 5976
9 6314 6372 6373 6315 5977
9 6315 6373 6374 6316 5978
9 6316 6374 6375 6317 5979
9 6317 6375 6376 6318 5980
9 6318 6376 6377 6319 5981
9 6319 6377 6378 6320 5982
9 6320 6378 6379 6321 5983
9 6321 6379 6380 6322 5984
9 6322 6380 6381 6323 5985
9 6323 6381 6382 6324 5986
9 6324 6382 6383 6325 5987
9 6325 6383 140 139 5988
9 426 427 6384 6326 5989
9 6326 6384 6385 6327 5990
9 6327 6385 6386 6328 5991
9 6328 6386 6387 6329 5992
9 6329 6387 6388 6330 5993
9 6330 6388 6389 6331 5994
9 6331 6389 6390 6332 5995
9 6332 6390 6391 6333 5996
9 6333 6391 6392 6334 5997
9 6334 6392 6393 6335 5998
9 6335 6393 6394 6336 5999
9 6336 6394 6395 6337 6000
9 6337 6395 6396 6338 6001
9 6338 6396 6397 6339 6002
9 6339 6397 6398 6340 6003
9 6340 6398 6399 6341 6004
9 6341 6399 6400 6342 6005
9 6342 6400 6401 6343 6006
9 6343 6401 6402 6344 6007
9 6344 6402 6403 6345 6008
9 6345 6403 6404 6346 6009
9 6346 6404 6405 6347 6010
9 6347 6405 6406 6348 6011
9 6348 6406 6407 6349 6012
9 6349 6407 6408 6350 6013
9 6350 6408 6409 6351 6014
9 6351 6409 6410 6352 6015
9 6352 6410 6411 6353 6016
9 6353 6411 6412 6354 6017
9 6354 6412 6413 6355 6018
9 6355 6413 6414 6356 6019
9 6356 6414 6415 6357 6020
9 6357 6415 6416 6358 6021
9 6358 6416 6417 6359 6022
9 6359 6417 6418 6360 6023
9 6360 6418 6419 6361 6024
9 6361 6419 6420 6362 6025
9 6362 6420 6421 6363 6026
9 6363 6421 6422 6364 6027
9 6364 6422 6423 6365 6028
9 6365 6423 6424 6366 6029
9 6366 6424 6425 6367 6030
9 6367 6425 6426 6368 6031
9 6368 6426 6427 6369 6032
9 6369 6427 6428 6370 6033
9 6370 6428 6429 6371 6034
9 6371 6429 6430 6372 6035
9 6372 6430 6431 6373 6036
9 6373 6431 6432 6374 6037
9 6374 6432 6433 6375 6038
9 6375 6433 6434 6376 6039
9 6376 6434 6435 6377 6040
9 6377 6435 6436 6378 6041
9 6378 6436 6437 6379 6042
9 6379 6437 6438 6380 6043
9 6380 6438 6439 6381 6044
9 6381 6439 6440 6382 6045
9 6382 6440 6441 6383 6046
9 6383 6441 141 140 6047
9 427 428 6442 6384 6048
9 6384 6442 6443 6385 6049
9 6385 6443 6444 6386 6050
9 6386 6444 6445 6387 6051
9 6387 6445 6446 6388 6052
9 6388 6446 6447 6389 6053
9 6389 6447 6448 6390 6054
9 6390 6448 6449 6391 6055
9 6391 6449 6450 6392 6056
9 6392 6450 6451 6393 6057
9 6393 6451 6452 6394 6058
9 6394 6452 6453 6395 6059
9 6395 6453 6454 6396 6060
9 6396 6454 6455 6397 6061
9 6397 6455 6456 6398 6062
9 6398 6456 6457 6399 6063
9 6399 6457 6458 6400 6064
9 6400 6458 6459 6401 6065
9 6401 6459 6460 6402 6066
9 6402 6460 6461 6403 6067
9 6403 6461 6462 6404 6068
9 6404 6462 6463 6405 6069
9 6405 6463 6464 6406 6070
9 6406 6464 6465 6407 6071
9 6407 6465 6466 6408 6072
9 6408 6466 6467 6409 6073
9 6409 6467 6468 6410 6074
9 6410 6468 6469 6411 6075
9 6411 6469 6470 6412 6076
9 6412 6470 6471 6413 6077
9 6413 6471 6472 6414 6078
9 6414 6472 6473 6415 6079
9 6415 6473 6474 6416 6080
9 6416 6474 6475 6417 6081
9 6417 6475 6476 6418 6082
9 6418 6476 6477 6419 6083
9 6419 6477 6478 6420 6084
9 6420 6478 6479 6421 6085
9 6421 6479 6480 6422 6086
9 6422 6480 6481 6423 6087
9 6423 6481 6482 6424 6088
9 6424 6482 6483 6425 6089
9 6425 6483 6484 6426 6090
9 6426 6484 6485 6427 6091
9 6427 6485 6486 6428 6092
9 6428 6486 6487 6429 6093
9 6429 6487 6488 6430 6094
9 6430 6488 6489 6431 6095
9 6431 6489 6490 6432 6096
9 6432 6490 6491 6433 6097
9 6433 6491 6492 6434 6098
9 6434 6492 6493 6435 6099
9 6435 6493 6494 6436 6100
9 6436 6494 6495 6437 6101
9 6437 6495 6496 6438 6102
9 6438 6496 6497 6439 6103
9 6439 6497 6498 6440 6104
9 6440 6498 6499 6441 6105
9 6441 6499 142 141 6106
9 428 429 6500 6442 6107
9 6442 6500 6501 6443 6108
9 6443 6501 6502 6444 6109
9 6444 6502 6503 6445 6110
9 6445 6503 6504 6446 6111
9 6446 6504 6505 6447 6112
9 6447 6505 6506 6448 6113
9 6448 6506 6507 6449 6114
9 6449 6507 6508 6450 6115
9 6450 6508 6509 6451 6116
9 6451 6509 6510 6452 6117
9 6452 6510 6511 6453 6118
9 6453 6511 6512 6454 6119
9 6454 6512 6513 6455 6120
9 6455 6513 6514 6456 6121
9 6456 6514 6515 6457 6122
9 6457 6515 6516 6458 6123
9 6458 6516 6517 6459 6124
9 6459 6517 6518 6460 6125
9 6460 6518 6519 6461 6126
9 6461 6519 6520 6462 6127
9 6462 6520 6521 6463 6128
9 6463 6521 6522 6464 6129
9 6464 6522 6523 6465 6130
9 6465 6523 6524 6466 6131
9 6466 6524 6525 6467 6132
9 6467 6525 6526 6468 6133
9 6468 6526 6527 6469 6134
9 6469 6527 6528 6470 6135
9 6470 6528 6529 6471 6136
9 6471 6529 6530 6472 6137
9 6472 6530 6531 6473 6138
9 6473 6531 6532 6474 6139
9 6474 6532 6533 6475 6140
9 6475 6533 6534 6476 6141
9 6476 6534 6535 6477 6142
9 6477 6535 6536 6478 6143
9 6478 6536 6537 6479 6144
9 6479 6537 6538 6480 6145
9 6480 6538 6539 6481 6146
9 6481 6539 6540 6482 6147
9 6482 6540 6541 6483 6148
9 6483 6541 6542 6484 6149
9 6484 6542 6543 6485 6150
9 6485 6543 6544 6486 6151
9 6486 6544 6545 6487 6152
9 6487 6545 6546 6488 6153
9 6488 6546 6547 6489 6154
9 6489 6547 6548 6490 6155
9 6490 6548 6549 6491 6156
9 6491 6549 6550 6492 6157
9 6492 6550 6551 6493 6158
9 6493 6551 6552 6494 6159
9 6494 6552 6553 6495 6160
9 6495 6553 6554 6496 6161
9 6496 6554 6555 6497 6162
9 6497 6555 6556 6498 6163
9 6498 6556 6557 6499 6164
9 6499 6557 143 142 6165
9 429 430 6558 6500 6166
9 6500 6558 6559 6501 6167
9 6501 6559 6560 6502 6168
9 6502 6560 6561 6503 6169
9 6503 6561 6562 6504 6170
9 6504 6562 6563 6505 6171
9 6505 6563 6564 6506 6172
9 6506 6564 6565 6507 6173
9 6507 6565 6566 6508 6174
9 6508 6566 6567 6509 6175
9 6509 6567 6568 6510 6176
9 6510 6568 6569 6511 6177
9 6511 6569 6570 6512 6178
9 6512 6570 6571 6513 6179
9 6513 6571 6572 6514 6180
9 6514 6572 6573 6515 6181
9 6515 6573 6574 6516 6182
9 6516 6574 6575 6517 6183
9 6517 6575 6576 6518 6184
9 6518 6576 6577 6519 6185
9 6519 6577 6578 6520 6186
9 6520 6578 6579 6521 6187
9 6521 6579 6580 6522 6188
9 6522 6580 6581 6523 6189
9 6523 6581 6582 6524 6190
9 6524 6582 6583 6525 6191
9 6525 6583 6584 6526 6192
9 6526 6584 6585 6527 6193
9 6527 6585 6586 6528 6194
9 6528 6586 6587 6529 6195
9 6529 6587 6588 6530 6196
9 6530 6588 6589 6531 6197
9 6531 6589 6590 6532 6198
9 6532 6590 6591 6533 6199
9 6533 6591 6592 6534 6200
9 6534 6592 6593 6535 6201
9 6535 6593 6594 6536 6202
9 6536 6594 6595 6537 6203
9 6537 6595 6596 6538 6204
9 6538 6596 6597 6539 6205
9 6539 6597 6598 6540 6206
9 6540 6598 6599 6541 6207
9 6541 6599 6600 6542 6208
9 6542 6600 6601 6543 6209
9 6543 6601 6602 6544 6210
9 6544 6602 6603 6545 6211
9 6545 6603 6604 6546 6212
9 6546 6604 6605 6547 6213
9 6547 6605 6606 6548 6214
9 6548 6606 6607 6549 6215
9 6549 6607 6608 6550 6216
9 6550 6608 6609 6551 6217
9 6551 6609 6610 6552 6218
9 6552 6610 6611 6553 6219
9 6553 6611 6612 6554 6220
9 6554 6612 6613 6555 6221
9 6555 6613 6614 6556 6222
9 6556 6614 6615 6557 6223
9 6557 6615 144 143 6224
9 430 431 6616 6558 6225
9 6558 6616 6617 6559 6226
9 6559 6617 6618 6560 6227
9 6560 6618 6619 6561 6228
9 6561 6619 6620 6562 6229
9 6562 6620 6621 6563 6230
9 6563 6621 6622 6564 6231
9 6564 6622 6623 6565 6232
9 6565 6623 6624 6566 6233
9 6566 6624 6625 6567 6234
9 6567 6625 6626 6568 6235
9 6568 6626 6627 6569 6236
9 6569 6627 6628 6570 6237
9 6570 6628 6629 6571 6238
9 6571 6629 6630 6572 6239
9 6572 6630 6631 6573 6240
9 6573 6631 6632 6574 6241
9 6574 6632 6633 6575 6242
9 6575 6633 6634 6576 6243
9 6576 6634 6635 6577 6244
9 6577 6635 6636 6578 6245
9 6578 6636 6637 6579 6246
9 6579 6637 6638 6580 6247
9 6580 6638 6639 6581 6248
9 6581 6639 6640 6582 6249
9 6582 6640 6641 6583 6250
9 6583 6641 6642 6584 6251
9 6584 6642 6643 6585 6252
9 6585 6643 6644 6586 6253
9 6586 6644 6645 6587 6254
9 6587 6645 6646 6588 6255
9 6588 6646 6647 6589 6256
9 6589 6647 6648 6590 6257
9 6590 6648 6649 6591 6258
9 6591 6649 6650 6592 6259
9 6592 6650 6651 6593 6260
9 6593 6651 6652 6594 6261
9 6594 6652 6653 6595 6262
9 6595 6653 6654 6596 6263
9 6596 6654 6655 6597 6264
9 6597 6655 6656 6598 6265
9 6598 6656 6657 6599 6266
9 6599 6657 6658 6600 6267
9 6600 6658 6659 6601 6268
9 6601 6659 6660 6602 6269
9 6602 6660 6661 6603 6270
9 6603 6661 6662 6604 6271
9 6604 6662 6663 6605 6272
9 6605 6663 6664 6606 6273
9 6606 6664 6665 6607 6274
9 6607 6665 6666 6608 6275
9 6608 6666 6667 6609 6276
9 6609 6667 6668 6610 6277
9 6610 6668 6669 6611 6278
9 6611 6669 6670 6612 6279
9 6612 6670 6671 6613 6280
9 6613 6671 6672 6614 6281
9 6614 6672 6673 6615 6282
9 6615 6673 145 144 6283
9 431 432 6674 6616 6284
9 6616 6674 6675 6617 6285
9 6617 6675 6676 6618 6286
9 6618 6676 6677 6619 6287
9 6619 6677 6678 6620 6288
9 6620 6678 6679 6621 6289
9 6621 6679 6680 6622 6290
9 6622 6680 6681 6623 6291
9 6623 6681 6682 6624 6292
9 6624 6682 6683 6625 6293
9 6625 6683 6684 6626 6294
9 6626 6684 6685 6627 6295
9 6627 6685 6686 6628 6296
9 6628 6686 6687 6629 6297
9 6629 6687 6688 6630 6298
9 6630 6688 6689 6631 6299
9 6631 6689 6690 6632 6300
9 6632 6690 6691 6633 6301
9 6633 6691 6692 6634 6302
9 6634 6692 6693 6635 6303
9 6635 6693 6694 6636 6304
9 6636 6694 6695 6637 6305
9 6637 6695 6696 6638 6306
9 6638 6696 6697 6639 6307
9 6639 6697 6698 6640 6308
9 6640 6698 6699 6641 6309
9 6641 6699 6700 6642 6310
9 6642 6700 6701 6643 6311
9 6643 6701 6702 6644 6312
9 6644 6702 6703 6645 6313
9 6645 6703 6704 6646 6314
9 6646 6704 6705 6647 6315
9 6647 6705 6706 6648 6316
9 6648 6706 6707 6649 6317
9 6649 6707 6708 6650 6318
9 6650 6708 6709 6651 6319
9 6651 6709 6710 6652 6320
9 6652 6710 6711 6653 6321
9 6653 6711 6712 6654 6322
9 6654 6712 6713 6655 6323
9 6655 6713 6714 6656 6324
9 6656 6714 6715 6657 6325
9 6657 6715 6716 6658 6326
9 6658 6716 6717 6659 6327
9 6659 6717 6718 6660 6328
9 6660 6718 6719 6661 6329
9 6661 6719 6720 6662 6330
9 6662 6720 6721 6663 6331
9 6663 6721 6722 6664 6332
9 6664 6722 6723 6665 6333
9 6665 6723 6724 6666 6334
9 6666 6724 6725 6667 6335
9 6667 6725 6726 6668 6336
9 6668 6726 6727 6669 6337
9 6669 6727 6728 6670 6338
9 6670 6728 6729 6671 6339
9 6671 6729 6730 6672 6340
9 6672 6730 6731 6673 6341
9 6673 6731 146 145 6342
9 432 433 6732 6674 6343
9 6674 6732 6733 6675 6344
9 6675 6733 6734 6676 6345
9 6676 6734 6735 6677 6346
9 6677 6735 6736 6678 6347
9 6678 6736 6737 6679 6348
9 6679 6737 6738 6680 6349
9 6680 6738 6739 6681 6350
9 6681 6739 6740 6682 6351
9 6682 6740 6741 6683 6352
9 6683 6741 6742 6684 6353
9 6684 6742 6743 6685 6354
9 6685 6743 6744 6686 6355
9 6686 6744 6745 6687 6356
9 6687 6745 6746 6688 6357
9 6688 6746 6747 6689 6358
9 6689 6747 6748 6690 6359
9 6690 6748 6749 6691 6360
9 6691 6749 6750 6692 6361
9 6692 6750 6751 6693 6362
9 6693 6751 6752 6694 6363
9 6694 6752 6753 6695 6364
9 6695 6753 6754 6696 6365
9 6696 6754 6755 6697 6366
9 6697 6755 6756 6698 6367
9 6698 6756 6757 6699 6368
9 6699 6757 6758 6700 6369
9 6700 6758 6759 6701 6370
9 6701 6759 6760 6702 6371
9 6702 6760 6761 6703 6372
9 6703 6761 6762 6704 6373
9 6704 6762 6763 6705 6374
9 6705 6763 6764 6706 6375
9 6706 6764 6765 6707 6376
9 6707 6765 6766 6708 6377
9 6708 6766 6767 6709 6378
9 6709 6767 6768 6710 6379
9 6710 6768 6769 6711 6380
9 6711 6769 6770 6712 6381
9 6712 6770 6771 6713 6382
9 6713 6771 6772 6714 6383
9 6714 6772 6773 6715 6384
9 6715 6773 6774 6716 6385
9 6716 6774 6775 6717 6386
9 6717 6775 6776 6718 6387
9 6718 6776 6777 6719 6388
9 6719 6777 6778 6720 6389
9 6720 6778 6779 6721 6390
9 6721 6779 6780 6722 6391
9 6722 6780 6781 6723 6392
9 6723 6781 6782 6724 6393
9 6724 6782 6783 6725 6394
9 6725 6783 6784 6726 6395
9 6726 6784 6785 6727 6396
9 6727 6785 6786 6728 6397
9 6728 6786 6787 6729 6398
9 6729 6787 6788 6730 6399
9 6730 6788 6789 6731 6400
9 6731 6789 147 146 6401
9 433 434 6790 6732 6402
9 6732 6790 6791 6733 6403
9 6733 6791 6792 6734 6404
9 6734 6792 6793 6735 6405
9 6735 6793 6794 6736 6406
9 6736 6794 6795 6737 6407
9 6737 6795 6796 6738 6408
9 6738 6796 6797 6739 6409
9 6739 6797 6798 6740 6410
9 6740 6798 6799 6741 6411
9 6741 6799 6800 6742 6412
9 6742 6800 6801 6743 6413
9 6743 6801 6802 6744 6414
9 6744 6802 6803 6745 6415
9 6745 6803 6804 6746 6416
9 6746 6804 6805 6747 6417
9 6747 6805 6806 6748 6418
9 6748 6806 6807 6749 6419
9 6749 6807 6808 6750 6420
9 6750 6808 6809 6751 6421
9 6751 6809 6810 6752 6422
9 6752 6810 6811 6753 6423
9 6753 6811 6812 6754 6424
9 6754 6812 6813 6755 6425
9 6755 6813 6814 6756 6426
9 6756 6814 6815 6757 6427
9 6757 6815 6816 6758 6428
9 6758 6816 6817 6759 6429
9 6759 6817 6818 6760 6430
9 6760 6818 6819 6761 6431
9 6761 6819 6820 6762 6432
9 6762 6820 6821 6763 6433
9 6763 6821 6822 6764 6434
9 6764 6822 6823 6765 6435
9 6765 6823 6824 6766 6436
9 6766 6824 6825 6767 6437
9 6767 6825 6826 6768 6438
9 6768 6826 6827 6769 6439
9 6769 6827 6828 6770 6440
9 6770 6828 6829 6771 6441
9 6771 6829 6830 6772 6442
9 6772 6830 6831 6773 6443
9 6773 6831 6832 6774 6444
9 6774 6832 6833 6775 6445
9 6775 6833 6834 6776 6446
9 6776 6834 6835 6777 6447
9 6777 6835 6836 6778 6448
9 6778 6836 6837 6779 6449
9 6779 6837 6838 6780 6450
9 6780 6838 6839 6781 6451
9 6781 6839 6840 6782 6452
9 6782 6840 6841 6783 6453
9 6783 6841 6842 6784 6454
9 6784 6842 6843 6785 6455
9 6785 6843 6844 6786 6456
9 6786 6844 6845 6787 6457
9 6787 6845 6846 6788 6458
9 6788 6846 6847 6789 6459
9 6789 6847 148 147 6460
9 434 435 6848 6790 6461
9 6790 6848 6849 6791 6462
9 6791 6849 6850 6792 6463
9 6792 6850 6851 6793 6464
9 6793 6851 6852 6794 6465
9 6794 6852 6853 6795 6466
9 6795 6853 6854 6796 6467
9 6796 6854 6855 6797 6468
9 6797 6855 6856 6798 6469
9 6798 6856 6857 6799 6470
9 6799 6857 6858 6800 6471
9 6800 6858 6859 6801 6472
9 6801 6859 6860 6802 6473
9 6802 6860 6861 6803 6474
9 6803 6861 6862 6804 6475
9 6804 6862 6863 6805 6476
9 6805 6863 6864 6806 6477
9 6806 6864 6865 6807 6478
9 6807 6865 6866 6808 6479
9 6808 6866 6867 6809 6480
9 6809 6867 6868 6810 6481
9 6810 6868 6869 6811 6482
9 6811 6869 6870 6812 6483
9 6812 6870 6871 6813 6484
9 6813 6871 6872 6814 6485
9 6814 6872 6873 6815 6486
9 6815 6873 6874 6816 6487
9 6816 6874 6875 6817 6488
9 6817 6875 6876 6818 6489
9 6818 6876 6877 6819 6490
9 6819 6877 6878 6820 6491
9 6820 6878 6879 6821 6492
9 6821 6879 6880 6822 6493
9 6822 6880 6881 6823 6494
9 6823 6881 6882 6824 6495
9 6824 6882 6883 6825 6496
9 6825 6883 6884 6826 6497
9 6826 6884 6885 6827 6498
9 6827 6885 6886 6828 6499
9 6828 6886 6887 6829 6500
9 6829 6887 6888 6830 6501
9 6830 6888 6889 6831 6502
9 6831 6889 6890 6832 6503
9 6832 6890 6891 6833 6504
9 6833 6891 6892 6834 6505
9 6834 6892 6893 6835 6506
9 6835 6893 6894 6836 6507
9 6836 6894 6895 6837 6508
9 6837 6895 6896 6838 6509
9 6838 6896 6897 6839 6510
9 6839 6897 6898 6840 6511
9 6840 6898 6899 6841 6512
9 6841 6899 6900 6842 6513
9 6842 6900 6901 6843 6514
9 6843 6901 6902 6844 6515
9 6844 6902 6903 6845 6516
9 6845 6903 6904 6846 6517
9 6846 6904 6905 6847 6518
9 6847 6905 149 148 6519
9 435 436 6906 6848 6520
9 6848 6906 6907 6849 6521
9 6849 6907 6908 6850 6522
9 6850 6908 6909 6851 6523
9 6851 6909 6910 6852 6524
9 6852 6910 6911 6853 6525
9 6853 6911 6912 6854 6526
9 6854 6912 6913 6855 6527
9 6855 6913 6914 6856 6528
9 6856 6914 6915 6857 6529
9 6857 6915 6916 6858 6530
9 6858 6916 6917 6859 6531
9 6859 6917 6918 6860 6532
9 6860 6918 6919 6861 6533
9 6861 6919 6920 6862 6534
9 6862 6920 6921 6863 6535
9 6863 6921 6922 6864 6536
9 6864 6922 6923 6865 6537
9 6865 6923 6924 6866 6538
9 6866 6924 6925 6867 6539
9 6867 6925 6926 6868 6540
9 6868 6926 6927 6869 6541
9 6869 6927 6928 6870 6542
9 6870 6928 6929 6871 6543
9 6871 6929 6930 6872 6544
9 6872 6930 6931 6873 6545
9 6873 6931 6932 6874 6546
9 6874 6932 6933 6875 6547
9 6875 6933 6934 6876 6548
9 6876 6934 6935 6877 6549
9 6877 6935 6936 6878 6550
9 6878 6936 6937 6879 6551
9 6879 6937 6938 6880 6552
9 6880 6938 6939 6881 6553
9 6881 6939 6940 6882 6554
9 6882 6940 6941 6883 6555
9 6883 6941 6942 6884 6556
9 6884 6942 6943 6885 6557
9 6885 6943 6944 6886 6558
9 6886 6944 6945 6887 6559
9 6887 6945 6946 6888 6560
9 6888 6946 6947 6889 6561
9 6889 6947 6948 6890 6562
9 6890 6948 6949 6891 6563
9 6891 6949 6950 6892 6564
9 6892 6950 6951 6893 6565
9 6893 6951 6952 6894 6566
9 6894 6952 6953 6895 6567
9 6895 6953 6954 6896 6568
9 6896 6954 6955 6897 6569
9 6897 6955 6956 6898 6570
9 6898 6956 6957 6899 6571
9 6899 6957 6958 6900 6572
9 6900 6958 6959 6901 6573
9 6901 6959 6960 6902 6574
9 6902 6960 6961 6903 6575
9 6903 6961 6962 6904 6576
9 6904 6962 6963 6905 6577
9 6905 6963 150 149 6578
9 436 437 6964 6906 6579
9 6906 6964 6965 6907 6580
9 6907 6965 6966 6908 6581
9 6908 6966 6967 6909 6582
9 6909 6967 6968 6910 6583
9 6910 6968 6969 6911 6584
9 6911 6969 6970 6912 6585
9 6912 6970 6971 6913 6586
9 6913 6971 6972 6914 6587
9 6914 6972 6973 6915 6588
9 6915 6973 6974 6916 6589
9 6916 6974 6975 6917 6590
9 6917 6975 6976 6918 6591
9 6918 6976 6977 6919 6592
9 6919 6977 6978 6920 6593
9 6920 6978 6979 6921 6594
9 6921 6979 6980 6922 6595
9 6922 6980 6981 6923 6596
9 6923 6981 6982 6924 6597
9 6924 6982 6983 6925 6598
9 6925 6983 6984 6926 6599
9 6926 6984 6985 6927 6600
9 6927 6985 6986 6928 6601
9 6928 6986 6987 6929 6602
9 6929 6987 6988 6930 6603
9 6930 6988 6989 6931 6604
9 6931 6989 6990 6932 6605
9 6932 6990 6991 6933 6606
9 6933 6991 6992 6934 6607
9 6934 6992 6993 6935 6608
9 6935 6993 6994 6936 6609
9 6936 6994 6995 6937 6610
9 6937 6995 6996 6938 6611
9 6938 6996 6997 6939 6612
9 6939 6997 6998 6940 6613
9 6940 6998 6999 6941 6614
9 6941 6999 7000 6942 6615
9 6942 7000 7001 6943 6616
9 6943 7001 7002 6944 6617
9 6944 7002 7003 6945 6618
9 6945 7003 7004 6946 6619
9 6946 7004 7005 6947 6620
9 6947 7005 7006 6948 6621
9 6948 7006 7007 6949 6622
9 6949 7007 7008 6950 6623
9 6950 7008 7009 6951 6624
9 6951 7009 7010 6952 6625
9 6952 7010 7011 6953 6626
9 6953 7011 7012 6954 6627
9 6954 7012 7013 6955 6628
9 6955 7013 7014 6956 6629
9 6956 7014 7015 6957 6630
9 6957 7015 7016 6958 6631
9 6958 7016 7017 6959 6632
9 6959 7017 7018 6960 6633
9 6960 7018 7019 6961 6634
9 6961 7019 7020 6962 6635
9 6962 7020 7021 6963 6636
9 6963 7021 151 150 6637
9 437 438 7022 6964 6638
9 6964 7022 7023 6965 6639
9 6965 7023 7024 6966 6640
9 6966 7024 7025 6967 6641
9 6967 7025 7026 6968 6642
9 6968 7026 7027 6969 6643
9 6969 7027 7028 6970 6644
9 6970 7028 7029 6971 6645
9 6971 7029 7030 6972 6646
9 6972 7030 7031 6973 6647
9 6973 7031 7032 6974 6648
9 6974 7032 7033 6975 6649
9 6975 7033 7034 6976 6650
9 6976 7034 7035 6977 6651
9 6977 7035 7036 6978 6652
9 6978 7036 7037 6979 6653
9 6979 7037 7038 6980 6654
9 6980 7038 7039 6981 6655
9 6981 7039 7040 6982 6656
9 6982 7040 7041 6983 6657
9 6983 7041 7042 6984 6658
9 6984 7042 7043 6985 6659
9 6985 7043 7044 6986 6660
9 6986 7044 7045 6987 6661
9 6987 7045 7046 6988 6662
9 6988 7046 7047 6989 6663
9 6989 7047 7048 6990 6664
9 6990 7048 7049 6991 6665
9 6991 7049 7050 6992 6666
9 6992 7050 7051 6993 6667
9 6993 7051 7052 6994 6668
9 6994 7052 7053 6995 6669
9 6995 7053 7054 6996 6670
9 6996 7054 7055 6997 6671
9 6997 7055 7056 6998 6672
9 6998 7056 7057 6999 6673
9 6999 7057 7058 7000 6674
9 7000 7058 7059 7001 6675
9 7001 7059 7060 7002 6676
9 7002 7060 7061 7003 6677
9 7003 7061 7062 7004 6678
9 7004 7062 7063 7005 6679
9 7005 7063 7064 7006 6680
9 7006 7064 7065 7007 6681
9 7007 7065 7066 7008 6682
9 7008 7066 7067 7009 6683
9 7009 7067 7068 7010 6684
9 7010 7068 7069 7011 6685
9 7011 7069 7070 7012 6686
9 7012 7070 7071 7013 6687
9 7013 7071 7072 7014 6688
9 7014 7072 7073 7015 6689
9 7015 7073 7074 7016 6690
9 7016 7074 7075 7017 6691
9 7017 7075 7076 7018 6692
9 7018 7076 7077 7019 6693
9 7019 7077 7078 7020 6694
9 7020 7078 7079 7021 6695
9 7021 7079 152 151 6696
9 438 439 7080 7022 6697
9 7022 7080 7081 7023 6698
9 7023 7081 7082 7024 6699
9 7024 7082 7083 7025 6700
9 7025 7083 7084 7026 6701
9 7026 7084 7085 7027 6702
9 7027 7085 7086 7028 6703
9 7028 7086 7087 7029 6704
9 7029 7087 7088 7030 6705
9 7030 7088 7089 7031 6706
9 7031 7089 7090 7032 6707
9 7032 7090 7091 7033 6708
9 7033 7091 7092 7034 6709
9 7034 7092 7093 7035 6710
9 7035 7093 7094 7036 6711
9 7036 7094 7095 7037 6712
9 7037 7095 7096 7038 6713
9 7038 7096 7097 7039 6714
9 7039 7097 7098 7040 6715
9 7040 7098 7099 7041 6716
9 7041 7099 7100 7042 6717
9 7042 7100 7101 7043 6718
9 7043 7101 7102 7044 6719
9 7044 7102 7103 7045 6720
9 7045 7103 7104 7046 6721
9 7046 7104 7105 7047 6722
9 7047 7105 7106 7048 6723
9 7048 7106 7107 7049 6724
9 7049 7107 7108 7050 6725
9 7050 7108 7109 7051 6726
9 7051 7109 7110 7052 6727
9 7052 7110 7111 7053 6728
9 7053 7111 7112 7054 6729
9 7054 7112 7113 7055 6730
9 7055 7113 7114 7056 6731
9 7056 7114 7115 7057 6732
9 7057 7115 7116 7058 6733
9 7058 7116 7117 7059 6734
9 7059 7117 7118 7060 6735
9 7060 7118 7119 7061 6736
9 7061 7119 7120 7062 6737
9 7062 7120 7121 7063 6738
9 7063 7121 7122 7064 6739
9 7064 7122 7123 7065 6740
9 7065 7123 7124 7066 6741
9 7066 7124 7125 7067 6742
9 7067 7125 7126 7068 6743
9 7068 7126 7127 7069 6744
9 7069 7127 7128 7070 6745
9 7070 7128 7129 7071 6746
9 7071 7129 7130 7072 6747
9 7072 7130 7131 7073 6748
9 7073 7131 7132 7074 6749
9 7074 7132 7133 7075 6750
9 7075 7133 7134 7076 6751
9 7076 7134 7135 7077 6752
9 7077 7135 7136 7078 6753
9 7078 7136 7137 7079 6754
9 7079 7137 153 152 6755
9 439 440 7138 7080 6756
9 7080 7138 7139 7081 6757
9 7081 7139 7140 7082 6758
9 7082 7140 7141 7083 6759
9 7083 7141 7142 7084 6760
9 7084 7142 7143 7085 6761
9 7085 7143 7144 7086 6762
9 7086 7144 7145 7087 6763
9 7087 7145 7146 7088 6764
9 7088 7146 7147 7089 6765
9 7089 7147 7148 7090 6766
9 7090 7148 7149 7091 6767
9 7091 7149 7150 7092 6768
9 7092 7150 7151 7093 6769
9 7093 7151 7152 7094 6770
9 7094 7152 7153 7095 6771
9 7095 7153 7154 7096 6772
9 7096 7154 7155 7097 6773
9 7097 7155 7156 7098 6774
9 7098 7156 7157 7099 6775
9 7099 7157 7158 7100 6776
9 7100 7158 7159 7101 6777
9 7101 7159 7160 7102 6778
9 7102 7160 7161 7103 6779
9 7103 7161 7162 7104 6780
9 7104 7162 7163 7105 6781
9 7105 7163 7164 7106 6782
9 7106 7164 7165 7107 6783
9 7107 7165 7166 7108 6784
9 7108 7166 7167 7109 6785
9 7109 7167 7168 7110 6786
9 7110 7168 7169 7111 6787
9 7111 7169 7170 7112 6788
9 7112 7170 7171 7113 6789
9 7113 7171 7172 7114 6790
9 7114 7172 7173 7115 6791
9 7115 7173 7174 7116 6792
9 7116 7174 7175 7117 6793
9 7117 7175 7176 7118 6794
9 7118 7176 7177 7119 6795
9 7119 7177 7178 7120 6796
9 7120 7178 7179 7121 6797
9 7121 7179 7180 7122 6798
9 7122 7180 7181 7123 6799
9 7123 7181 7182 7124 6800
9 7124 7182 7183 7125 6801
9 7125 7183 7184 7126 6802
9 7126 7184 7185 7127 6803
9 7127 7185 7186 7128 6804
9 7128 7186 7187 7129 6805
9 7129 7187 7188 7130 6806
9 7130 7188 7189 7131 6807
9 7131 7189 7190 7132 6808
9 7132 7190 7191 7133 6809
9 7133 7191 7192 7134 6810
9 7134 7192 7193 7135 6811
9 7135 7193 7194 7136 6812
9 7136 7194 7195 7137 6813
9 7137 7195 154 153 6814
9 440 441 7196 7138 6815
9 7138 7196 7197 7139 6816
9 7139 7197 7198 7140 6817
9 7140 7198 7199 7141 6818
9 7141 7199 7200 7142 6819
9 7142 7200 7201 7143 6820
9 7143 7201 7202 7144 6821
9 7144 7202 7203 7145 6822
9 7145 7203 7204 7146 6823
9 7146 7204 7205 7147 6824
9 7147 7205 7206 7148 6825
9 7148 7206 7207 7149 6826
9 7149 7207 7208 7150 6827
9 7150 7208 7209 7151 6828
9 7151 7209 7210 7152 6829
9 7152 7210 7211 7153 6830
9 7153 7211 7212 7154 6831
9 7154 7212 7213 7155 6832
9 7155 7213 7214 7156 6833
9 7156 7214 7215 7157 6834
9 7157 7215 7216 7158 6835
9 7158 7216 7217 7159 6836
9 7159 7217 7218 7160 6837
9 7160 7218 7219 7161 6838
9 7161 7219 7220 7162 6839
9 7162 7220 7221 7163 6840
9 7163 7221 7222 7164 6841
9 7164 7222 7223 7165 6842
9 7165 7223 7224 7166 6843
9 7166 7224 7225 7167 6844
9 7167 7225 7226 7168 6845
9 7168 7226 7227 7169 6846
9 7169 7227 7228 7170 6847
9 7170 7228 7229 7171 6848
9 7171 7229 7230 7172 6849
9 7172 7230 7231 7173 6850
9 7173 7231 7232 7174 6851
9 7174 7232 7233 7175 6852
9 7175 7233 7234 7176 6853
9 7176 7234 7235 7177 6854
9 7177 7235 7236 7178 6855
9 7178 7236 7237 7179 6856
9 7179 7237 7238 7180 6857
9 7180 7238 7239 7181 6858
9 7181 7239 7240 7182 6859
9 7182 7240 7241 7183 6860
9 7183 7241 7242 7184 6861
9 7184 7242 7243 7185 6862
9 7185 7243 7244 7186 6863
9 7186 7244 7245 7187 6864
9 7187 7245 7246 7188 6865
9 7188 7246 7247 7189 6866
9 7189 7247 7248 7190 6867
9 7190 7248 7249 7191 6868
9 7191 7249 7250 7192 6869
9 7192 7250 7251 7193 6870
9 7193 7251 7252 7194 6871
9 7194 7252 7253 7195 6872
9 7195 7253 155 154 6873
9 441 442 7254 7196 6874
9 7196 7254 7255 7197 6875
9 7197 7255 7256 7198 6876
9 7198 7256 7257 7199 6877
9 7199 7257 7258 7200 6878
9 7200 7258 7259 7201 6879
9 7201 7259 7260 7202 6880
9 7202 7260 7261 7203 6881
9 7203 7261 7262 7204 6882
9 7204 7262 7263 7205 6883
9 7205 7263 7264 7206 6884
9 7206 7264 7265 7207 6885
9 7207 7265 7266 7208 6886
9 7208 7266 7267 7209 6887
9 7209 7267 7268 7210 6888
9 7210 7268 7269 7211 6889
9 7211 7269 7270 7212 6890
9 7212 7270 7271 7213 6891
9 7213 7271 7272 7214 6892
9 7214 7272 7273 7215 6893
9 7215 7273 7274 7216 6894
9 7216 7274 7275 7217 6895
9 7217 7275 7276 7218 6896
9 7218 7276 7277 7219 6897
9 7219 7277 7278 7220 6898
9 7220 7278 7279 7221 6899
9 7221 7279 7280 7222 6900
9 7222 7280 7281 7223 6901
9 7223 7281 7282 7224 6902
9 7224 7282 7283 7225 6903
9 7225 7283 7284 7226 6904
9 7226 7284 7285 7227 6905
9 7227 7285 7286 7228 6906
9 7228 7286 7287 7229 6907
9 7229 7287 7288 7230 6908
9 7230 7288 7289 7231 6909
9 7231 7289 7290 7232 6910
9 7232 7290 7291 7233 6911
9 7233 7291 7292 7234 6912
9 7234 7292 7293 7235 6913
9 7235 7293 7294 7236 6914
9 7236 7294 7295 7237 6915
9 7237 7295 7296 7238 6916
9 7238 7296 7297 7239 6917
9 7239 7297 7298 7240 6918
9 7240 7298 7299 7241 6919
9 7241 7299 7300 7242 6920
9 7242 7300 7301 7243 6921
9 7243 7301 7302 7244 6922
9 7244 7302 7303 7245 6923
9 7245 7303 7304 7246 6924
9 7246 7304 7305 7247 6925
9 7247 7305 7306 7248 6926
9 7248 7306 7307 7249 6927
9 7249 7307 7308 7250 6928
9 7250 7308 7309 7251 6929
9 7251 7309 7310 7252 6930
9 7252 7310 7311 7253 6931
9 7253 7311 156 155 6932
9 442 443 7312 7254 6933
9 7254 7312 7313 7255 6934
9 7255 7313 7314 7256 6935
9 7256 7314 7315 7257 6936
9 7257 7315 7316 7258 6937
9 7258 7316 7317 7259 6938
9 7259 7317 7318 7260 6939
9 7260 7318 7319 7261 6940
9 7261 7319 7320 7262 6941
9 7262 7320 7321 7263 6942
9 7263 7321 7322 7264 6943
9 7264 7322 7323 7265 6944
9 7265 7323 7324 7266 6945
9 7266 7324 7325 7267 6946
9 7267 7325 7326 7268 6947
9 7268 7326 7327 7269 6948
9 7269 7327 7328 7270 6949
9 7270 7328 7329 7271 6950
9 7271 7329 7330 7272 6951
9 7272 7330 7331 7273 6952
9 7273 7331 7332 7274 6953
9 7274 7332 7333 7275 6954
9 7275 7333 7334 7276 6955
9 7276 7334 7335 7277 6956
9 7277 7335 7336 7278 6957
9 7278 7336 7337 7279 6958
9 7279 7337 7338 7280 6959
9 7280 7338 7339 7281 6960
9 7281 7339 7340 7282 6961
9 7282 7340 7341 7283 6962
9 7283 7341 7342 7284 6963
9 7284 7342 7343 7285 6964
9 7285 7343 7344 7286 6965
9 7286 7344 7345 7287 6966
9 7287 7345 7346 7288 6967
9 7288 7346 7347 7289 6968
9 7289 7347 7348 7290 6969
9 7290 7348 7349 7291 6970
9 7291 7349 7350 7292 6971
9 7292 7350 7351 7293 6972
9 7293 7351 7352 7294 6973
9 7294 7352 7353 7295 6974
9 7295 7353 7354 7296 6975
9 7296 7354 7355 7297 6976
9 7297 7355 7356 7298 6977
9 7298 7356 7357 7299 6978
9 7299 7357 7358 7300 6979
9 7300 7358 7359 7301 6980
9 7301 7359 7360 7302 6981
9 7302 7360 7361 7303 6982
9 7303 7361 7362 7304 6983
9 7304 7362 7363 7305 6984
9 7305 7363 7364 7306 6985
9 7306 7364 7365 7307 6986
9 7307 7365 7366 7308 6987
9 7308 7366 7367 7309 6988
9 7309 7367 7368 7310 6989
9 7310 7368 7369 7311 6990
9 7311 7369 157 156 6991
9 443 444 7370 7312 6992
9 7312 7370 7371 7313 6993
9 7313 7371 7372 7314 6994
9 7314 7372 7373 7315 6995
9 7315 7373 7374 7316 6996
9 7316 7374 7375 7317 6997
9 7317 7375 7376 7318 6998
9 7318 7376 7377 7319 6999
9 7319 7377 7378 7320 7000
9 7320 7378 7379 7321 7001
9 7321 7379 7380 7322 7002
9 7322 7380 7381 7323 7003
9 7323 7381 7382 7324 7004
9 7324 7382 7383 7325 7005
9 7325 7383 7384 7326 7006
9 7326 7384 7385 7327 7007
9 7327 7385 7386 7328 7008
9 7328 7386 7387 7329 7009
9 7329 7387 7388 7330 7010
9 7330 7388 7389 7331 7011
9 7331 7389 7390 7332 7012
9 7332 7390 7391 7333 7013
9 7333 7391 7392 7334 7014
9 7334 7392 7393 7335 7015
9 7335 7393 7394 7336 7016
9 7336 7394 7395 7337 7017
9 7337 7395 7396 7338 7018
9 7338 7396 7397 7339 7019
9 7339 7397 7398 7340 7020
9 7340 7398 7399 7341 7021
9 7341 7399 7400 7342 7022
9 7342 7400 7401 7343 7023
9 7343 7401 7402 7344 7024
9 7344 7402 7403 7345 7025
9 7345 7403 7404 7346 7026
9 7346 7404 7405 7347 7027
9 7347 7405 7406 7348 7028
9 7348 7406 7407 7349 7029
9 7349 7407 7408 7350 7030
9 7350 7408 7409 7351 7031
9 7351 7409 7410 7352 7032
9 7352 7410 7411 7353 7033
9 7353 7411 7412 7354 7034
9 7354 7412 7413 7355 7035
9 7355 7413 7414 7356 7036
9 7356 7414 7415 7357 7037
9 7357 7415 7416 7358 7038
9 7358 7416 7417 7359 7039
9 7359 7417 7418 7360 7040
9 7360 7418 7419 7361 7041
9 7361 7419 7420 7362 7042
9 7362 7420 7421 7363 7043
9 7363 7421 7422 7364 7044
9 7364 7422 7423 7365 7045
9 7365 7423 7424 7366 7046
9 7366 7424 7425 7367 7047
9 7367 7425 7426 7368 7048
9 7368 7426 7427 7369 7049
9 7369 7427 158 157 7050
9 444 445 7428 7370 7051
9 7370 7428 7429 7371 7052
9 7371 7429 7430 7372 7053
9 7372 7430 7431 7373 7054
9 7373 7431 7432 7374 7055
9 7374 7432 7433 7375 7056
9 7375 7433 7434 7376 7057
9 7376 7434 7435 7377 7058
9 7377 7435 7436 7378 7059
9 7378 7436 7437 7379 7060
9 7379 7437 7438 7380 7061
9 7380 7438 7439 7381 7062
9 7381 7439 7440 7382 7063
9 7382 7440 7441 7383 7064
9 7383 7441 7442 7384 7065
9 7384 7442 7443 7385 7066
9 7385 7443 7444 7386 7067
9 7386 7444 7445 7387 7068
9 7387 7445 7446 7388 7069
9 7388 7446 7447 7389 7070
9 7389 7447 7448 7390 7071
9 7390 7448 7449 7391 7072
9 7391 7449 7450 7392 7073
9 7392 7450 7451 7393 7074
9 7393 7451 7452 7394 7075
9 7394 7452 7453 7395 7076
9 7395 7453 7454 7396 7077
9 7396 7454 7455 7397 7078
9 7397 7455 7456 7398 7079
9 7398 7456 7457 7399 7080
9 7399 7457 7458 7400 7081
9 7400 7458 7459 7401 7082
9 7401 7459 7460 7402 7083
9 7402 7460 7461 7403 7084
9 7403 7461 7462 7404 7085
9 7404 7462 7463 7405 7086
9 7405 7463 7464 7406 7087
9 7406 7464 7465 7407 7088
9 7407 7465 7466 7408 7089
9 7408 7466 7467 7409 7090
9 7409 7467 7468 7410 7091
9 7410 7468 7469 7411 7092
9 7411 7469 7470 7412 7093
9 7412 7470 7471 7413 7094
9 7413 7471 7472 7414 7095
9 7414 7472 7473 7415 7096
9 7415 7473 7474 7416 7097
9 7416 7474 7475 7417 7098
9 7417 7475 7476 7418 7099
9 7418 7476 7477 7419 7100
9 7419 7477 7478 7420 7101
9 7420 7478 7479 7421 7102
9 7421 7479 7480 7422 7103
9 7422 7480 7481 7423 7104
9 7423 7481 7482 7424 7105
9 7424 7482 7483 7425 7106
9 7425 7483 7484 7426 7107
9 7426 7484 7485 7427 7108
9 7427 7485 159 158 7109
9 445 446 7486 7428 7110
9 7428 7486 7487 7429 7111
9 7429 7487 7488 7430 7112
9 7430 7488 7489 7431 7113
9 7431 7489 7490 7432 7114
9 7432 7490 7491 7433 7115
9 7433 7491 7492 7434 7116
9 7434 7492 7493 7435 7117
9 7435 7493 7494 7436 7118
9 7436 7494 7495 7437 7119
9 7437 7495 7496 7438 7120
9 7438 7496 7497 7439 7121
9 7439 7497 7498 7440 7122
9 7440 7498 7499 7441 7123
9 7441 7499 7500 7442 7124
9 7442 7500 7501 7443 7125
9 7443 7501 7502 7444 7126
9 7444 7502 7503 7445 7127
9 7445 7503 7504 7446 7128
9 7446 7504 7505 7447 7129
9 7447 7505 7506 7448 7130
9 7448 7506 7507 7449 7131
9 7449 7507 7508 7450 7132
9 7450 7508 7509 7451 7133
9 7451 7509 7510 7452 7134
9 7452 7510 7511 7453 7135
9 7453 7511 7512 7454 7136
9 7454 7512 7513 7455 7137
9 7455 7513 7514 7456 7138
9 7456 7514 7515 7457 7139
9 7457 7515 7516 7458 7140
9 7458 7516 7517 7459 7141
9 7459 7517 7518 7460 7142
9 7460 7518 7519 7461 7143
9 7461 7519 7520 7462 7144
9 7462 7520 7521 7463 7145
9 7463 7521 7522 7464 7146
9 7464 7522 7523 7465 7147
9 7465 7523 7524 7466 7148
9 7466 7524 7525 7467 7149
9 7467 7525 7526 7468 7150
9 7468 7526 7527 7469 7151
9 7469 7527 7528 7470 7152
9 7470 7528 7529 7471 7153
9 7471 7529 7530 7472 7154
9 7472 7530 7531 7473 7155
9 7473 7531 7532 7474 7156
9 7474 7532 7533 7475 7157
9 7475 7533 7534 7476 7158
9 7476 7534 7535 7477 7159
9 7477 7535 7536 7478 7160
9 7478 7536 7537 7479 7161
9 7479 7537 7538 7480 7162
9 7480 7538 7539 7481 7163
9 7481 7539 7540 7482 7164
9 7482 7540 7541 7483 7165
9 7483 7541 7542 7484 7166
9 7484 7542 7543 7485 7167
9 7485 7543 160 159 7168
9 446 447 7544 7486 7169
9 7486 7544 7545 7487 7170
9 7487 7545 7546 7488 7171
9 7488 7546 7547 7489 7172
9 7489 7547 7548 7490 7173
9 7490 7548 7549 7491 7174
9 7491 7549 7550 7492 7175
9 7492 7550 7551 7493 7176
9 7493 7551 7552 7494 7177
9 7494 7552 7553 7495 7178
9 7495 7553 7554 7496 7179
9 7496 7554 7555 7497 7180
9 7497 7555 7556 7498 7181
9 7498 7556 7557 7499 7182
9 7499 7557 7558 7500 7183
9 7500 7558 7559 7501 7184
9 7501 7559 7560 7502 7185
9 7502 7560 7561 7503 7186
9 7503 7561 7562 7504 7187
9 7504 7562 7563 7505 7188
9 7505 7563 7564 7506 7189
9 7506 7564 7565 7507 7190
9 7507 7565 7566 7508 7191
9 7508 7566 7567 7509 7192
9 7509 7567 7568 7510 7193
9 7510 7568 7569 7511 7194
9 7511 7569 7570 7512 7195
9 7512 7570 7571 7513 7196
9 7513 7571 7572 7514 7197
9 7514 7572 7573 7515 7198
9 7515 7573 7574 7516 7199
9 7516 7574 7575 7517 7200
9 7517 7575 7576 7518 7201
9 7518 7576 7577 7519 7202
9 7519 7577 7578 7520 7203
9 7520 7578 7579 7521 7204
9 7521 7579 7580 7522 7205
9 7522 7580 7581 7523 7206
9 7523 7581 7582 7524 7207
9 7524 7582 7583 7525 7208
9 7525 7583 7584 7526 7209
9 7526 7584 7585 7527 7210
9 7527 7585 7586 7528 7211
9 7528 7586 7587 7529 7212
9 7529 7587 7588 7530 7213
9 7530 7588 7589 7531 7214
9 7531 7589 7590 7532 7215
9 7532 7590 7591 7533 7216
9 7533 7591 7592 7534 7217
9 7534 7592 7593 7535 7218
9 7535 7593 7594 7536 7219
9 7536 7594 7595 7537 7220
9 7537 7595 7596 7538 7221
9 7538 7596 7597 7539 7222
9 7539 7597 7598 7540 7223
9 7540 7598 7599 7541 7224
9 7541 7599 7600 7542 7225
9 7542 7600 7601 7543 7226
9 7543 7601 161 160 7227
9 447 448 7602 7544 7228
9 7544 7602 7603 7545 7229
9 7545 7603 7604 7546 7230
9 7546 7604 7605 7547 7231
9 7547 7605 7606 7548 7232
9 7548 7606 7607 7549 7233
9 7549 7607 7608 7550 7234
9 7550 7608 7609 7551 7235
9 7551 7609 7610 7552 7236
9 7552 7610 7611 7553 7237
9 7553 7611 7612 7554 7238
9 7554 7612 7613 7555 7239
9 7555 7613 7614 7556 7240
9 7556 7614 7615 7557 7241
9 7557 7615 7616 7558 7242
9 7558 7616 7617 7559 7243
9 7559 7617 7618 7560 7244
9 7560 7618 7619 7561 7245
9 7561 7619 7620 7562 7246
9 7562 7620 7621 7563 7247
9 7563 7621 7622 7564 7248
9 7564 7622 7623 7565 7249
9 7565 7623 7624 7566 7250
9 7566 7624 7625 7567 7251
9 7567 7625 7626 7568 7252
9 7568 7626 7627 7569 7253
9 7569 7627 7628 7570 7254
9 7570 7628 7629 7571 7255
9 7571 7629 7630 7572 7256
9 7572 7630 7631 7573 7257
9 7573 7631 7632 7574 7258
9 7574 7632 7633 7575 7259
9 7575 7633 7634 7576 7260
9 7576 7634 7635 7577 7261
9 7577 7635 7636 7578 7262
9 7578 7636 7637 7579 7263
9 7579 7637 7638 7580 7264
9 7580 7638 7639 7581 7265
9 7581 7639 7640 7582 7266
9 7582 7640 7641 7583 7267
9 7583 7641 7642 7584 7268
9 7584 7642 7643 7585 7269
9 7585 7643 7644 7586 7270
9 7586 7644 7645 7587 7271
9 7587 7645 7646 7588 7272
9 7588 7646 7647 7589 7273
9 7589 7647 7648 7590 7274
9 7590 7648 7649 7591 7275
9 7591 7649 7650 7592 7276
9 7592 7650 7651 7593 7277
9 7593 7651 7652 7594 7278
9 7594 7652 7653 7595 7279
9 7595 7653 7654 7596 7280
9 7596 7654 7655 7597 7281
9 7597 7655 7656 7598 7282
9 7598 7656 7657 7599 7283
9 7599 7657 7658 7600 7284
9 7600 7658 7659 7601 7285
9 7601 7659 162 161 7286
9 448 449 7660 7602 7287
9 7602 7660 7661 7603 7288
9 7603 7661 7662 7604 7289
9 7604 7662 7663 7605 7290
9 7605 7663 7664 7606 7291
9 7606 7664 7665 7607 7292
9 7607 7665 7666 7608 7293
9 7608 7666 7667 7609 7294
9 7609 7667 7668 7610 7295
9 7610 7668 7669 7611 7296
9 7611 7669 7670 7612 7297
9 7612 7670 7671 7613 7298
9 7613 7671 7672 7614 7299
9 7614 7672 7673 7615 7300
9 7615 7673 7674 7616 7301
9 7616 7674 7675 7617 7302
9 7617 7675 7676 7618 7303
9 7618 7676 7677 7619 7304
9 7619 7677 7678 7620 7305
9 7620 7678 7679 7621 7306
9 7621 7679 7680 7622 7307
9 7622 7680 7681 7623 7308
9 7623 7681 7682 7624 7309
9 7624 7682 7683 7625 7310
9 7625 7683 7684 7626 7311
9 7626 7684 7685 7627 7312
9 7627 7685 7686 7628 7313
9 7628 7686 7687 7629 7314
9 7629 7687 7688 7630 7315
9 7630 7688 7689 7631 7316
9 7631 7689 7690 7632 7317
9 7632 7690 7691 7633 7318
9 7633 7691 7692 7634 7319
9 7634 7692 7693 7635 7320
9 7635 7693 7694 7636 7321
9 7636 7694 7695 7637 7322
9 7637 7695 7696 7638 7323
9 7638 7696 7697 7639 7324
9 7639 7697 7698 7640 7325
9 7640 7698 7699 7641 7326
9 7641 7699 7700 7642 7327
9 7642 7700 7701 7643 7328
9 7643 7701 7702 7644 7329
9 7644 7702 7703 7645 7330
9 7645 7703 7704 7646 7331
9 7646 7704 7705 7647 7332
9 7647 7705 7706 7648 7333
9 7648 7706 7707 7649 7334
9 7649 7707 7708 7650 7335
9 7650 7708 7709 7651 7336
9 7651 7709 7710 7652 7337
9 7652 7710 7711 7653 7338
9 7653 7711 7712 7654 7339
9 7654 7712 7713 7655 7340
9 7655 7713 7714 7656 7341
9 7656 7714 7715 7657 7342
9 7657 7715 7716 7658 7343
9 7658 7716 7717 7659 7344
9 7659 7717 163 162 7345
9 449 450 7718 7660 7346
9 7660 7718 7719 7661 7347
9 7661 7719 7720 7662 7348
9 7662 7720 7721 7663 7349
9 7663 7721 7722 7664 7350
9 7664 7722 7723 7665 7351
9 7665 7723 7724 7666 7352
9 7666 7724 7725 7667 7353
9 7667 7725 7726 7668 7354
9 7668 7726 7727 7669 7355
9 7669 7727 7728 7670 7356
9 7670 7728 7729 7671 7357
9 7671 7729 7730 7672 7358
9 7672 7730 7731 7673 7359
9 7673 7731 7732 7674 7360
9 7674 7732 7733 7675 7361
9 7675 7733 7734 7676 7362
9 7676 7734 7735 7677 7363
9 7677 7735 7736 7678 7364
9 7678 7736 7737 7679 7365
9 7679 7737 7738 7680 7366
9 7680 7738 7739 7681 7367
9 7681 7739 7740 7682 7368
9 7682 7740 7741 7683 7369
9 7683 7741 7742 7684 7370
9 7684 7742 7743 7685 7371
9 7685 7743 7744 7686 7372
9 7686 7744 7745 7687 7373
9 7687 7745 7746 7688 7374
9 7688 7746 7747 7689 7375
9 7689 7747 7748 7690 7376
9 7690 7748 7749 7691 7377
9 7691 7749 7750 7692 7378
9 7692 7750 7751 7693 7379
9 7693 7751 7752 7694 7380
9 7694 7752 7753 7695 7381
9 7695 7753 7754 7696 7382
9 7696 7754 7755 7697 7383
9 7697 7755 7756 7698 7384
9 7698 7756 7757 7699 7385
9 7699 7757 7758 7700 7386
9 7700 7758 7759 7701 7387
9 7701 7759 7760 7702 7388
9 7702 7760 7761 7703 7389
9 7703 7761 7762 7704 7390
9 7704 7762 7763 7705 7391
9 7705 7763 7764 7706 7392
9 7706 7764 7765 7707 7393
9 7707 7765 7766 7708 7394
9 7708 7766 7767 7709 7395
9 7709 7767 7768 7710 7396
9 7710 7768 7769 7711 7397
9 7711 7769 7770 7712 7398
9 7712 7770 7771 7713 7399
9 7713 7771 7772 7714 7400
9 7714 7772 7773 7715 7401
9 7715 7773 7774 7716 7402
9 7716 7774 7775 7717 7403
9 7717 7775 164 163 7404
9 450 451 7776 7718 7405
9 7718 7776 7777 7719 7406
9 7719 7777 7778 7720 7407
9 7720 7778 7779 7721 7408
9 7721 7779 7780 7722 7409
9 7722 7780 7781 7723 7410
9 7723 7781 7782 7724 7411
9 7724 7782 7783 7725 7412
9 7725 7783 7784 7726 7413
9 7726 7784 7785 7727 7414
9 7727 7785 7786 7728 7415
9 7728 7786 7787 7729 7416
9 7729 7787 7788 7730 7417
9 7730 7788 7789 7731 7418
9 7731 7789 7790 7732 7419
9 7732 7790 7791 7733 7420
9 7733 7791 7792 7734 7421
9 7734 7792 7793 7735 7422
9 7735 7793 7794 7736 7423
9 7736 7794 7795 7737 7424
9 7737 7795 7796 7738 7425
9 7738 7796 7797 7739 7426
9 7739 7797 7798 7740 7427
9 7740 7798 7799 7741 7428
9 7741 7799 7800 7742 7429
9 7742 7800 7801 7743 7430
9 7743 7801 7802 7744 7431
9 7744 7802 7803 7745 7432
9 7745 7803 7804 7746 7433
9 7746 7804 7805 7747 7434
9 7747 7805 7806 7748 7435
9 7748 7806 7807 7749 7436
9 7749 7807 7808 7750 7437
9 7750 7808 7809 7751 7438
9 7751 7809 7810 7752 7439
9 7752 7810 7811 7753 7440
9 7753 7811 7812 7754 7441
9 7754 7812 7813 7755 7442
9 7755 7813 7814 7756 7443
9 7756 7814 7815 7757 7444
9 7757 7815 7816 7758 7445
9 7758 7816 7817 7759 7446
9 7759 7817 7818 7760 7447
9 7760 7818 7819 7761 7448
9 7761 7819 7820 7762 7449
9 7762 7820 7821 7763 7450
9 7763 7821 7822 7764 7451
9 7764 7822 7823 7765 7452
9 7765 7823 7824 7766 7453
9 7766 7824 7825 7767 7454
9 7767 7825 7826 7768 7455
9 7768 7826 7827 7769 7456
9 7769 7827 7828 7770 7457
9 7770 7828 7829 7771 7458
9 7771 7829 7830 7772 7459
9 7772 7830 7831 7773 7460
9 7773 7831 7832 7774 7461
9 7774 7832 7833 7775 7462
9 7775 7833 165 164 7463
9 451 452 7834 7776 7464
9 7776 7834 7835 7777 7465
9 7777 7835 7836 7778 7466
9 7778 7836 7837 7779 7467
9 7779 7837 7838 7780 7468
9 7780 7838 7839 7781 7469
9 7781 7839 7840 7782 7470
9 7782 7840 7841 7783 7471
9 7783 7841 7842 7784 7472
9 7784 7842 7843 7785 7473
9 7785 7843 7844 7786 7474
9 7786 7844 7845 7787 7475
9 7787 7845 7846 7788 7476
9 7788 7846 7847 7789 7477
9 7789 7847 7848 7790 7478
9 7790 7848 7849 7791 7479
9 7791 7849 7850 7792 7480
9 7792 7850 7851 7793 7481
9 7793 7851 7852 7794 7482
9 7794 7852 7853 7795 7483
9 7795 7853 7854 7796 7484
9 7796 7854 7855 7797 7485
9 7797 7855 7856 7798 7486
9 7798 7856 7857 7799 7487
9 7799 7857 7858 7800 7488
9 7800 7858 7859 7801 7489
9 7801 7859 7860 7802 7490
9 7802 7860 7861 7803 7491
9 7803 7861 7862 7804 7492
9 7804 7862 7863 7805 7493
9 7805 7863 7864 7806 7494
9 7806 7864 7865 7807 7495
9 7807 7865 7866 7808 7496
9 7808 7866 7867 7809 7497
9 7809 7867 7868 7810 7498
9 7810 7868 7869 7811 7499
9 7811 7869 7870 7812 7500
9 7812 7870 7871 7813 7501
9 7813 7871 7872 7814 7502
9 7814 7872 7873 7815 7503
9 7815 7873 7874 7816 7504
9 7816 7874 7875 7817 7505
9 7817 7875 7876 7818 7506
9 7818 7876 7877 7819 7507
9 7819 7877 7878 7820 7508
9 7820 7878 7879 7821 7509
9 7821 7879 7880 7822 7510
9 7822 7880 7881 7823 7511
9 7823 7881 7882 7824 7512
9 7824 7882 7883 7825 7513
9 7825 7883 7884 7826 7514
9 7826 7884 7885 7827 7515
9 7827 7885 7886 7828 7516
9 7828 7886 7887 7829 7517
9 7829 7887 7888 7830 7518
9 7830 7888 7889 7831 7519
9 7831 7889 7890 7832 7520
9 7832 7890 7891 7833 7521
9 7833 7891 166 165 7522
9 452 453 7892 7834 7523
9 7834 7892 7893 7835 7524
9 7835 7893 7894 7836 7525
9 7836 7894 7895 7837 7526
9 7837 7895 7896 7838 7527
9 7838 7896 7897 7839 7528
9 7839 7897 7898 7840 7529
9 7840 7898 7899 7841 7530
9 7841 7899 7900 7842 7531
9 7842 7900 7901 7843 7532
9 7843 7901 7902 7844 7533
9 7844 7902 7903 7845 7534
9 7845 7903 7904 7846 7535
9 7846 7904 7905 7847 7536
9 7847 7905 7906 7848 7537
9 7848 7906 7907 7849 7538
9 7849 7907 7908 7850 7539
9 7850 7908 7909 7851 7540
9 7851 7909 7910 7852 7541
9 7852 7910 7911 7853 7542
9 7853 7911 7912 7854 7543
9 7854 7912 7913 7855 7544
9 7855 7913 7914 7856 7545
9 7856 7914 7915 7857 7546
9 7857 7915 7916 7858 7547
9 7858 7916 7917 7859 7548
9 7859 7917 7918 7860 7549
9 7860 7918 7919 7861 7550
9 7861 7919 7920 7862 7551
9 7862 7920 7921 7863 7552
9 7863 7921 7922 7864 7553
9 7864 7922 7923 7865 7554
9 7865 7923 7924 7866 7555
9 7866 7924 7925 7867 7556
9 7867 7925 7926 7868 7557
9 7868 7926 7927 7869 7558
9 7869 7927 7928 7870 7559
9 7870 7928 7929 7871 7560
9 7871 7929 7930 7872 7561
9 7872 7930 7931 7873 7562
9 7873 7931 7932 7874 7563
9 7874 7932 7933 7875 7564
9 7875 7933 7934 7876 7565
9 7876 7934 7935 7877 7566
9 7877 7935 7936 7878 7567
9 7878 7936 7937 7879 7568
9 7879 7937 7938 7880 7569
9 7880 7938 7939 7881 7570
9 7881 7939 7940 7882 7571
9 7882 7940 7941 7883 7572
9 7883 7941 7942 7884 7573
9 7884 7942 7943 7885 7574
9 7885 7943 7944 7886 7575
9 7886 7944 7945 7887 7576
9 7887 7945 7946 7888 7577
9 7888 7946 7947 7889 7578
9 7889 7947 7948 7890 7579
9 7890 7948 7949 7891 7580
9 7891 7949 167 166 7581
9 453 454 7950 7892 7582
9 7892 7950 7951 7893 7583
9 7893 7951 7952 7894 7584
9 7894 7952 7953 7895 7585
9 7895 7953 7954 7896 7586
9 7896 7954 7955 7897 7587
9 7897 7955 7956 7898 7588
9 7898 7956 7957 7899 7589
9 7899 7957 7958 7900 7590
9 7900 7958 7959 7901 7591
9 7901 7959 7960 7902 7592
9 7902 7960 7961 7903 7593
9 7903 7961 7962 7904 7594
9 7904 7962 7963 7905 7595
9 7905 7963 7964 7906 7596
9 7906 7964 7965 7907 7597
9 7907 7965 7966 7908 7598
9 7908 7966 7967 7909 7599
9 7909 7967 7968 7910 7600
9 7910 7968 7969 7911 7601
9 7911 7969 7970 7912 7602
9 7912 7970 7971 7913 7603
9 7913 7971 7972 7914 7604
9 7914 7972 7973 7915 7605
9 7915 7973 7974 7916 7606
9 7916 7974 7975 7917 7607
9 7917 7975 7976 7918 7608
9 7918 7976 7977 7919 7609
9 7919 7977 7978 7920 7610
9 7920 7978 7979 7921 7611
9 7921 7979 7980 7922 7612
9 7922 7980 7981 7923 7613
9 7923 7981 7982 7924 7614
9 7924 7982 7983 7925 7615
9 7925 7983 7984 7926 7616
9 7926 7984 7985 7927 7617
9 7927 7985 7986 7928 7618
9 7928 7986 7987 7929 7619
9 7929 7987 7988 7930 7620
9 7930 7988 7989 7931 7621
9 7931 7989 7990 7932 7622
9 7932 7990 7991 7933 7623
9 7933 7991 7992 7934 7624
9 7934 7992 7993 7935 7625
9 7935 7993 7994 7936 7626
9 7936 7994 7995 7937 7627
9 7937 7995 7996 7938 7628
9 7938 7996 7997 7939 7629
9 7939 7997 7998 7940 7630
9 7940 7998 7999 7941 7631
9 7941 7999 8000 7942 7632
9 7942 8000 8001 7943 7633
9 7943 8001 8002 7944 7634
9 7944 8002 8003 7945 7635
9 7945 8003 8004 7946 7636
9 7946 8004 8005 7947 7637
9 7947 8005 8006 7948 7638
9 7948 8006 8007 7949 7639
9 7949 8007 168 167 7640
9 454 455 8008 7950 7641
9 7950 8008 8009 7951 7642
9 7951 8009 8010 7952 7643
9 7952 8010 8011 7953 7644
9 7953 8011 8012 7954 7645
9 7954 8012 8013 7955 7646
9 7955 8013 8014 7956 7647
9 7956 8014 8015 7957 7648
9 7957 8015 8016 7958 7649
9 7958 8016 8017 7959 7650
9 7959 8017 8018 7960 7651
9 7960 8018 8019 7961 7652
9 7961 8019 8020 7962 7653
9 7962 8020 8021 7963 7654
9 7963 8021 8022 7964 7655
9 7964 8022 8023 7965 7656
9 7965 8023 8024 7966 7657
9 7966 8024 8025 7967 7658
9 7967 8025 8026 7968 7659
9 7968 8026 8027 7969 7660
9 7969 8027 8028 7970 7661
9 7970 8028 8029 7971 7662
9 7971 8029 8030 7972 7663
9 7972 8030 8031 7973 7664
9 7973 8031 8032 7974 7665
9 7974 8032 8033 7975 7666
9 7975 8033 8034 7976 7667
9 7976 8034 8035 7977 7668
9 7977 8035 8036 7978 7669
9 7978 8036 8037 7979 7670
9 7979 8037 8038 7980 7671
9 7980 8038 8039 7981 7672
9 7981 8039 8040 7982 7673
9 7982 8040 8041 7983 7674
9 7983 8041 8042 7984 7675
9 7984 8042 8043 7985 7676
9 7985 8043 8044 7986 7677
9 7986 8044 8045 7987 7678
9 7987 8045 8046 7988 7679
9 7988 8046 8047 7989 7680
9 7989 8047 8048 7990 7681
9 7990 8048 8049 7991 7682
9 7991 8049 8050 7992 7683
9 7992 8050 8051 7993 7684
9 7993 8051 8052 7994 7685
9 7994 8052 8053 7995 7686
9 7995 8053 8054 7996 7687
9 7996 8054 8055 7997 7688
9 7997 8055 8056 7998 7689
9 7998 8056 8057 7999 7690
9 7999 8057 8058 8000 7691
9 8000 8058 8059 8001 7692
9 8001 8059 8060 8002 7693
9 8002 8060 8061 8003 7694
9 8003 8061 8062 8004 7695
9 8004 8062 8063 8005 7696
9 8005 8063 8064 8006 7697
9 8006 8064 8065 8007 7698
9 8007 8065 169 168 7699
9 455 456 8066 8008 7700
9 8008 8066 8067 8009 7701
9 8009 8067 8068 8010 7702
9 8010 8068 8069 8011 7703
9 8011 8069 8070 8012 7704
9 8012 8070 8071 8013 7705
9 8013 8071 8072 8014 7706
9 8014 8072 8073 8015 7707
9 8015 8073 8074 8016 7708
9 8016 8074 8075 8017 7709
9 8017 8075 8076 8018 7710
9 8018 8076 8077 8019 7711
9 8019 8077 8078 8020 7712
9 8020 8078 8079 8021 7713
9 8021 8079 8080 8022 7714
9 8022 8080 8081 8023 7715
9 8023 8081 8082 8024 7716
9 8024 8082 8083 8025 7717
9 8025 8083 8084 8026 7718
9 8026 8084 8085 8027 7719
9 8027 8085 8086 8028 7720
9 8028 8086 8087 8029 7721
9 8029 8087 8088 8030 7722
9 8030 8088 8089 8031 7723
9 8031 8089 8090 8032 7724
9 8032 8090 8091 8033 7725
9 8033 8091 8092 8034 7726
9 8034 8092 8093 8035 7727
9 8035 8093 8094 8036 7728
9 8036 8094 8095 8037 7729
9 8037 8095 8096 8038 7730
9 8038 8096 8097 8039 7731
9 8039 8097 8098 8040 7732
9 8040 8098 8099 8041 7733
9 8041 8099 8100 8042 7734
9 8042 8100 8101 8043 7735
9 8043 8101 8102 8044 7736
9 8044 8102 8103 8045 7737
9 8045 8103 8104 8046 7738
9 8046 8104 8105 8047 7739
9 8047 8105 8106 8048 7740
9 8048 8106 8107 8049 7741
9 8049 8107 8108 8050 7742
9 8050 8108 8109 8051 7743
9 8051 8109 8110 8052 7744
9 8052 8110 8111 8053 7745
9 8053 8111 8112 8054 7746
9 8054 8112 8113 8055 7747
9 8055 8113 8114 8056 7748
9 8056 8114 8115 8057 7749
9 8057 8115 8116 8058 7750
9 8058 8116 8117 8059 7751
9 8059 8117 8118 8060 7752
9 8060 8118 8119 8061 7753
9 8061 8119 8120 8062 7754
9 8062 8120 8121 8063 7755
9 8063 8121 8122 8064 7756
9 8064 8122 8123 8065 7757
9 8065 8123 170 169 7758
9 456 457 8124 8066 7759
9 8066 8124 8125 8067 7760
9 8067 8125 8126 8068 7761
9 8068 8126 8127 8069 7762
9 8069 8127 8128 8070 7763
9 8070 8128 8129 8071 7764
9 8071 8129 8130 8072 7765
9 8072 8130 8131 8073 7766
9 8073 8131 8132 8074 7767
9 8074 8132 8133 8075 7768
9 8075 8133 8134 8076 7769
9 8076 8134 8135 8077 7770
9 8077 8135 8136 8078 7771
9 8078 8136 8137 8079 7772
9 8079 8137 8138 8080 7773
9 8080 8138 8139 8081 7774
9 8081 8139 8140 8082 7775
9 8082 8140 8141 8083 7776
9 8083 8141 8142 8084 7777
9 8084 8142 8143 8085 7778
9 8085 8143 8144 8086 7779
9 8086 8144 8145 8087 7780
9 8087 8145 8146 8088 7781
9 8088 8146 8147 8089 7782
9 8089 8147 8148 8090 7783
9 8090 8148 8149 8091 7784
9 8091 8149 8150 8092 7785
9 8092 8150 8151 8093 7786
9 8093 8151 8152 8094 7787
9 8094 8152 8153 8095 7788
9 8095 8153 8154 8096 7789
9 8096 8154 8155 8097 7790
9 8097 8155 8156 8098 7791
9 8098 8156 8157 8099 7792
9 8099 8157 8158 8100 7793
9 8100 8158 8159 8101 7794
9 8101 8159 8160 8102 7795
9 8102 8160 8161 8103 7796
9 8103 8161 8162 8104 7797
9 8104 8162 8163 8105 7798
9 8105 8163 8164 8106 7799
9 8106 8164 8165 8107 7800
9 8107 8165 8166 8108 7801
9 8108 8166 8167 8109 7802
9 8109 8167 8168 8110 7803
9 8110 8168 8169 8111 7804
9 8111 8169 8170 8112 7805
9 8112 8170 8171 8113 7806
9 8113 8171 8172 8114 7807
9 8114 8172 8173 8115 7808
9 8115 8173 8174 8116 7809
9 8116 8174 8175 8117 7810
9 8117 8175 8176 8118 7811
9 8118 8176 8177 8119 7812
9 8119 8177 8178 8120 7813
9 8120 8178 8179 8121 7814
9 8121 8179 8180 8122 7815
9 8122 8180 8181 8123 7816
9 8123 8181 171 170 7817
9 457 458 8182 8124 7818
9 8124 8182 8183 8125 7819
9 8125 8183 8184 8126 7820
9 8126 8184 8185 8127 7821
9 8127 8185 8186 8128 7822
9 8128 8186 8187 8129 7823
9 8129 8187 8188 8130 7824
9 8130 8188 8189 8131 7825
9 8131 8189 8190 8132 7826
9 8132 8190 8191 8133 7827
9 8133 8191 8192 8134 7828
9 8134 8192 8193 8135 7829
9 8135 8193 8194 8136 7830
9 8136 8194 8195 8137 7831
9 8137 8195 8196 8138 7832
9 8138 8196 8197 8139 7833
9 8139 8197 8198 8140 7834
9 8140 8198 8199 8141 7835
9 8141 8199 8200 8142 7836
9 8142 8200 8201 8143 7837
9 8143 8201 8202 8144 7838
9 8144 8202 8203 8145 7839
9 8145 8203 8204 8146 7840
9 8146 8204 8205 8147 7841
9 8147 8205 8206 8148 7842
9 8148 8206 8207 8149 7843
9 8149 8207 8208 8150 7844
9 8150 8208 8209 8151 7845
9 8151 8209 8210 8152 7846
9 8152 8210 8211 8153 7847
9 8153 8211 8212 8154 7848
9 8154 8212 8213 8155 7849
9 8155 8213 8214 8156 7850
9 8156 8214 8215 8157 7851
9 8157 8215 8216 8158 7852
9 8158 8216 8217 8159 7853
9 8159 8217 8218 8160 7854
9 8160 8218 8219 8161 7855
9 8161 8219 8220 8162 7856
9 8162 8220 8221 8163 7857
9 8163 8221 8222 8164 7858
9 8164 8222 8223 8165 7859
9 8165 8223 8224 8166 7860
9 8166 8224 8225 8167 7861
9 8167 8225 8226 8168 7862
9 8168 8226 8227 8169 7863
9 8169 8227 8228 8170 7864
9 8170 8228 8229 8171 7865
9 8171 8229 8230 8172 7866
9 8172 8230 8231 8173 7867
9 8173 8231 8232 8174 7868
9 8174 8232 8233 8175 7869
9 8175 8233 8234 8176 7870
9 8176 8234 8235 8177 7871
9 8177 8235 8236 8178 7872
9 8178 8236 8237 8179 7873
9 8179 8237 8238 8180 7874
9 8180 8238 8239 8181 7875
9 8181 8239 172 171 7876
9 458 459 8240 8182 7877
9 8182 8240 8241 8183 7878
9 8183 8241 8242 8184 7879
9 8184 8242 8243 8185 7880
9 8185 8243 8244 8186 7881
9 8186 8244 8245 8187 7882
9 8187 8245 8246 8188 7883
9 8188 8246 8247 8189 7884
9 8189 8247 8248 8190 7885
9 8190 8248 8249 8191 7886
9 8191 8249 8250 8192 7887
9 8192 8250 8251 8193 7888
9 8193 8251 8252 8194 7889
9 8194 8252 8253 8195 7890
9 8195 8253 8254 8196 7891
9 8196 8254 8255 8197 7892
9 8197 8255 8256 8198 7893
9 8198 8256 8257 8199 7894
9 8199 8257 8258 8200 7895
9 8200 8258 8259 8201 7896
9 8201 8259 8260 8202 7897
9 8202 8260 8261 8203 7898
9 8203 8261 8262 8204 7899
9 8204 8262 8263 8205 7900
9 8205 8263 8264 8206 7901
9 8206 8264 8265 8207 7902
9 8207 8265 8266 8208 7903
9 8208 8266 8267 8209 7904
9 8209 8267 8268 8210 7905
9 8210 8268 8269 8211 7906
9 8211 8269 8270 8212 7907
9 8212 8270 8271 8213 7908
9 8213 8271 8272 8214 7909
9 8214 8272 8273 8215 7910
9 8215 8273 8274 8216 7911
9 8216 8274 8275 8217 7912
9 8217 8275 8276 8218 7913
9 8218 8276 8277 8219 7914
9 8219 8277 8278 8220 7915
9 8220 8278 8279 8221 7916
9 8221 8279 8280 8222 7917
9 8222 8280 8281 8223 7918
9 8223 8281 8282 8224 7919
9 8224 8282 8283 8225 7920
9 8225 8283 8284 8226 7921
9 8226 8284 8285 8227 7922
9 8227 8285 8286 8228 7923
9 8228 8286 8287 8229 7924
9 8229 8287 8288 8230 7925
9 8230 8288 8289 8231 7926
9 8231 8289 8290 8232 7927
9 8232 8290 8291 8233 7928
9 8233 8291 8292 8234 7929
9 8234 8292 8293 8235 7930
9 8235 8293 8294 8236 7931
9 8236 8294 8295 8237 7932
9 8237 8295 8296 8238 7933
9 8238 8296 8297 8239 7934
9 8239 8297 173 172 7935
9 459 460 8298 8240 7936
9 8240 8298 8299 8241 7937
9 8241 8299 8300 8242 7938
9 8242 8300 8301 8243 7939
9 8243 8301 8302 8244 7940
9 8244 8302 8303 8245 7941
9 8245 8303 8304 8246 7942
9 8246 8304 8305 8247 7943
9 8247 8305 8306 8248 7944
9 8248 8306 8307 8249 7945
9 8249 8307 8308 8250 7946
9 8250 8308 8309 8251 7947
9 8251 8309 8310 8252 7948
9 8252 8310 8311 8253 7949
9 8253 8311 8312 8254 7950
9 8254 8312 8313 8255 7951
9 8255 8313 8314 8256 7952
9 8256 8314 8315 8257 7953
9 8257 8315 8316 8258 7954
9 8258 8316 8317 8259 7955
9 8259 8317 8318 8260 7956
9 8260 8318 8319 8261 7957
9 8261 8319 8320 8262 7958
9 8262 8320 8321 8263 7959
9 8263 8321 8322 8264 7960
9 8264 8322 8323 8265 7961
9 8265 8323 8324 8266 7962
9 8266 8324 8325 8267 7963
9 8267 8325 8326 8268 7964
9 8268 8326 8327 8269 7965
9 8269 8327 8328 8270 7966
9 8270 8328 8329 8271 7967
9 8271 8329 8330 8272 7968
9 8272 8330 8331 8273 7969
9 8273 8331 8332 8274 7970
9 8274 8332 8333 8275 7971
9 8275 8333 8334 8276 7972
9 8276 8334 8335 8277 7973
9 8277 8335 8336 8278 7974
9 8278 8336 8337 8279 7975
9 8279 8337 8338 8280 7976
9 8280 8338 8339 8281 7977
9 8281 8339 8340 8282 7978
9 8282 8340 8341 8283 7979
9 8283 8341 8342 8284 7980
9 8284 8342 8343 8285 7981
9 8285 8343 8344 8286 7982
9 8286 8344 8345 8287 7983
9 8287 8345 8346 8288 7984
9 8288 8346 8347 8289 7985
9 8289 8347 8348 8290 7986
9 8290 8348 8349 8291 7987
9 8291 8349 8350 8292 7988
9 8292 8350 8351 8293 7989
9 8293 8351 8352 8294 7990
9 8294 8352 8353 8295 7991
9 8295 8353 8354 8296 7992
9 8296 8354 8355 8297 7993
9 8297 8355 174 173 7994
9 460 461 8356 8298 7995
9 8298 8356 8357 8299 7996
9 8299 8357 8358 8300 7997
9 8300 8358 8359 8301 7998
9 8301 8359 8360 8302 7999
9 8302 8360 8361 8303 8000
9 8303 8361 8362 8304 8001
9 8304 8362 8363 8305 8002
9 8305 8363 8364 8306 8003
9 8306 8364 8365 8307 8004
9 8307 8365 8366 8308 8005
9 8308 8366 8367 8309 8006
9 8309 8367 8368 8310 8007
9 8310 8368 8369 8311 8008
9 8311 8369 8370 8312 8009
9 8312 8370 8371 8313 8010
9 8313 8371 8372 8314 8011
9 8314 8372 8373 8315 8012
9 8315 8373 8374 8316 8013
9 8316 8374 8375 8317 8014
9 8317 8375 8376 8318 8015
9 8318 8376 8377 8319 8016
9 8319 8377 8378 8320 8017
9 8320 8378 8379 8321 8018
9 8321 8379 8380 8322 8019
9 8322 8380 8381 8323 8020
9 8323 8381 8382 8324 8021
9 8324 8382 8383 8325 8022
9 8325 8383 8384 8326 8023
9 8326 8384 8385 8327 8024
9 8327 8385 8386 8328 8025
9 8328 8386 8387 8329 8026
9 8329 8387 8388 8330 8027
9 8330 8388 8389 8331 8028
9 8331 8389 8390 8332 8029
9 8332 8390 8391 8333 8030
9 8333 8391 8392 8334 8031
9 8334 8392 8393 8335 8032
9 8335 8393 8394 8336 8033
9 8336 8394 8395 8337 8034
9 8337 8395 8396 8338 8035
9 8338 8396 8397 8339 8036
9 8339 8397 8398 8340 8037
9 8340 8398 8399 8341 8038
9 8341 8399 8400 8342 8039
9 8342 8400 8401 8343 8040
9 8343 8401 8402 8344 8041
9 8344 8402 8403 8345 8042
9 8345 8403 8404 8346 8043
9 8346 8404 8405 8347 8044
9 8347 8405 8406 8348 8045
9 8348 8406 8407 8349 8046
9 8349 8407 8408 8350 8047
9 8350 8408 8409 8351 8048
9 8351 8409 8410 8352 8049
9 8352 8410 8411 8353 8050
9 8353 8411 8412 8354 8051
9 8354 8412 8413 8355 8052
9 8355 8413 175 174 8053
9 461 462 8414 8356 8054
9 8356 8414 8415 8357 8055
9 8357 8415 8416 8358 8056
9 8358 8416 8417 8359 8057
9 8359 8417 8418 8360 8058
9 8360 8418 8419 8361 8059
9 8361 8419 8420 8362 8060
9 8362 8420 8421 8363 8061
9 8363 8421 8422 8364 8062
9 8364 8422 8423 8365 8063
9 8365 8423 8424 8366 8064
9 8366 8424 8425 8367 8065
9 8367 8425 8426 8368 8066
9 8368 8426 8427 8369 8067
9 8369 8427 8428 8370 8068
9 8370 8428 8429 8371 8069
9 8371 8429 8430 8372 8070
9 8372 8430 8431 8373 8071
9 8373 8431 8432 8374 8072
9 8374 8432 8433 8375 8073
9 8375 8433 8434 8376 8074
9 8376 8434 8435 8377 8075
9 8377 8435 8436 8378 8076
9 8378 8436 8437 8379 8077
9 8379 8437 8438 8380 8078
9 8380 8438 8439 8381 8079
9 8381 8439 8440 8382 8080
9 8382 8440 8441 8383 8081
9 8383 8441 8442 8384 8082
9 8384 8442 8443 8385 8083
9 8385 8443 8444 8386 8084
9 8386 8444 8445 8387 8085
9 8387 8445 8446 8388 8086
9 8388 8446 8447 8389 8087
9 8389 8447 8448 8390 8088
9 8390 8448 8449 8391 8089
9 8391 8449 8450 8392 8090
9 8392 8450 8451 8393 8091
9 8393 8451 8452 8394 8092
9 8394 8452 8453 8395 8093
9 8395 8453 8454 8396 8094
9 8396 8454 8455 8397 8095
9 8397 8455 8456 8398 8096
9 8398 8456 8457 8399 8097
9 8399 8457 8458 8400 8098
9 8400 8458 8459 8401 8099
9 8401 8459 8460 8402 8100
9 8402 8460 8461 8403 8101
9 8403 8461 8462 8404 8102
9 8404 8462 8463 8405 8103
9 8405 8463 8464 8406 8104
9 8406 8464 8465 8407 8105
9 8407 8465 8466 8408 8106
9 8408 8466 8467 8409 8107
9 8409 8467 8468 8410 8108
9 8410 8468 8469 8411 8109
9 8411 8469 8470 8412 8110
9 8412 8470 8471 8413 8111
9 8413 8471 176 175 8112
9 462 463 8472 8414 8113
9 8414 8472 8473 8415 8114
9 8415 8473 8474 8416 8115
9 8416 8474 8475 8417 8116
9 8417 8475 8476 8418 8117
9 8418 8476 8477 8419 8118
9 8419 8477 8478 8420 8119
9 8420 8478 8479 8421 8120
9 8421 8479 8480 8422 8121
9 8422 8480 8481 8423 8122
9 8423 8481 8482 8424 8123
9 8424 8482 8483 8425 8124
9 8425 8483 8484 8426 8125
9 8426 8484 8485 8427 8126
9 8427 8485 8486 8428 8127
9 8428 8486 8487 8429 8128
9 8429 8487 8488 8430 8129
9 8430 8488 8489 8431 8130
9 8431 8489 8490 8432 8131
9 8432 8490 8491 8433 8132
9 8433 8491 8492 8434 8133
9 8434 8492 8493 8435 8134
9 8435 8493 8494 8436 8135
9 8436 8494 8495 8437 8136
9 8437 8495 8496 8438 8137
9 8438 8496 8497 8439 8138
9 8439 8497 8498 8440 8139
9 8440 8498 8499 8441 8140
9 8441 8499 8500 8442 8141
9 8442 8500 8501 8443 8142
9 8443 8501 8502 8444 8143
9 8444 8502 8503 8445 8144
9 8445 8503 8504 8446 8145
9 8446 8504 8505 8447 8146
9 8447 8505 8506 8448 8147
9 8448 8506 8507 8449 8148
9 8449 8507 8508 8450 8149
9 8450 8508 8509 8451 8150
9 8451 8509 8510 8452 8151
9 8452 8510 8511 8453 8152
9 8453 8511 8512 8454 8153
9 8454 8512 8513 8455 8154
9 8455 8513 8514 8456 8155
9 8456 8514 8515 8457 8156
9 8457 8515 8516 8458 8157
9 8458 8516 8517 8459 8158
9 8459 8517 8518 8460 8159
9 8460 8518 8519 8461 8160
9 8461 8519 8520 8462 8161
9 8462 8520 8521 8463 8162
9 8463 8521 8522 8464 8163
9 8464 8522 8523 8465 8164
9 8465 8523 8524 8466 8165
9 8466 8524 8525 8467 8166
9 8467 8525 8526 8468 8167
9 8468 8526 8527 8469 8168
9 8469 8527 8528 8470 8169
9 8470 8528 8529 8471 8170
9 8471 8529 177 176 8171
9 463 464 8530 8472 8172
9 8472 8530 8531 8473 8173
9 8473 8531 8532 8474 8174
9 8474 8532 8533 8475 8175
9 8475 8533 8534 8476 8176
9 8476 8534 8535 8477 8177
9 8477 8535 8536 8478 8178
9 8478 8536 8537 8479 8179
9 8479 8537 8538 8480 8180
9 8480 8538 8539 8481 8181
9 8481 8539 8540 8482 8182
9 8482 8540 8541 8483 8183
9 8483 8541 8542 8484 8184
9 8484 8542 8543 8485 8185
9 8485 8543 8544 8486 8186
9 8486 8544 8545 8487 8187
9 8487 8545 8546 8488 8188
9 8488 8546 8547 8489 8189
9 8489 8547 8548 8490 8190
9 8490 8548 8549 8491 8191
9 8491 8549 8550 8492 8192
9 8492 8550 8551 8493 8193
9 8493 8551 8552 8494 8194
9 8494 8552 8553 8495 8195
9 8495 8553 8554 8496 8196
9 8496 8554 8555 8497 8197
9 8497 8555 8556 8498 8198
9 8498 8556 8557 8499 8199
9 8499 8557 8558 8500 8200
9 8500 8558 8559 8501 8201
9 8501 8559 8560 8502 8202
9 8502 8560 8561 8503 8203
9 8503 8561 8562 8504 8204
9 8504 8562 8563 8505 8205
9 8505 8563 8564 8506 8206
9 8506 8564 8565 8507 8207
9 8507 8565 8566 8508 8208
9 8508 8566 8567 8509 8209
9 8509 8567 8568 8510 8210
9 8510 8568 8569 8511 8211
9 8511 8569 8570 8512 8212
9 8512 8570 8571 8513 8213
9 8513 8571 8572 8514 8214
9 8514 8572 8573 8515 8215
9 8515 8573 8574 8516 8216
9 8516 8574 8575 8517 8217
9 8517 8575 8576 8518 8218
9 8518 8576 8577 8519 8219
9 8519 8577 8578 8520 8220
9 8520 8578 8579 8521 8221
9 8521 8579 8580 8522 8222
9 8522 8580 8581 8523 8223
9 8523 8581 8582 8524 8224
9 8524 8582 8583 8525 8225
9 8525 8583 8584 8526 8226
9 8526 8584 8585 8527 8227
9 8527 8585 8586 8528 8228
9 8528 8586 8587 8529 8229
9 8529 8587 178 177 8230
9 464 465 8588 8530 8231
9 8530 8588 8589 8531 8232
9 8531 8589 8590 8532 8233
9 8532 8590 8591 8533 8234
9 8533 8591 8592 8534 8235
9 8534 8592 8593 8535 8236
9 8535 8593 8594 8536 8237
9 8536 8594 8595 8537 8238
9 8537 8595 8596 8538 8239
9 8538 8596 8597 8539 8240
9 8539 8597 8598 8540 8241
9 8540 8598 8599 8541 8242
9 8541 8599 8600 8542 8243
9 8542 8600 8601 8543 8244
9 8543 8601 8602 8544 8245
9 8544 8602 8603 8545 8246
9 8545 8603 8604 8546 8247
9 8546 8604 8605 8547 8248
9 8547 8605 8606 8548 8249
9 8548 8606 8607 8549 8250
9 8549 8607 8608 8550 8251
9 8550 8608 8609 8551 8252
9 8551 8609 8610 8552 8253
9 8552 8610 8611 8553 8254
9 8553 8611 8612 8554 8255
9 8554 8612 8613 8555 8256
9 8555 8613 8614 8556 8257
9 8556 8614 8615 8557 8258
9 8557 8615 8616 8558 8259
9 8558 8616 8617 8559 8260
9 8559 8617 8618 8560 8261
9 8560 8618 8619 8561 8262
9 8561 8619 8620 8562 8263
9 8562 8620 8621 8563 8264
9 8563 8621 8622 8564 8265
9 8564 8622 8623 8565 8266
9 8565 8623 8624 8566 8267
9 8566 8624 8625 8567 8268
9 8567 8625 8626 8568 8269
9 8568 8626 8627 8569 8270
9 8569 8627 8628 8570 8271
9 8570 8628 8629 8571 8272
9 8571 8629 8630 8572 8273
9 8572 8630 8631 8573 8274
9 8573 8631 8632 8574 8275
9 8574 8632 8633 8575 8276
9 8575 8633 8634 8576 8277
9 8576 8634 8635 8577 8278
9 8577 8635 8636 8578 8279
9 8578 8636 8637 8579 8280
9 8579 8637 8638 8580 8281
9 8580 8638 8639 8581 8282
9 8581 8639 8640 8582 8283
9 8582 8640 8641 8583 8284
9 8583 8641 8642 8584 8285
9 8584 8642 8643 8585 8286
9 8585 8643 8644 8586 8287
9 8586 8644 8645 8587 8288
9 8587 8645 179 178 8289
9 465 466 8646 8588 8290
9 8588 8646 8647 8589 8291
9 8589 8647 8648 8590 8292
9 8590 8648 8649 8591 8293
9 8591 8649 8650 8592 8294
9 8592 8650 8651 8593 8295
9 8593 8651 8652 8594 8296
9 8594 8652 8653 8595 8297
9 8595 8653 8654 8596 8298
9 8596 8654 8655 8597 8299
9 8597 8655 8656 8598 8300
9 8598 8656 8657 8599 8301
9 8599 8657 8658 8600 8302
9 8600 8658 8659 8601 8303
9 8601 8659 8660 8602 8304
9 8602 8660 8661 8603 8305
9 8603 8661 8662 8604 8306
9 8604 8662 8663 8605 8307
9 8605 8663 8664 8606 8308
9 8606 8664 8665 8607 8309
9 8607 8665 8666 8608 8310
9 8608 8666 8667 8609 8311
9 8609 8667 8668 8610 8312
9 8610 8668 8669 8611 8313
9 8611 8669 8670 8612 8314
9 8612 8670 8671 8613 8315
9 8613 8671 8672 8614 8316
9 8614 8672 8673 8615 8317
9 8615 8673 8674 8616 8318
9 8616 8674 8675 8617 8319
9 8617 8675 8676 8618 8320
9 8618 8676 8677 8619 8321
9 8619 8677 8678 8620 8322
9 8620 8678 8679 8621 8323
9 8621 8679 8680 8622 8324
9 8622 8680 8681 8623 8325
9 8623 8681 8682 8624 8326
9 8624 8682 8683 8625 8327
9 8625 8683 8684 8626 8328
9 8626 8684 8685 8627 8329
9 8627 8685 8686 8628 8330
9 8628 8686 8687 8629 8331
9 8629 8687 8688 8630 8332
9 8630 8688 8689 8631 8333
9 8631 8689 8690 8632 8334
9 8632 8690 8691 8633 8335
9 8633 8691 8692 8634 8336
9 8634 8692 8693 8635 8337
9 8635 8693 8694 8636 8338
9 8636 8694 8695 8637 8339
9 8637 8695 8696 8638 8340
9 8638 8696 8697 8639 8341
9 8639 8697 8698 8640 8342
9 8640 8698 8699 8641 8343
9 8641 8699 8700 8642 8344
9 8642 8700 8701 8643 8345
9 8643 8701 8702 8644 8346
9 8644 8702 8703 8645 8347
9 8645 8703 180 179 8348
9 466 467 8704 8646 8349
9 8646 8704 8705 8647 8350
9 8647 8705 8706 8648 8351
9 8648 8706 8707 8649 8352
9 8649 8707 8708 8650 8353
9 8650 8708 8709 8651 8354
9 8651 8709 8710 8652 8355
9 8652 8710 8711 8653 8356
9 8653 8711 8712 8654 8357
9 8654 8712 8713 8655 8358
9 8655 8713 8714 8656 8359
9 8656 8714 8715 8657 8360
9 8657 8715 8716 8658 8361
9 8658 8716 8717 8659 8362
9 8659 8717 8718 8660 8363
9 8660 8718 8719 8661 8364
9 8661 8719 8720 8662 8365
9 8662 8720 8721 8663 8366
9 8663 8721 8722 8664 8367
9 8664 8722 8723 8665 8368
9 8665 8723 8724 8666 8369
9 8666 8724 8725 8667 8370
9 8667 8725 8726 8668 8371
9 8668 8726 8727 8669 8372
9 8669 8727 8728 8670 8373
9 8670 8728 8729 8671 8374
9 8671 8729 8730 8672 8375
9 8672 8730 8731 8673 8376
9 8673 8731 8732 8674 8377
9 8674 8732 8733 8675 8378
9 8675 8733 8734 8676 8379
9 8676 8734 8735 8677 8380
9 8677 8735 8736 8678 8381
9 8678 8736 8737 8679 8382
9 8679 8737 8738 8680 8383
9 8680 8738 8739 8681 8384
9 8681 8739 8740 8682 8385
9 8682 8740 8741 8683 8386
9 8683 8741 8742 8684 8387
9 8684 8742 8743 8685 8388
9 8685 8743 8744 8686 8389
9 8686 8744 8745 8687 8390
9 8687 8745 8746 8688 8391
9 8688 8746 8747 8689 8392
9 8689 8747 8748 8690 8393
9 8690 8748 8749 8691 8394
9 8691 8749 8750 8692 8395
9 8692 8750 8751 8693 8396
9 8693 8751 8752 8694 8397
9 8694 8752 8753 8695 8398
9 8695 8753 8754 8696 8399
9 8696 8754 8755 8697 8400
9 8697 8755 8756 8698 8401
9 8698 8756 8757 8699 8402
9 8699 8757 8758 8700 8403
9 8700 8758 8759 8701 8404
9 8701 8759 8760 8702 8405
9 8702 8760 8761 8703 8406
9 8703 8761 181 180 8407
9 467 468 8762 8704 8408
9 8704 8762 8763 8705 8409
9 8705 8763 8764 8706 8410
9 8706 8764 8765 8707 8411
9 8707 8765 8766 8708 8412
9 8708 8766 8767 8709 8413
9 8709 8767 8768 8710 8414
9 8710 8768 8769 8711 8415
9 8711 8769 8770 8712 8416
9 8712 8770 8771 8713 8417
9 8713 8771 8772 8714 8418
9 8714 8772 8773 8715 8419
9 8715 8773 8774 8716 8420
9 8716 8774 8775 8717 8421
9 8717 8775 8776 8718 8422
9 8718 8776 8777 8719 8423
9 8719 8777 8778 8720 8424
9 8720 8778 8779 8721 8425
9 8721 8779 8780 8722 8426
9 8722 8780 8781 8723 8427
9 8723 8781 8782 8724 8428
9 8724 8782 8783 8725 8429
9 8725 8783 8784 8726 8430
9 8726 8784 8785 8727 8431
9 8727 8785 8786 8728 8432
9 8728 8786 8787 8729 8433
9 8729 8787 8788 8730 8434
9 8730 8788 8789 8731 8435
9 8731 8789 8790 8732 8436
9 8732 8790 8791 8733 8437
9 8733 8791 8792 8734 8438
9 8734 8792 8793 8735 8439
9 8735 8793 8794 8736 8440
9 8736 8794 8795 8737 8441
9 8737 8795 8796 8738 8442
9 8738 8796 8797 8739 8443
9 8739 8797 8798 8740 8444
9 8740 8798 8799 8741 8445
9 8741 8799 8800 8742 8446
9 8742 8800 8801 8743 8447
9 8743 8801 8802 8744 8448
9 8744 8802 8803 8745 8449
9 8745 8803 8804 8746 8450
9 8746 8804 8805 8747 8451
9 8747 8805 8806 8748 8452
9 8748 8806 8807 8749 8453
9 8749 8807 8808 8750 8454
9 8750 8808 8809 8751 8455
9 8751 8809 8810 8752 8456
9 8752 8810 8811 8753 8457
9 8753 8811 8812 8754 8458
9 8754 8812 8813 8755 8459
9 8755 8813 8814 8756 8460
9 8756 8814 8815 8757 8461
9 8757 8815 8816 8758 8462
9 8758 8816 8817 8759 8463
9 8759 8817 8818 8760 8464
9 8760 8818 8819 8761 8465
9 8761 8819 182 181 8466
9 468 469 8820 8762 8467
9 8762 8820 8821 8763 8468
9 8763 8821 8822 8764 8469
9 8764 8822 8823 8765 8470
9 8765 8823 8824 8766 8471
9 8766 8824 8825 8767 8472
9 8767 8825 8826 8768 8473
9 8768 8826 8827 8769 8474
9 8769 8827 8828 8770 8475
9 8770 8828 8829 8771 8476
9 8771 8829 8830 8772 8477
9 8772 8830 8831 8773 8478
9 8773 8831 8832 8774 8479
9 8774 8832 8833 8775 8480
9 8775 8833 8834 8776 8481
9 8776 8834 8835 8777 8482
9 8777 8835 8836 8778 8483
9 8778 8836 8837 8779 8484
9 8779 8837 8838 8780 8485
9 8780 8838 8839 8781 8486
9 8781 8839 8840 8782 8487
9 8782 8840 8841 8783 8488
9 8783 8841 8842 8784 8489
9 8784 8842 8843 8785 8490
9 8785 8843 8844 8786 8491
9 8786 8844 8845 8787 8492
9 8787 8845 8846 8788 8493
9 8788 8846 8847 8789 8494
9 8789 8847 8848 8790 8495
9 8790 8848 8849 8791 8496
9 8791 8849 8850 8792 8497
9 8792 8850 8851 8793 8498
9 8793 8851 8852 8794 8499
9 8794 8852 8853 8795 8500
9 8795 8853 8854 8796 8501
9 8796 8854 8855 8797 8502
9 8797 8855 8856 8798 8503
9 8798 8856 8857 8799 8504
9 8799 8857 8858 8800 8505
9 8800 8858 8859 8801 8506
9 8801 8859 8860 8802 8507
9 8802 8860 8861 8803 8508
9 8803 8861 8862 8804 8509
9 8804 8862 8863 8805 8510
9 8805 8863 8864 8806 8511
9 8806 8864 8865 8807 8512
9 8807 8865 8866 8808 8513
9 8808 8866 8867 8809 8514
9 8809 8867 8868 8810 8515
9 8810 8868 8869 8811 8516
9 8811 8869 8870 8812 8517
9 8812 8870 8871 8813 8518
9 8813 8871 8872 8814 8519
9 8814 8872 8873 8815 8520
9 8815 8873 8874 8816 8521
9 8816 8874 8875 8817 8522
9 8817 8875 8876 8818 8523
9 8818 8876 8877 8819 8524
9 8819 8877 183 182 8525
9 469 11 526 8820 8526
9 8820 526 527 8821 8527
9 8821 527 528 8822 8528
9 8822 528 529 8823 8529
9 8823 529 530 8824 8530
9 8824 530 531 8825 8531
9 8825 531 532 8826 8532
9 8826 532 533 8827 8533
9 8827 533 534 8828 8534
9 8828 534 535 8829 8535
9 8829 535 536 8830 8536
9 8830 536 537 8831 8537
9 8831 537 538 8832 8538
9 8832 538 539 8833 8539
9 8833 539 540 8834 8540
9 8834 540 541 8835 8541
9 8835 541 542 8836 8542
9 8836 542 543 8837 8543
9 8837 543 544 8838 8544
9 8838 544 545 8839 8545
9 8839 545 546 8840 8546
9 8840 546 547 8841 8547
9 8841 547 548 8842 8548
9 8842 548 549 8843 8549
9 8843 549 550 8844 8550
9 8844 550 551 8845 8551
9 8845 551 552 8846 8552
9 8846 552 553 8847 8553
9 8847 553 554 8848 8554
9 8848 554 555 8849 8555
9 8849 555 556 8850 8556
9 8850 556 557 8851 8557
9 8851 557 558 8852 8558
9 8852 558 559 8853 8559
9 8853 559 560 8854 8560
9 8854 560 561 8855 8561
9 8855 561 562 8856 8562
9 8856 562 563 8857 8563
9 8857 563 564 8858 8564
9 8858 564 565 8859 8565
9 8859 565 566 8860 8566
9 8860 566 567 8861 8567
9 8861 567 568 8862 8568
9 8862 568 569 8863 8569
9 8863 569 570 8864 8570
9 8864 570 571 8865 8571
9 8865 571 572 8866 8572
9 8866 572 573 8867 8573
9 8867 573 574 8868 8574
9 8868 574 575 8869 8575
9 8869 575 576 8870 8576
9 8870 576 577 8871 8577
9 8871 577 578 8872 8578
9 8872 578 579 8873 8579
9 8873 579 580 8874 8580
9 8874 580 581 8875 8581
9 8875 581 582 8876 8582
9 8876 582 583 8877 8583
9 8877 583 5 183 8584
9 11 470 8878 526 8585
9 526 8878 8879 527 8586
9 527 8879 8880 528 8587
9 528 8880 8881 529 8588
9 529 8881 8882 530 8589
9 530 8882 8883 531 8590
9 531 8883 8884 532 8591
9 532 8884 8885 533 8592
9 533 8885 8886 534 8593
9 534 8886 8887 535 8594
9 535 8887 8888 536 8595
9 536 8888 8889 537 8596
9 537 8889 8890 538 8597
9 538 8890 8891 539 8598
9 539 8891 8892 540 8599
9 540 8892 8893 541 8600
9 541 8893 8894 542 8601
9 542 8894 8895 543 8602
9 543 8895 8896 544 8603
9 544 8896 8897 545 8604
9 545 8897 8898 546 8605
9 546 8898 8899 547 8606
9 547 8899 8900 548 8607
9 548 8900 8901 549 8608
9 549 8901 8902 550 8609
9 550 8902 8903 551 8610
9 551 8903 8904 552 8611
9 552 8904 8905 553 8612
9 553 8905 8906 554 8613
9 554 8906 8907 555 8614
9 555 8907 8908 556 8615
9 556 8908 8909 557 8616
9 557 8909 8910 558 8617
9 558 8910 8911 559 8618
9 559 8911 8912 560 8619
9 560 8912 8913 561 8620
9 561 8913 8914 562 8621
9 562 8914 8915 563 8622
9 563 8915 8916 564 8623
9 564 8916 8917 565 8624
9 565 8917 8918 566 8625
9 566 8918 8919 567 8626
9 567 8919 8920 568 8627
9 568 8920 8921 569 8628
9 569 8921 8922 570 8629
9 570 8922 8923 571 8630
9 571 8923 8924 572 8631
9 572 8924 8925 573 8632
9 573 8925 8926 574 8633
9 574 8926 8927 575 8634
9 575 8927 8928 576 8635
9 576 8928 8929 577 8636
9 577 8929 8930 578 8637
9 578 8930 8931 579 8638
9 579 8931 8932 580 8639
9 580 8932 8933 581 8640
9 581 8933 8934 582 8641
9 582 8934 8935 583 8642
9 583 8935 184 5 8643
9 470 471 8936 8878 8644
9 8878 8936 8937 8879 8645
9 8879 8937 8938 8880 8646
9 8880 8938 8939 8881 8647
9 8881 8939 8940 8882 8648
9 8882 8940 8941 8883 8649
9 8883 8941 8942 8884 8650
9 8884 8942 8943 8885 8651
9 8885 8943 8944 8886 8652
9 8886 8944 8945 8887 8653
9 8887 8945 8946 8888 8654
9 8888 8946 8947 8889 8655
9 8889 8947 8948 8890 8656
9 8890 8948 8949 8891 8657
9 8891 8949 8950 8892 8658
9 8892 8950 8951 8893 8659
9 8893 8951 8952 8894 8660
9 8894 8952 8953 8895 8661
9 8895 8953 8954 8896 8662
9 8896 8954 8955 8897 8663
9 8897 8955 8956 8898 8664
9 8898 8956 8957 8899 8665
9 8899 8957 8958 8900 8666
9 8900 8958 8959 8901 8667
9 8901 8959 8960 8902 8668
9 8902 8960 8961 8903 8669
9 8903 8961 8962 8904 8670
9 8904 8962 8963 8905 8671
9 8905 8963 8964 8906 8672
9 8906 8964 8965 8907 8673
9 8907 8965 8966 8908 8674
9 8908 8966 8967 8909 8675
9 8909 8967 8968 8910 8676
9 8910 8968 8969 8911 8677
9 8911 8969 8970 8912 8678
9 8912 8970 8971 8913 8679
9 8913 8971 8972 8914 8680
9 8914 8972 8973 8915 8681
9 8915 8973 8974 8916 8682
9 8916 8974 8975 8917 8683
9 8917 8975 8976 8918 8684
9 8918 8976 8977 8919 8685
9 8919 8977 8978 8920 8686
9 8920 8978 8979 8921 8687
9 8921 8979 8980 8922 8688
9 8922 8980 8981 8923 8689
9 8923 8981 8982 8924 8690
9 8924 8982 8983 8925 8691
9 8925 8983 8984 8926 8692
9 8926 8984 8985 8927 8693
9 8927 8985 8986 8928 8694
9 8928 8986 8987 8929 8695
9 8929 8987 8988 8930 8696
9 8930 8988 8989 8931 8697
9 8931 8989 8990 8932 8698
9 8932 8990 8991 8933 8699
9 8933 8991 8992 8934 8700
9 8934 8992 8993 8935 8701
9 8935 8993 185 184 8702
9 471 472 8994 8936 8703
9 8936 8994 8995 8937 8704
9 8937 8995 8996 8938 8705
9 8938 8996 8997 8939 8706
9 8939 8997 8998 8940 8707
9 8940 8998 8999 8941 8708
9 8941 8999 9000 8942 8709
9 8942 9000 9001 8943 8710
9 8943 9001 9002 8944 8711
9 8944 9002 9003 8945 8712
9 8945 9003 9004 8946 8713
9 8946 9004 9005 8947 8714
9 8947 9005 9006 8948 8715
9 8948 9006 9007 8949 8716
9 8949 9007 9008 8950 8717
9 8950 9008 9009 8951 8718
9 8951 9009 9010 8952 8719
9 8952 9010 9011 8953 8720
9 8953 9011 9012 8954 8721
9 8954 9012 9013 8955 8722
9 8955 9013 9014 8956 8723
9 8956 9014 9015 8957 8724
9 8957 9015 9016 8958 8725
9 8958 9016 9017 8959 8726
9 8959 9017 9018 8960 8727
9 8960 9018 9019 8961 8728
9 8961 9019 9020 8962 8729
9 8962 9020 9021 8963 8730
9 8963 9021 9022 8964 8731
9 8964 9022 9023 8965 8732
9 8965 9023 9024 8966 8733
9 8966 9024 9025 8967 8734
9 8967 9025 9026 8968 8735
9 8968 9026 9027 8969 8736
9 8969 9027 9028 8970 8737
9 8970 9028 9029 8971 8738
9 8971 9029 9030 8972 8739
9 8972 9030 9031 8973 8740
9 8973 9031 9032 8974 8741
9 8974 9032 9033 8975 8742
9 8975 9033 9034 8976 8743
9 8976 9034 9035 8977 8744
9 8977 9035 9036 8978 8745
9 8978 9036 9037 8979 8746
9 8979 9037 9038 8980 8747
9 8980 9038 9039 8981 8748
9 8981 9039 9040 8982 8749
9 8982 9040 9041 8983 8750
9 8983 9041 9042 8984 8751
9 8984 9042 9043 8985 8752
9 8985 9043 9044 8986 8753
9 8986 9044 9045 8987 8754
9 8987 9045 9046 8988 8755
9 8988 9046 9047 8989 8756
9 8989 9047 9048 8990 8757
9 8990 9048 9049 8991 8758
9 8991 9049 9050 8992 8759
9 8992 9050 9051 8993 8760
9 8993 9051 186 185 8761
9 472 473 9052 8994 8762
9 8994 9052 9053 8995 8763
9 8995 9053 9054 8996 8764
9 8996 9054 9055 8997 8765
9 8997 9055 9056 8998 8766
9 8998 9056 9057 8999 8767
9 8999 9057 9058 9000 8768
9 9000 9058 9059 9001 8769
9 9001 9059 9060 9002 8770
9 9002 9060 9061 9003 8771
9 9003 9061 9062 9004 8772
9 9004 9062 9063 9005 8773
9 9005 9063 9064 9006 8774
9 9006 9064 9065 9007 8775
9 9007 9065 9066 9008 8776
9 9008 9066 9067 9009 8777
9 9009 9067 9068 9010 8778
9 9010 9068 9069 9011 8779
9 9011 9069 9070 9012 8780
9 9012 9070 9071 9013 8781
9 9013 9071 9072 9014 8782
9 9014 9072 9073 9015 8783
9 9015 9073 9074 9016 8784
9 9016 9074 9075 9017 8785
9 9017 9075 9076 9018 8786
9 9018 9076 9077 9019 8787
9 9019 9077 9078 9020 8788
9 9020 9078 9079 9021 8789
9 9021 9079 9080 9022 8790
9 9022 9080 9081 9023 8791
9 9023 9081 9082 9024 8792
9 9024 9082 9083 9025 8793
9 9025 9083 9084 9026 8794
9 9026 9084 9085 9027 8795
9 9027 9085 9086 9028 8796
9 9028 9086 9087 9029 8797
9 9029 9087 9088 9030 8798
9 9030 9088 9089 9031 8799
9 9031 9089 9090 9032 8800
9 9032 9090 9091 9033 8801
9 9033 9091 9092 9034 8802
9 9034 9092 9093 9035 8803
9 9035 9093 9094 9036 8804
9 9036 9094 9095 9037 8805
9 9037 9095 9096 9038 8806
9 9038 9096 9097 9039 8807
9 9039 9097 9098 9040 8808
9 9040 9098 9099 9041 8809
9 9041 9099 9100 9042 8810
9 9042 9100 9101 9043 8811
9 9043 9101 9102 9044 8812
9 9044 9102 9103 9045 8813
9 9045 9103 9104 9046 8814
9 9046 9104 9105 9047 8815
9 9047 9105 9106 9048 8816
9 9048 9106 9107 9049 8817
9 9049 9107 9108 9050 8818
9 9050 9108 9109 9051 8819
9 9051 9109 187 186 8820
9 473 474 9110 9052 8821
9 9052 9110 9111 9053 8822
9 9053 9111 9112 9054 8823
9 9054 9112 9113 9055 8824
9 9055 9113 9114 9056 8825
9 9056 9114 9115 9057 8826
9 9057 9115 9116 9058 8827
9 9058 9116 9117 9059 8828
9 9059 9117 9118 9060 8829
9 9060 9118 9119 9061 8830
9 9061 9119 9120 9062 8831
9 9062 9120 9121 9063 8832
9 9063 9121 9122 9064 8833
9 9064 9122 9123 9065 8834
9 9065 9123 9124 9066 8835
9 9066 9124 9125 9067 8836
9 9067 9125 9126 9068 8837
9 9068 9126 9127 9069 8838
9 9069 9127 9128 9070 8839
9 9070 9128 9129 9071 8840
9 9071 9129 9130 9072 8841
9 9072 9130 9131 9073 8842
9 9073 9131 9132 9074 8843
9 9074 9132 9133 9075 8844
9 9075 9133 9134 9076 8845
9 9076 9134 9135 9077 8846
9 9077 9135 9136 9078 8847
9 9078 9136 9137 9079 8848
9 9079 9137 9138 9080 8849
9 9080 9138 9139 9081 8850
9 9081 9139 9140 9082 8851
9 9082 9140 9141 9083 8852
9 9083 9141 9142 9084 8853
9 9084 9142 9143 9085 8854
9 9085 9143 9144 9086 8855
9 9086 9144 9145 9087 8856
9 9087 9145 9146 9088 8857
9 9088 9146 9147 9089 8858
9 9089 9147 9148 9090 8859
9 9090 9148 9149 9091 8860
9 9091 9149 9150 9092 8861
9 9092 9150 9151 9093 8862
9 9093 9151 9152 9094 8863
9 9094 9152 9153 9095 8864
9 9095 9153 9154 9096 8865
9 9096 9154 9155 9097 8866
9 9097 9155 9156 9098 8867
9 9098 9156 9157 9099 8868
9 9099 9157 9158 9100 8869
9 9100 9158 9159 9101 8870
9 9101 9159 9160 9102 8871
9 9102 9160 9161 9103 8872
9 9103 9161 9162 9104 8873
9 9104 9162 9163 9105 8874
9 9105 9163 9164 9106 8875
9 9106 9164 9165 9107 8876
9 9107 9165 9166 9108 8877
9 9108 9166 9167 9109 8878
9 9109 9167 188 187 8879
9 474 475 9168 9110 8880
9 9110 9168 9169 9111 8881
9 9111 9169 9170 9112 8882
9 9112 9170 9171 9113 8883
9 9113 9171 9172 9114 8884
9 9114 9172 9173 9115 8885
9 9115 9173 9174 9116 8886
9 9116 9174 9175 9117 8887
9 9117 9175 9176 9118 8888
9 9118 9176 9177 9119 8889
9 9119 9177 9178 9120 8890
9 9120 9178 9179 9121 8891
9 9121 9179 9180 9122 8892
9 9122 9180 9181 9123 8893
9 9123 9181 9182 9124 8894
9 9124 9182 9183 9125 8895
9 9125 9183 9184 9126 8896
9 9126 9184 9185 9127 8897
9 9127 9185 9186 9128 8898
9 9128 9186 9187 9129 8899
9 9129 9187 9188 9130 8900
9 9130 9188 9189 9131 8901
9 9131 9189 9190 9132 8902
9 9132 9190 9191 9133 8903
9 9133 9191 9192 9134 8904
9 9134 9192 9193 9135 8905
9 9135 9193 9194 9136 8906
9 9136 9194 9195 9137 8907
9 9137 9195 9196 9138 8908
9 9138 9196 9197 9139 8909
9 9139 9197 9198 9140 8910
9 9140 9198 9199 9141 8911
9 9141 9199 9200 9142 8912
9 9142 9200 9201 9143 8913
9 9143 9201 9202 9144 8914
9 9144 9202 9203 9145 8915
9 9145 9203 9204 9146 8916
9 9146 9204 9205 9147 8917
9 9147 9205 9206 9148 8918
9 9148 9206 9207 9149 8919
9 9149 9207 9208 9150 8920
9 9150 9208 9209 9151 8921
9 9151 9209 9210 9152 8922
9 9152 9210 9211 9153 8923
9 9153 9211 9212 9154 8924
9 9154 9212 9213 9155 8925
9 9155 9213 9214 9156 8926
9 9156 9214 9215 9157 8927
9 9157 9215 9216 9158 8928
9 9158 9216 9217 9159 8929
9 9159 9217 9218 9160 8930
9 9160 9218 9219 9161 8931
9 9161 9219 9220 9162 8932
9 9162 9220 9221 9163 8933
9 9163 9221 9222 9164 8934
9 9164 9222 9223 9165 8935
9 9165 9223 9224 9166 8936
9 9166 9224 9225 9167 8937
9 9167 9225 189 188 8938
9 475 476 9226 9168 8939
9 9168 9226 9227 9169 8940
9 9169 9227 9228 9170 8941
9 9170 9228 9229 9171 8942
9 9171 9229 9230 9172 8943
9 9172 9230 9231 9173 8944
9 9173 9231 9232 9174 8945
9 9174 9232 9233 9175 8946
9 9175 9233 9234 9176 8947
9 9176 9234 9235 9177 8948
9 9177 9235 9236 9178 8949
9 9178 9236 9237 9179 8950
9 9179 9237 9238 9180 8951
9 9180 9238 9239 9181 8952
9 9181 9239 9240 9182 8953
9 9182 9240 9241 9183 8954
9 9183 9241 9242 9184 8955
9 9184 9242 9243 9185 8956
9 9185 9243 9244 9186 8957
9 9186 9244 9245 9187 8958
9 9187 9245 9246 9188 8959
9 9188 9246 9247 9189 8960
9 9189 9247 9248 9190 8961
9 9190 9248 9249 9191 8962
9 9191 9249 9250 9192 8963
9 9192 9250 9251 9193 8964
9 9193 9251 9252 9194 8965
9 9194 9252 9253 9195 8966
9 9195 9253 9254 9196 8967
9 9196 9254 9255 9197 8968
9 9197 9255 9256 9198 8969
9 9198 9256 9257 9199 8970
9 9199 9257 9258 9200 8971
9 9200 9258 9259 9201 8972
9 9201 9259 9260 9202 8973
9 9202 9260 9261 9203 8974
9 9203 9261 9262 9204 8975
9 9204 9262 9263 9205 8976
9 9205 9263 9264 9206 8977
9 9206 9264 9265 9207 8978
9 9207 9265 9266 9208 8979
9 9208 9266 9267 9209 8980
9 9209 9267 9268 9210 8981
9 9210 9268 9269 9211 8982
9 9211 9269 9270 9212 8983
9 9212 9270 9271 9213 8984
9 9213 9271 9272 9214 8985
9 9214 9272 9273 9215 8986
9 9215 9273 9274 9216 8987
9 9216 9274 9275 9217 8988
9 9217 9275 9276 9218 8989
9 9218 9276 9277 9219 8990
9 9219 9277 9278 9220 8991
9 9220 9278 9279 9221 8992
9 9221 9279 9280 9222 8993
9 9222 9280 9281 9223 8994
9 9223 9281 9282 9224 8995
9 9224 9282 9283 9225 8996
9 9225 9283 190 189 8997
9 476 477 9284 9226 8998
9 9226 9284 9285 9227 8999
9 9227 9285 9286 9228 9000
9 9228 9286 9287 9229 9001
9 9229 9287 9288 9230 9002
9 9230 9288 9289 9231 9003
9 9231 9289 9290 9232 9004
9 9232 9290 9291 9233 9005
9 9233 9291 9292 9234 9006
9 9234 9292 9293 9235 9007
9 9235 9293 9294 9236 9008
9 9236 9294 9295 9237 9009
9 9237 9295 9296 9238 9010
9 9238 9296 9297 9239 9011
9 9239 9297 9298 9240 9012
9 9240 9298 9299 9241 9013
9 9241 9299 9300 9242 9014
9 9242 9300 9301 9243 9015
9 9243 9301 9302 9244 9016
9 9244 9302 9303 9245 9017
9 9245 9303 9304 9246 9018
9 9246 9304 9305 9247 9019
9 9247 9305 9306 9248 9020
9 9248 9306 9307 9249 9021
9 9249 9307 9308 9250 9022
9 9250 9308 9309 9251 9023
9 9251 9309 9310 9252 9024
9 9252 9310 9311 9253 9025
9 9253 9311 9312 9254 9026
9 9254 9312 9313 9255 9027
9 9255 9313 9314 9256 9028
9 9256 9314 9315 9257 9029
9 9257 9315 9316 9258 9030
9 9258 9316 9317 9259 9031
9 9259 9317 9318 9260 9032
9 9260 9318 9319 9261 9033
9 9261 9319 9320 9262 9034
9 9262 9320 9321 9263 9035
9 9263 9321 9322 9264 9036
9 9264 9322 9323 9265 9037
9 9265 9323 9324 9266 9038
9 9266 9324 9325 9267 9039
9 9267 9325 9326 9268 9040
9 9268 9326 9327 9269 9041
9 9269 9327 9328 9270 9042
9 9270 9328 9329 9271 9043
9 9271 9329 9330 9272 9044
9 9272 9330 9331 9273 9045
9 9273 9331 9332 9274 9046
9 9274 9332 9333 9275 9047
9 9275 9333 9334 9276 9048
9 9276 9334 9335 9277 9049
9 9277 9335 9336 9278 9050
9 9278 9336 9337 9279 9051
9 9279 9337 9338 9280 9052
9 9280 9338 9339 9281 9053
9 9281 9339 9340 9282 9054
9 9282 9340 9341 9283 9055
9 9283 9341 191 190 9056
9 477 478 9342 9284 9057
9 9284 9342 9343 9285 9058
9 9285 9343 9344 9286 9059
9 9286 9344 9345 9287 9060
9 9287 9345 9346 9288 9061
9 9288 9346 9347 9289 9062
9 9289 9347 9348 9290 9063
9 9290 9348 9349 9291 9064
9 9291 9349 9350 9292 9065
9 9292 9350 9351 9293 9066
9 9293 9351 9352 9294 9067
9 9294 9352 9353 9295 9068
9 9295 9353 9354 9296 9069
9 9296 9354 9355 9297 9070
9 9297 9355 9356 9298 9071
9 9298 9356 9357 9299 9072
9 9299 9357 9358 9300 9073
9 9300 9358 9359 9301 9074
9 9301 9359 9360 9302 9075
9 9302 9360 9361 9303 9076
9 9303 9361 9362 9304 9077
9 9304 9362 9363 9305 9078
9 9305 9363 9364 9306 9079
9 9306 9364 9365 9307 9080
9 9307 9365 9366 9308 9081
9 9308 9366 9367 9309 9082
9 9309 9367 9368 9310 9083
9 9310 9368 9369 9311 9084
9 9311 9369 9370 9312 9085
9 9312 9370 9371 9313 9086
9 9313 9371 9372 9314 9087
9 9314 9372 9373 9315 9088
9 9315 9373 9374 9316 9089
9 9316 9374 9375 9317 9090
9 9317 9375 9376 9318 9091
9 9318 9376 9377 9319 9092
9 9319 9377 9378 9320 9093
9 9320 9378 9379 9321 9094
9 9321 9379 9380 9322 9095
9 9322 9380 9381 9323 9096
9 9323 9381 9382 9324 9097
9 9324 9382 9383 9325 9098
9 9325 9383 9384 9326 9099
9 9326 9384 9385 9327 9100
9 9327 9385 9386 9328 9101
9 9328 9386 9387 9329 9102
9 9329 9387 9388 9330 9103
9 9330 9388 9389 9331 9104
9 9331 9389 9390 9332 9105
9 9332 9390 9391 9333 9106
9 9333 9391 9392 9334 9107
9 9334 9392 9393 9335 9108
9 9335 9393 9394 9336 9109
9 9336 9394 9395 9337 9110
9 9337 9395 9396 9338 9111
9 9338 9396 9397 9339 9112
9 9339 9397 9398 9340 9113
9 9340 9398 9399 9341 9114
9 9341 9399 192 191 9115
9 478 479 9400 9342 9116
9 9342 9400 9401 9343 9117
9 9343 9401 9402 9344 9118
9 9344 9402 9403 9345 9119
9 9345 9403 9404 9346 9120
9 9346 9404 9405 9347 9121
9 9347 9405 9406 9348 9122
9 9348 9406 9407 9349 9123
9 9349 9407 9408 9350 9124
9 9350 9408 9409 9351 9125
9 9351 9409 9410 9352 9126
9 9352 9410 9411 9353 9127
9 9353 9411 9412 9354 9128
9 9354 9412 9413 9355 9129
9 9355 9413 9414 9356 9130
9 9356 9414 9415 9357 9131
9 9357 9415 9416 9358 9132
9 9358 9416 9417 9359 9133
9 9359 9417 9418 9360 9134
9 9360 9418 9419 9361 9135
9 9361 9419 9420 9362 9136
9 9362 9420 9421 9363 9137
9 9363 9421 9422 9364 9138
9 9364 9422 9423 9365 9139
9 9365 9423 9424 9366 9140
9 9366 9424 9425 9367 9141
9 9367 9425 9426 9368 9142
9 9368 9426 9427 9369 9143
9 9369 9427 9428 9370 9144
9 9370 9428 9429 9371 9145
9 9371 9429 9430 9372 9146
9 9372 9430 9431 9373 9147
9 9373 9431 9432 9374 9148
9 9374 9432 9433 9375 9149
9 9375 9433 9434 9376 9150
9 9376 9434 9435 9377 9151
9 9377 9435 9436 9378 9152
9 9378 9436 9437 9379 9153
9 9379 9437 9438 9380 9154
9 9380 9438 9439 9381 9155
9 9381 9439 9440 9382 9156
9 9382 9440 9441 9383 9157
9 9383 9441 9442 9384 9158
9 9384 9442 9443 9385 9159
9 9385 9443 9444 9386 9160
9 9386 9444 9445 9387 9161
9 9387 9445 9446 9388 9162
9 9388 9446 9447 9389 9163
9 9389 9447 9448 9390 9164
9 9390 9448 9449 9391 9165
9 9391 9449 9450 9392 9166
9 9392 9450 9451 9393 9167
9 9393 9451 9452 9394 9168
9 9394 9452 9453 9395 9169
9 9395 9453 9454 9396 9170
9 9396 9454 9455 9397 9171
9 9397 9455 9456 9398 9172
9 9398 9456 9457 9399 9173
9 9399 9457 193 192 9174
9 479 480 9458 9400 9175
9 9400 9458 9459 9401 9176
9 9401 9459 9460 9402 9177
9 9402 9460 9461 9403 9178
9 9403 9461 9462 9404 9179
9 9404 9462 9463 9405 9180
9 9405 9463 9464 9406 9181
9 9406 9464 9465 9407 9182
9 9407 9465 9466 9408 9183
9 9408 9466 9467 9409 9184
9 9409 9467 9468 9410 9185
9 9410 9468 9469 9411 9186
9 9411 9469 9470 9412 9187
9 9412 9470 9471 9413 9188
9 9413 9471 9472 9414 9189
9 9414 9472 9473 9415 9190
9 9415 9473 9474 9416 9191
9 9416 9474 9475 9417 9192
9 9417 9475 9476 9418 9193
9 9418 9476 9477 9419 9194
9 9419 9477 9478 9420 9195
9 9420 9478 9479 9421 9196
9 9421 9479 9480 9422 9197
9 9422 9480 9481 9423 9198
9 9423 9481 9482 9424 9199
9 9424 9482 9483 9425 9200
9 9425 9483 9484 9426 9201
9 9426 9484 9485 9427 9202
9 9427 9485 9486 9428 9203
9 9428 9486 9487 9429 9204
9 9429 9487 9488 9430 9205
9 9430 9488 9489 9431 9206
9 9431 9489 9490 9432 9207
9 9432 9490 9491 9433 9208
9 9433 9491 9492 9434 9209
9 9434 9492 9493 9435 9210
9 9435 9493 9494 9436 9211
9 9436 9494 9495 9437 9212
9 9437 9495 9496 9438 9213
9 9438 9496 9497 9439 9214
9 9439 9497 9498 9440 9215
9 9440 9498 9499 9441 9216
9 9441 9499 9500 9442 9217
9 9442 9500 9501 9443 9218
9 9443 9501 9502 9444 9219
9 9444 9502 9503 9445 9220
9 9445 9503 9504 9446 9221
9 9446 9504 9505 9447 9222
9 9447 9505 9506 9448 9223
9 9448 9506 9507 9449 9224
9 9449 9507 9508 9450 9225
9 9450 9508 9509 9451 9226
9 9451 9509 9510 9452 9227
9 9452 9510 9511 9453 9228
9 9453 9511 9512 9454 9229
9 9454 9512 9513 9455 9230
9 9455 9513 9514 9456 9231
9 9456 9514 9515 9457 9232
9 9457 9515 194 193 9233
9 480 481 9516 9458 9234
9 9458 9516 9517 9459 9235
9 9459 9517 9518 9460 9236
9 9460 9518 9519 9461 9237
9 9461 9519 9520 9462 9238
9 9462 9520 9521 9463 9239
9 9463 9521 9522 9464 9240
9 9464 9522 9523 9465 9241
9 9465 9523 9524 9466 9242
9 9466 9524 9525 9467 9243
9 9467 9525 9526 9468 9244
9 9468 9526 9527 9469 9245
9 9469 9527 9528 9470 9246
9 9470 9528 9529 9471 9247
9 9471 9529 9530 9472 9248
9 9472 9530 9531 9473 9249
9 9473 9531 9532 9474 9250
9 9474 9532 9533 9475 9251
9 9475 9533 9534 9476 9252
9 9476 9534 9535 9477 9253
9 9477 9535 9536 9478 9254
9 9478 9536 9537 9479 9255
9 9479 9537 9538 9480 9256
9 9480 9538 9539 9481 9257
9 9481 9539 9540 9482 9258
9 9482 9540 9541 9483 9259
9 9483 9541 9542 9484 9260
9 9484 9542 9543 9485 9261
9 9485 9543 9544 9486 9262
9 9486 9544 9545 9487 9263
9 9487 9545 9546 9488 9264
9 9488 9546 9547 9489 9265
9 9489 9547 9548 9490 9266
9 9490 9548 9549 9491 9267
9 9491 9549 9550 9492 9268
9 9492 9550 9551 9493 9269
9 9493 9551 9552 9494 9270
9 9494 9552 9553 9495 9271
9 9495 9553 9554 9496 9272
9 9496 9554 9555 9497 9273
9 9497 9555 9556 9498 9274
9 9498 9556 9557 9499 9275
9 9499 9557 9558 9500 9276
9 9500 9558 9559 9501 9277
9 9501 9559 9560 9502 9278
9 9502 9560 9561 9503 9279
9 9503 9561 9562 9504 9280
9 9504 9562 9563 9505 9281
9 9505 9563 9564 9506 9282
9 9506 9564 9565 9507 9283
9 9507 9565 9566 9508 9284
9 9508 9566 9567 9509 9285
9 9509 9567 9568 9510 9286
9 9510 9568 9569 9511 9287
9 9511 9569 9570 9512 9288
9 9512 9570 9571 9513 9289
9 9513 9571 9572 9514 9290
9 9514 9572 9573 9515 9291
9 9515 9573 195 194 9292
9 481 482 9574 9516 9293
9 9516 9574 9575 9517 9294
9 9517 9575 9576 9518 9295
9 9518 9576 9577 9519 9296
9 9519 9577 9578 9520 9297
9 9520 9578 9579 9521 9298
9 9521 9579 9580 9522 9299
9 9522 9580 9581 9523 9300
9 9523 9581 9582 9524 9301
9 9524 9582 9583 9525 9302
9 9525 9583 9584 9526 9303
9 9526 9584 9585 9527 9304
9 9527 9585 9586 9528 9305
9 9528 9586 9587 9529 9306
9 9529 9587 9588 9530 9307
9 9530 9588 9589 9531 9308
9 9531 9589 9590 9532 9309
9 9532 9590 9591 9533 9310
9 9533 9591 9592 9534 9311
9 9534 9592 9593 9535 9312
9 9535 9593 9594 9536 9313
9 9536 9594 9595 9537 9314
9 9537 9595 9596 9538 9315
9 9538 9596 9597 9539 9316
9 9539 9597 9598 9540 9317
9 9540 9598 9599 9541 9318
9 9541 9599 9600 9542 9319
9 9542 9600 9601 9543 9320
9 9543 9601 9602 9544 9321
9 9544 9602 9603 9545 9322
9 9545 9603 9604 9546 9323
9 9546 9604 9605 9547 9324
9 9547 9605 9606 9548 9325
9 9548 9606 9607 9549 9326
9 9549 9607 9608 9550 9327
9 9550 9608 9609 9551 9328
9 9551 9609 9610 9552 9329
9 9552 9610 9611 9553 9330
9 9553 9611 9612 9554 9331
9 9554 9612 9613 9555 9332
9 9555 9613 9614 9556 9333
9 9556 9614 9615 9557 9334
9 9557 9615 9616 9558 9335
9 9558 9616 9617 9559 9336
9 9559 9617 9618 9560 9337
9 9560 9618 9619 9561 9338
9 9561 9619 9620 9562 9339
9 9562 9620 9621 9563 9340
9 9563 9621 9622 9564 9341
9 9564 9622 9623 9565 9342
9 9565 9623 9624 9566 9343
9 9566 9624 9625 9567 9344
9 9567 9625 9626 9568 9345
9 9568 9626 9627 9569 9346
9 9569 9627 9628 9570 9347
9 9570 9628 9629 9571 9348
9 9571 9629 9630 9572 9349
9 9572 9630 9631 9573 9350
9 9573 9631 196 195 9351
9 482 483 9632 9574 9352
9 9574 9632 9633 9575 9353
9 9575 9633 9634 9576 9354
9 9576 9634 9635 9577 9355
9 9577 9635 9636 9578 9356
9 9578 9636 9637 9579 9357
9 9579 9637 9638 9580 9358
9 9580 9638 9639 9581 9359
9 9581 9639 9640 9582 9360
9 9582 9640 9641 9583 9361
9 9583 9641 9642 9584 9362
9 9584 9642 9643 9585 9363
9 9585 9643 9644 9586 9364
9 9586 9644 9645 9587 9365
9 9587 9645 9646 9588 9366
9 9588 9646 9647 9589 9367
9 9589 9647 9648 9590 9368
9 9590 9648 9649 9591 9369
9 9591 9649 9650 9592 9370
9 9592 9650 9651 9593 9371
9 9593 9651 9652 9594 9372
9 9594 9652 9653 9595 9373
9 9595 9653 9654 9596 9374
9 9596 9654 9655 9597 9375
9 9597 9655 9656 9598 9376
9 9598 9656 9657 9599 9377
9 9599 9657 9658 9600 9378
9 9600 9658 9659 9601 9379
9 9601 9659 9660 9602 9380
9 9602 9660 9661 9603 9381
9 9603 9661 9662 9604 9382
9 9604 9662 9663 9605 9383
9 9605 9663 9664 9606 9384
9 9606 9664 9665 9607 9385
9 9607 9665 9666 9608 9386
9 9608 9666 9667 9609 9387
9 9609 9667 9668 9610 9388
9 9610 9668 9669 9611 9389
9 9611 9669 9670 9612 9390
9 9612 9670 9671 9613 9391
9 9613 9671 9672 9614 9392
9 9614 9672 9673 9615 9393
9 9615 9673 9674 9616 9394
9 9616 9674 9675 9617 9395
9 9617 9675 9676 9618 9396
9 9618 9676 9677 9619 9397
9 9619 9677 9678 9620 9398
9 9620 9678 9679 9621 9399
9 9621 9679 9680 9622 9400
9 9622 9680 9681 9623 9401
9 9623 9681 9682 9624 9402
9 9624 9682 9683 9625 9403
9 9625 9683 9684 9626 9404
9 9626 9684 9685 9627 9405
9 9627 9685 9686 9628 9406
9 9628 9686 9687 9629 9407
9 9629 9687 9688 9630 9408
9 9630 9688 9689 9631 9409
9 9631 9689 197 196 9410
9 483 484 9690 9632 9411
9 9632 9690 9691 9633 9412
9 9633 9691 9692 9634 9413
9 9634 9692 9693 9635 9414
9 9635 9693 9694 9636 9415
9 9636 9694 9695 9637 9416
9 9637 9695 9696 9638 9417
9 9638 9696 9697 9639 9418
9 9639 9697 9698 9640 9419
9 9640 9698 9699 9641 9420
9 9641 9699 9700 9642 9421
9 9642 9700 9701 9643 9422
9 9643 9701 9702 9644 9423
9 9644 9702 9703 9645 9424
9 9645 9703 9704 9646 9425
9 9646 9704 9705 9647 9426
9 9647 9705 9706 9648 9427
9 9648 9706 9707 9649 9428
9 9649 9707 9708 9650 9429
9 9650 9708 9709 9651 9430
9 9651 9709 9710 9652 9431
9 9652 9710 9711 9653 9432
9 9653 9711 9712 9654 9433
9 9654 9712 9713 9655 9434
9 9655 9713 9714 9656 9435
9 9656 9714 9715 9657 9436
9 9657 9715 9716 9658 9437
9 9658 9716 9717 9659 9438
9 9659 9717 9718 9660 9439
9 9660 9718 9719 9661 9440
9 9661 9719 9720 9662 9441
9 9662 9720 9721 9663 9442
9 9663 9721 9722 9664 9443
9 9664 9722 9723 9665 9444
9 9665 9723 9724 9666 9445
9 9666 9724 9725 9667 9446
9 9667 9725 9726 9668 9447
9 9668 9726 9727 9669 9448
9 9669 9727 9728 9670 9449
9 9670 9728 9729 9671 9450
9 9671 9729 9730 9672 9451
9 9672 9730 9731 9673 9452
9 9673 9731 9732 9674 9453
9 9674 9732 9733 9675 9454
9 9675 9733 9734 9676 9455
9 9676 9734 9735 9677 9456
9 9677 9735 9736 9678 9457
9 9678 9736 9737 9679 9458
9 9679 9737 9738 9680 9459
9 9680 9738 9739 9681 9460
9 9681 9739 9740 9682 9461
9 9682 9740 9741 9683 9462
9 9683 9741 9742 9684 9463
9 9684 9742 9743 9685 9464
9 9685 9743 9744 9686 9465
9 9686 9744 9745 9687 9466
9 9687 9745 9746 9688 9467
9 9688 9746 9747 9689 9468
9 9689 9747 198 197 9469
9 484 485 9748 9690 9470
9 9690 9748 9749 9691 9471
9 9691 9749 9750 9692 9472
9 9692 9750 9751 9693 9473
9 9693 9751 9752 9694 9474
9 9694 9752 9753 9695 9475
9 9695 9753 9754 9696 9476
9 9696 9754 9755 9697 9477
9 9697 9755 9756 9698 9478
9 9698 9756 9757 9699 9479
9 9699 9757 9758 9700 9480
9 9700 9758 9759 9701 9481
9 9701 9759 9760 9702 9482
9 9702 9760 9761 9703 9483
9 9703 9761 9762 9704 9484
9 9704 9762 9763 9705 9485
9 9705 9763 9764 9706 9486
9 9706 9764 9765 9707 9487
9 9707 9765 9766 9708 9488
9 9708 9766 9767 9709 9489
9 9709 9767 9768 9710 9490
9 9710 9768 9769 9711 9491
9 9711 9769 9770 9712 9492
9 9712 9770 9771 9713 9493
9 9713 9771 9772 9714 9494
9 9714 9772 9773 9715 9495
9 9715 9773 9774 9716 9496
9 9716 9774 9775 9717 9497
9 9717 9775 9776 9718 9498
9 9718 9776 9777 9719 9499
9 9719 9777 9778 9720 9500
9 9720 9778 9779 9721 9501
9 9721 9779 9780 9722 9502
9 9722 9780 9781 9723 9503
9 9723 9781 9782 9724 9504
9 9724 9782 9783 9725 9505
9 9725 9783 9784 9726 9506
9 9726 9784 9785 9727 9507
9 9727 9785 9786 9728 9508
9 9728 9786 9787 9729 9509
9 9729 9787 9788 9730 9510
9 9730 9788 9789 9731 9511
9 9731 9789 9790 9732 9512
9 9732 9790 9791 9733 9513
9 9733 9791 9792 9734 9514
9 9734 9792 9793 9735 9515
9 9735 9793 9794 9736 9516
9 9736 9794 9795 9737 9517
9 9737 9795 9796 9738 9518
9 9738 9796 9797 9739 9519
9 9739 9797 9798 9740 9520
9 9740 9798 9799 9741 9521
9 9741 9799 9800 9742 9522
9 9742 9800 9801 9743 9523
9 9743 9801 9802 9744 9524
9 9744 9802 9803 9745 9525
9 9745 9803 9804 9746 9526
9 9746 9804 9805 9747 9527
9 9747 9805 199 198 9528
9 485 486 9806 9748 9529
9 9748 9806 9807 9749 9530
9 9749 9807 9808 9750 9531
9 9750 9808 9809 9751 9532
9 9751 9809 9810 9752 9533
9 9752 9810 9811 9753 9534
9 9753 9811 9812 9754 9535
9 9754 9812 9813 9755 9536
9 9755 9813 9814 9756 9537
9 9756 9814 9815 9757 9538
9 9757 9815 9816 9758 9539
9 9758 9816 9817 9759 9540
9 9759 9817 9818 9760 9541
9 9760 9818 9819 9761 9542
9 9761 9819 9820 9762 9543
9 9762 9820 9821 9763 9544
9 9763 9821 9822 9764 9545
9 9764 9822 9823 9765 9546
9 9765 9823 9824 9766 9547
9 9766 9824 9825 9767 9548
9 9767 9825 9826 9768 9549
9 9768 9826 9827 9769 9550
9 9769 9827 9828 9770 9551
9 9770 9828 9829 9771 9552
9 9771 9829 9830 9772 9553
9 9772 9830 9831 9773 9554
9 9773 9831 9832 9774 9555
9 9774 9832 9833 9775 9556
9 9775 9833 9834 9776 9557
9 9776 9834 9835 9777 9558
9 9777 9835 9836 9778 9559
9 9778 9836 9837 9779 9560
9 9779 9837 9838 9780 9561
9 9780 9838 9839 9781 9562
9 9781 9839 9840 9782 9563
9 9782 9840 9841 9783 9564
9 9783 9841 9842 9784 9565
9 9784 9842 9843 9785 9566
9 9785 9843 9844 9786 9567
9 9786 9844 9845 9787 9568
9 9787 9845 9846 9788 9569
9 9788 9846 9847 9789 9570
9 9789 9847 9848 9790 9571
9 9790 9848 9849 9791 9572
9 9791 9849 9850 9792 9573
9 9792 9850 9851 9793 9574
9 9793 9851 9852 9794 9575
9 9794 9852 9853 9795 9576
9 9795 9853 9854 9796 9577
9 9796 9854 9855 9797 9578
9 9797 9855 9856 9798 9579
9 9798 9856 9857 9799 9580
9 9799 9857 9858 9800 9581
9 9800 9858 9859 9801 9582
9 9801 9859 9860 9802 9583
9 9802 9860 9861 9803 9584
9 9803 9861 9862 9804 9585
9 9804 9862 9863 9805 9586
9 9805 9863 200 199 9587
9 486 487 9864 9806 9588
9 9806 9864 9865 9807 9589
9 9807 9865 9866 9808 9590
9 9808 9866 9867 9809 9591
9 9809 9867 9868 9810 9592
9 9810 9868 9869 9811 9593
9 9811 9869 9870 9812 9594
9 9812 9870 9871 9813 9595
9 9813 9871 9872 9814 9596
9 9814 9872 9873 9815 9597
9 9815 9873 9874 9816 9598
9 9816 9874 9875 9817 9599
9 9817 9875 9876 9818 9600
9 9818 9876 9877 9819 9601
9 9819 9877 9878 9820 9602
9 9820 9878 9879 9821 9603
9 9821 9879 9880 9822 9604
9 9822 9880 9881 9823 9605
9 9823 9881 9882 9824 9606
9 9824 9882 9883 9825 9607
9 9825 9883 9884 9826 9608
9 9826 9884 9885 9827 9609
9 9827 9885 9886 9828 9610
9 9828 9886 9887 9829 9611
9 9829 9887 9888 9830 9612
9 9830 9888 9889 9831 9613
9 9831 9889 9890 9832 9614
9 9832 9890 9891 9833 9615
9 9833 9891 9892 9834 9616
9 9834 9892 9893 9835 9617
9 9835 9893 9894 9836 9618
9 9836 9894 9895 9837 9619
9 9837 9895 9896 9838 9620
9 9838 9896 9897 9839 9621
9 9839 9897 9898 9840 9622
9 9840 9898 9899 9841 9623
9 9841 9899 9900 9842 9624
9 9842 9900 9901 9843 9625
9 9843 9901 9902 9844 9626
9 9844 9902 9903 9845 9627
9 9845 9903 9904 9846 9628
9 9846 9904 9905 9847 9629
9 9847 9905 9906 9848 9630
9 9848 9906 9907 9849 9631
9 9849 9907 9908 9850 9632
9 9850 9908 9909 9851 9633
9 9851 9909 9910 9852 9634
9 9852 9910 9911 9853 9635
9 9853 9911 9912 9854 9636
9 9854 9912 9913 9855 9637
9 9855 9913 9914 9856 9638
9 9856 9914 9915 9857 9639
9 9857 9915 9916 9858 9640
9 9858 9916 9917 9859 9641
9 9859 9917 9918 9860 9642
9 9860 9918 9919 9861 9643
9 9861 9919 9920 9862 9644
9 9862 9920 9921 9863 9645
9 9863 9921 201 200 9646
9 487 488 9922 9864 9647
9 9864 9922 9923 9865 9648
9 9865 9923 9924 9866 9649
9 9866 9924 9925 9867 9650
9 9867 9925 9926 9868 9651
9 9868 9926 9927 9869 9652
9 9869 9927 9928 9870 9653
9 9870 9928 9929 9871 9654
9 9871 9929 9930 9872 9655
9 9872 9930 9931 9873 9656
9 9873 9931 9932 9874 9657
9 9874 9932 9933 9875 9658
9 9875 9933 9934 9876 9659
9 9876 9934 9935 9877 9660
9 9877 9935 9936 9878 9661
9 9878 9936 9937 9879 9662
9 9879 9937 9938 9880 9663
9 9880 9938 9939 9881 9664
9 9881 9939 9940 9882 9665
9 9882 9940 9941 9883 9666
9 9883 9941 9942 9884 9667
9 9884 9942 9943 9885 9668
9 9885 9943 9944 9886 9669
9 9886 9944 9945 9887 9670
9 9887 9945 9946 9888 9671
9 9888 9946 9947 9889 9672
9 9889 9947 9948 9890 9673
9 9890 9948 9949 9891 9674
9 9891 9949 9950 9892 9675
9 9892 9950 9951 9893 9676
9 9893 9951 9952 9894 9677
9 9894 9952 9953 9895 9678
9 9895 9953 9954 9896 9679
9 9896 9954 9955 9897 9680
9 9897 9955 9956 9898 9681
9 9898 9956 9957 9899 9682
9 9899 9957 9958 9900 9683
9 9900 9958 9959 9901 9684
9 9901 9959 9960 9902 9685
9 9902 9960 9961 9903 9686
9 9903 9961 9962 9904 9687
9 9904 9962 9963 9905 9688
9 9905 9963 9964 9906 9689
9 9906 9964 9965 9907 9690
9 9907 9965 9966 9908 9691
9 9908 9966 9967 9909 9692
9 9909 9967 9968 9910 9693
9 9910 9968 9969 9911 9694
9 9911 9969 9970 9912 9695
9 9912 9970 9971 9913 9696
9 9913 9971 9972 9914 9697
9 9914 9972 9973 9915 9698
9 9915 9973 9974 9916 9699
9 9916 9974 9975 9917 9700
9 9917 9975 9976 9918 9701
9 9918 9976 9977 9919 9702
9 9919 9977 9978 9920 9703
9 9920 9978 9979 9921 9704
9 9921 9979 202 201 9705
9 488 489 9980 9922 9706
9 9922 9980 9981 9923 9707
9 9923 9981 9982 9924 9708
9 9924 9982 9983 9925 9709
9 9925 9983 9984 9926 9710
9 9926 9984 9985 9927 9711
9 9927 9985 9986 9928 9712
9 9928 9986 9987 9929 9713
9 9929 9987 9988 9930 9714
9 9930 9988 9989 9931 9715
9 9931 9989 9990 9932 9716
9 9932 9990 9991 9933 9717
9 9933 9991 9992 9934 9718
9 9934 9992 9993 9935 9719
9 9935 9993 9994 9936 9720
9 9936 9994 9995 9937 9721
9 9937 9995 9996 9938 9722
9 9938 9996 9997 9939 9723
9 9939 9997 9998 9940 9724
9 9940 9998 9999 9941 9725
9 9941 9999 10000 9942 9726
9 9942 10000 10001 9943 9727
9 9943 10001 10002 9944 9728
9 9944 10002 10003 9945 9729
9 9945 10003 10004 9946 9730
9 9946 10004 10005 9947 9731
9 9947 10005 10006 9948 9732
9 9948 10006 10007 9949 9733
9 9949 10007 10008 9950 9734
9 9950 10008 10009 9951 9735
9 9951 10009 10010 9952 9736
9 9952 10010 10011 9953 9737
9 9953 10011 10012 9954 9738
9 9954 10012 10013 9955 9739
9 9955 10013 10014 9956 9740
9 9956 10014 10015 9957 9741
9 9957 10015 10016 9958 9742
9 9958 10016 10017 9959 9743
9 9959 10017 10018 9960 9744
9 9960 10018 10019 9961 9745
9 9961 10019 10020 9962 9746
9 9962 10020 10021 9963 9747
9 9963 10021 10022 9964 9748
9 9964 10022 10023 9965 9749
9 9965 10023 10024 9966 9750
9 9966 10024 10025 9967 9751
9 9967 10025 10026 9968 9752
9 9968 10026 10027 9969 9753
9 9969 10027 10028 9970 9754
9 9970 10028 10029 9971 9755
9 9971 10029 10030 9972 9756
9 9972 10030 10031 9973 9757
9 9973 10031 10032 9974 9758
9 9974 10032 10033 9975 9759
9 9975 10033 10034 9976 9760
9 9976 10034 10035 9977 9761
9 9977 10035 10036 9978 9762
9 9978 10036 10037 9979 9763
9 9979 10037 203 202 9764
9 489 490 10038 9980 9765
9 9980 10038 10039 9981 9766
9 9981 10039 10040 9982 9767
9 9982 10040 10041 9983 9768
9 9983 10041 10042 9984 9769
9 9984 10042 10043 9985 9770
9 9985 10043 10044 9986 9771
9 9986 10044 10045 9987 9772
9 9987 10045 10046 9988 9773
9 9988 10046 10047 9989 9774
9 9989 10047 10048 9990 9775
9 9990 10048 10049 9991 9776
9 9991 10049 10050 9992 9777
9 9992 10050 10051 9993 9778
9 9993 10051 10052 9994 9779
9 9994 10052 10053 9995 9780
9 9995 10053 10054 9996 9781
9 9996 10054 10055 9997 9782
9 9997 10055 10056 9998 9783
9 9998 10056 10057 9999 9784
9 9999 10057 10058 10000 9785
9 10000 10058 10059 10001 9786
9 10001 10059 10060 10002 9787
9 10002 10060 10061 10003 9788
9 10003 10061 10062 10004 9789
9 10004 10062 10063 10005 9790
9 10005 10063 10064 10006 9791
9 10006 10064 10065 10007 9792
9 10007 10065 10066 10008 9793
9 10008 10066 10067 10009 9794
9 10009 10067 10068 10010 9795
9 10010 10068 10069 10011 9796
9 10011 10069 10070 10012 9797
9 10012 10070 10071 10013 9798
9 10013 10071 10072 10014 9799
9 10014 10072 10073 10015 9800
9 10015 10073 10074 10016 9801
9 10016 10074 10075 10017 9802
9 10017 10075 10076 10018 9803
9 10018 10076 10077 10019 9804
9 10019 10077 10078 10020 9805
9 10020 10078 10079 10021 9806
9 10021 10079 10080 10022 9807
9 10022 10080 10081 10023 9808
9 10023 10081 10082 10024 9809
9 10024 10082 10083 10025 9810
9 10025 10083 10084 10026 9811
9 10026 10084 10085 10027 9812
9 10027 10085 10086 10028 9813
9 10028 10086 10087 10029 9814
9 10029 10087 10088 10030 9815
9 10030 10088 10089 10031 9816
9 10031 10089 10090 10032 9817
9 10032 10090 10091 10033 9818
9 10033 10091 10092 10034 9819
9 10034 10092 10093 10035 9820
9 10035 10093 10094 10036 9821
9 10036 10094 10095 10037 9822
9 10037 10095 204 203 9823
9 490 491 10096 10038 9824
9 10038 10096 10097 10039 9825
9 10039 10097 10098 10040 9826
9 10040 10098 10099 10041 9827
9 10041 10099 10100 10042 9828
9 10042 10100 10101 10043 9829
9 10043 10101 10102 10044 9830
9 10044 10102 10103 10045 9831
9 10045 10103 10104 10046 9832
9 10046 10104 10105 10047 9833
9 10047 10105 10106 10048 9834
9 10048 10106 10107 10049 9835
9 10049 10107 10108 10050 9836
9 10050 10108 10109 10051 9837
9 10051 10109 10110 10052 9838
9 10052 10110 10111 10053 9839
9 10053 10111 10112 10054 9840
9 10054 10112 10113 10055 9841
9 10055 10113 10114 10056 9842
9 10056 10114 10115 10057 9843
9 10057 10115 10116 10058 9844
9 10058 10116 10117 10059 9845
9 10059 10117 10118 10060 9846
9 10060 10118 10119 10061 9847
9 10061 10119 10120 10062 9848
9 10062 10120 10121 10063 9849
9 10063 10121 10122 10064 9850
9 10064 10122 10123 10065 9851
9 10065 10123 10124 10066 9852
9 10066 10124 10125 10067 9853
9 10067 10125 10126 10068 9854
9 10068 10126 10127 10069 9855
9 10069 10127 10128 10070 9856
9 10070 10128 10129 10071 9857
9 10071 10129 10130 10072 9858
9 10072 10130 10131 10073 9859
9 10073 10131 10132 10074 9860
9 10074 10132 10133 10075 9861
9 10075 10133 10134 10076 9862
9 10076 10134 10135 10077 9863
9 10077 10135 10136 10078 9864
9 10078 10136 10137 10079 9865
9 10079 10137 10138 10080 9866
9 10080 10138 10139 10081 9867
9 10081 10139 10140 10082 9868
9 10082 10140 10141 10083 9869
9 10083 10141 10142 10084 9870
9 10084 10142 10143 10085 9871
9 10085 10143 10144 10086 9872
9 10086 10144 10145 10087 9873
9 10087 10145 10146 10088 9874
9 10088 10146 10147 10089 9875
9 10089 10147 10148 10090 9876
9 10090 10148 10149 10091 9877
9 10091 10149 10150 10092 9878
9 10092 10150 10151 10093 9879
9 10093 10151 10152 10094 9880
9 10094 10152 10153 10095 9881
9 10095 10153 205 204 9882
9 491 492 10154 10096 9883
9 10096 10154 10155 10097 9884
9 10097 10155 10156 10098 9885
9 10098 10156 10157 10099 9886
9 10099 10157 10158 10100 9887
9 10100 10158 10159 10101 9888
9 10101 10159 10160 10102 9889
9 10102 10160 10161 10103 9890
9 10103 10161 10162 10104 9891
9 10104 10162 10163 10105 9892
9 10105 10163 10164 10106 9893
9 10106 10164 10165 10107 9894
9 10107 10165 10166 10108 9895
9 10108 10166 10167 10109 9896
9 10109 10167 10168 10110 9897
9 10110 10168 10169 10111 9898
9 10111 10169 10170 10112 9899
9 10112 10170 10171 10113 9900
9 10113 10171 10172 10114 9901
9 10114 10172 10173 10115 9902
9 10115 10173 10174 10116 9903
9 10116 10174 10175 10117 9904
9 10117 10175 10176 10118 9905
9 10118 10176 10177 10119 9906
9 10119 10177 10178 10120 9907
9 10120 10178 10179 10121 9908
9 10121 10179 10180 10122 9909
9 10122 10180 10181 10123 9910
9 10123 10181 10182 10124 9911
9 10124 10182 10183 10125 9912
9 10125 10183 10184 10126 9913
9 10126 10184 10185 10127 9914
9 10127 10185 10186 10128 9915
9 10128 10186 10187 10129 9916
9 10129 10187 10188 10130 9917
9 10130 10188 10189 10131 9918
9 10131 10189 10190 10132 9919
9 10132 10190 10191 10133 9920
9 10133 10191 10192 10134 9921
9 10134 10192 10193 10135 9922
9 10135 10193 10194 10136 9923
9 10136 10194 10195 10137 9924
9 10137 10195 10196 10138 9925
9 10138 10196 10197 10139 9926
9 10139 10197 10198 10140 9927
9 10140 10198 10199 10141 9928
9 10141 10199 10200 10142 9929
9 10142 10200 10201 10143 9930
9 10143 10201 10202 10144 9931
9 10144 10202 10203 10145 9932
9 10145 10203 10204 10146 9933
9 10146 10204 10205 10147 9934
9 10147 10205 10206 10148 9935
9 10148 10206 10207 10149 9936
9 10149 10207 10208 10150 9937
9 10150 10208 10209 10151 9938
9 10151 10209 10210 10152 9939
9 10152 10210 10211 10153 9940
9 10153 10211 206 205 9941
9 492 493 10212 10154 9942
9 10154 10212 10213 10155 9943
9 10155 10213 10214 10156 9944
9 10156 10214 10215 10157 9945
9 10157 10215 10216 10158 9946
9 10158 10216 10217 10159 9947
9 10159 10217 10218 10160 9948
9 10160 10218 10219 10161 9949
9 10161 10219 10220 10162 9950
9 10162 10220 10221 10163 9951
9 10163 10221 10222 10164 9952
9 10164 10222 10223 10165 9953
9 10165 10223 10224 10166 9954
9 10166 10224 10225 10167 9955
9 10167 10225 10226 10168 9956
9 10168 10226 10227 10169 9957
9 10169 10227 10228 10170 9958
9 10170 10228 10229 10171 9959
9 10171 10229 10230 10172 9960
9 10172 10230 10231 10173 9961
9 10173 10231 10232 10174 9962
9 10174 10232 10233 10175 9963
9 10175 10233 10234 10176 9964
9 10176 10234 10235 10177 9965
9 10177 10235 10236 10178 9966
9 10178 10236 10237 10179 9967
9 10179 10237 10238 10180 9968
9 10180 10238 10239 10181 9969
9 10181 10239 10240 10182 9970
9 10182 10240 10241 10183 9971
9 10183 10241 10242 10184 9972
9 10184 10242 10243 10185 9973
9 10185 10243 10244 10186 9974
9 10186 10244 10245 10187 9975
9 10187 10245 10246 10188 9976
9 10188 10246 10247 10189 9977
9 10189 10247 10248 10190 9978
9 10190 10248 10249 10191 9979
9 10191 10249 10250 10192 9980
9 10192 10250 10251 10193 9981
9 10193 10251 10252 10194 9982
9 10194 10252 10253 10195 9983
9 10195 10253 10254 10196 9984
9 10196 10254 10255 10197 9985
9 10197 10255 10256 10198 9986
9 10198 10256 10257 10199 9987
9 10199 10257 10258 10200 9988
9 10200 10258 10259 10201 9989
9 10201 10259 10260 10202 9990
9 10202 10260 10261 10203 9991
9 10203 10261 10262 10204 9992
9 10204 10262 10263 10205 9993
9 10205 10263 10264 10206 9994
9 10206 10264 10265 10207 9995
9 10207 10265 10266 10208 9996
9 10208 10266 10267 10209 9997
9 10209 10267 10268 10210 9998
9 10210 10268 10269 10211 9999
9 10211 10269 207 206 10000
9 493 494 10270 10212 10001
9 10212 10270 10271 10213 10002
9 10213 10271 10272 10214 10003
9 10214 10272 10273 10215 10004
9 10215 10273 10274 10216 10005
9 10216 10274 10275 10217 10006
9 10217 10275 10276 10218 10007
9 10218 10276 10277 10219 10008
9 10219 10277 10278 10220 10009
9 10220 10278 10279 10221 10010
9 10221 10279 10280 10222 10011
9 10222 10280 10281 10223 10012
9 10223 10281 10282 10224 10013
9 10224 10282 10283 10225 10014
9 10225 10283 10284 10226 10015
9 10226 10284 10285 10227 10016
9 10227 10285 10286 10228 10017
9 10228 10286 10287 10229 10018
9 10229 10287 10288 10230 10019
9 10230 10288 10289 10231 10020
9 10231 10289 10290 10232 10021
9 10232 10290 10291 10233 10022
9 10233 10291 10292 10234 10023
9 10234 10292 10293 10235 10024
9 10235 10293 10294 10236 10025
9 10236 10294 10295 10237 10026
9 10237 10295 10296 10238 10027
9 10238 10296 10297 10239 10028
9 10239 10297 10298 10240 10029
9 10240 10298 10299 10241 10030
9 10241 10299 10300 10242 10031
9 10242 10300 10301 10243 10032
9 10243 10301 10302 10244 10033
9 10244 10302 10303 10245 10034
9 10245 10303 10304 10246 10035
9 10246 10304 10305 10247 10036
9 10247 10305 10306 10248 10037
9 10248 10306 10307 10249 10038
9 10249 10307 10308 10250 10039
9 10250 10308 10309 10251 10040
9 10251 10309 10310 10252 10041
9 10252 10310 10311 10253 10042
9 10253 10311 10312 10254 10043
9 10254 10312 10313 10255 10044
9 10255 10313 10314 10256 10045
9 10256 10314 10315 10257 10046
9 10257 10315 10316 10258 10047
9 10258 10316 10317 10259 10048
9 10259 10317 10318 10260 10049
9 10260 10318 10319 10261 10050
9 10261 10319 10320 10262 10051
9 10262 10320 10321 10263 10052
9 10263 10321 10322 10264 10053
9 10264 10322 10323 10265 10054
9 10265 10323 10324 10266 10055
9 10266 10324 10325 10267 10056
9 10267 10325 10326 10268 10057
9 10268 10326 10327 10269 10058
9 10269 10327 208 207 10059
9 494 495 10328 10270 10060
9 10270 10328 10329 10271 10061
9 10271 10329 10330 10272 10062
9 10272 10330 10331 10273 10063
9 10273 10331 10332 10274 10064
9 10274 10332 10333 10275 10065
9 10275 10333 10334 10276 10066
9 10276 10334 10335 10277 10067
9 10277 10335 10336 10278 10068
9 10278 10336 10337 10279 10069
9 10279 10337 10338 10280 10070
9 10280 10338 10339 10281 10071
9 10281 10339 10340 10282 10072
9 10282 10340 10341 10283 10073
9 10283 10341 10342 10284 10074
9 10284 10342 10343 10285 10075
9 10285 10343 10344 10286 10076
9 10286 10344 10345 10287 10077
9 10287 10345 10346 10288 10078
9 10288 10346 10347 10289 10079
9 10289 10347 10348 10290 10080
9 10290 10348 10349 10291 10081
9 10291 10349 10350 10292 10082
9 10292 10350 10351 10293 10083
9 10293 10351 10352 10294 10084
9 10294 10352 10353 10295 10085
9 10295 10353 10354 10296 10086
9 10296 10354 10355 10297 10087
9 10297 10355 10356 10298 10088
9 10298 10356 10357 10299 10089
9 10299 10357 10358 10300 10090
9 10300 10358 10359 10301 10091
9 10301 10359 10360 10302 10092
9 10302 10360 10361 10303 10093
9 10303 10361 10362 10304 10094
9 10304 10362 10363 10305 10095
9 10305 10363 10364 10306 10096
9 10306 10364 10365 10307 10097
9 10307 10365 10366 10308 10098
9 10308 10366 10367 10309 10099
9 10309 10367 10368 10310 10100
9 10310 10368 10369 10311 10101
9 10311 10369 10370 10312 10102
9 10312 10370 10371 10313 10103
9 10313 10371 10372 10314 10104
9 10314 10372 10373 10315 10105
9 10315 10373 10374 10316 10106
9 10316 10374 10375 10317 10107
9 10317 10375 10376 10318 10108
9 10318 10376 10377 10319 10109
9 10319 10377 10378 10320 10110
9 10320 10378 10379 10321 10111
9 10321 10379 10380 10322 10112
9 10322 10380 10381 10323 10113
9 10323 10381 10382 10324 10114
9 10324 10382 10383 10325 10115
9 10325 10383 10384 10326 10116
9 10326 10384 10385 10327 10117
9 10327 10385 209 208 10118
9 495 496 10386 10328 10119
9 10328 10386 10387 10329 10120
9 10329 10387 10388 10330 10121
9 10330 10388 10389 10331 10122
9 10331 10389 10390 10332 10123
9 10332 10390 10391 10333 10124
9 10333 10391 10392 10334 10125
9 10334 10392 10393 10335 10126
9 10335 10393 10394 10336 10127
9 10336 10394 10395 10337 10128
9 10337 10395 10396 10338 10129
9 10338 10396 10397 10339 10130
9 10339 10397 10398 10340 10131
9 10340 10398 10399 10341 10132
9 10341 10399 10400 10342 10133
9 10342 10400 10401 10343 10134
9 10343 10401 10402 10344 10135
9 10344 10402 10403 10345 10136
9 10345 10403 10404 10346 10137
9 10346 10404 10405 10347 10138
9 10347 10405 10406 10348 10139
9 10348 10406 10407 10349 10140
9 10349 10407 10408 10350 10141
9 10350 10408 10409 10351 10142
9 10351 10409 10410 10352 10143
9 10352 10410 10411 10353 10144
9 10353 10411 10412 10354 10145
9 10354 10412 10413 10355 10146
9 10355 10413 10414 10356 10147
9 10356 10414 10415 10357 10148
9 10357 10415 10416 10358 10149
9 10358 10416 10417 10359 10150
9 10359 10417 10418 10360 10151
9 10360 10418 10419 10361 10152
9 10361 10419 10420 10362 10153
9 10362 10420 10421 10363 10154
9 10363 10421 10422 10364 10155
9 10364 10422 10423 10365 10156
9 10365 10423 10424 10366 10157
9 10366 10424 10425 10367 10158
9 10367 10425 10426 10368 10159
9 10368 10426 10427 10369 10160
9 10369 10427 10428 10370 10161
9 10370 10428 10429 10371 10162
9 10371 10429 10430 10372 10163
9 10372 10430 10431 10373 10164
9 10373 10431 10432 10374 10165
9 10374 10432 10433 10375 10166
9 10375 10433 10434 10376 10167
9 10376 10434 10435 10377 10168
9 10377 10435 10436 10378 10169
9 10378 10436 10437 10379 10170
9 10379 10437 10438 10380 10171
9 10380 10438 10439 10381 10172
9 10381 10439 10440 10382 10173
9 10382 10440 10441 10383 10174
9 10383 10441 10442 10384 10175
9 10384 10442 10443 10385 10176
9 10385 10443 210 209 10177
9 496 497 10444 10386 10178
9 10386 10444 10445 10387 10179
9 10387 10445 10446 10388 10180
9 10388 10446 10447 10389 10181
9 10389 10447 10448 10390 10182
9 10390 10448 10449 10391 10183
9 10391 10449 10450 10392 10184
9 10392 10450 10451 10393 10185
9 10393 10451 10452 10394 10186
9 10394 10452 10453 10395 10187
9 10395 10453 10454 10396 10188
9 10396 10454 10455 10397 10189
9 10397 10455 10456 10398 10190
9 10398 10456 10457 10399 10191
9 10399 10457 10458 10400 10192
9 10400 10458 10459 10401 10193
9 10401 10459 10460 10402 10194
9 10402 10460 10461 10403 10195
9 10403 10461 10462 10404 10196
9 10404 10462 10463 10405 10197
9 10405 10463 10464 10406 10198
9 10406 10464 10465 10407 10199
9 10407 10465 10466 10408 10200
9 10408 10466 10467 10409 10201
9 10409 10467 10468 10410 10202
9 10410 10468 10469 10411 10203
9 10411 10469 10470 10412 10204
9 10412 10470 10471 10413 10205
9 10413 10471 10472 10414 10206
9 10414 10472 10473 10415 10207
9 10415 10473 10474 10416 10208
9 10416 10474 10475 10417 10209
9 10417 10475 10476 10418 10210
9 10418 10476 10477 10419 10211
9 10419 10477 10478 10420 10212
9 10420 10478 10479 10421 10213
9 10421 10479 10480 10422 10214
9 10422 10480 10481 10423 10215
9 10423 10481 10482 10424 10216
9 10424 10482 10483 10425 10217
9 10425 10483 10484 10426 10218
9 10426 10484 10485 10427 10219
9 10427 10485 10486 10428 10220
9 10428 10486 10487 10429 10221
9 10429 10487 10488 10430 10222
9 10430 10488 10489 10431 10223
9 10431 10489 10490 10432 10224
9 10432 10490 10491 10433 10225
9 10433 10491 10492 10434 10226
9 10434 10492 10493 10435 10227
9 10435 10493 10494 10436 10228
9 10436 10494 10495 10437 10229
9 10437 10495 10496 10438 10230
9 10438 10496 10497 10439 10231
9 10439 10497 10498 10440 10232
9 10440 10498 10499 10441 10233
9 10441 10499 10500 10442 10234
9 10442 10500 10501 10443 10235
9 10443 10501 211 210 10236
9 497 7 240 10444 10237
9 10444 240 241 10445 10238
9 10445 241 242 10446 10239
9 10446 242 243 10447 10240
9 10447 243 244 10448 10241
9 10448 244 245 10449 10242
9 10449 245 246 10450 10243
9 10450 246 247 10451 10244
9 10451 247 248 10452 10245
9 10452 248 249 10453 10246
9 10453 249 250 10454 10247
9 10454 250 251 10455 10248
9 10455 251 252 10456 10249
9 10456 252 253 10457 10250
9 10457 253 254 10458 10251
9 10458 254 255 10459 10252
9 10459 255 256 10460 10253
9 10460 256 257 10461 10254
9 10461 257 258 10462 10255
9 10462 258 259 10463 10256
9 10463 259 260 10464 10257
9 10464 260 261 10465 10258
9 10465 261 262 10466 10259
9 10466 262 263 10467 10260
9 10467 263 264 10468 10261
9 10468 264 265 10469 10262
9 10469 265 266 10470 10263
9 10470 266 267 10471 10264
9 10471 267 268 10472 10265
9 10472 268 269 10473 10266
9 10473 269 270 10474 10267
9 10474 270 271 10475 10268
9 10475 271 272 10476 10269
9 10476 272 273 10477 10270
9 10477 273 274 10478 10271
9 10478 274 275 10479 10272
9 10479 275 276 10480 10273
9 10480 276 277 10481 10274
9 10481 277 278 10482 10275
9 10482 278 279 10483 10276
9 10483 279 280 10484 10277
9 10484 280 281 10485 10278
9 10485 281 282 10486 10279
9 10486 282 283 10487 10280
9 10487 283 284 10488 10281
9 10488 284 285 10489 10282
9 10489 285 286 10490 10283
9 10490 286 287 10491 10284
9 10491 287 288 10492 10285
9 10492 288 289 10493 10286
9 10493 289 290 10494 10287
9 10494 290 291 10495 10288
9 10495 291 292 10496 10289
9 10496 292 293 10497 10290
9 10497 293 294 10498 10291
9 10498 294 295 10499 10292
9 10499 295 296 10500 10293
9 10500 296 297 10501 10294
9 10501 297 4 211 10295
NPOIN= 10502
0 0 0
0 0.013 1
0.007 0.013 2
0.025 0.013 3
0.025 0 4
0.025 0.002 5
0.025 0.011 6
0.007 0 7
0 0.002 8
0 0.011 9
0.007 0.011 10
0.007 0.002 11
0.0002413793103443646 0.013 12
0.0004827586206886789 0.013 13
0.0007241379310331313 0.013 14
0.0009655172413774838 0.013 15
0.001206896551721599 0.013 16
0.001448275862065744 0.013 17
0.001689655172409849 0.013 18
0.001931034482753996 0.013 19
0.002172413793098259 0.013 20
0.002413793103442212 0.013 21
0.002655172413786504 0.013 22
0.002896551724130458 0.013 23
0.00313793103447475 0.013 24
0.003379310344818703 0.013 25
0.003620689655163724 0.013 26
0.003862068965508882 0.013 27
0.004103448275854636 0.013 28
0.004344827586200421 0.013 29
0.004586206896545069 0.013 30
0.004827586206890638 0.013 31
0.005068965517236424 0.013 32
0.00531034482758221 0.013 33
0.005551724137926974 0.013 34
0.005793103448272427 0.013 35
0.006034482758618212 0.013 36
0.006275862068963999 0.013 37
0.006517241379308879 0.013 38
0.006758620689654216 0.013 39
0.007305084745762476 0.013 40
0.007610169491524386 0.013 41
0.007915254237286326 0.013 42
0.008220338983047526 0.013 43
0.008525423728809475 0.013 44
0.00883050847457198 0.013 45
0.009135593220334484 0.013 46
0.009440677966096989 0.013 47
0.009745762711859316 0.013 48
0.01005084745762109 0.013 49
0.01035593220338222 0.013 50
0.01066101694914327 0.013 51
0.01096610169490504 0.013 52
0.01127118644066681 0.013 53
0.01157627118642892 0.013 54
0.01188135593219069 0.013 55
0.01218644067795246 0.013 56
0.01249152542371424 0.013 57
0.01279661016947668 0.013 58
0.01310169491523844 0.013 59
0.01340677966100022 0.013 60
0.01371186440676199 0.013 61
0.01401694915252409 0.013 62
0.01432203389828586 0.013 63
0.01462711864404763 0.013 64
0.01493220338980954 0.013 65
0.01523728813557204 0.013 66
0.01554237288133405 0.013 67
0.01584745762709508 0.013 68
0.01615254237285826 0.013 69
0.01645762711862224 0.013 70
0.01676271186438622 0.013 71
0.01706779661014911 0.013 72
0.01737288135591162 0.013 73
0.01767796610167543 0.013 74
0.01798305084743941 0.013 75
0.01828813559320338 0.013 76
0.01859322033896736 0.013 77
0.01889830508473134 0.013 78
0.01920338983049411 0.013 79
0.01950847457625661 0.013 80
0.01981355932201919 0.013 81
0.02011864406778317 0.013 82
0.02042372881354714 0.013 83
0.02072881355931112 0.013 84
0.0210338983050751 0.013 85
0.02133898305083907 0.013 86
0.0216440677966016 0.013 87
0.02194915254236431 0.013 88
0.02225423728812829 0.013 89
0.02255932203389227 0.013 90
0.02286440677965501 0.013 91
0.02316949152541751 0.013 92
0.02347457627118148 0.013 93
0.02377966101694545 0.013 94
0.02408474576270943 0.013 95
0.02438983050847341 0.013 96
0.02469491525423739 0.013 97
0.025 0.01293103448275834 98
0.025 0.01286206896551668 99
0.025 0.01279310344827502 100
0.025 0.01272413793103336 101
0.025 0.0126551724137917 102
0.025 0.01258620689655004 103
0.025 0.01251724137930838 104
0.025 0.01244827586206672 105
0.025 0.01237931034482506 106
0.025 0.0123103448275834 107
0.025 0.01224137931034174 108
0.025 0.01217241379310143 109
0.025 0.01210344827586126 110
0.025 0.01203448275862238 111
0.025 0.01196551724138188 112
0.025 0.01189655172414043 113
0.025 0.01182758620689991 114
0.025 0.01175862068965825 115
0.025 0.0116896551724166 116
0.025 0.01162068965517494 117
0.025 0.01155172413793328 118
0.025 0.01148275862069162 119
0.025 0.01141379310344996 120
0.025 0.0113448275862083 121
0.025 0.01127586206896664 122
0.025 0.01120689655172498 123
0.025 0.01113793103448332 124
0.025 0.01106896551724166 125
0.025 0.01084745762711875 126
0.025 0.01069491525423751 127
0.025 0.01054237288135677 128
0.025 0.01038983050847603 129
0.025 0.01023728813559478 130
0.025 0.01008474576271354 131
0.025 0.009932203389832289 132
0.025 0.009779661016951501 133
0.025 0.00962711864407099 134
0.025 0.009474576271190478 135
0.025 0.009322033898309674 136
0.025 0.009169491525428427 137
0.025 0.00901694915254718 138
0.025 0.008864406779666399 139
0.025 0.008711864406785182 140
0.025 0.00855932203390402 141
0.025 0.00840677966102321 142
0.025 0.00825423728814232 143
0.025 0.008101694915261394 144
0.025 0.007949152542380619 145
0.025 0.007796610169499483 146
0.025 0.007644067796618454 147
0.025 0.007491525423737575 148
0.025 0.007338983050856698 149
0.025 0.007186440677975818 150
0.025 0.007033898305094871 151
0.025 0.006881355932213624 152
0.025 0.006728813559332377 153
0.025 0.006576271186451609 154
0.025 0.006423728813570363 155
0.025 0.006271186440688381 156
0.025 0.006118644067806712 157
0.025 0.005966101694925465 158
0.025 0.005813559322043791 159
0.025 0.005661016949161809 160
0.025 0.005508474576279827 161
0.025 0.005355932203397845 162
0.025 0.005203389830516182 163
0.025 0.005050847457634935 164
0.025 0.004898305084753255 165
0.025 0.004745762711871272 166
0.025 0.00459322033898929 167
0.025 0.004440677966107308 168
0.025 0.00428813559322565 169
0.025 0.004135593220344297 170
0.025 0.003983050847462379 171
0.025 0.003830508474580397 172
0.025 0.003677966101698415 173
0.025 0.003525423728816485 174
0.025 0.00337288135593512 175
0.025 0.003220338983053764 176
0.025 0.003067796610171843 177
0.025 0.002915254237290532 178
0.025 0.002762711864409234 179
0.025 0.002610169491527252 180
0.025 0.002457627118645269 181
0.025 0.002305084745763287 182
0.025 0.002152542372881304 183
0.025 0.001931034482758409 184
0.025 0.001862068965517114 185
0.025 0.00179310344827582 186
0.025 0.001724137931034792 187
0.025 0.001655172413793739 188
0.025 0.001586206896552444 189
0.025 0.00151724137931115 190
0.025 0.001448275862069686 191
0.025 0.001379310344828391 192
0.025 0.00131034482758732 193
0.025 0.0012413793103464 194
0.025 0.001172413793105479 195
0.025 0.001103448275864314 196
0.025 0.00103448275862302 197
0.025 0.0009655172413816652 198
0.025 0.0008965517241400918 199
0.025 0.0008275862068987518 200
0.025 0.0007586206896570834 201
0.025 0.000689655172415415 202
0.025 0.0006206896551739813 203
0.025 0.0005517241379325013 204
0.025 0.0004827586206908327 205
0.025 0.0004137931034491863 206
0.025 0.0003448275862078709 207
0.025 0.0002758620689662507 208
0.025 0.0002068965517245823 209
0.025 0.0001379310344830555 210
0.025 6.896551724166881e-05 211
0.0002413793103443646 0 212
0.0004827586206886789 0 213
0.0007241379310331313 0 214
0.0009655172413774838 0 215
0.001206896551721599 0 216
0.001448275862065744 0 217
0.001689655172409849 0 218
0.001931034482753996 0 219
0.002172413793098259 0 220
0.002413793103442212 0 221
0.002655172413786504 0 222
0.002896551724130458 0 223
0.00313793103447475 0 224
0.003379310344818703 0 225
0.003620689655163724 0 226
0.003862068965508882 0 227
0.004103448275854636 0 228
0.004344827586200421 0 229
0.004586206896545069 0 230
0.004827586206890638 0 231
0.005068965517236424 0 232
0.00531034482758221 0 233
0.005551724137926974 0 234
0.005793103448272427 0 235
0.006034482758618212 0 236
0.006275862068963999 0 237
0.006517241379308879 0 238
0.006758620689654216 0 239
0.007305084745762476 0 240
0.007610169491524386 0 241
0.007915254237286326 0 242
0.008220338983047526 0 243
0.008525423728809475 0 244
0.00883050847457198 0 245
0.009135593220334484 0 246
0.009440677966096989 0 247
0.009745762711859316 0 248
0.01005084745762109 0 249
0.01035593220338222 0 250
0.01066101694914327 0 251
0.01096610169490504 0 252
0.01127118644066681 0 253
0.01157627118642892 0 254
0.01188135593219069 0 255
0.01218644067795246 0 256
0.01249152542371424 0 257
0.01279661016947668 0 258
0.01310169491523844 0 259
0.01340677966100022 0 260
0.01371186440676199 0 261
0.01401694915252409 0 262
0.01432203389828586 0 263
0.01462711864404763 0 264
0.01493220338980954 0 265
0.01523728813557204 0 266
0.01554237288133405 0 267
0.01584745762709508 0 268
0.01615254237285826 0 269
0.01645762711862224 0 270
0.01676271186438622 0 271
0.01706779661014911 0 272
0.01737288135591162 0 273
0.01767796610167543 0 274
0.01798305084743941 0 275
0.01828813559320338 0 276
0.01859322033896736 0 277
0.01889830508473134 0 278
0.01920338983049411 0 279
0.01950847457625661 0 280
0.01981355932201919 0 281
0.02011864406778317 0 282
0.02042372881354714 0 283
0.02072881355931112 0 284
0.0210338983050751 0 285
0.02133898305083907 0 286
0.0216440677966016 0 287
0.02194915254236431 0 288
0.02225423728812829 0 289
0.02255932203389227 0 290
0.02286440677965501 0 291
0.02316949152541751 0 292
0.02347457627118148 0 293
0.02377966101694545 0 294
0.02408474576270943 0 295
0.02438983050847341 0 296
0.02469491525423739 0 297
0.0002413793103443646 0.011 298
0.0004827586206886789 0.011 299
0.0007241379310331313 0.011 300
0.0009655172413774838 0.011 301
0.001206896551721599 0.011 302
0.001448275862065744 0.011 303
0.001689655172409849 0.011 304
0.001931034482753996 0.011 305
0.002172413793098259 0.011 306
0.002413793103442212 0.011 307
0.002655172413786504 0.011 308
0.002896551724130458 0.011 309
0.00313793103447475 0.011 310
0.003379310344818703 0.011 311
0.003620689655163724 0.011 312
0.003862068965508882 0.011 313
0.004103448275854636 0.011 314
0.004344827586200421 0.011 315
0.004586206896545069 0.011 316
0.004827586206890638 0.011 317
0.005068965517236424 0.011 318
0.00531034482758221 0.011 319
0.005551724137926974 0.011 320
0.005793103448272427 0.011 321
0.006034482758618212 0.011 322
0.006275862068963999 0.011 323
0.006517241379308879 0.011 324
0.006758620689654216 0.011 325
0.007305084745762476 0.011 326
0.007610169491524386 0.011 327
0.007915254237286326 0.011 328
0.008220338983047526 0.011 329
0.008525423728809475 0.011 330
0.00883050847457198 0.011 331
0.009135593220334484 0.011 332
0.009440677966096989 0.011 333
0.009745762711859316 0.011 334
0.01005084745762109 0.011 335
0.01035593220338222 0.011 336
0.01066101694914327 0.011 337
0.01096610169490504 0.011 338
0.01127118644066681 0.011 339
0.01157627118642892 0.011 340
0.01188135593219069 0.011 341
0.01218644067795246 0.011 342
0.01249152542371424 0.011 343
0.01279661016947668 0.011 344
0.01310169491523844 0.011 345
0.01340677966100022 0.011 346
0.01371186440676199 0.011 347
0.01401694915252409 0.011 348
0.01432203389828586 0.011 349
0.01462711864404763 0.011 350
0.01493220338980954 0.011 351
0.01523728813557204 0.011 352
0.01554237288133405 0.011 353
0.01584745762709508 0.011 354
0.01615254237285826 0.011 355
0.01645762711862224 0.011 356
0.01676271186438622 0.011 357
0.01706779661014911 0.011 358
0.01737288135591162 0.011 359
0.01767796610167543 0.011 360
0.01798305084743941 0.011 361
0.01828813559320338 0.011 362
0.01859322033896736 0.011 363
0.01889830508473134 0.011 364
0.01920338983049411 0.011 365
0.01950847457625661 0.011 366
0.01981355932201919 0.011 367
0.02011864406778317 0.011 368
0.02042372881354714 0.011 369
0.02072881355931112 0.011 370
0.0210338983050751 0.011 371
0.02133898305083907 0.011 372
0.0216440677966016 0.011 373
0.02194915254236431 0.011 374
0.02225423728812829 0.011 375
0.02255932203389227 0.011 376
0.02286440677965501 0.011 377
0.02316949152541751 0.011 378
0.02347457627118148 0.011 379
0.02377966101694545 0.011 380
0.02408474576270943 0.011 381
0.02438983050847341 0.011 382
0.02469491525423739 0.011 383
0.007 0.01293103448275834 384
0.007 0.01286206896551668 385
0.007 0.01279310344827502 386
0.007 0.01272413793103336 387
0.007 0.0126551724137917 388
0.007 0.01258620689655004 389
0.007 0.01251724137930838 390
0.007 0.01244827586206672 391
0.007 0.01237931034482506 392
0.007 0.0123103448275834 393
0.007 0.01224137931034174 394
0.007 0.01217241379310143 395
0.007 0.01210344827586126 396
0.007 0.01203448275862238 397
0.007 0.01196551724138188 398
0.007 0.01189655172414043 399
0.007 0.01182758620689991 400
0.007 0.01175862068965825 401
0.007 0.0116896551724166 402
0.007 0.01162068965517494 403
0.007 0.01155172413793328 404
0.007 0.01148275862069162 405
0.007 0.01141379310344996 406
0.007 0.0113448275862083 407
0.007 0.01127586206896664 408
0.007 0.01120689655172498 409
0.007 0.01113793103448332 410
0.007 0.01106896551724166 411
0.007 0.01084745762711875 412
0.007 0.01069491525423751 413
0.007 0.01054237288135677 414
0.007 0.01038983050847603 415
0.007 0.01023728813559478 416
0.007 0.01008474576271354 417
0.007 0.009932203389832289 418
0.007 0.009779661016951501 419
0.007 0.00962711864407099 420
0.007 0.009474576271190478 421
0.007 0.009322033898309674 422
0.007 0.009169491525428427 423
0.007 0.00901694915254718 424
0.007 0.008864406779666399 425
0.007 0.008711864406785182 426
0.007 0.00855932203390402 427
0.007 0.00840677966102321 428
0.007 0.00825423728814232 429
0.007 0.008101694915261394 430
0.007 0.007949152542380619 431
0.007 0.007796610169499483 432
0.007 0.007644067796618454 433
0.007 0.007491525423737575 434
0.007 0.007338983050856698 435
0.007 0.007186440677975818 436
0.007 0.007033898305094871 437
0.007 0.006881355932213624 438
0.007 0.006728813559332377 439
0.007 0.006576271186451609 440
0.007 0.006423728813570363 441
0.007 0.006271186440688381 442
0.007 0.006118644067806712 443
0.007 0.005966101694925465 444
0.007 0.005813559322043791 445
0.007 0.005661016949161809 446
0.007 0.005508474576279827 447
0.007 0.005355932203397845 448
0.007 0.005203389830516182 449
0.007 0.005050847457634935 450
0.007 0.004898305084753255 451
0.007 0.004745762711871272 452
0.007 0.00459322033898929 453
0.007 0.004440677966107308 454
0.007 0.00428813559322565 455
0.007 0.004135593220344297 456
0.007 0.003983050847462379 457
0.007 0.003830508474580397 458
0.007 0.003677966101698415 459
0.007 0.003525423728816485 460
0.007 0.00337288135593512 461
0.007 0.003220338983053764 462
0.007 0.003067796610171843 463
0.007 0.002915254237290532 464
0.007 0.002762711864409234 465
0.007 0.002610169491527252 466
0.007 0.002457627118645269 467
0.007 0.002305084745763287 468
0.007 0.002152542372881304 469
0.007 0.001931034482758409 470
0.007 0.001862068965517114 471
0.007 0.00179310344827582 472
0.007 0.001724137931034792 473
0.007 0.001655172413793739 474
0.007 0.001586206896552444 475
0.007 0.00151724137931115 476
0.007 0.001448275862069686 477
0.007 0.001379310344828391 478
0.007 0.00131034482758732 479
0.007 0.0012413793103464 480
0.007 0.001172413793105479 481
0.007 0.001103448275864314 482
0.007 0.00103448275862302 483
0.007 0.0009655172413816652 484
0.007 0.0008965517241400918 485
0.007 0.0008275862068987518 486
0.007 0.0007586206896570834 487
0.007 0.000689655172415415 488
0.007 0.0006206896551739813 489
0.007 0.0005517241379325013 490
0.007 0.0004827586206908327 491
0.007 0.0004137931034491863 492
0.007 0.0003448275862078709 493
0.007 0.0002758620689662507 494
0.007 0.0002068965517245823 495
0.007 0.0001379310344830555 496
0.007 6.896551724166881e-05 497
0.0002413793103443646 0.002 498
0.0004827586206886789 0.002 499
0.0007241379310331313 0.002 500
0.0009655172413774838 0.002 501
0.001206896551721599 0.002 502
0.001448275862065744 0.002 503
0.001689655172409849 0.002 504
0.001931034482753996 0.002 505
0.002172413793098259 0.002 506
0.002413793103442212 0.002 507
0.002655172413786504 0.002 508
0.002896551724130458 0.002 509
0.00313793103447475 0.002 510
0.003379310344818703 0.002 511
0.003620689655163724 0.002 512
0.003862068965508882 0.002 513
0.004103448275854636 0.002 514
0.004344827586200421 0.002 515
0.004586206896545069 0.002 516
0.004827586206890638 0.002 517
0.005068965517236424 0.002 518
0.00531034482758221 0.002 519
0.005551724137926974 0.002 520
0.005793103448272427 0.002 521
0.006034482758618212 0.002 522
0.006275862068963999 0.002 523
0.006517241379308879 0.002 524
0.006758620689654216 0.002 525
0.007305084745762476 0.002 526
0.007610169491524386 0.002 527
0.007915254237286326 0.002 528
0.008220338983047526 0.002 529
0.008525423728809475 0.002 530
0.00883050847457198 0.002 531
0.009135593220334484 0.002 532
0.009440677966096989 0.002 533
0.009745762711859316 0.002 534
0.01005084745762109 0.002 535
0.01035593220338222 0.002 536
0.01066101694914327 0.002 537
0.01096610169490504 0.002 538
0.01127118644066681 0.002 539
0.01157627118642892 0.002 540
0.01188135593219069 0.002 541
0.01218644067795246 0.002 542
0.01249152542371424 0.002 543
0.01279661016947668 0.002 544
0.01310169491523844 0.002 545
0.01340677966100022 0.002 546
0.01371186440676199 0.002 547
0.01401694915252409 0.002 548
0.01432203389828586 0.002 549
0.01462711864404763 0.002 550
0.01493220338980954 0.002 551
0.01523728813557204 0.002 552
0.01554237288133405 0.002 553
0.01584745762709508 0.002 554
0.01615254237285826 0.002 555
0.01645762711862224 0.002 556
0.01676271186438622 0.002 557
0.01706779661014911 0.002 558
0.01737288135591162 0.002 559
0.01767796610167543 0.002 560
0.01798305084743941 0.002 561
0.01828813559320338 0.002 562
0.01859322033896736 0.002 563
0.01889830508473134 0.002 564
0.01920338983049411 0.002 565
0.01950847457625661 0.002 566
0.01981355932201919 0.002 567
0.02011864406778317 0.002 568
0.02042372881354714 0.002 569
0.02072881355931112 0.002 570
0.0210338983050751 0.002 571
0.02133898305083907 0.002 572
0.0216440677966016 0.002 573
0.02194915254236431 0.002 574
0.02225423728812829 0.002 575
0.02255932203389227 0.002 576
0.02286440677965501 0.002 577
0.02316949152541751 0.002 578
0.02347457627118148 0.002 579
0.02377966101694545 0.002 580
0.02408474576270943 0.002 581
0.02438983050847341 0.002 582
0.02469491525423739 0.002 583
0 6.896551724127012e-05 584
0 0.0001379310344825257 585
0 0.0002068965517238038 586
0 0.0002758620689650459 587
0 0.0003448275862062336 588
0 0.0004137931034474213 589
0 0.000482758620688609 590
0 0.0005517241379298219 591
0 0.0006206896551709893 592
0 0.0006896551724121801 593
0 0.0007586206896533825 594
0 0.0008275862068945382 595
0 0.0008965517241357676 596
0 0.0009655172413768964 597
0 0.001034482758618229 598
0 0.00110344827585981 599
0 0.001172413793101157 600
0 0.001241379310342833 601
0 0.00131034482758451 602
0 0.00137931034482595 603
0 0.001448275862067438 604
0 0.001517241379309114 605
0 0.001586206896550769 606
0 0.001655172413792091 607
0 0.001724137931033719 608
0 0.001793103448275395 609
0 0.00186206896551693 610
0 0.001931034482758324 611
0 0.002152542372881133 612
0 0.002305084745762041 613
0 0.002457627118643232 614
0 0.002610169491524479 615
0 0.002762711864405497 616
0 0.002915254237286632 617
0 0.003067796610167595 618
0 0.003220338983048504 619
0 0.003372881355929696 620
0 0.003525423728810884 621
0 0.003677966101691789 622
0 0.003830508474572412 623
0 0.003983050847453293 624
0 0.004135593220334173 625
0 0.004288135593215144 626
0 0.004440677966096101 627
0 0.004593220338976979 628
0 0.004745762711857858 629
0 0.004898305084738737 630
0 0.005050847457619615 631
0 0.005203389830500589 632
0 0.005355932203381542 633
0 0.005508474576262421 634
0 0.0056610169491433 635
0 0.005813559322024179 636
0 0.005966101694905126 637
0 0.006118644067786373 638
0 0.006271186440667621 639
0 0.006423728813548388 640
0 0.006576271186429635 641
0 0.006728813559311616 642
0 0.006881355932193286 643
0 0.007033898305074532 644
0 0.007186440677956206 645
0 0.007338983050838188 646
0 0.007491525423720171 647
0 0.007644067796602152 648
0 0.00779661016948389 649
0 0.007949152542365025 650
0 0.008101694915246406 651
0 0.008254237288128387 652
0 0.008406779661010368 653
0 0.008559322033892352 654
0 0.008711864406774333 655
0 0.008864406779655765 656
0 0.009016949152537619 657
0 0.009169491525419602 658
0 0.009322033898301583 659
0 0.009474576271183463 660
0 0.009627118644064871 661
0 0.009779661016946297 662
0 0.009932203389828158 663
0 0.01008474576270947 664
0 0.01023728813559077 665
0 0.01038983050847275 666
0 0.01054237288135473 667
0 0.01069491525423671 668
0 0.0108474576271187 669
0 0.01106896551724171 670
0 0.01113793103448341 671
0 0.01120689655172512 672
0 0.01127586206896682 673
0 0.01134482758620853 674
0 0.01141379310345024 675
0 0.01148275862069194 676
0 0.01155172413793365 677
0 0.01162068965517536 678
0 0.01168965517241706 679
0 0.01175862068965877 680
0 0.01182758620689947 681
0 0.01189655172413955 682
0 0.01196551724137827 683
0 0.01203448275861814 684
0 0.0121034482758593 685
0 0.01217241379309952 686
0 0.01224137931034123 687
0 0.01231034482758293 688
0 0.01237931034482464 689
0 0.01244827586206635 690
0 0.01251724137930805 691
0 0.01258620689654976 692
0 0.01265517241379147 693
0 0.01272413793103317 694
0 0.01279310344827488 695
0 0.01286206896551659 696
0 0.01293103448275829 697
0.0002413793103443646 6.896551724128389e-05 698
0.0002413793103443646 0.000137931034482544 699
0.0002413793103443647 0.0002068965517238306 700
0.0002413793103443646 0.0002758620689650874 701
0.0002413793103443646 0.00034482758620629 702
0.0002413793103443646 0.0004137931034474821 703
0.0002413793103443646 0.0004827586206886856 704
0.0002413793103443647 0.0005517241379299143 705
0.0002413793103443646 0.0006206896551710925 706
0.0002413793103443646 0.0006896551724122916 707
0.0002413793103443646 0.0007586206896535102 708
0.0002413793103443646 0.0008275862068946834 709
0.0002413793103443646 0.0008965517241359166 710
0.0002413793103443646 0.0009655172413770609 711
0.0002413793103443646 0.001034482758618394 712
0.0002413793103443646 0.001103448275859965 713
0.0002413793103443646 0.001172413793101306 714
0.0002413793103443646 0.001241379310342956 715
0.0002413793103443646 0.001310344827584606 716
0.0002413793103443646 0.001379310344826035 717
0.0002413793103443646 0.001448275862067515 718
0.0002413793103443646 0.001517241379309184 719
0.0002413793103443647 0.001586206896550827 720
0.0002413793103443647 0.001655172413792148 721
0.0002413793103443646 0.001724137931033755 722
0.0002413793103443647 0.00179310344827541 723
0.0002413793103443646 0.001862068965516936 724
0.0002413793103443646 0.001931034482758327 725
0.0004827586206886787 6.896551724129763e-05 726
0.0004827586206886787 0.0001379310344825623 727
0.0004827586206886788 0.0002068965517238575 728
0.0004827586206886789 0.0002758620689651289 729
0.0004827586206886789 0.0003448275862063465 730
0.0004827586206886789 0.000413793103447543 731
0.0004827586206886789 0.0004827586206887623 732
0.0004827586206886787 0.0005517241379300068 733
0.0004827586206886788 0.0006206896551711954 734
0.0004827586206886788 0.0006896551724124032 735
0.0004827586206886789 0.0007586206896536376 736
0.0004827586206886789 0.0008275862068948287 737
0.0004827586206886789 0.0008965517241360657 738
0.0004827586206886789 0.0009655172413772252 739
0.0004827586206886789 0.001034482758618559 740
0.0004827586206886788 0.00110344827586012 741
0.0004827586206886789 0.001172413793101455 742
0.0004827586206886789 0.001241379310343079 743
0.0004827586206886789 0.001310344827584703 744
0.0004827586206886789 0.001379310344826119 745
0.0004827586206886788 0.001448275862067593 746
0.0004827586206886789 0.001517241379309254 747
0.0004827586206886789 0.001586206896550884 748
0.0004827586206886789 0.001655172413792205 749
0.0004827586206886789 0.001724137931033793 750
0.0004827586206886789 0.001793103448275424 751
0.0004827586206886788 0.001862068965516942 752
0.0004827586206886789 0.00193103448275833 753
0.0007241379310331311 6.896551724131137e-05 754
0.0007241379310331311 0.0001379310344825805 755
0.0007241379310331311 0.0002068965517238844 756
0.0007241379310331313 0.0002758620689651706 757
0.0007241379310331314 0.000344827586206403 758
0.0007241379310331313 0.0004137931034476038 759
0.0007241379310331311 0.0004827586206888391 760
0.0007241379310331309 0.0005517241379300993 761
0.0007241379310331311 0.0006206896551712987 762
0.0007241379310331313 0.0006896551724125148 763
0.0007241379310331313 0.0007586206896537652 764
0.0007241379310331311 0.0008275862068949742 765
0.0007241379310331315 0.0008965517241362148 766
0.0007241379310331311 0.0009655172413773896 767
0.0007241379310331311 0.001034482758618724 768
0.0007241379310331313 0.001103448275860276 769
0.0007241379310331313 0.001172413793101604 770
0.0007241379310331311 0.001241379310343202 771
0.0007241379310331311 0.0013103448275848 772
0.0007241379310331313 0.001379310344826203 773
0.0007241379310331313 0.00144827586206767 774
0.0007241379310331311 0.001517241379309325 775
0.0007241379310331311 0.001586206896550942 776
0.0007241379310331313 0.001655172413792261 777
0.0007241379310331313 0.00172413793103383 778
0.0007241379310331313 0.001793103448275439 779
0.0007241379310331313 0.001862068965516949 780
0.0007241379310331313 0.001931034482758333 781
0.0009655172413774839 6.896551724132513e-05 782
0.0009655172413774838 0.0001379310344825988 783
0.0009655172413774837 0.0002068965517239112 784
0.0009655172413774838 0.0002758620689652121 785
0.0009655172413774837 0.0003448275862064593 786
0.0009655172413774836 0.0004137931034476647 787
0.000965517241377484 0.0004827586206889156 788
0.0009655172413774839 0.0005517241379301915 789
0.0009655172413774837 0.0006206896551714019 790
0.0009655172413774839 0.0006896551724126262 791
0.0009655172413774837 0.0007586206896538929 792
0.0009655172413774837 0.0008275862068951194 793
0.0009655172413774839 0.0008965517241363641 794
0.0009655172413774839 0.0009655172413775542 795
0.0009655172413774835 0.00103448275861889 796
0.0009655172413774835 0.001103448275860431 797
0.0009655172413774835 0.001172413793101753 798
0.0009655172413774839 0.001241379310343326 799
0.0009655172413774836 0.001310344827584897 800
0.0009655172413774839 0.001379310344826287 801
0.0009655172413774835 0.001448275862067748 802
0.0009655172413774836 0.001517241379309395 803
0.0009655172413774837 0.001586206896551 804
0.000965517241377484 0.001655172413792318 805
0.0009655172413774835 0.001724137931033867 806
0.000965517241377484 0.001793103448275454 807
0.0009655172413774837 0.001862068965516955 808
0.0009655172413774837 0.001931034482758336 809
0.001206896551721599 6.896551724133885e-05 810
0.001206896551721599 0.0001379310344826171 811
0.001206896551721599 0.0002068965517239381 812
0.001206896551721599 0.0002758620689652536 813
0.001206896551721599 0.0003448275862065158 814
0.001206896551721599 0.0004137931034477256 815
0.001206896551721599 0.0004827586206889924 816
0.001206896551721599 0.0005517241379302839 817
0.001206896551721599 0.0006206896551715051 818
0.001206896551721599 0.0006896551724127378 819
0.001206896551721599 0.0007586206896540205 820
0.001206896551721599 0.0008275862068952645 821
0.001206896551721599 0.000896551724136513 822
0.001206896551721599 0.0009655172413777187 823
0.001206896551721599 0.001034482758619055 824
0.001206896551721599 0.001103448275860587 825
0.001206896551721599 0.001172413793101902 826
0.001206896551721599 0.001241379310343449 827
0.001206896551721599 0.001310344827584994 828
0.001206896551721599 0.001379310344826371 829
0.001206896551721599 0.001448275862067826 830
0.001206896551721599 0.001517241379309465 831
0.001206896551721599 0.001586206896551058 832
0.001206896551721599 0.001655172413792375 833
0.001206896551721599 0.001724137931033904 834
0.001206896551721599 0.001793103448275469 835
0.001206896551721599 0.001862068965516962 836
0.001206896551721599 0.001931034482758338 837
0.001448275862065744 6.896551724135263e-05 838
0.001448275862065744 0.0001379310344826353 839
0.001448275862065744 0.0002068965517239649 840
0.001448275862065744 0.0002758620689652952 841
0.001448275862065744 0.0003448275862065723 842
0.001448275862065744 0.0004137931034477864 843
0.001448275862065744 0.0004827586206890691 844
0.001448275862065744 0.0005517241379303764 845
0.001448275862065744 0.0006206896551716084 846
0.001448275862065744 0.0006896551724128497 847
0.001448275862065744 0.0007586206896541481 848
0.001448275862065744 0.0008275862068954099 849
0.001448275862065744 0.0008965517241366623 850
0.001448275862065744 0.0009655172413778831 851
0.001448275862065744 0.00103448275861922 852
0.001448275862065744 0.001103448275860742 853
0.001448275862065744 0.001172413793102051 854
0.001448275862065744 0.001241379310343571 855
0.001448275862065744 0.001310344827585091 856
0.001448275862065744 0.001379310344826455 857
0.001448275862065744 0.001448275862067903 858
0.001448275862065744 0.001517241379309536 859
0.001448275862065744 0.001586206896551115 860
0.001448275862065744 0.001655172413792432 861
0.001448275862065744 0.001724137931033941 862
0.001448275862065744 0.001793103448275483 863
0.001448275862065744 0.001862068965516968 864
0.001448275862065744 0.001931034482758341 865
0.001689655172409849 6.896551724136636e-05 866
0.001689655172409849 0.0001379310344826536 867
0.001689655172409849 0.0002068965517239917 868
0.001689655172409849 0.0002758620689653366 869
0.001689655172409849 0.0003448275862066288 870
0.001689655172409849 0.0004137931034478472 871
0.001689655172409849 0.0004827586206891457 872
0.001689655172409849 0.0005517241379304687 873
0.001689655172409849 0.0006206896551717116 874
0.001689655172409849 0.000689655172412961 875
0.001689655172409849 0.0007586206896542757 876
0.001689655172409849 0.0008275862068955553 877
0.001689655172409849 0.0008965517241368115 878
0.001689655172409849 0.0009655172413780473 879
0.001689655172409849 0.001034482758619385 880
0.001689655172409849 0.001103448275860897 881
0.001689655172409849 0.0011724137931022 882
0.001689655172409849 0.001241379310343694 883
0.001689655172409849 0.001310344827585188 884
0.001689655172409849 0.00137931034482654 885
0.001689655172409849 0.001448275862067981 886
0.001689655172409849 0.001517241379309606 887
0.001689655172409849 0.001586206896551173 888
0.001689655172409849 0.001655172413792489 889
0.001689655172409849 0.001724137931033978 890
0.001689655172409849 0.001793103448275498 891
0.001689655172409849 0.001862068965516974 892
0.001689655172409849 0.001931034482758344 893
0.001931034482753996 6.89655172413801e-05 894
0.001931034482753996 0.0001379310344826719 895
0.001931034482753996 0.0002068965517240186 896
0.001931034482753996 0.0002758620689653783 897
0.001931034482753996 0.0003448275862066853 898
0.001931034482753996 0.0004137931034479082 899
0.001931034482753996 0.0004827586206892225 900
0.001931034482753996 0.000551724137930561 901
0.001931034482753996 0.0006206896551718147 902
0.001931034482753996 0.0006896551724130725 903
0.001931034482753996 0.0007586206896544035 904
0.001931034482753996 0.0008275862068957007 905
0.001931034482753996 0.0008965517241369605 906
0.001931034482753996 0.0009655172413782121 907
0.001931034482753996 0.00103448275861955 908
0.001931034482753996 0.001103448275861053 909
0.001931034482753996 0.001172413793102349 910
0.001931034482753996 0.001241379310343817 911
0.001931034482753996 0.001310344827585285 912
0.001931034482753996 0.001379310344826624 913
0.001931034482753996 0.001448275862068058 914
0.001931034482753996 0.001517241379309676 915
0.001931034482753996 0.001586206896551231 916
0.001931034482753996 0.001655172413792546 917
0.001931034482753996 0.001724137931034015 918
0.001931034482753996 0.001793103448275513 919
0.001931034482753997 0.001862068965516981 920
0.001931034482753997 0.001931034482758347 921
0.00217241379309826 6.896551724139387e-05 922
0.002172413793098259 0.0001379310344826901 923
0.002172413793098259 0.0002068965517240454 924
0.002172413793098259 0.0002758620689654197 925
0.00217241379309826 0.0003448275862067416 926
0.002172413793098259 0.0004137931034479691 927
0.002172413793098259 0.0004827586206892991 928
0.002172413793098259 0.0005517241379306534 929
0.002172413793098259 0.0006206896551719178 930
0.002172413793098259 0.0006896551724131839 931
0.002172413793098259 0.000758620689654531 932
0.002172413793098259 0.0008275862068958459 933
0.002172413793098259 0.0008965517241371096 934
0.002172413793098259 0.0009655172413783763 935
0.002172413793098259 0.001034482758619716 936
0.002172413793098259 0.001103448275861208 937
0.002172413793098259 0.001172413793102498 938
0.002172413793098259 0.00124137931034394 939
0.002172413793098259 0.001310344827585382 940
0.002172413793098259 0.001379310344826708 941
0.002172413793098259 0.001448275862068135 942
0.002172413793098259 0.001517241379309746 943
0.002172413793098259 0.001586206896551289 944
0.002172413793098259 0.001655172413792602 945
0.002172413793098259 0.001724137931034052 946
0.002172413793098259 0.001793103448275527 947
0.002172413793098259 0.001862068965516987 948
0.002172413793098259 0.00193103448275835 949
0.002413793103442212 6.89655172414076e-05 950
0.002413793103442212 0.0001379310344827084 951
0.002413793103442212 0.0002068965517240722 952
0.002413793103442212 0.0002758620689654614 953
0.002413793103442212 0.0003448275862067981 954
0.002413793103442212 0.0004137931034480299 955
0.002413793103442212 0.0004827586206893758 956
0.002413793103442212 0.0005517241379307459 957
0.002413793103442212 0.000620689655172021 958
0.002413793103442212 0.0006896551724132956 959
0.002413793103442212 0.0007586206896546586 960
0.002413793103442212 0.0008275862068959911 961
0.002413793103442212 0.0008965517241372588 962
0.002413793103442212 0.0009655172413785409 963
0.002413793103442212 0.00103448275861988 964
0.002413793103442212 0.001103448275861363 965
0.002413793103442212 0.001172413793102648 966
0.002413793103442212 0.001241379310344063 967
0.002413793103442212 0.001310344827585479 968
0.002413793103442212 0.001379310344826792 969
0.002413793103442212 0.001448275862068213 970
0.002413793103442212 0.001517241379309816 971
0.002413793103442212 0.001586206896551346 972
0.002413793103442213 0.00165517241379266 973
0.002413793103442212 0.001724137931034089 974
0.002413793103442212 0.001793103448275542 975
0.002413793103442212 0.001862068965516994 976
0.002413793103442212 0.001931034482758353 977
0.002655172413786505 6.896551724142135e-05 978
0.002655172413786505 0.0001379310344827267 979
0.002655172413786505 0.0002068965517240991 980
0.002655172413786504 0.0002758620689655029 981
0.002655172413786504 0.0003448275862068547 982
0.002655172413786504 0.0004137931034480908 983
0.002655172413786504 0.0004827586206894524 984
0.002655172413786504 0.0005517241379308383 985
0.002655172413786504 0.000620689655172124 986
0.002655172413786504 0.0006896551724134071 987
0.002655172413786504 0.0007586206896547862 988
0.002655172413786504 0.0008275862068961366 989
0.002655172413786504 0.0008965517241374078 990
0.002655172413786504 0.0009655172413787052 991
0.002655172413786504 0.001034482758620046 992
0.002655172413786504 0.001103448275861518 993
0.002655172413786504 0.001172413793102796 994
0.002655172413786504 0.001241379310344186 995
0.002655172413786504 0.001310344827585576 996
0.002655172413786504 0.001379310344826876 997
0.002655172413786504 0.001448275862068291 998
0.002655172413786504 0.001517241379309886 999
0.002655172413786504 0.001586206896551404 1000
0.002655172413786504 0.001655172413792716 1001
0.002655172413786504 0.001724137931034126 1002
0.002655172413786504 0.001793103448275556 1003
0.002655172413786504 0.001862068965516999 1004
0.002655172413786504 0.001931034482758356 1005
0.002896551724130459 6.89655172414351e-05 1006
0.002896551724130458 0.0001379310344827449 1007
0.002896551724130459 0.0002068965517241259 1008
0.002896551724130459 0.0002758620689655444 1009
0.002896551724130459 0.0003448275862069112 1010
0.002896551724130458 0.0004137931034481516 1011
0.002896551724130459 0.0004827586206895292 1012
0.002896551724130459 0.0005517241379309306 1013
0.002896551724130457 0.0006206896551722271 1014
0.002896551724130459 0.0006896551724135187 1015
0.002896551724130459 0.0007586206896549139 1016
0.002896551724130459 0.0008275862068962817 1017
0.002896551724130459 0.000896551724137557 1018
0.002896551724130458 0.0009655172413788697 1019
0.002896551724130459 0.001034482758620211 1020
0.002896551724130459 0.001103448275861674 1021
0.002896551724130459 0.001172413793102945 1022
0.002896551724130458 0.001241379310344309 1023
0.002896551724130459 0.001310344827585672 1024
0.002896551724130459 0.00137931034482696 1025
0.002896551724130459 0.001448275862068368 1026
0.002896551724130459 0.001517241379309957 1027
0.002896551724130459 0.001586206896551462 1028
0.002896551724130459 0.001655172413792773 1029
0.002896551724130458 0.001724137931034163 1030
0.002896551724130458 0.001793103448275571 1031
0.002896551724130459 0.001862068965517006 1032
0.002896551724130458 0.001931034482758359 1033
0.003137931034474749 6.896551724144885e-05 1034
0.00313793103447475 0.0001379310344827632 1035
0.003137931034474749 0.0002068965517241528 1036
0.00313793103447475 0.0002758620689655859 1037
0.003137931034474749 0.0003448275862069676 1038
0.00313793103447475 0.0004137931034482125 1039
0.00313793103447475 0.0004827586206896058 1040
0.00313793103447475 0.0005517241379310229 1041
0.00313793103447475 0.0006206896551723305 1042
0.003137931034474751 0.0006896551724136302 1043
0.00313793103447475 0.0007586206896550414 1044
0.00313793103447475 0.000827586206896427 1045
0.00313793103447475 0.0008965517241377062 1046
0.00313793103447475 0.0009655172413790341 1047
0.00313793103447475 0.001034482758620377 1048
0.00313793103447475 0.001103448275861829 1049
0.00313793103447475 0.001172413793103095 1050
0.003137931034474751 0.001241379310344432 1051
0.00313793103447475 0.00131034482758577 1052
0.00313793103447475 0.001379310344827044 1053
0.00313793103447475 0.001448275862068446 1054
0.00313793103447475 0.001517241379310027 1055
0.003137931034474751 0.00158620689655152 1056
0.003137931034474749 0.001655172413792829 1057
0.00313793103447475 0.0017241379310342 1058
0.00313793103447475 0.001793103448275586 1059
0.00313793103447475 0.001862068965517012 1060
0.00313793103447475 0.001931034482758363 1061
0.003379310344818703 6.896551724146261e-05 1062
0.003379310344818702 0.0001379310344827814 1063
0.003379310344818703 0.0002068965517241796 1064
0.003379310344818703 0.0002758620689656275 1065
0.003379310344818703 0.000344827586207024 1066
0.003379310344818703 0.0004137931034482734 1067
0.003379310344818703 0.0004827586206896825 1068
0.003379310344818702 0.0005517241379311153 1069
0.003379310344818703 0.0006206896551724337 1070
0.003379310344818703 0.0006896551724137417 1071
0.003379310344818703 0.000758620689655169 1072
0.003379310344818703 0.0008275862068965723 1073
0.003379310344818703 0.0008965517241378551 1074
0.003379310344818704 0.0009655172413791985 1075
0.003379310344818703 0.001034482758620541 1076
0.003379310344818703 0.001103448275861984 1077
0.003379310344818703 0.001172413793103243 1078
0.003379310344818703 0.001241379310344555 1079
0.003379310344818703 0.001310344827585866 1080
0.003379310344818703 0.001379310344827129 1081
0.003379310344818703 0.001448275862068523 1082
0.003379310344818703 0.001517241379310097 1083
0.003379310344818703 0.001586206896551578 1084
0.003379310344818703 0.001655172413792887 1085
0.003379310344818703 0.001724137931034237 1086
0.003379310344818703 0.001793103448275601 1087
0.003379310344818703 0.001862068965517019 1088
0.003379310344818703 0.001931034482758365 1089
0.003620689655163724 6.896551724147634e-05 1090
0.003620689655163724 0.0001379310344827997 1091
0.003620689655163724 0.0002068965517242064 1092
0.003620689655163724 0.0002758620689656691 1093
0.003620689655163724 0.0003448275862070804 1094
0.003620689655163723 0.0004137931034483342 1095
0.003620689655163724 0.0004827586206897592 1096
0.003620689655163723 0.0005517241379312078 1097
0.003620689655163724 0.0006206896551725369 1098
0.003620689655163725 0.0006896551724138533 1099
0.003620689655163724 0.0007586206896552966 1100
0.003620689655163723 0.0008275862068967176 1101
0.003620689655163724 0.0008965517241380043 1102
0.003620689655163723 0.000965517241379363 1103
0.003620689655163725 0.001034482758620707 1104
0.003620689655163723 0.00110344827586214 1105
0.003620689655163725 0.001172413793103393 1106
0.003620689655163723 0.001241379310344677 1107
0.003620689655163724 0.001310344827585963 1108
0.003620689655163725 0.001379310344827213 1109
0.003620689655163725 0.001448275862068601 1110
0.003620689655163723 0.001517241379310167 1111
0.003620689655163725 0.001586206896551635 1112
0.003620689655163724 0.001655172413792943 1113
0.003620689655163723 0.001724137931034274 1114
0.003620689655163724 0.001793103448275615 1115
0.003620689655163724 0.001862068965517025 1116
0.003620689655163724 0.001931034482758368 1117
0.003862068965508883 6.896551724149009e-05 1118
0.003862068965508882 0.000137931034482818 1119
0.003862068965508882 0.0002068965517242333 1120
0.003862068965508882 0.0002758620689657106 1121
0.003862068965508882 0.000344827586207137 1122
0.003862068965508882 0.000413793103448395 1123
0.003862068965508882 0.0004827586206898359 1124
0.003862068965508883 0.0005517241379313001 1125
0.003862068965508882 0.0006206896551726401 1126
0.003862068965508882 0.000689655172413965 1127
0.003862068965508881 0.0007586206896554243 1128
0.003862068965508881 0.0008275862068968629 1129
0.003862068965508882 0.0008965517241381533 1130
0.003862068965508883 0.0009655172413795276 1131
0.003862068965508881 0.001034482758620872 1132
0.003862068965508881 0.001103448275862295 1133
0.003862068965508882 0.001172413793103542 1134
0.003862068965508882 0.001241379310344801 1135
0.003862068965508882 0.00131034482758606 1136
0.003862068965508883 0.001379310344827297 1137
0.003862068965508883 0.001448275862068678 1138
0.003862068965508881 0.001517241379310237 1139
0.003862068965508883 0.001586206896551693 1140
0.003862068965508881 0.001655172413793001 1141
0.003862068965508882 0.001724137931034311 1142
0.003862068965508882 0.00179310344827563 1143
0.003862068965508881 0.001862068965517031 1144
0.003862068965508882 0.001931034482758371 1145
0.004103448275854636 6.896551724150383e-05 1146
0.004103448275854634 0.0001379310344828363 1147
0.004103448275854636 0.0002068965517242602 1148
0.004103448275854636 0.0002758620689657521 1149
0.004103448275854636 0.0003448275862071934 1150
0.004103448275854636 0.0004137931034484559 1151
0.004103448275854636 0.0004827586206899126 1152
0.004103448275854636 0.0005517241379313925 1153
0.004103448275854636 0.0006206896551727433 1154
0.004103448275854636 0.0006896551724140765 1155
0.004103448275854636 0.000758620689655552 1156
0.004103448275854636 0.0008275862068970082 1157
0.004103448275854636 0.0008965517241383025 1158
0.004103448275854636 0.000965517241379692 1159
0.004103448275854636 0.001034482758621037 1160
0.004103448275854636 0.00110344827586245 1161
0.004103448275854637 0.001172413793103691 1162
0.004103448275854636 0.001241379310344924 1163
0.004103448275854636 0.001310344827586157 1164
0.004103448275854636 0.001379310344827381 1165
0.004103448275854636 0.001448275862068756 1166
0.004103448275854636 0.001517241379310307 1167
0.004103448275854636 0.001586206896551751 1168
0.004103448275854636 0.001655172413793057 1169
0.004103448275854636 0.001724137931034348 1170
0.004103448275854636 0.001793103448275644 1171
0.004103448275854636 0.001862068965517038 1172
0.004103448275854637 0.001931034482758374 1173
0.00434482758620042 6.896551724151758e-05 1174
0.004344827586200422 0.0001379310344828545 1175
0.004344827586200423 0.000206896551724287 1176
0.004344827586200421 0.0002758620689657937 1177
0.004344827586200421 0.0003448275862072499 1178
0.004344827586200421 0.0004137931034485168 1179
0.004344827586200421 0.0004827586206899892 1180
0.004344827586200421 0.0005517241379314848 1181
0.004344827586200421 0.0006206896551728463 1182
0.004344827586200421 0.0006896551724141879 1183
0.004344827586200421 0.0007586206896556795 1184
0.004344827586200421 0.0008275862068971535 1185
0.004344827586200421 0.0008965517241384517 1186
0.004344827586200421 0.0009655172413798564 1187
0.004344827586200421 0.001034482758621202 1188
0.004344827586200421 0.001103448275862606 1189
0.004344827586200421 0.00117241379310384 1190
0.004344827586200421 0.001241379310345047 1191
0.004344827586200421 0.001310344827586254 1192
0.004344827586200421 0.001379310344827466 1193
0.004344827586200421 0.001448275862068833 1194
0.004344827586200421 0.001517241379310378 1195
0.004344827586200421 0.001586206896551809 1196
0.004344827586200422 0.001655172413793114 1197
0.004344827586200421 0.001724137931034385 1198
0.004344827586200421 0.001793103448275659 1199
0.004344827586200421 0.001862068965517044 1200
0.004344827586200421 0.001931034482758377 1201
0.004586206896545068 6.896551724153135e-05 1202
0.00458620689654507 0.0001379310344828728 1203
0.004586206896545069 0.0002068965517243139 1204
0.00458620689654507 0.0002758620689658352 1205
0.00458620689654507 0.0003448275862073064 1206
0.00458620689654507 0.0004137931034485776 1207
0.00458620689654507 0.0004827586206900659 1208
0.004586206896545068 0.0005517241379315773 1209
0.004586206896545069 0.0006206896551729495 1210
0.00458620689654507 0.0006896551724142996 1211
0.004586206896545069 0.0007586206896558074 1212
0.00458620689654507 0.0008275862068972989 1213
0.00458620689654507 0.0008965517241386009 1214
0.00458620689654507 0.0009655172413800207 1215
0.00458620689654507 0.001034482758621368 1216
0.004586206896545069 0.001103448275862761 1217
0.004586206896545069 0.001172413793103988 1218
0.004586206896545069 0.00124137931034517 1219
0.004586206896545069 0.001310344827586351 1220
0.00458620689654507 0.00137931034482755 1221
0.00458620689654507 0.001448275862068911 1222
0.00458620689654507 0.001517241379310448 1223
0.004586206896545069 0.001586206896551867 1224
0.00458620689654507 0.00165517241379317 1225
0.004586206896545069 0.001724137931034422 1226
0.00458620689654507 0.001793103448275674 1227
0.004586206896545069 0.001862068965517051 1228
0.004586206896545069 0.00193103448275838 1229
0.00482758620689064 6.896551724154506e-05 1230
0.004827586206890638 0.000137931034482891 1231
0.004827586206890639 0.0002068965517243407 1232
0.004827586206890638 0.0002758620689658768 1233
0.004827586206890638 0.0003448275862073627 1234
0.004827586206890638 0.0004137931034486385 1235
0.004827586206890639 0.0004827586206901426 1236
0.004827586206890638 0.0005517241379316696 1237
0.004827586206890638 0.0006206896551730528 1238
0.004827586206890638 0.000689655172414411 1239
0.004827586206890638 0.0007586206896559349 1240
0.004827586206890638 0.000827586206897444 1241
0.004827586206890638 0.0008965517241387498 1242
0.004827586206890638 0.0009655172413801853 1243
0.004827586206890638 0.001034482758621533 1244
0.004827586206890638 0.001103448275862917 1245
0.004827586206890638 0.001172413793104138 1246
0.004827586206890638 0.001241379310345293 1247
0.004827586206890638 0.001310344827586448 1248
0.004827586206890639 0.001379310344827634 1249
0.004827586206890638 0.001448275862068988 1250
0.004827586206890638 0.001517241379310518 1251
0.004827586206890638 0.001586206896551924 1252
0.004827586206890639 0.001655172413793228 1253
0.004827586206890638 0.001724137931034459 1254
0.004827586206890638 0.001793103448275688 1255
0.004827586206890639 0.001862068965517057 1256
0.004827586206890638 0.001931034482758382 1257
0.005068965517236424 6.896551724155883e-05 1258
0.005068965517236424 0.0001379310344829094 1259
0.005068965517236424 0.0002068965517243675 1260
0.005068965517236422 0.0002758620689659182 1261
0.005068965517236425 0.0003448275862074192 1262
0.005068965517236423 0.0004137931034486994 1263
0.005068965517236425 0.0004827586206902193 1264
0.005068965517236422 0.0005517241379317622 1265
0.005068965517236424 0.000620689655173156 1266
0.005068965517236424 0.0006896551724145227 1267
0.005068965517236424 0.0007586206896560624 1268
0.005068965517236424 0.0008275862068975894 1269
0.005068965517236424 0.000896551724138899 1270
0.005068965517236424 0.0009655172413803497 1271
0.005068965517236424 0.001034482758621698 1272
0.005068965517236424 0.001103448275863072 1273
0.005068965517236424 0.001172413793104287 1274
0.005068965517236424 0.001241379310345416 1275
0.005068965517236424 0.001310344827586545 1276
0.005068965517236424 0.001379310344827718 1277
0.005068965517236424 0.001448275862069066 1278
0.005068965517236424 0.001517241379310588 1279
0.005068965517236424 0.001586206896551982 1280
0.005068965517236425 0.001655172413793284 1281
0.005068965517236424 0.001724137931034496 1282
0.005068965517236424 0.001793103448275703 1283
0.005068965517236424 0.001862068965517063 1284
0.005068965517236424 0.001931034482758386 1285
0.005310344827582212 6.896551724157257e-05 1286
0.005310344827582209 0.0001379310344829276 1287
0.005310344827582212 0.0002068965517243944 1288
0.005310344827582212 0.0002758620689659598 1289
0.00531034482758221 0.0003448275862074757 1290
0.005310344827582211 0.0004137931034487602 1291
0.00531034482758221 0.0004827586206902959 1292
0.005310344827582208 0.0005517241379318546 1293
0.00531034482758221 0.000620689655173259 1294
0.00531034482758221 0.0006896551724146342 1295
0.005310344827582211 0.0007586206896561898 1296
0.00531034482758221 0.0008275862068977347 1297
0.005310344827582209 0.000896551724139048 1298
0.005310344827582209 0.000965517241380514 1299
0.005310344827582211 0.001034482758621863 1300
0.005310344827582211 0.001103448275863227 1301
0.00531034482758221 0.001172413793104436 1302
0.005310344827582211 0.001241379310345539 1303
0.005310344827582211 0.001310344827586642 1304
0.005310344827582211 0.001379310344827802 1305
0.00531034482758221 0.001448275862069143 1306
0.00531034482758221 0.001517241379310659 1307
0.00531034482758221 0.00158620689655204 1308
0.005310344827582211 0.001655172413793341 1309
0.00531034482758221 0.001724137931034534 1310
0.00531034482758221 0.001793103448275718 1311
0.00531034482758221 0.00186206896551707 1312
0.005310344827582211 0.001931034482758388 1313
0.005551724137926974 6.896551724158631e-05 1314
0.005551724137926975 0.0001379310344829459 1315
0.005551724137926974 0.0002068965517244212 1316
0.005551724137926975 0.0002758620689660014 1317
0.005551724137926975 0.000344827586207532 1318
0.005551724137926975 0.0004137931034488211 1319
0.005551724137926974 0.0004827586206903726 1320
0.005551724137926974 0.000551724137931947 1321
0.005551724137926973 0.0006206896551733622 1322
0.005551724137926975 0.0006896551724147456 1323
0.005551724137926975 0.0007586206896563178 1324
0.005551724137926975 0.0008275862068978799 1325
0.005551724137926974 0.0008965517241391972 1326
0.005551724137926974 0.0009655172413806786 1327
0.005551724137926975 0.001034482758622028 1328
0.005551724137926974 0.001103448275863382 1329
0.005551724137926975 0.001172413793104585 1330
0.005551724137926974 0.001241379310345662 1331
0.005551724137926974 0.001310344827586738 1332
0.005551724137926974 0.001379310344827886 1333
0.005551724137926976 0.001448275862069221 1334
0.005551724137926975 0.001517241379310729 1335
0.005551724137926974 0.001586206896552097 1336
0.005551724137926975 0.001655172413793397 1337
0.005551724137926974 0.00172413793103457 1338
0.005551724137926975 0.001793103448275732 1339
0.005551724137926975 0.001862068965517076 1340
0.005551724137926973 0.001931034482758392 1341
0.005793103448272426 6.896551724160008e-05 1342
0.005793103448272427 0.0001379310344829641 1343
0.005793103448272427 0.0002068965517244481 1344
0.005793103448272427 0.0002758620689660429 1345
0.005793103448272426 0.0003448275862075886 1346
0.005793103448272427 0.0004137931034488821 1347
0.005793103448272427 0.0004827586206904494 1348
0.005793103448272425 0.0005517241379320393 1349
0.005793103448272427 0.0006206896551734654 1350
0.005793103448272427 0.0006896551724148573 1351
0.005793103448272427 0.0007586206896564453 1352
0.005793103448272427 0.0008275862068980252 1353
0.005793103448272427 0.0008965517241393463 1354
0.005793103448272427 0.000965517241380843 1355
0.005793103448272427 0.001034482758622194 1356
0.005793103448272427 0.001103448275863538 1357
0.005793103448272427 0.001172413793104734 1358
0.005793103448272427 0.001241379310345785 1359
0.005793103448272427 0.001310344827586835 1360
0.005793103448272427 0.00137931034482797 1361
0.005793103448272427 0.001448275862069298 1362
0.005793103448272427 0.001517241379310799 1363
0.005793103448272427 0.001586206896552156 1364
0.005793103448272427 0.001655172413793455 1365
0.005793103448272427 0.001724137931034607 1366
0.005793103448272427 0.001793103448275746 1367
0.005793103448272427 0.001862068965517082 1368
0.005793103448272427 0.001931034482758395 1369
0.006034482758618211 6.89655172416138e-05 1370
0.006034482758618212 0.0001379310344829824 1371
0.006034482758618212 0.0002068965517244749 1372
0.006034482758618214 0.0002758620689660846 1373
0.006034482758618212 0.0003448275862076451 1374
0.006034482758618212 0.0004137931034489427 1375
0.006034482758618214 0.000482758620690526 1376
0.006034482758618212 0.0005517241379321319 1377
0.006034482758618212 0.0006206896551735686 1378
0.006034482758618212 0.000689655172414969 1379
0.006034482758618212 0.0007586206896565727 1380
0.006034482758618212 0.0008275862068981705 1381
0.006034482758618212 0.0008965517241394953 1382
0.006034482758618212 0.0009655172413810074 1383
0.006034482758618212 0.001034482758622358 1384
0.006034482758618212 0.001103448275863693 1385
0.006034482758618212 0.001172413793104883 1386
0.006034482758618212 0.001241379310345908 1387
0.006034482758618212 0.001310344827586932 1388
0.006034482758618212 0.001379310344828054 1389
0.006034482758618212 0.001448275862069376 1390
0.006034482758618212 0.001517241379310869 1391
0.006034482758618212 0.001586206896552213 1392
0.006034482758618212 0.001655172413793512 1393
0.006034482758618212 0.001724137931034644 1394
0.006034482758618212 0.001793103448275761 1395
0.006034482758618212 0.001862068965517089 1396
0.006034482758618212 0.001931034482758397 1397
0.006275862068963999 6.896551724162757e-05 1398
0.006275862068963999 0.0001379310344830006 1399
0.006275862068964 0.0002068965517245017 1400
0.006275862068963999 0.0002758620689661259 1401
0.006275862068963998 0.0003448275862077014 1402
0.006275862068963999 0.0004137931034490037 1403
0.006275862068963998 0.0004827586206906027 1404
0.006275862068964001 0.0005517241379322243 1405
0.006275862068963998 0.0006206896551736718 1406
0.006275862068964 0.0006896551724150804 1407
0.006275862068963999 0.0007586206896567003 1408
0.006275862068963998 0.0008275862068983158 1409
0.006275862068963998 0.0008965517241396445 1410
0.006275862068963998 0.0009655172413811719 1411
0.006275862068963998 0.001034482758622524 1412
0.006275862068963999 0.001103448275863848 1413
0.006275862068964 0.001172413793105032 1414
0.006275862068964 0.001241379310346031 1415
0.006275862068963998 0.001310344827587029 1416
0.006275862068963999 0.001379310344828139 1417
0.006275862068963999 0.001448275862069454 1418
0.006275862068963999 0.001517241379310939 1419
0.006275862068963999 0.001586206896552271 1420
0.006275862068963998 0.001655172413793569 1421
0.006275862068963999 0.001724137931034681 1422
0.006275862068963999 0.001793103448275776 1423
0.006275862068963998 0.001862068965517095 1424
0.006275862068963999 0.001931034482758401 1425
0.006517241379308881 6.896551724164131e-05 1426
0.006517241379308881 0.000137931034483019 1427
0.006517241379308879 0.0002068965517245286 1428
0.006517241379308878 0.0002758620689661676 1429
0.006517241379308881 0.000344827586207758 1430
0.006517241379308879 0.0004137931034490646 1431
0.006517241379308879 0.0004827586206906794 1432
0.006517241379308879 0.0005517241379323165 1433
0.006517241379308878 0.000620689655173775 1434
0.006517241379308879 0.0006896551724151919 1435
0.006517241379308879 0.0007586206896568283 1436
0.006517241379308879 0.0008275862068984611 1437
0.006517241379308879 0.0008965517241397936 1438
0.006517241379308879 0.0009655172413813365 1439
0.006517241379308879 0.001034482758622689 1440
0.006517241379308879 0.001103448275864003 1441
0.006517241379308879 0.001172413793105181 1442
0.006517241379308879 0.001241379310346154 1443
0.006517241379308879 0.001310344827587126 1444
0.006517241379308879 0.001379310344828223 1445
0.006517241379308879 0.001448275862069531 1446
0.006517241379308879 0.00151724137931101 1447
0.006517241379308879 0.001586206896552329 1448
0.006517241379308879 0.001655172413793625 1449
0.006517241379308879 0.001724137931034718 1450
0.006517241379308879 0.001793103448275791 1451
0.006517241379308879 0.001862068965517102 1452
0.006517241379308879 0.001931034482758403 1453
0.006758620689654216 6.896551724165507e-05 1454
0.006758620689654216 0.0001379310344830372 1455
0.006758620689654216 0.0002068965517245554 1456
0.006758620689654216 0.000275862068966209 1457
0.006758620689654216 0.0003448275862078144 1458
0.006758620689654216 0.0004137931034491253 1459
0.006758620689654216 0.000482758620690756 1460
0.006758620689654216 0.0005517241379324088 1461
0.006758620689654216 0.0006206896551738783 1462
0.006758620689654216 0.0006896551724153032 1463
0.006758620689654216 0.0007586206896569558 1464
0.006758620689654216 0.0008275862068986063 1465
0.006758620689654216 0.0008965517241399428 1466
0.006758620689654217 0.000965517241381501 1467
0.006758620689654216 0.001034482758622855 1468
0.006758620689654216 0.001103448275864159 1469
0.006758620689654216 0.00117241379310533 1470
0.006758620689654216 0.001241379310346277 1471
0.006758620689654216 0.001310344827587223 1472
0.006758620689654216 0.001379310344828308 1473
0.006758620689654216 0.001448275862069608 1474
0.006758620689654216 0.001517241379311079 1475
0.006758620689654216 0.001586206896552386 1476
0.006758620689654216 0.001655172413793682 1477
0.006758620689654216 0.001724137931034755 1478
0.006758620689654216 0.001793103448275805 1479
0.006758620689654216 0.001862068965517108 1480
0.006758620689654216 0.001931034482758406 1481
0.0002413793103443646 0.002152542372881139 1482
0.0004827586206886789 0.002152542372881146 1483
0.0007241379310331311 0.002152542372881151 1484
0.0009655172413774838 0.002152542372881157 1485
0.001206896551721599 0.002152542372881162 1486
0.001448275862065744 0.002152542372881169 1487
0.001689655172409849 0.002152542372881174 1488
0.001931034482753996 0.00215254237288118 1489
0.002172413793098259 0.002152542372881187 1490
0.002413793103442212 0.002152542372881192 1491
0.002655172413786504 0.002152542372881198 1492
0.002896551724130458 0.002152542372881204 1493
0.003137931034474751 0.00215254237288121 1494
0.003379310344818703 0.002152542372881216 1495
0.003620689655163724 0.002152542372881221 1496
0.003862068965508882 0.002152542372881228 1497
0.004103448275854636 0.002152542372881233 1498
0.004344827586200422 0.00215254237288124 1499
0.00458620689654507 0.002152542372881246 1500
0.004827586206890639 0.002152542372881251 1501
0.005068965517236424 0.002152542372881257 1502
0.00531034482758221 0.002152542372881263 1503
0.005551724137926974 0.002152542372881268 1504
0.005793103448272427 0.002152542372881275 1505
0.006034482758618212 0.00215254237288128 1506
0.006275862068963998 0.002152542372881287 1507
0.006517241379308879 0.002152542372881293 1508
0.006758620689654215 0.002152542372881298 1509
0.0002413793103443646 0.002305084745762085 1510
0.0004827586206886788 0.002305084745762127 1511
0.0007241379310331313 0.002305084745762171 1512
0.0009655172413774838 0.002305084745762213 1513
0.001206896551721599 0.002305084745762256 1514
0.001448275862065744 0.002305084745762299 1515
0.001689655172409849 0.002305084745762341 1516
0.001931034482753996 0.002305084745762384 1517
0.002172413793098259 0.002305084745762428 1518
0.002413793103442213 0.002305084745762471 1519
0.002655172413786504 0.002305084745762514 1520
0.002896551724130459 0.002305084745762557 1521
0.00313793103447475 0.002305084745762599 1522
0.003379310344818703 0.002305084745762642 1523
0.003620689655163723 0.002305084745762685 1524
0.003862068965508882 0.002305084745762728 1525
0.004103448275854636 0.002305084745762772 1526
0.004344827586200421 0.002305084745762815 1527
0.004586206896545069 0.002305084745762857 1528
0.004827586206890639 0.0023050847457629 1529
0.005068965517236425 0.002305084745762943 1530
0.00531034482758221 0.002305084745762986 1531
0.005551724137926974 0.002305084745763029 1532
0.005793103448272427 0.002305084745763072 1533
0.006034482758618212 0.002305084745763115 1534
0.006275862068963998 0.002305084745763158 1535
0.006517241379308879 0.002305084745763201 1536
0.006758620689654216 0.002305084745763243 1537
0.0002413793103443646 0.002457627118643303 1538
0.0004827586206886788 0.002457627118643372 1539
0.0007241379310331313 0.002457627118643443 1540
0.0009655172413774838 0.002457627118643513 1541
0.001206896551721599 0.002457627118643584 1542
0.001448275862065744 0.002457627118643654 1543
0.001689655172409849 0.002457627118643725 1544
0.001931034482753996 0.002457627118643794 1545
0.002172413793098259 0.002457627118643865 1546
0.002413793103442213 0.002457627118643935 1547
0.002655172413786504 0.002457627118644005 1548
0.002896551724130459 0.002457627118644075 1549
0.003137931034474751 0.002457627118644145 1550
0.003379310344818703 0.002457627118644216 1551
0.003620689655163724 0.002457627118644286 1552
0.003862068965508883 0.002457627118644356 1553
0.004103448275854636 0.002457627118644427 1554
0.004344827586200421 0.002457627118644497 1555
0.00458620689654507 0.002457627118644567 1556
0.004827586206890638 0.002457627118644638 1557
0.005068965517236425 0.002457627118644707 1558
0.005310344827582209 0.002457627118644778 1559
0.005551724137926974 0.002457627118644848 1560
0.005793103448272427 0.002457627118644919 1561
0.006034482758618212 0.002457627118644989 1562
0.006275862068964 0.002457627118645059 1563
0.006517241379308879 0.002457627118645129 1564
0.006758620689654216 0.0024576271186452 1565
0.0002413793103443646 0.002610169491524575 1566
0.0004827586206886789 0.002610169491524671 1567
0.0007241379310331311 0.002610169491524766 1568
0.0009655172413774838 0.002610169491524861 1569
0.001206896551721599 0.002610169491524958 1570
0.001448275862065744 0.002610169491525052 1571
0.001689655172409849 0.002610169491525149 1572
0.001931034482753996 0.002610169491525244 1573
0.002172413793098259 0.002610169491525339 1574
0.002413793103442212 0.002610169491525436 1575
0.002655172413786504 0.002610169491525532 1576
0.002896551724130458 0.002610169491525626 1577
0.00313793103447475 0.002610169491525722 1578
0.003379310344818703 0.002610169491525818 1579
0.003620689655163724 0.002610169491525914 1580
0.003862068965508881 0.002610169491526009 1581
0.004103448275854636 0.002610169491526104 1582
0.004344827586200421 0.002610169491526201 1583
0.004586206896545069 0.002610169491526297 1584
0.004827586206890638 0.002610169491526391 1585
0.005068965517236424 0.002610169491526487 1586
0.005310344827582209 0.002610169491526582 1587
0.005551724137926975 0.002610169491526678 1588
0.005793103448272427 0.002610169491526774 1589
0.006034482758618212 0.002610169491526869 1590
0.006275862068963999 0.002610169491526966 1591
0.006517241379308879 0.002610169491527062 1592
0.006758620689654216 0.002610169491527157 1593
0.0002413793103443646 0.002762711864405627 1594
0.0004827586206886788 0.002762711864405755 1595
0.0007241379310331313 0.002762711864405884 1596
0.0009655172413774837 0.002762711864406013 1597
0.001206896551721599 0.002762711864406142 1598
0.001448275862065744 0.002762711864406271 1599
0.001689655172409849 0.0027627118644064 1600
0.001931034482753996 0.002762711864406529 1601
0.002172413793098259 0.002762711864406658 1602
0.002413793103442212 0.002762711864406786 1603
0.002655172413786504 0.002762711864406915 1604
0.002896551724130459 0.002762711864407044 1605
0.003137931034474749 0.002762711864407173 1606
0.003379310344818703 0.002762711864407301 1607
0.003620689655163723 0.002762711864407431 1608
0.003862068965508883 0.00276271186440756 1609
0.004103448275854637 0.002762711864407689 1610
0.004344827586200421 0.002762711864407817 1611
0.004586206896545068 0.002762711864407946 1612
0.004827586206890638 0.002762711864408074 1613
0.005068965517236425 0.002762711864408204 1614
0.005310344827582211 0.002762711864408333 1615
0.005551724137926975 0.002762711864408462 1616
0.005793103448272427 0.00276271186440859 1617
0.006034482758618212 0.00276271186440872 1618
0.006275862068963999 0.002762711864408848 1619
0.006517241379308879 0.002762711864408977 1620
0.006758620689654216 0.002762711864409106 1621
0.0002413793103443647 0.002915254237286767 1622
0.0004827586206886788 0.002915254237286901 1623
0.0007241379310331311 0.002915254237287035 1624
0.0009655172413774837 0.002915254237287169 1625
0.001206896551721599 0.002915254237287303 1626
0.001448275862065744 0.002915254237287438 1627
0.001689655172409849 0.002915254237287573 1628
0.001931034482753996 0.002915254237287707 1629
0.002172413793098259 0.002915254237287842 1630
0.002413793103442212 0.002915254237287977 1631
0.002655172413786504 0.002915254237288112 1632
0.002896551724130458 0.002915254237288245 1633
0.00313793103447475 0.002915254237288381 1634
0.003379310344818703 0.002915254237288515 1635
0.003620689655163724 0.00291525423728865 1636
0.003862068965508882 0.002915254237288783 1637
0.004103448275854636 0.002915254237288918 1638
0.004344827586200421 0.002915254237289052 1639
0.004586206896545069 0.002915254237289187 1640
0.004827586206890638 0.002915254237289321 1641
0.005068965517236424 0.002915254237289456 1642
0.005310344827582211 0.002915254237289589 1643
0.005551724137926975 0.002915254237289725 1644
0.005793103448272427 0.00291525423728986 1645
0.006034482758618212 0.002915254237289994 1646
0.006275862068963999 0.002915254237290128 1647
0.006517241379308879 0.002915254237290263 1648
0.006758620689654216 0.002915254237290397 1649
0.0002413793103443646 0.00306779661016774 1650
0.0004827586206886789 0.003067796610167888 1651
0.0007241379310331314 0.003067796610168034 1652
0.0009655172413774838 0.00306779661016818 1653
0.001206896551721599 0.003067796610168328 1654
0.001448275862065744 0.003067796610168474 1655
0.001689655172409849 0.00306779661016862 1656
0.001931034482753996 0.003067796610168766 1657
0.002172413793098259 0.003067796610168914 1658
0.002413793103442212 0.003067796610169059 1659
0.002655172413786504 0.003067796610169206 1660
0.002896551724130458 0.003067796610169352 1661
0.003137931034474751 0.003067796610169499 1662
0.003379310344818703 0.003067796610169645 1663
0.003620689655163724 0.003067796610169793 1664
0.003862068965508882 0.003067796610169938 1665
0.004103448275854636 0.003067796610170085 1666
0.004344827586200421 0.003067796610170231 1667
0.004586206896545069 0.003067796610170378 1668
0.004827586206890638 0.003067796610170525 1669
0.005068965517236424 0.003067796610170671 1670
0.00531034482758221 0.003067796610170817 1671
0.005551724137926974 0.003067796610170964 1672
0.005793103448272427 0.003067796610171111 1673
0.006034482758618212 0.003067796610171258 1674
0.006275862068963999 0.003067796610171403 1675
0.006517241379308879 0.00306779661017155 1676
0.006758620689654216 0.003067796610171696 1677
0.0002413793103443646 0.003220338983048685 1678
0.0004827586206886789 0.003220338983048868 1679
0.0007241379310331311 0.003220338983049049 1680
0.0009655172413774839 0.003220338983049231 1681
0.001206896551721599 0.003220338983049411 1682
0.001448275862065744 0.003220338983049592 1683
0.001689655172409849 0.003220338983049773 1684
0.001931034482753996 0.003220338983049956 1685
0.002172413793098259 0.003220338983050136 1686
0.002413793103442212 0.003220338983050318 1687
0.002655172413786504 0.003220338983050499 1688
0.002896551724130458 0.00322033898305068 1689
0.00313793103447475 0.003220338983050862 1690
0.003379310344818703 0.003220338983051043 1691
0.003620689655163724 0.003220338983051226 1692
0.003862068965508883 0.003220338983051406 1693
0.004103448275854635 0.003220338983051588 1694
0.004344827586200421 0.003220338983051768 1695
0.004586206896545069 0.00322033898305195 1696
0.004827586206890638 0.003220338983052132 1697
0.005068965517236424 0.003220338983052313 1698
0.00531034482758221 0.003220338983052495 1699
0.005551724137926974 0.003220338983052676 1700
0.005793103448272426 0.003220338983052857 1701
0.006034482758618212 0.003220338983053038 1702
0.006275862068963999 0.003220338983053221 1703
0.006517241379308879 0.003220338983053401 1704
0.006758620689654216 0.003220338983053582 1705
0.0002413793103443646 0.003372881355929882 1706
0.0004827586206886789 0.00337288135593007 1707
0.0007241379310331313 0.003372881355930257 1708
0.0009655172413774836 0.003372881355930444 1709
0.001206896551721599 0.003372881355930631 1710
0.001448275862065744 0.003372881355930818 1711
0.001689655172409849 0.003372881355931004 1712
0.001931034482753996 0.003372881355931192 1713
0.002172413793098259 0.003372881355931379 1714
0.002413793103442212 0.003372881355931566 1715
0.002655172413786504 0.003372881355931754 1716
0.002896551724130458 0.00337288135593194 1717
0.003137931034474749 0.003372881355932127 1718
0.003379310344818703 0.003372881355932314 1719
0.003620689655163724 0.003372881355932502 1720
0.003862068965508882 0.003372881355932688 1721
0.004103448275854636 0.003372881355932876 1722
0.004344827586200421 0.003372881355933063 1723
0.00458620689654507 0.003372881355933249 1724
0.004827586206890638 0.003372881355933437 1725
0.005068965517236425 0.003372881355933624 1726
0.005310344827582209 0.003372881355933811 1727
0.005551724137926974 0.003372881355933998 1728
0.005793103448272427 0.003372881355934184 1729
0.006034482758618212 0.003372881355934372 1730
0.006275862068963999 0.003372881355934559 1731
0.006517241379308879 0.003372881355934746 1732
0.006758620689654216 0.003372881355934933 1733
0.0002413793103443646 0.003525423728811077 1734
0.0004827586206886789 0.00352542372881127 1735
0.0007241379310331309 0.003525423728811463 1736
0.0009655172413774835 0.003525423728811655 1737
0.001206896551721599 0.00352542372881185 1738
0.001448275862065744 0.003525423728812042 1739
0.001689655172409849 0.003525423728812236 1740
0.001931034482753996 0.003525423728812429 1741
0.002172413793098259 0.003525423728812622 1742
0.002413793103442212 0.003525423728812815 1743
0.002655172413786504 0.003525423728813008 1744
0.002896551724130459 0.003525423728813202 1745
0.003137931034474749 0.003525423728813395 1746
0.003379310344818703 0.003525423728813588 1747
0.003620689655163723 0.00352542372881378 1748
0.003862068965508882 0.003525423728813974 1749
0.004103448275854636 0.003525423728814167 1750
0.004344827586200421 0.00352542372881436 1751
0.004586206896545069 0.003525423728814554 1752
0.004827586206890639 0.003525423728814747 1753
0.005068965517236424 0.00352542372881494 1754
0.00531034482758221 0.003525423728815133 1755
0.005551724137926974 0.003525423728815326 1756
0.005793103448272427 0.00352542372881552 1757
0.006034482758618212 0.003525423728815712 1758
0.006275862068964 0.003525423728815906 1759
0.006517241379308879 0.003525423728816098 1760
0.006758620689654216 0.003525423728816291 1761
0.0002413793103443646 0.003677966101692017 1762
0.0004827586206886789 0.003677966101692247 1763
0.0007241379310331311 0.003677966101692474 1764
0.0009655172413774839 0.003677966101692703 1765
0.001206896551721599 0.003677966101692932 1766
0.001448275862065744 0.003677966101693159 1767
0.001689655172409849 0.003677966101693388 1768
0.001931034482753996 0.003677966101693617 1769
0.002172413793098259 0.003677966101693846 1770
0.002413793103442212 0.003677966101694075 1771
0.002655172413786505 0.003677966101694303 1772
0.002896551724130459 0.003677966101694531 1773
0.00313793103447475 0.00367796610169476 1774
0.003379310344818703 0.003677966101694988 1775
0.003620689655163724 0.003677966101695216 1776
0.003862068965508881 0.003677966101695444 1777
0.004103448275854636 0.003677966101695674 1778
0.004344827586200421 0.003677966101695902 1779
0.004586206896545069 0.00367796610169613 1780
0.004827586206890639 0.003677966101696358 1781
0.005068965517236425 0.003677966101696586 1782
0.00531034482758221 0.003677966101696816 1783
0.005551724137926975 0.003677966101697044 1784
0.005793103448272427 0.003677966101697273 1785
0.006034482758618212 0.003677966101697501 1786
0.006275862068963998 0.003677966101697729 1787
0.006517241379308879 0.003677966101697958 1788
0.006758620689654216 0.003677966101698187 1789
0.0002413793103443646 0.003830508474572687 1790
0.0004827586206886789 0.003830508474572961 1791
0.0007241379310331313 0.003830508474573238 1792
0.0009655172413774839 0.003830508474573511 1793
0.001206896551721599 0.003830508474573788 1794
0.001448275862065744 0.003830508474574063 1795
0.001689655172409849 0.003830508474574338 1796
0.001931034482753996 0.003830508474574613 1797
0.002172413793098259 0.003830508474574889 1798
0.002413793103442212 0.003830508474575165 1799
0.002655172413786504 0.003830508474575439 1800
0.002896551724130459 0.003830508474575715 1801
0.00313793103447475 0.00383050847457599 1802
0.003379310344818703 0.003830508474576267 1803
0.003620689655163725 0.003830508474576541 1804
0.003862068965508882 0.003830508474576817 1805
0.004103448275854636 0.003830508474577093 1806
0.004344827586200421 0.003830508474577367 1807
0.004586206896545069 0.003830508474577642 1808
0.004827586206890638 0.003830508474577918 1809
0.005068965517236424 0.003830508474578193 1810
0.00531034482758221 0.003830508474578469 1811
0.005551724137926974 0.003830508474578744 1812
0.005793103448272426 0.00383050847457902 1813
0.006034482758618212 0.003830508474579295 1814
0.006275862068963998 0.00383050847457957 1815
0.006517241379308879 0.003830508474579846 1816
0.006758620689654216 0.003830508474580122 1817
0.0002413793103443646 0.003983050847453607 1818
0.0004827586206886788 0.00398305084745392 1819
0.0007241379310331313 0.003983050847454234 1820
0.0009655172413774838 0.003983050847454546 1821
0.001206896551721599 0.00398305084745486 1822
0.001448275862065744 0.003983050847455172 1823
0.001689655172409849 0.003983050847455488 1824
0.001931034482753996 0.0039830508474558 1825
0.002172413793098259 0.003983050847456114 1826
0.002413793103442212 0.003983050847456426 1827
0.002655172413786504 0.003983050847456741 1828
0.002896551724130458 0.003983050847457054 1829
0.003137931034474751 0.003983050847457367 1830
0.003379310344818703 0.003983050847457679 1831
0.003620689655163724 0.003983050847457993 1832
0.003862068965508882 0.003983050847458305 1833
0.004103448275854636 0.003983050847458621 1834
0.004344827586200421 0.003983050847458933 1835
0.004586206896545069 0.003983050847459245 1836
0.004827586206890638 0.003983050847459559 1837
0.005068965517236424 0.003983050847459873 1838
0.005310344827582213 0.003983050847460186 1839
0.005551724137926974 0.0039830508474605 1840
0.005793103448272427 0.003983050847460813 1841
0.006034482758618212 0.003983050847461126 1842
0.006275862068963999 0.003983050847461438 1843
0.006517241379308879 0.003983050847461752 1844
0.006758620689654216 0.003983050847462066 1845
0.0002413793103443647 0.00413559322033452 1846
0.0004827586206886788 0.004135593220334872 1847
0.0007241379310331314 0.004135593220335222 1848
0.0009655172413774837 0.00413559322033557 1849
0.001206896551721599 0.004135593220335918 1850
0.001448275862065744 0.004135593220336267 1851
0.001689655172409849 0.004135593220336616 1852
0.001931034482753996 0.004135593220336966 1853
0.002172413793098259 0.004135593220337314 1854
0.002413793103442212 0.004135593220337664 1855
0.002655172413786504 0.004135593220338013 1856
0.002896551724130459 0.004135593220338363 1857
0.003137931034474749 0.004135593220338712 1858
0.003379310344818703 0.00413559322033906 1859
0.003620689655163724 0.004135593220339411 1860
0.003862068965508882 0.004135593220339758 1861
0.004103448275854636 0.004135593220340108 1862
0.004344827586200421 0.004135593220340457 1863
0.004586206896545069 0.004135593220340805 1864
0.004827586206890638 0.004135593220341157 1865
0.005068965517236424 0.004135593220341504 1866
0.00531034482758221 0.004135593220341853 1867
0.005551724137926975 0.004135593220342202 1868
0.005793103448272427 0.004135593220342551 1869
0.006034482758618212 0.004135593220342901 1870
0.006275862068964 0.00413559322034325 1871
0.006517241379308879 0.004135593220343598 1872
0.006758620689654216 0.004135593220343949 1873
0.0002413793103443646 0.004288135593215506 1874
0.0004827586206886789 0.004288135593215867 1875
0.0007241379310331311 0.00428813559321623 1876
0.0009655172413774837 0.004288135593216593 1877
0.001206896551721599 0.004288135593216955 1878
0.001448275862065744 0.004288135593217317 1879
0.001689655172409849 0.004288135593217679 1880
0.001931034482753996 0.004288135593218043 1881
0.002172413793098259 0.004288135593218403 1882
0.002413793103442212 0.004288135593218767 1883
0.002655172413786504 0.004288135593219129 1884
0.002896551724130459 0.004288135593219489 1885
0.00313793103447475 0.004288135593219854 1886
0.003379310344818703 0.004288135593220215 1887
0.003620689655163724 0.004288135593220578 1888
0.003862068965508882 0.00428813559322094 1889
0.004103448275854635 0.004288135593221302 1890
0.004344827586200421 0.004288135593221665 1891
0.00458620689654507 0.004288135593222026 1892
0.004827586206890639 0.004288135593222391 1893
0.005068965517236425 0.004288135593222752 1894
0.00531034482758221 0.004288135593223113 1895
0.005551724137926973 0.004288135593223477 1896
0.005793103448272427 0.004288135593223837 1897
0.006034482758618212 0.004288135593224202 1898
0.006275862068963999 0.004288135593224563 1899
0.006517241379308879 0.004288135593224925 1900
0.006758620689654216 0.004288135593225288 1901
0.0002413793103443646 0.004440677966096487 1902
0.0004827586206886787 0.004440677966096877 1903
0.0007241379310331311 0.004440677966097261 1904
0.0009655172413774839 0.004440677966097648 1905
0.001206896551721599 0.004440677966098032 1906
0.001448275862065744 0.004440677966098421 1907
0.001689655172409849 0.004440677966098807 1908
0.001931034482753996 0.004440677966099191 1909
0.002172413793098259 0.00444067796609958 1910
0.002413793103442212 0.004440677966099966 1911
0.002655172413786504 0.004440677966100353 1912
0.002896551724130459 0.00444067796610074 1913
0.00313793103447475 0.004440677966101126 1914
0.003379310344818703 0.004440677966101512 1915
0.003620689655163724 0.004440677966101898 1916
0.003862068965508882 0.004440677966102283 1917
0.004103448275854635 0.004440677966102671 1918
0.004344827586200423 0.004440677966103057 1919
0.004586206896545069 0.004440677966103443 1920
0.004827586206890638 0.004440677966103831 1921
0.005068965517236424 0.004440677966104215 1922
0.005310344827582211 0.004440677966104605 1923
0.005551724137926976 0.00444067796610499 1924
0.005793103448272427 0.004440677966105376 1925
0.006034482758618212 0.004440677966105761 1926
0.006275862068964 0.004440677966106149 1927
0.006517241379308879 0.004440677966106536 1928
0.006758620689654216 0.004440677966106922 1929
0.0002413793103443646 0.004593220338977403 1930
0.0004827586206886789 0.00459322033897783 1931
0.0007241379310331309 0.004593220338978253 1932
0.0009655172413774835 0.004593220338978675 1933
0.001206896551721599 0.004593220338979101 1934
0.001448275862065744 0.004593220338979526 1935
0.001689655172409849 0.004593220338979951 1936
0.001931034482753996 0.004593220338980374 1937
0.002172413793098259 0.004593220338980799 1938
0.002413793103442212 0.004593220338981224 1939
0.002655172413786504 0.004593220338981648 1940
0.002896551724130459 0.004593220338982072 1941
0.00313793103447475 0.004593220338982498 1942
0.003379310344818703 0.004593220338982922 1943
0.003620689655163723 0.004593220338983348 1944
0.003862068965508882 0.00459322033898377 1945
0.004103448275854636 0.004593220338984196 1946
0.004344827586200421 0.004593220338984621 1947
0.004586206896545069 0.004593220338985043 1948
0.004827586206890638 0.004593220338985468 1949
0.005068965517236424 0.004593220338985893 1950
0.00531034482758221 0.004593220338986317 1951
0.005551724137926974 0.004593220338986743 1952
0.005793103448272427 0.004593220338987168 1953
0.006034482758618212 0.004593220338987593 1954
0.006275862068964 0.004593220338988017 1955
0.006517241379308879 0.004593220338988441 1956
0.006758620689654216 0.004593220338988865 1957
0.0002413793103443646 0.00474576271185832 1958
0.0004827586206886789 0.004745762711858783 1959
0.0007241379310331311 0.004745762711859245 1960
0.0009655172413774838 0.00474576271185971 1961
0.001206896551721599 0.004745762711860169 1962
0.001448275862065744 0.004745762711860633 1963
0.001689655172409849 0.004745762711861098 1964
0.001931034482753996 0.004745762711861559 1965
0.002172413793098259 0.004745762711862022 1966
0.002413793103442212 0.004745762711862484 1967
0.002655172413786504 0.004745762711862948 1968
0.002896551724130458 0.004745762711863408 1969
0.00313793103447475 0.004745762711863871 1970
0.003379310344818703 0.004745762711864335 1971
0.003620689655163723 0.004745762711864796 1972
0.003862068965508883 0.00474576271186526 1973
0.004103448275854636 0.004745762711865721 1974
0.004344827586200421 0.004745762711866184 1975
0.004586206896545069 0.004745762711866644 1976
0.004827586206890638 0.004745762711867108 1977
0.005068965517236424 0.004745762711867572 1978
0.00531034482758221 0.004745762711868035 1979
0.005551724137926975 0.004745762711868497 1980
0.005793103448272427 0.004745762711868959 1981
0.006034482758618212 0.004745762711869421 1982
0.006275862068963996 0.004745762711869885 1983
0.006517241379308879 0.004745762711870348 1984
0.006758620689654216 0.004745762711870809 1985
0.0002413793103443646 0.004898305084739238 1986
0.0004827586206886789 0.004898305084739738 1987
0.0007241379310331313 0.004898305084740239 1988
0.0009655172413774841 0.004898305084740742 1989
0.001206896551721599 0.00489830508474124 1990
0.001448275862065744 0.004898305084741742 1991
0.001689655172409849 0.004898305084742241 1992
0.001931034482753996 0.004898305084742743 1993
0.002172413793098259 0.004898305084743242 1994
0.002413793103442212 0.004898305084743745 1995
0.002655172413786504 0.004898305084744244 1996
0.002896551724130458 0.004898305084744745 1997
0.003137931034474751 0.004898305084745244 1998
0.003379310344818703 0.004898305084745746 1999
0.003620689655163724 0.004898305084746247 2000
0.003862068965508881 0.004898305084746747 2001
0.004103448275854636 0.004898305084747248 2002
0.004344827586200421 0.004898305084747749 2003
0.00458620689654507 0.00489830508474825 2004
0.004827586206890638 0.004898305084748751 2005
0.005068965517236425 0.004898305084749252 2006
0.00531034482758221 0.004898305084749751 2007
0.005551724137926975 0.004898305084750251 2008
0.005793103448272426 0.004898305084750752 2009
0.006034482758618212 0.004898305084751254 2010
0.006275862068964 0.004898305084751753 2011
0.006517241379308879 0.004898305084752255 2012
0.006758620689654216 0.004898305084752756 2013
0.0002413793103443647 0.005050847457620142 2014
0.0004827586206886789 0.005050847457620673 2015
0.0007241379310331311 0.005050847457621199 2016
0.0009655172413774837 0.005050847457621728 2017
0.001206896551721599 0.005050847457622256 2018
0.001448275862065744 0.005050847457622785 2019
0.001689655172409849 0.005050847457623313 2020
0.001931034482753996 0.005050847457623842 2021
0.002172413793098259 0.00505084745762437 2022
0.002413793103442212 0.005050847457624897 2023
0.002655172413786504 0.005050847457625426 2024
0.002896551724130459 0.005050847457625953 2025
0.00313793103447475 0.005050847457626483 2026
0.003379310344818703 0.005050847457627012 2027
0.003620689655163723 0.005050847457627539 2028
0.003862068965508881 0.005050847457628066 2029
0.004103448275854636 0.005050847457628595 2030
0.004344827586200421 0.005050847457629125 2031
0.004586206896545069 0.005050847457629652 2032
0.004827586206890638 0.005050847457630181 2033
0.005068965517236424 0.005050847457630709 2034
0.00531034482758221 0.005050847457631237 2035
0.005551724137926974 0.005050847457631765 2036
0.005793103448272427 0.005050847457632292 2037
0.006034482758618212 0.005050847457632823 2038
0.006275862068964001 0.00505084745763335 2039
0.006517241379308879 0.005050847457633878 2040
0.006758620689654216 0.005050847457634407 2041
0.0002413793103443647 0.005203389830501127 2042
0.0004827586206886788 0.005203389830501664 2043
0.0007241379310331314 0.005203389830502202 2044
0.0009655172413774839 0.00520338983050274 2045
0.001206896551721599 0.005203389830503276 2046
0.001448275862065744 0.005203389830503814 2047
0.001689655172409849 0.005203389830504352 2048
0.001931034482753996 0.005203389830504892 2049
0.002172413793098259 0.005203389830505428 2050
0.002413793103442212 0.005203389830505964 2051
0.002655172413786504 0.005203389830506504 2052
0.002896551724130459 0.005203389830507041 2053
0.00313793103447475 0.005203389830507579 2054
0.003379310344818703 0.005203389830508117 2055
0.003620689655163724 0.005203389830508654 2056
0.003862068965508882 0.005203389830509192 2057
0.004103448275854636 0.005203389830509731 2058
0.004344827586200421 0.005203389830510268 2059
0.004586206896545069 0.005203389830510806 2060
0.004827586206890638 0.005203389830511344 2061
0.005068965517236424 0.005203389830511882 2062
0.00531034482758221 0.005203389830512418 2063
0.005551724137926975 0.005203389830512956 2064
0.005793103448272427 0.005203389830513495 2065
0.006034482758618212 0.005203389830514032 2066
0.006275862068964 0.00520338983051457 2067
0.006517241379308878 0.005203389830515106 2068
0.006758620689654216 0.005203389830515644 2069
0.0002413793103443647 0.005355932203382106 2070
0.0004827586206886787 0.005355932203382667 2071
0.0007241379310331313 0.005355932203383229 2072
0.0009655172413774835 0.005355932203383793 2073
0.001206896551721599 0.005355932203384353 2074
0.001448275862065744 0.005355932203384916 2075
0.001689655172409849 0.005355932203385479 2076
0.001931034482753996 0.005355932203386041 2077
0.002172413793098259 0.005355932203386602 2078
0.002413793103442212 0.005355932203387164 2079
0.002655172413786504 0.005355932203387727 2080
0.002896551724130458 0.005355932203388288 2081
0.00313793103447475 0.005355932203388852 2082
0.003379310344818703 0.005355932203389415 2083
0.003620689655163723 0.005355932203389976 2084
0.003862068965508883 0.005355932203390538 2085
0.004103448275854636 0.005355932203391101 2086
0.004344827586200421 0.005355932203391663 2087
0.00458620689654507 0.005355932203392225 2088
0.004827586206890638 0.005355932203392786 2089
0.005068965517236424 0.005355932203393349 2090
0.005310344827582211 0.00535593220339391 2091
0.005551724137926975 0.005355932203394472 2092
0.005793103448272427 0.005355932203395034 2093
0.006034482758618212 0.005355932203395596 2094
0.006275862068963996 0.005355932203396159 2095
0.006517241379308879 0.00535593220339672 2096
0.006758620689654216 0.005355932203397282 2097
0.0002413793103443646 0.00550847457626302 2098
0.0004827586206886789 0.005508474576263621 2099
0.0007241379310331313 0.005508474576264221 2100
0.0009655172413774836 0.005508474576264821 2101
0.001206896551721599 0.005508474576265421 2102
0.001448275862065744 0.005508474576266022 2103
0.001689655172409849 0.005508474576266623 2104
0.001931034482753996 0.005508474576267222 2105
0.002172413793098259 0.005508474576267822 2106
0.002413793103442212 0.005508474576268423 2107
0.002655172413786504 0.005508474576269021 2108
0.002896551724130458 0.005508474576269621 2109
0.00313793103447475 0.005508474576270223 2110
0.003379310344818703 0.005508474576270822 2111
0.003620689655163723 0.005508474576271424 2112
0.003862068965508882 0.005508474576272025 2113
0.004103448275854634 0.005508474576272624 2114
0.004344827586200421 0.005508474576273224 2115
0.004586206896545068 0.005508474576273825 2116
0.004827586206890638 0.005508474576274425 2117
0.005068965517236425 0.005508474576275024 2118
0.005310344827582209 0.005508474576275625 2119
0.005551724137926973 0.005508474576276226 2120
0.005793103448272427 0.005508474576276826 2121
0.006034482758618212 0.005508474576277426 2122
0.006275862068963998 0.005508474576278026 2123
0.006517241379308879 0.005508474576278627 2124
0.006758620689654216 0.005508474576279227 2125
0.0002413793103443647 0.005661016949143938 2126
0.0004827586206886789 0.005661016949144577 2127
0.0007241379310331314 0.005661016949145214 2128
0.0009655172413774838 0.005661016949145854 2129
0.001206896551721599 0.005661016949146492 2130
0.001448275862065744 0.005661016949147129 2131
0.001689655172409849 0.005661016949147767 2132
0.001931034482753996 0.005661016949148405 2133
0.002172413793098259 0.005661016949149045 2134
0.002413793103442212 0.005661016949149682 2135
0.002655172413786504 0.00566101694915032 2136
0.002896551724130459 0.005661016949150959 2137
0.003137931034474751 0.005661016949151596 2138
0.003379310344818703 0.005661016949152236 2139
0.003620689655163723 0.005661016949152874 2140
0.003862068965508883 0.005661016949153512 2141
0.004103448275854636 0.005661016949154148 2142
0.004344827586200423 0.005661016949154789 2143
0.00458620689654507 0.005661016949155427 2144
0.004827586206890638 0.005661016949156066 2145
0.005068965517236424 0.005661016949156702 2146
0.00531034482758221 0.005661016949157343 2147
0.005551724137926976 0.005661016949157979 2148
0.005793103448272427 0.005661016949158616 2149
0.006034482758618211 0.005661016949159256 2150
0.006275862068964 0.005661016949159893 2151
0.006517241379308879 0.005661016949160531 2152
0.006758620689654216 0.005661016949161169 2153
0.0002413793103443646 0.005813559322024855 2154
0.0004827586206886789 0.005813559322025532 2155
0.0007241379310331313 0.005813559322026209 2156
0.0009655172413774838 0.005813559322026883 2157
0.001206896551721599 0.00581355932202756 2158
0.001448275862065744 0.005813559322028237 2159
0.001689655172409849 0.005813559322028912 2160
0.001931034482753996 0.005813559322029589 2161
0.002172413793098259 0.005813559322030264 2162
0.002413793103442212 0.005813559322030943 2163
0.002655172413786504 0.005813559322031619 2164
0.002896551724130459 0.005813559322032295 2165
0.00313793103447475 0.005813559322032971 2166
0.003379310344818703 0.005813559322033647 2167
0.003620689655163724 0.005813559322034323 2168
0.003862068965508882 0.005813559322034999 2169
0.004103448275854636 0.005813559322035675 2170
0.004344827586200421 0.005813559322036352 2171
0.00458620689654507 0.005813559322037028 2172
0.004827586206890638 0.005813559322037705 2173
0.005068965517236424 0.005813559322038381 2174
0.005310344827582211 0.005813559322039057 2175
0.005551724137926975 0.005813559322039735 2176
0.005793103448272427 0.005813559322040409 2177
0.006034482758618212 0.005813559322041086 2178
0.006275862068963999 0.005813559322041763 2179
0.006517241379308879 0.005813559322042438 2180
0.006758620689654216 0.005813559322043114 2181
0.0002413793103443646 0.005966101694905828 2182
0.0004827586206886788 0.005966101694906529 2183
0.0007241379310331314 0.005966101694907229 2184
0.0009655172413774839 0.005966101694907932 2185
0.001206896551721599 0.005966101694908634 2186
0.001448275862065744 0.005966101694909334 2187
0.001689655172409849 0.005966101694910037 2188
0.001931034482753996 0.005966101694910738 2189
0.002172413793098259 0.005966101694911438 2190
0.002413793103442212 0.005966101694912141 2191
0.002655172413786504 0.005966101694912842 2192
0.002896551724130459 0.005966101694913541 2193
0.00313793103447475 0.005966101694914244 2194
0.003379310344818703 0.005966101694914943 2195
0.003620689655163723 0.005966101694915648 2196
0.003862068965508883 0.005966101694916349 2197
0.004103448275854637 0.005966101694917049 2198
0.004344827586200421 0.005966101694917751 2199
0.004586206896545071 0.005966101694918452 2200
0.004827586206890638 0.005966101694919152 2201
0.005068965517236424 0.005966101694919856 2202
0.005310344827582211 0.005966101694920556 2203
0.005551724137926976 0.005966101694921259 2204
0.005793103448272427 0.005966101694921958 2205
0.006034482758618212 0.00596610169492266 2206
0.006275862068964 0.005966101694923361 2207
0.006517241379308879 0.005966101694924062 2208
0.006758620689654216 0.005966101694924765 2209
0.0002413793103443647 0.006118644067787075 2210
0.0004827586206886788 0.006118644067787778 2211
0.0007241379310331311 0.006118644067788477 2212
0.000965517241377484 0.006118644067789179 2213
0.001206896551721599 0.00611864406778988 2214
0.001448275862065744 0.006118644067790581 2215
0.001689655172409849 0.006118644067791282 2216
0.001931034482753997 0.006118644067791982 2217
0.002172413793098259 0.006118644067792685 2218
0.002413793103442212 0.006118644067793387 2219
0.002655172413786504 0.006118644067794089 2220
0.002896551724130459 0.00611864406779479 2221
0.00313793103447475 0.006118644067795489 2222
0.003379310344818703 0.006118644067796192 2223
0.003620689655163723 0.006118644067796892 2224
0.003862068965508883 0.006118644067797594 2225
0.004103448275854636 0.006118644067798297 2226
0.004344827586200421 0.006118644067798999 2227
0.00458620689654507 0.006118644067799698 2228
0.004827586206890638 0.0061186440678004 2229
0.005068965517236424 0.006118644067801102 2230
0.005310344827582211 0.006118644067801801 2231
0.005551724137926975 0.006118644067802505 2232
0.005793103448272427 0.006118644067803206 2233
0.006034482758618212 0.006118644067803907 2234
0.006275862068963998 0.006118644067804609 2235
0.006517241379308879 0.006118644067805309 2236
0.006758620689654216 0.006118644067806011 2237
0.0002413793103443646 0.006271186440668335 2238
0.0004827586206886789 0.006271186440669052 2239
0.0007241379310331313 0.006271186440669769 2240
0.0009655172413774835 0.006271186440670484 2241
0.001206896551721599 0.006271186440671202 2242
0.001448275862065744 0.006271186440671917 2243
0.001689655172409849 0.006271186440672633 2244
0.001931034482753996 0.006271186440673348 2245
0.002172413793098259 0.006271186440674063 2246
0.002413793103442212 0.006271186440674779 2247
0.002655172413786504 0.006271186440675496 2248
0.002896551724130459 0.006271186440676211 2249
0.00313793103447475 0.006271186440676927 2250
0.003379310344818703 0.006271186440677643 2251
0.003620689655163723 0.006271186440678357 2252
0.003862068965508883 0.006271186440679075 2253
0.004103448275854636 0.00627118644067979 2254
0.004344827586200421 0.006271186440680507 2255
0.00458620689654507 0.006271186440681222 2256
0.004827586206890638 0.006271186440681939 2257
0.005068965517236424 0.006271186440682654 2258
0.00531034482758221 0.006271186440683372 2259
0.005551724137926975 0.006271186440684086 2260
0.005793103448272427 0.0062711864406848 2261
0.006034482758618212 0.006271186440685519 2262
0.006275862068963998 0.006271186440686233 2263
0.006517241379308879 0.006271186440686948 2264
0.006758620689654216 0.006271186440687664 2265
0.0002413793103443646 0.006423728813549147 2266
0.0004827586206886789 0.006423728813549905 2267
0.0007241379310331311 0.006423728813550662 2268
0.0009655172413774835 0.006423728813551417 2269
0.001206896551721599 0.006423728813552174 2270
0.001448275862065744 0.006423728813552935 2271
0.001689655172409849 0.006423728813553692 2272
0.001931034482753996 0.006423728813554451 2273
0.002172413793098259 0.006423728813555206 2274
0.002413793103442212 0.006423728813555966 2275
0.002655172413786504 0.006423728813556724 2276
0.002896551724130458 0.006423728813557482 2277
0.003137931034474749 0.006423728813558239 2278
0.003379310344818703 0.006423728813558998 2279
0.003620689655163723 0.006423728813559755 2280
0.003862068965508882 0.006423728813560511 2281
0.004103448275854636 0.006423728813561271 2282
0.00434482758620042 0.006423728813562028 2283
0.004586206896545068 0.006423728813562784 2284
0.004827586206890638 0.006423728813563544 2285
0.005068965517236425 0.006423728813564301 2286
0.005310344827582211 0.006423728813565061 2287
0.005551724137926975 0.006423728813565816 2288
0.005793103448272427 0.006423728813566575 2289
0.006034482758618212 0.006423728813567333 2290
0.006275862068963997 0.006423728813568089 2291
0.006517241379308879 0.006423728813568849 2292
0.006758620689654216 0.006423728813569605 2293
0.0002413793103443646 0.006576271186430393 2294
0.0004827586206886789 0.00657627118643115 2295
0.0007241379310331311 0.006576271186431911 2296
0.0009655172413774835 0.006576271186432665 2297
0.001206896551721599 0.006576271186433423 2298
0.001448275862065744 0.006576271186434181 2299
0.001689655172409849 0.00657627118643494 2300
0.001931034482753996 0.006576271186435697 2301
0.002172413793098259 0.006576271186436456 2302
0.002413793103442212 0.006576271186437214 2303
0.002655172413786504 0.006576271186437969 2304
0.002896551724130459 0.006576271186438729 2305
0.00313793103447475 0.006576271186439485 2306
0.003379310344818703 0.006576271186440244 2307
0.003620689655163723 0.006576271186441001 2308
0.003862068965508883 0.006576271186441759 2309
0.004103448275854636 0.006576271186442518 2310
0.004344827586200421 0.006576271186443275 2311
0.00458620689654507 0.006576271186444033 2312
0.004827586206890638 0.006576271186444791 2313
0.005068965517236424 0.006576271186445547 2314
0.00531034482758221 0.006576271186446306 2315
0.005551724137926975 0.006576271186447063 2316
0.005793103448272427 0.006576271186447821 2317
0.006034482758618212 0.00657627118644858 2318
0.006275862068963999 0.006576271186449336 2319
0.006517241379308879 0.006576271186450096 2320
0.006758620689654216 0.006576271186450852 2321
0.0002413793103443646 0.00672881355931233 2322
0.0004827586206886789 0.006728813559313048 2323
0.0007241379310331311 0.006728813559313764 2324
0.0009655172413774835 0.006728813559314479 2325
0.001206896551721599 0.006728813559315195 2326
0.001448275862065744 0.006728813559315912 2327
0.001689655172409849 0.006728813559316628 2328
0.001931034482753996 0.006728813559317343 2329
0.002172413793098259 0.006728813559318059 2330
0.002413793103442212 0.006728813559318775 2331
0.002655172413786504 0.00672881355931949 2332
0.002896551724130459 0.006728813559320206 2333
0.00313793103447475 0.006728813559320922 2334
0.003379310344818703 0.00672881355932164 2335
0.003620689655163724 0.006728813559322353 2336
0.003862068965508883 0.006728813559323069 2337
0.004103448275854636 0.006728813559323787 2338
0.004344827586200421 0.006728813559324502 2339
0.00458620689654507 0.006728813559325218 2340
0.004827586206890638 0.006728813559325935 2341
0.005068965517236424 0.006728813559326649 2342
0.005310344827582211 0.006728813559327366 2343
0.005551724137926974 0.00672881355932808 2344
0.005793103448272427 0.006728813559328798 2345
0.006034482758618212 0.006728813559329513 2346
0.006275862068963998 0.006728813559330229 2347
0.006517241379308879 0.006728813559330945 2348
0.006758620689654216 0.006728813559331661 2349
0.0002413793103443647 0.006881355932193988 2350
0.0004827586206886789 0.006881355932194689 2351
0.0007241379310331313 0.006881355932195391 2352
0.0009655172413774839 0.006881355932196092 2353
0.001206896551721599 0.006881355932196792 2354
0.001448275862065744 0.006881355932197493 2355
0.001689655172409849 0.006881355932198195 2356
0.001931034482753996 0.006881355932198895 2357
0.002172413793098259 0.006881355932199597 2358
0.002413793103442212 0.006881355932200301 2359
0.002655172413786504 0.006881355932201001 2360
0.002896551724130459 0.006881355932201702 2361
0.00313793103447475 0.006881355932202403 2362
0.003379310344818703 0.006881355932203104 2363
0.003620689655163724 0.006881355932203805 2364
0.003862068965508883 0.006881355932204508 2365
0.004103448275854636 0.006881355932205208 2366
0.004344827586200421 0.00688135593220591 2367
0.00458620689654507 0.006881355932206611 2368
0.004827586206890638 0.006881355932207312 2369
0.005068965517236424 0.006881355932208013 2370
0.005310344827582211 0.006881355932208717 2371
0.005551724137926974 0.006881355932209416 2372
0.005793103448272427 0.006881355932210118 2373
0.006034482758618212 0.006881355932210819 2374
0.006275862068963999 0.00688135593221152 2375
0.006517241379308879 0.00688135593221222 2376
0.006758620689654216 0.00688135593221292 2377
0.0002413793103443646 0.007033898305075233 2378
0.0004827586206886789 0.007033898305075933 2379
0.0007241379310331313 0.007033898305076636 2380
0.0009655172413774838 0.007033898305077338 2381
0.001206896551721599 0.007033898305078038 2382
0.001448275862065744 0.007033898305078741 2383
0.001689655172409849 0.007033898305079441 2384
0.001931034482753996 0.007033898305080145 2385
0.002172413793098259 0.007033898305080845 2386
0.002413793103442212 0.007033898305081546 2387
0.002655172413786504 0.007033898305082247 2388
0.002896551724130459 0.007033898305082949 2389
0.00313793103447475 0.00703389830508365 2390
0.003379310344818703 0.007033898305084351 2391
0.003620689655163724 0.007033898305085052 2392
0.003862068965508882 0.007033898305085753 2393
0.004103448275854636 0.007033898305086455 2394
0.004344827586200421 0.007033898305087156 2395
0.00458620689654507 0.007033898305087858 2396
0.004827586206890638 0.00703389830508856 2397
0.005068965517236424 0.00703389830508926 2398
0.00531034482758221 0.007033898305089963 2399
0.005551724137926975 0.007033898305090663 2400
0.005793103448272427 0.007033898305091364 2401
0.006034482758618212 0.007033898305092066 2402
0.006275862068963998 0.007033898305092766 2403
0.006517241379308879 0.007033898305093469 2404
0.006758620689654216 0.007033898305094169 2405
0.0002413793103443646 0.007186440677956884 2406
0.0004827586206886789 0.007186440677957559 2407
0.0007241379310331313 0.007186440677958234 2408
0.0009655172413774838 0.007186440677958913 2409
0.001206896551721599 0.007186440677959587 2410
0.001448275862065744 0.007186440677960266 2411
0.001689655172409849 0.007186440677960941 2412
0.001931034482753996 0.007186440677961617 2413
0.002172413793098259 0.007186440677962293 2414
0.002413793103442212 0.007186440677962971 2415
0.002655172413786504 0.007186440677963645 2416
0.002896551724130459 0.007186440677964322 2417
0.00313793103447475 0.007186440677964998 2418
0.003379310344818703 0.007186440677965675 2419
0.003620689655163724 0.007186440677966351 2420
0.003862068965508882 0.007186440677967028 2421
0.004103448275854637 0.007186440677967704 2422
0.004344827586200421 0.00718644067796838 2423
0.00458620689654507 0.007186440677969056 2424
0.004827586206890638 0.00718644067796973 2425
0.005068965517236424 0.007186440677970407 2426
0.005310344827582211 0.007186440677971084 2427
0.005551724137926975 0.00718644067797176 2428
0.005793103448272427 0.007186440677972437 2429
0.006034482758618212 0.007186440677973114 2430
0.006275862068963998 0.00718644067797379 2431
0.006517241379308879 0.007186440677974467 2432
0.006758620689654216 0.007186440677975143 2433
0.0002413793103443647 0.007338983050838827 2434
0.0004827586206886788 0.007338983050839463 2435
0.0007241379310331311 0.007338983050840103 2436
0.0009655172413774836 0.00733898305084074 2437
0.001206896551721599 0.007338983050841381 2438
0.001448275862065744 0.007338983050842019 2439
0.001689655172409849 0.007338983050842657 2440
0.001931034482753996 0.007338983050843294 2441
0.002172413793098259 0.007338983050843934 2442
0.002413793103442212 0.007338983050844572 2443
0.002655172413786504 0.007338983050845209 2444
0.002896551724130459 0.007338983050845849 2445
0.00313793103447475 0.007338983050846488 2446
0.003379310344818703 0.007338983050847125 2447
0.003620689655163724 0.007338983050847765 2448
0.003862068965508882 0.007338983050848401 2449
0.004103448275854636 0.007338983050849038 2450
0.004344827586200421 0.007338983050849676 2451
0.004586206896545069 0.007338983050850316 2452
0.004827586206890638 0.007338983050850955 2453
0.005068965517236424 0.007338983050851592 2454
0.00531034482758221 0.007338983050852232 2455
0.005551724137926975 0.00733898305085287 2456
0.005793103448272427 0.007338983050853507 2457
0.006034482758618212 0.007338983050854144 2458
0.006275862068963999 0.007338983050854783 2459
0.006517241379308879 0.007338983050855422 2460
0.006758620689654216 0.007338983050856059 2461
0.0002413793103443646 0.007491525423720771 2462
0.0004827586206886789 0.007491525423721371 2463
0.0007241379310331313 0.00749152542372197 2464
0.0009655172413774838 0.007491525423722572 2465
0.001206896551721599 0.007491525423723174 2466
0.001448275862065744 0.007491525423723773 2467
0.001689655172409849 0.007491525423724372 2468
0.001931034482753996 0.007491525423724972 2469
0.002172413793098259 0.007491525423725573 2470
0.002413793103442212 0.007491525423726174 2471
0.002655172413786504 0.007491525423726774 2472
0.002896551724130458 0.007491525423727372 2473
0.00313793103447475 0.007491525423727973 2474
0.003379310344818703 0.007491525423728573 2475
0.003620689655163724 0.007491525423729172 2476
0.003862068965508882 0.007491525423729775 2477
0.004103448275854636 0.007491525423730373 2478
0.004344827586200421 0.007491525423730975 2479
0.004586206896545069 0.007491525423731574 2480
0.004827586206890638 0.007491525423732174 2481
0.005068965517236424 0.007491525423732774 2482
0.00531034482758221 0.007491525423733375 2483
0.005551724137926975 0.007491525423733974 2484
0.005793103448272426 0.007491525423734574 2485
0.006034482758618212 0.007491525423735174 2486
0.006275862068963999 0.007491525423735775 2487
0.006517241379308879 0.007491525423736375 2488
0.006758620689654216 0.007491525423736975 2489
0.0002413793103443647 0.007644067796602713 2490
0.0004827586206886788 0.007644067796603278 2491
0.0007241379310331311 0.007644067796603838 2492
0.0009655172413774835 0.0076440677966044 2493
0.001206896551721599 0.007644067796604962 2494
0.001448275862065744 0.007644067796605526 2495
0.001689655172409849 0.007644067796606088 2496
0.001931034482753996 0.00764406779660665 2497
0.002172413793098259 0.007644067796607209 2498
0.002413793103442212 0.007644067796607774 2499
0.002655172413786504 0.007644067796608335 2500
0.002896551724130459 0.007644067796608898 2501
0.00313793103447475 0.00764406779660946 2502
0.003379310344818703 0.007644067796610024 2503
0.003620689655163724 0.007644067796610583 2504
0.003862068965508883 0.007644067796611145 2505
0.004103448275854636 0.007644067796611706 2506
0.004344827586200421 0.007644067796612271 2507
0.004586206896545069 0.007644067796612834 2508
0.004827586206890638 0.007644067796613395 2509
0.005068965517236424 0.007644067796613957 2510
0.005310344827582211 0.007644067796614519 2511
0.005551724137926975 0.007644067796615083 2512
0.005793103448272427 0.007644067796615646 2513
0.006034482758618212 0.007644067796616206 2514
0.006275862068964 0.007644067796616769 2515
0.006517241379308879 0.007644067796617329 2516
0.006758620689654216 0.007644067796617892 2517
0.0002413793103443646 0.00779661016948443 2518
0.0004827586206886789 0.007796610169484968 2519
0.0007241379310331313 0.007796610169485504 2520
0.0009655172413774837 0.007796610169486042 2521
0.001206896551721599 0.007796610169486578 2522
0.001448275862065744 0.007796610169487118 2523
0.001689655172409849 0.007796610169487654 2524
0.001931034482753996 0.007796610169488191 2525
0.002172413793098259 0.00779661016948873 2526
0.002413793103442212 0.007796610169489267 2527
0.002655172413786504 0.007796610169489802 2528
0.002896551724130458 0.007796610169490342 2529
0.00313793103447475 0.007796610169490879 2530
0.003379310344818703 0.00779661016949142 2531
0.003620689655163724 0.007796610169491957 2532
0.003862068965508883 0.007796610169492495 2533
0.004103448275854636 0.007796610169493031 2534
0.004344827586200421 0.007796610169493568 2535
0.004586206896545069 0.007796610169494105 2536
0.004827586206890638 0.007796610169494645 2537
0.005068965517236424 0.00779661016949518 2538
0.00531034482758221 0.007796610169495719 2539
0.005551724137926974 0.007796610169496255 2540
0.005793103448272427 0.007796610169496793 2541
0.006034482758618212 0.007796610169497331 2542
0.006275862068963999 0.00779661016949787 2543
0.006517241379308879 0.007796610169498406 2544
0.006758620689654216 0.007796610169498943 2545
0.0002413793103443647 0.007949152542365561 2546
0.0004827586206886789 0.007949152542366099 2547
0.0007241379310331311 0.007949152542366642 2548
0.0009655172413774837 0.007949152542367178 2549
0.001206896551721599 0.007949152542367714 2550
0.001448275862065744 0.007949152542368252 2551
0.001689655172409849 0.007949152542368788 2552
0.001931034482753996 0.007949152542369329 2553
0.002172413793098259 0.007949152542369865 2554
0.002413793103442212 0.007949152542370403 2555
0.002655172413786504 0.007949152542370941 2556
0.002896551724130459 0.00794915254237148 2557
0.00313793103447475 0.007949152542372018 2558
0.003379310344818703 0.007949152542372552 2559
0.003620689655163723 0.00794915254237309 2560
0.003862068965508881 0.007949152542373633 2561
0.004103448275854636 0.007949152542374166 2562
0.004344827586200421 0.007949152542374705 2563
0.00458620689654507 0.007949152542375241 2564
0.004827586206890638 0.007949152542375781 2565
0.005068965517236424 0.007949152542376318 2566
0.005310344827582211 0.007949152542376856 2567
0.005551724137926974 0.007949152542377394 2568
0.005793103448272427 0.00794915254237793 2569
0.006034482758618212 0.007949152542378468 2570
0.006275862068963998 0.007949152542379007 2571
0.006517241379308879 0.007949152542379543 2572
0.006758620689654216 0.007949152542380083 2573
0.0002413793103443646 0.008101694915246923 2574
0.0004827586206886789 0.00810169491524744 2575
0.0007241379310331313 0.008101694915247955 2576
0.000965517241377484 0.008101694915248474 2577
0.001206896551721599 0.008101694915248991 2578
0.001448275862065744 0.008101694915249508 2579
0.001689655172409849 0.008101694915250025 2580
0.001931034482753996 0.008101694915250542 2581
0.002172413793098259 0.008101694915251059 2582
0.002413793103442212 0.008101694915251575 2583
0.002655172413786504 0.008101694915252091 2584
0.002896551724130459 0.008101694915252606 2585
0.00313793103447475 0.008101694915253126 2586
0.003379310344818703 0.008101694915253645 2587
0.003620689655163725 0.00810169491525416 2588
0.003862068965508884 0.008101694915254677 2589
0.004103448275854636 0.008101694915255191 2590
0.004344827586200421 0.008101694915255711 2591
0.004586206896545069 0.008101694915256225 2592
0.004827586206890638 0.008101694915256741 2593
0.005068965517236424 0.008101694915257258 2594
0.00531034482758221 0.008101694915257779 2595
0.005551724137926975 0.008101694915258292 2596
0.005793103448272427 0.008101694915258809 2597
0.006034482758618212 0.008101694915259326 2598
0.006275862068963999 0.008101694915259843 2599
0.006517241379308879 0.00810169491526036 2600
0.006758620689654216 0.008101694915260877 2601
0.0002413793103443646 0.008254237288128869 2602
0.0004827586206886789 0.00825423728812935 2603
0.0007241379310331311 0.008254237288129827 2604
0.0009655172413774838 0.008254237288130309 2605
0.001206896551721599 0.008254237288130791 2606
0.001448275862065744 0.00825423728813127 2607
0.001689655172409849 0.008254237288131752 2608
0.001931034482753996 0.008254237288132231 2609
0.002172413793098259 0.008254237288132708 2610
0.002413793103442212 0.00825423728813319 2611
0.002655172413786504 0.008254237288133673 2612
0.002896551724130458 0.008254237288134153 2613
0.00313793103447475 0.008254237288134632 2614
0.003379310344818703 0.008254237288135114 2615
0.003620689655163725 0.008254237288135596 2616
0.003862068965508883 0.008254237288136075 2617
0.004103448275854636 0.008254237288136556 2618
0.004344827586200421 0.008254237288137033 2619
0.004586206896545069 0.008254237288137515 2620
0.004827586206890638 0.008254237288137997 2621
0.005068965517236424 0.008254237288138476 2622
0.005310344827582211 0.008254237288138956 2623
0.005551724137926974 0.008254237288139437 2624
0.005793103448272427 0.008254237288139919 2625
0.006034482758618212 0.008254237288140398 2626
0.006275862068963998 0.008254237288140879 2627
0.006517241379308879 0.008254237288141359 2628
0.006758620689654216 0.008254237288141841 2629
0.0002413793103443646 0.008406779661010808 2630
0.0004827586206886788 0.008406779661011254 2631
0.0007241379310331313 0.008406779661011695 2632
0.0009655172413774836 0.008406779661012139 2633
0.001206896551721599 0.008406779661012579 2634
0.001448275862065744 0.008406779661013023 2635
0.001689655172409849 0.008406779661013468 2636
0.001931034482753996 0.00840677966101391 2637
0.002172413793098259 0.008406779661014354 2638
0.002413793103442212 0.008406779661014796 2639
0.002655172413786504 0.008406779661015235 2640
0.002896551724130459 0.008406779661015679 2641
0.00313793103447475 0.008406779661016123 2642
0.003379310344818703 0.008406779661016568 2643
0.003620689655163724 0.00840677966101701 2644
0.003862068965508882 0.008406779661017452 2645
0.004103448275854636 0.008406779661017895 2646
0.004344827586200421 0.008406779661018337 2647
0.00458620689654507 0.008406779661018783 2648
0.004827586206890638 0.008406779661019225 2649
0.005068965517236424 0.008406779661019666 2650
0.00531034482758221 0.008406779661020106 2651
0.005551724137926974 0.00840677966102055 2652
0.005793103448272427 0.008406779661020995 2653
0.006034482758618212 0.008406779661021435 2654
0.006275862068964001 0.008406779661021879 2655
0.006517241379308879 0.00840677966102232 2656
0.006758620689654216 0.008406779661022766 2657
0.0002413793103443646 0.008559322033892753 2658
0.0004827586206886789 0.008559322033893157 2659
0.0007241379310331313 0.008559322033893559 2660
0.0009655172413774838 0.008559322033893963 2661
0.001206896551721599 0.008559322033894362 2662
0.001448275862065744 0.008559322033894763 2663
0.001689655172409849 0.008559322033895169 2664
0.001931034482753996 0.00855932203389557 2665
0.002172413793098259 0.008559322033895972 2666
0.002413793103442212 0.008559322033896375 2667
0.002655172413786504 0.008559322033896775 2668
0.002896551724130459 0.008559322033897178 2669
0.00313793103447475 0.00855932203389758 2670
0.003379310344818703 0.008559322033897985 2671
0.003620689655163723 0.008559322033898385 2672
0.003862068965508884 0.008559322033898791 2673
0.004103448275854636 0.008559322033899192 2674
0.004344827586200421 0.008559322033899594 2675
0.00458620689654507 0.008559322033899997 2676
0.004827586206890638 0.008559322033900398 2677
0.005068965517236425 0.008559322033900802 2678
0.00531034482758221 0.008559322033901199 2679
0.005551724137926975 0.008559322033901607 2680
0.005793103448272427 0.008559322033902006 2681
0.006034482758618212 0.008559322033902408 2682
0.006275862068963999 0.008559322033902814 2683
0.006517241379308879 0.008559322033903211 2684
0.006758620689654216 0.008559322033903615 2685
0.0002413793103443647 0.008711864406774704 2686
0.0004827586206886789 0.008711864406775079 2687
0.0007241379310331313 0.008711864406775455 2688
0.0009655172413774837 0.00871186440677583 2689
0.001206896551721599 0.008711864406776201 2690
0.001448275862065744 0.008711864406776579 2691
0.001689655172409849 0.008711864406776952 2692
0.001931034482753996 0.008711864406777323 2693
0.002172413793098259 0.0087118644067777 2694
0.002413793103442212 0.008711864406778074 2695
0.002655172413786504 0.008711864406778449 2696
0.002896551724130459 0.008711864406778824 2697
0.00313793103447475 0.008711864406779199 2698
0.003379310344818703 0.00871186440677957 2699
0.003620689655163723 0.008711864406779945 2700
0.003862068965508881 0.008711864406780319 2701
0.004103448275854635 0.008711864406780692 2702
0.004344827586200421 0.008711864406781063 2703
0.00458620689654507 0.00871186440678144 2704
0.004827586206890638 0.008711864406781815 2705
0.005068965517236425 0.008711864406782189 2706
0.00531034482758221 0.008711864406782564 2707
0.005551724137926975 0.00871186440678294 2708
0.005793103448272427 0.00871186440678331 2709
0.006034482758618212 0.008711864406783683 2710
0.006275862068963996 0.008711864406784059 2711
0.006517241379308879 0.008711864406784434 2712
0.006758620689654216 0.008711864406784805 2713
0.0002413793103443646 0.008864406779656133 2714
0.0004827586206886789 0.008864406779656499 2715
0.0007241379310331314 0.008864406779656863 2716
0.0009655172413774837 0.008864406779657233 2717
0.001206896551721599 0.008864406779657597 2718
0.001448275862065744 0.00886440677965797 2719
0.001689655172409849 0.008864406779658333 2720
0.001931034482753996 0.0088644067796587 2721
0.002172413793098259 0.008864406779659065 2722
0.002413793103442212 0.008864406779659433 2723
0.002655172413786504 0.008864406779659802 2724
0.002896551724130458 0.008864406779660165 2725
0.00313793103447475 0.008864406779660532 2726
0.003379310344818703 0.0088644067796609 2727
0.003620689655163724 0.008864406779661266 2728
0.003862068965508882 0.008864406779661634 2729
0.004103448275854636 0.008864406779662 2730
0.004344827586200421 0.008864406779662366 2731
0.004586206896545069 0.008864406779662732 2732
0.004827586206890639 0.0088644067796631 2733
0.005068965517236424 0.008864406779663466 2734
0.00531034482758221 0.008864406779663832 2735
0.005551724137926973 0.0088644067796642 2736
0.005793103448272427 0.008864406779664567 2737
0.006034482758618212 0.008864406779664937 2738
0.006275862068963999 0.008864406779665301 2739
0.006517241379308879 0.008864406779665664 2740
0.006758620689654216 0.008864406779666033 2741
0.0002413793103443646 0.009016949152537947 2742
0.0004827586206886789 0.00901694915253828 2743
0.0007241379310331313 0.00901694915253861 2744
0.0009655172413774839 0.009016949152538934 2745
0.001206896551721599 0.009016949152539267 2746
0.001448275862065744 0.009016949152539599 2747
0.001689655172409849 0.009016949152539928 2748
0.001931034482753996 0.009016949152540256 2749
0.002172413793098259 0.009016949152540586 2750
0.002413793103442212 0.009016949152540914 2751
0.002655172413786504 0.009016949152541247 2752
0.002896551724130458 0.009016949152541575 2753
0.00313793103447475 0.009016949152541904 2754
0.003379310344818703 0.00901694915254223 2755
0.003620689655163723 0.009016949152542563 2756
0.003862068965508881 0.009016949152542895 2757
0.004103448275854636 0.009016949152543223 2758
0.004344827586200421 0.009016949152543554 2759
0.00458620689654507 0.009016949152543882 2760
0.004827586206890639 0.009016949152544213 2761
0.005068965517236425 0.009016949152544543 2762
0.005310344827582213 0.009016949152544869 2763
0.005551724137926975 0.009016949152545202 2764
0.005793103448272427 0.009016949152545532 2765
0.006034482758618212 0.009016949152545861 2766
0.006275862068963999 0.009016949152546189 2767
0.006517241379308879 0.00901694915254652 2768
0.006758620689654216 0.009016949152546848 2769
0.0002413793103443646 0.009169491525419906 2770
0.0004827586206886789 0.009169491525420214 2771
0.0007241379310331311 0.009169491525420516 2772
0.0009655172413774838 0.009169491525420822 2773
0.001206896551721599 0.009169491525421125 2774
0.001448275862065744 0.009169491525421427 2775
0.001689655172409849 0.009169491525421732 2776
0.001931034482753996 0.009169491525422038 2777
0.002172413793098259 0.009169491525422338 2778
0.002413793103442212 0.009169491525422643 2779
0.002655172413786504 0.00916949152542295 2780
0.002896551724130458 0.009169491525423255 2781
0.00313793103447475 0.009169491525423557 2782
0.003379310344818703 0.009169491525423863 2783
0.003620689655163724 0.009169491525424168 2784
0.003862068965508882 0.009169491525424473 2785
0.004103448275854636 0.009169491525424777 2786
0.004344827586200421 0.009169491525425077 2787
0.004586206896545069 0.009169491525425386 2788
0.004827586206890638 0.009169491525425687 2789
0.005068965517236424 0.009169491525425993 2790
0.005310344827582213 0.009169491525426296 2791
0.005551724137926976 0.009169491525426603 2792
0.005793103448272428 0.009169491525426907 2793
0.006034482758618212 0.009169491525427207 2794
0.006275862068963996 0.009169491525427514 2795
0.006517241379308879 0.009169491525427819 2796
0.006758620689654216 0.009169491525428123 2797
0.0002413793103443646 0.009322033898301862 2798
0.0004827586206886789 0.009322033898302141 2799
0.0007241379310331313 0.009322033898302419 2800
0.0009655172413774838 0.009322033898302698 2801
0.001206896551721599 0.009322033898302978 2802
0.001448275862065744 0.009322033898303255 2803
0.001689655172409849 0.009322033898303536 2804
0.001931034482753996 0.009322033898303815 2805
0.002172413793098259 0.009322033898304095 2806
0.002413793103442212 0.009322033898304374 2807
0.002655172413786504 0.00932203389830465 2808
0.002896551724130459 0.009322033898304931 2809
0.00313793103447475 0.009322033898305212 2810
0.003379310344818703 0.009322033898305489 2811
0.003620689655163724 0.009322033898305767 2812
0.003862068965508882 0.009322033898306048 2813
0.004103448275854636 0.009322033898306326 2814
0.004344827586200421 0.009322033898306607 2815
0.00458620689654507 0.009322033898306884 2816
0.004827586206890638 0.009322033898307162 2817
0.005068965517236424 0.009322033898307443 2818
0.00531034482758221 0.00932203389830772 2819
0.005551724137926975 0.009322033898307998 2820
0.005793103448272427 0.009322033898308279 2821
0.006034482758618212 0.009322033898308556 2822
0.006275862068964 0.009322033898308837 2823
0.006517241379308879 0.009322033898309115 2824
0.006758620689654216 0.009322033898309398 2825
0.0002413793103443646 0.009474576271183706 2826
0.0004827586206886789 0.009474576271183947 2827
0.0007241379310331314 0.009474576271184188 2828
0.0009655172413774838 0.009474576271184431 2829
0.001206896551721599 0.009474576271184674 2830
0.001448275862065744 0.009474576271184918 2831
0.001689655172409849 0.009474576271185156 2832
0.001931034482753996 0.009474576271185399 2833
0.002172413793098259 0.009474576271185638 2834
0.002413793103442212 0.009474576271185881 2835
0.002655172413786504 0.009474576271186122 2836
0.002896551724130459 0.009474576271186367 2837
0.00313793103447475 0.00947457627118661 2838
0.003379310344818703 0.009474576271186847 2839
0.003620689655163724 0.009474576271187092 2840
0.003862068965508882 0.009474576271187335 2841
0.004103448275854636 0.009474576271187573 2842
0.004344827586200421 0.009474576271187817 2843
0.004586206896545069 0.00947457627118806 2844
0.004827586206890639 0.009474576271188303 2845
0.005068965517236424 0.009474576271188541 2846
0.005310344827582211 0.009474576271188785 2847
0.005551724137926975 0.009474576271189028 2848
0.005793103448272427 0.009474576271189267 2849
0.006034482758618212 0.00947457627118951 2850
0.006275862068963999 0.009474576271189753 2851
0.006517241379308879 0.009474576271189996 2852
0.006758620689654216 0.009474576271190239 2853
0.0002413793103443646 0.00962711864406508 2854
0.0004827586206886789 0.009627118644065295 2855
0.0007241379310331313 0.009627118644065506 2856
0.0009655172413774839 0.009627118644065714 2857
0.001206896551721599 0.009627118644065926 2858
0.001448275862065744 0.009627118644066138 2859
0.001689655172409849 0.009627118644066348 2860
0.001931034482753996 0.009627118644066559 2861
0.002172413793098259 0.009627118644066767 2862
0.002413793103442212 0.009627118644066981 2863
0.002655172413786504 0.009627118644067192 2864
0.002896551724130458 0.009627118644067402 2865
0.00313793103447475 0.009627118644067612 2866
0.003379310344818703 0.009627118644067822 2867
0.003620689655163724 0.009627118644068035 2868
0.003862068965508882 0.009627118644068247 2869
0.004103448275854636 0.009627118644068459 2870
0.004344827586200421 0.009627118644068665 2871
0.004586206896545069 0.009627118644068877 2872
0.004827586206890638 0.009627118644069088 2873
0.005068965517236425 0.009627118644069302 2874
0.005310344827582211 0.009627118644069513 2875
0.005551724137926975 0.00962711864406972 2876
0.005793103448272427 0.009627118644069937 2877
0.006034482758618212 0.009627118644070145 2878
0.006275862068963997 0.00962711864407036 2879
0.006517241379308879 0.009627118644070568 2880
0.006758620689654216 0.009627118644070776 2881
0.0002413793103443646 0.009779661016946476 2882
0.0004827586206886788 0.009779661016946658 2883
0.0007241379310331311 0.009779661016946837 2884
0.0009655172413774837 0.00977966101694701 2885
0.001206896551721599 0.009779661016947194 2886
0.001448275862065744 0.009779661016947371 2887
0.001689655172409849 0.009779661016947553 2888
0.001931034482753996 0.009779661016947732 2889
0.002172413793098259 0.009779661016947914 2890
0.002413793103442212 0.009779661016948091 2891
0.002655172413786504 0.009779661016948269 2892
0.002896551724130459 0.009779661016948452 2893
0.00313793103447475 0.009779661016948627 2894
0.003379310344818703 0.009779661016948809 2895
0.003620689655163723 0.009779661016948988 2896
0.003862068965508883 0.009779661016949166 2897
0.004103448275854636 0.009779661016949347 2898
0.004344827586200422 0.009779661016949527 2899
0.004586206896545069 0.009779661016949706 2900
0.004827586206890638 0.009779661016949884 2901
0.005068965517236424 0.009779661016950065 2902
0.005310344827582213 0.009779661016950245 2903
0.005551724137926974 0.009779661016950426 2904
0.005793103448272426 0.009779661016950604 2905
0.006034482758618212 0.009779661016950783 2906
0.006275862068963998 0.00977966101695096 2907
0.006517241379308879 0.00977966101695114 2908
0.006758620689654216 0.009779661016951321 2909
0.0002413793103443646 0.009932203389828302 2910
0.0004827586206886789 0.009932203389828444 2911
0.0007241379310331313 0.009932203389828587 2912
0.0009655172413774838 0.009932203389828729 2913
0.001206896551721599 0.009932203389828868 2914
0.001448275862065744 0.009932203389829013 2915
0.001689655172409849 0.009932203389829156 2916
0.001931034482753996 0.009932203389829298 2917
0.002172413793098259 0.00993220338982944 2918
0.002413793103442212 0.009932203389829582 2919
0.002655172413786504 0.009932203389829726 2920
0.002896551724130458 0.00993220338982987 2921
0.00313793103447475 0.009932203389830009 2922
0.003379310344818703 0.009932203389830151 2923
0.003620689655163723 0.009932203389830294 2924
0.003862068965508882 0.009932203389830439 2925
0.004103448275854636 0.009932203389830578 2926
0.004344827586200421 0.00993220338983072 2927
0.004586206896545069 0.009932203389830861 2928
0.004827586206890638 0.009932203389831008 2929
0.005068965517236424 0.009932203389831152 2930
0.00531034482758221 0.009932203389831293 2931
0.005551724137926974 0.009932203389831432 2932
0.005793103448272427 0.009932203389831577 2933
0.006034482758618212 0.009932203389831716 2934
0.006275862068964 0.009932203389831862 2935
0.006517241379308879 0.009932203389831999 2936
0.006758620689654216 0.009932203389832146 2937
0.0002413793103443646 0.01008474576270961 2938
0.0004827586206886789 0.01008474576270975 2939
0.0007241379310331311 0.01008474576270989 2940
0.0009655172413774838 0.01008474576271003 2941
0.001206896551721599 0.01008474576271017 2942
0.001448275862065744 0.01008474576271031 2943
0.001689655172409849 0.01008474576271045 2944
0.001931034482753996 0.01008474576271059 2945
0.002172413793098259 0.01008474576271073 2946
0.002413793103442212 0.01008474576271087 2947
0.002655172413786504 0.01008474576271101 2948
0.002896551724130458 0.01008474576271115 2949
0.003137931034474749 0.01008474576271129 2950
0.003379310344818703 0.01008474576271143 2951
0.003620689655163724 0.01008474576271157 2952
0.003862068965508882 0.01008474576271171 2953
0.004103448275854636 0.01008474576271185 2954
0.004344827586200421 0.01008474576271199 2955
0.004586206896545069 0.01008474576271213 2956
0.004827586206890638 0.01008474576271227 2957
0.005068965517236424 0.01008474576271241 2958
0.005310344827582209 0.01008474576271255 2959
0.005551724137926975 0.01008474576271269 2960
0.005793103448272426 0.01008474576271283 2961
0.006034482758618212 0.01008474576271298 2962
0.006275862068964 0.01008474576271312 2963
0.006517241379308879 0.01008474576271325 2964
0.006758620689654216 0.0100847457627134 2965
0.0002413793103443646 0.0102372881355909 2966
0.0004827586206886789 0.01023728813559104 2967
0.0007241379310331313 0.01023728813559118 2968
0.0009655172413774837 0.01023728813559132 2969
0.001206896551721599 0.01023728813559146 2970
0.001448275862065744 0.01023728813559159 2971
0.001689655172409849 0.01023728813559173 2972
0.001931034482753996 0.01023728813559187 2973
0.002172413793098259 0.01023728813559201 2974
0.002413793103442212 0.01023728813559215 2975
0.002655172413786504 0.01023728813559229 2976
0.002896551724130458 0.01023728813559243 2977
0.00313793103447475 0.01023728813559256 2978
0.003379310344818703 0.0102372881355927 2979
0.003620689655163724 0.01023728813559284 2980
0.003862068965508882 0.01023728813559298 2981
0.004103448275854635 0.01023728813559312 2982
0.004344827586200421 0.01023728813559326 2983
0.004586206896545069 0.0102372881355934 2984
0.004827586206890639 0.01023728813559354 2985
0.005068965517236425 0.01023728813559367 2986
0.00531034482758221 0.01023728813559381 2987
0.005551724137926974 0.01023728813559395 2988
0.005793103448272427 0.01023728813559409 2989
0.006034482758618212 0.01023728813559423 2990
0.006275862068963999 0.01023728813559436 2991
0.006517241379308879 0.0102372881355945 2992
0.006758620689654216 0.01023728813559464 2993
0.0002413793103443646 0.01038983050847286 2994
0.0004827586206886789 0.01038983050847297 2995
0.0007241379310331313 0.01038983050847309 2996
0.0009655172413774838 0.0103898305084732 2997
0.001206896551721599 0.01038983050847331 2998
0.001448275862065744 0.01038983050847343 2999
0.001689655172409849 0.01038983050847354 3000
0.001931034482753997 0.01038983050847365 3001
0.002172413793098259 0.01038983050847377 3002
0.002413793103442212 0.01038983050847388 3003
0.002655172413786504 0.01038983050847399 3004
0.002896551724130459 0.01038983050847411 3005
0.00313793103447475 0.01038983050847422 3006
0.003379310344818703 0.01038983050847433 3007
0.003620689655163723 0.01038983050847444 3008
0.003862068965508882 0.01038983050847456 3009
0.004103448275854636 0.01038983050847467 3010
0.004344827586200421 0.01038983050847479 3011
0.00458620689654507 0.0103898305084749 3012
0.004827586206890638 0.01038983050847501 3013
0.005068965517236424 0.01038983050847512 3014
0.00531034482758221 0.01038983050847524 3015
0.005551724137926974 0.01038983050847535 3016
0.005793103448272427 0.01038983050847547 3017
0.006034482758618212 0.01038983050847558 3018
0.006275862068963999 0.01038983050847569 3019
0.006517241379308879 0.01038983050847581 3020
0.006758620689654216 0.01038983050847592 3021
0.0002413793103443646 0.0105423728813548 3022
0.0004827586206886788 0.01054237288135487 3023
0.0007241379310331313 0.01054237288135495 3024
0.0009655172413774837 0.01054237288135501 3025
0.001206896551721599 0.01054237288135508 3026
0.001448275862065744 0.01054237288135515 3027
0.001689655172409849 0.01054237288135522 3028
0.001931034482753996 0.01054237288135529 3029
0.002172413793098259 0.01054237288135536 3030
0.002413793103442212 0.01054237288135543 3031
0.002655172413786504 0.0105423728813555 3032
0.002896551724130458 0.01054237288135557 3033
0.00313793103447475 0.01054237288135564 3034
0.003379310344818703 0.01054237288135572 3035
0.003620689655163724 0.01054237288135579 3036
0.003862068965508883 0.01054237288135585 3037
0.004103448275854636 0.01054237288135593 3038
0.004344827586200421 0.010542372881356 3039
0.00458620689654507 0.01054237288135607 3040
0.004827586206890638 0.01054237288135614 3041
0.005068965517236425 0.01054237288135621 3042
0.00531034482758221 0.01054237288135628 3043
0.005551724137926971 0.01054237288135635 3044
0.005793103448272426 0.01054237288135642 3045
0.006034482758618212 0.01054237288135649 3046
0.006275862068963998 0.01054237288135656 3047
0.006517241379308879 0.01054237288135663 3048
0.006758620689654216 0.0105423728813567 3049
0.0002413793103443646 0.01069491525423674 3050
0.0004827586206886789 0.01069491525423676 3051
0.0007241379310331313 0.01069491525423679 3052
0.0009655172413774838 0.01069491525423682 3053
0.001206896551721599 0.01069491525423685 3054
0.001448275862065744 0.01069491525423688 3055
0.001689655172409849 0.0106949152542369 3056
0.001931034482753996 0.01069491525423693 3057
0.002172413793098259 0.01069491525423696 3058
0.002413793103442212 0.01069491525423698 3059
0.002655172413786504 0.01069491525423701 3060
0.002896551724130459 0.01069491525423705 3061
0.00313793103447475 0.01069491525423707 3062
0.003379310344818703 0.0106949152542371 3063
0.003620689655163724 0.01069491525423712 3064
0.003862068965508882 0.01069491525423715 3065
0.004103448275854633 0.01069491525423718 3066
0.004344827586200421 0.01069491525423721 3067
0.00458620689654507 0.01069491525423723 3068
0.004827586206890639 0.01069491525423726 3069
0.005068965517236425 0.01069491525423729 3070
0.005310344827582211 0.01069491525423731 3071
0.005551724137926974 0.01069491525423734 3072
0.005793103448272427 0.01069491525423737 3073
0.006034482758618212 0.01069491525423739 3074
0.006275862068963998 0.01069491525423742 3075
0.006517241379308879 0.01069491525423745 3076
0.006758620689654216 0.01069491525423748 3077
0.0002413793103443646 0.0108474576271187 3078
0.0004827586206886789 0.0108474576271187 3079
0.0007241379310331311 0.0108474576271187 3080
0.0009655172413774838 0.0108474576271187 3081
0.001206896551721599 0.0108474576271187 3082
0.001448275862065744 0.01084745762711871 3083
0.001689655172409849 0.01084745762711871 3084
0.001931034482753996 0.01084745762711871 3085
0.002172413793098259 0.01084745762711871 3086
0.002413793103442212 0.01084745762711871 3087
0.002655172413786504 0.01084745762711872 3088
0.002896551724130458 0.01084745762711872 3089
0.00313793103447475 0.01084745762711872 3090
0.003379310344818703 0.01084745762711872 3091
0.003620689655163724 0.01084745762711872 3092
0.003862068965508882 0.01084745762711873 3093
0.004103448275854636 0.01084745762711873 3094
0.004344827586200421 0.01084745762711873 3095
0.004586206896545069 0.01084745762711873 3096
0.004827586206890638 0.01084745762711873 3097
0.005068965517236425 0.01084745762711874 3098
0.005310344827582211 0.01084745762711874 3099
0.005551724137926974 0.01084745762711874 3100
0.005793103448272427 0.01084745762711874 3101
0.006034482758618212 0.01084745762711874 3102
0.006275862068963999 0.01084745762711875 3103
0.006517241379308879 0.01084745762711875 3104
0.006758620689654216 0.01084745762711875 3105
0.0002413793103443646 0.01106896551724171 3106
0.0004827586206886788 0.0110689655172417 3107
0.0007241379310331313 0.0110689655172417 3108
0.0009655172413774839 0.0110689655172417 3109
0.001206896551721599 0.0110689655172417 3110
0.001448275862065744 0.0110689655172417 3111
0.001689655172409849 0.0110689655172417 3112
0.001931034482753996 0.01106896551724169 3113
0.002172413793098259 0.01106896551724169 3114
0.002413793103442212 0.01106896551724169 3115
0.002655172413786504 0.01106896551724169 3116
0.002896551724130458 0.01106896551724169 3117
0.003137931034474749 0.01106896551724169 3118
0.003379310344818703 0.01106896551724168 3119
0.003620689655163723 0.01106896551724168 3120
0.003862068965508882 0.01106896551724168 3121
0.004103448275854636 0.01106896551724168 3122
0.004344827586200421 0.01106896551724167 3123
0.00458620689654507 0.01106896551724167 3124
0.004827586206890639 0.01106896551724167 3125
0.005068965517236425 0.01106896551724167 3126
0.005310344827582211 0.01106896551724167 3127
0.005551724137926973 0.01106896551724167 3128
0.005793103448272427 0.01106896551724166 3129
0.006034482758618212 0.01106896551724166 3130
0.006275862068963999 0.01106896551724166 3131
0.006517241379308879 0.01106896551724166 3132
0.006758620689654216 0.01106896551724166 3133
0.0002413793103443646 0.01113793103448341 3134
0.0004827586206886789 0.0111379310344834 3135
0.0007241379310331314 0.0111379310344834 3136
0.0009655172413774836 0.0111379310344834 3137
0.001206896551721599 0.0111379310344834 3138
0.001448275862065744 0.01113793103448339 3139
0.001689655172409849 0.01113793103448339 3140
0.001931034482753996 0.01113793103448338 3141
0.002172413793098259 0.01113793103448338 3142
0.002413793103442212 0.01113793103448338 3143
0.002655172413786504 0.01113793103448337 3144
0.002896551724130458 0.01113793103448337 3145
0.003137931034474751 0.01113793103448337 3146
0.003379310344818703 0.01113793103448336 3147
0.003620689655163723 0.01113793103448336 3148
0.003862068965508883 0.01113793103448336 3149
0.004103448275854636 0.01113793103448336 3150
0.004344827586200421 0.01113793103448335 3151
0.004586206896545069 0.01113793103448335 3152
0.004827586206890638 0.01113793103448335 3153
0.005068965517236424 0.01113793103448334 3154
0.005310344827582211 0.01113793103448334 3155
0.005551724137926974 0.01113793103448334 3156
0.005793103448272427 0.01113793103448333 3157
0.006034482758618212 0.01113793103448333 3158
0.006275862068963999 0.01113793103448333 3159
0.006517241379308879 0.01113793103448332 3160
0.006758620689654216 0.01113793103448332 3161
0.0002413793103443646 0.01120689655172511 3162
0.0004827586206886789 0.01120689655172511 3163
0.0007241379310331309 0.0112068965517251 3164
0.0009655172413774837 0.01120689655172509 3165
0.001206896551721599 0.01120689655172509 3166
0.001448275862065744 0.01120689655172508 3167
0.001689655172409849 0.01120689655172508 3168
0.001931034482753996 0.01120689655172507 3169
0.002172413793098259 0.01120689655172507 3170
0.002413793103442212 0.01120689655172507 3171
0.002655172413786504 0.01120689655172506 3172
0.002896551724130459 0.01120689655172506 3173
0.00313793103447475 0.01120689655172505 3174
0.003379310344818703 0.01120689655172505 3175
0.003620689655163724 0.01120689655172504 3176
0.003862068965508882 0.01120689655172504 3177
0.004103448275854637 0.01120689655172503 3178
0.004344827586200422 0.01120689655172503 3179
0.00458620689654507 0.01120689655172503 3180
0.004827586206890638 0.01120689655172502 3181
0.005068965517236425 0.01120689655172501 3182
0.00531034482758221 0.01120689655172501 3183
0.005551724137926973 0.011206896551725 3184
0.005793103448272428 0.011206896551725 3185
0.006034482758618212 0.01120689655172499 3186
0.006275862068963999 0.01120689655172499 3187
0.006517241379308879 0.01120689655172498 3188
0.006758620689654216 0.01120689655172498 3189
0.0002413793103443647 0.01127586206896682 3190
0.0004827586206886789 0.01127586206896681 3191
0.0007241379310331313 0.0112758620689668 3192
0.0009655172413774839 0.0112758620689668 3193
0.001206896551721599 0.01127586206896679 3194
0.001448275862065744 0.01127586206896678 3195
0.001689655172409849 0.01127586206896677 3196
0.001931034482753996 0.01127586206896677 3197
0.002172413793098259 0.01127586206896676 3198
0.002413793103442212 0.01127586206896676 3199
0.002655172413786504 0.01127586206896675 3200
0.002896551724130458 0.01127586206896674 3201
0.00313793103447475 0.01127586206896674 3202
0.003379310344818703 0.01127586206896673 3203
0.003620689655163723 0.01127586206896672 3204
0.003862068965508883 0.01127586206896672 3205
0.004103448275854636 0.01127586206896671 3206
0.004344827586200421 0.0112758620689667 3207
0.004586206896545069 0.0112758620689667 3208
0.004827586206890637 0.01127586206896669 3209
0.005068965517236424 0.01127586206896669 3210
0.00531034482758221 0.01127586206896668 3211
0.005551724137926974 0.01127586206896667 3212
0.005793103448272427 0.01127586206896667 3213
0.006034482758618212 0.01127586206896666 3214
0.006275862068964 0.01127586206896665 3215
0.006517241379308879 0.01127586206896665 3216
0.006758620689654216 0.01127586206896664 3217
0.0002413793103443646 0.01134482758620852 3218
0.0004827586206886789 0.01134482758620851 3219
0.0007241379310331313 0.01134482758620851 3220
0.0009655172413774835 0.0113448275862085 3221
0.001206896551721599 0.01134482758620849 3222
0.001448275862065744 0.01134482758620848 3223
0.001689655172409849 0.01134482758620847 3224
0.001931034482753996 0.01134482758620846 3225
0.002172413793098259 0.01134482758620846 3226
0.002413793103442212 0.01134482758620845 3227
0.002655172413786504 0.01134482758620844 3228
0.002896551724130458 0.01134482758620843 3229
0.003137931034474749 0.01134482758620843 3230
0.003379310344818703 0.01134482758620842 3231
0.003620689655163724 0.01134482758620841 3232
0.003862068965508882 0.0113448275862084 3233
0.004103448275854636 0.01134482758620839 3234
0.004344827586200421 0.01134482758620838 3235
0.00458620689654507 0.01134482758620838 3236
0.004827586206890638 0.01134482758620837 3237
0.005068965517236425 0.01134482758620836 3238
0.005310344827582212 0.01134482758620835 3239
0.005551724137926974 0.01134482758620834 3240
0.005793103448272427 0.01134482758620834 3241
0.006034482758618212 0.01134482758620833 3242
0.006275862068963996 0.01134482758620832 3243
0.006517241379308879 0.01134482758620831 3244
0.006758620689654216 0.0113448275862083 3245
0.0002413793103443646 0.01141379310345022 3246
0.0004827586206886789 0.01141379310345021 3247
0.0007241379310331313 0.0114137931034502 3248
0.0009655172413774838 0.01141379310345019 3249
0.001206896551721599 0.01141379310345019 3250
0.001448275862065744 0.01141379310345018 3251
0.001689655172409849 0.01141379310345016 3252
0.001931034482753996 0.01141379310345015 3253
0.002172413793098259 0.01141379310345015 3254
0.002413793103442212 0.01141379310345013 3255
0.002655172413786504 0.01141379310345013 3256
0.002896551724130458 0.01141379310345011 3257
0.00313793103447475 0.01141379310345011 3258
0.003379310344818703 0.0114137931034501 3259
0.003620689655163724 0.01141379310345009 3260
0.003862068965508881 0.01141379310345008 3261
0.004103448275854636 0.01141379310345007 3262
0.004344827586200421 0.01141379310345006 3263
0.00458620689654507 0.01141379310345005 3264
0.004827586206890638 0.01141379310345004 3265
0.005068965517236424 0.01141379310345003 3266
0.00531034482758221 0.01141379310345002 3267
0.005551724137926975 0.01141379310345001 3268
0.005793103448272427 0.01141379310345 3269
0.006034482758618213 0.01141379310344999 3270
0.006275862068963998 0.01141379310344998 3271
0.00651724137930888 0.01141379310344997 3272
0.006758620689654216 0.01141379310344996 3273
0.0002413793103443646 0.01148275862069193 3274
0.0004827586206886788 0.01148275862069192 3275
0.0007241379310331314 0.01148275862069191 3276
0.0009655172413774839 0.01148275862069189 3277
0.001206896551721599 0.01148275862069189 3278
0.001448275862065744 0.01148275862069187 3279
0.001689655172409849 0.01148275862069186 3280
0.001931034482753996 0.01148275862069184 3281
0.002172413793098259 0.01148275862069184 3282
0.002413793103442212 0.01148275862069183 3283
0.002655172413786504 0.01148275862069181 3284
0.002896551724130459 0.0114827586206918 3285
0.00313793103447475 0.01148275862069179 3286
0.003379310344818703 0.01148275862069178 3287
0.003620689655163724 0.01148275862069177 3288
0.003862068965508883 0.01148275862069176 3289
0.004103448275854636 0.01148275862069175 3290
0.004344827586200421 0.01148275862069174 3291
0.004586206896545069 0.01148275862069172 3292
0.004827586206890638 0.01148275862069171 3293
0.005068965517236424 0.0114827586206917 3294
0.00531034482758221 0.01148275862069169 3295
0.005551724137926976 0.01148275862069168 3296
0.005793103448272426 0.01148275862069167 3297
0.006034482758618212 0.01148275862069166 3298
0.006275862068963999 0.01148275862069165 3299
0.006517241379308879 0.01148275862069164 3300
0.006758620689654215 0.01148275862069162 3301
0.0002413793103443646 0.01155172413793364 3302
0.0004827586206886788 0.01155172413793362 3303
0.0007241379310331309 0.01155172413793361 3304
0.0009655172413774835 0.0115517241379336 3305
0.001206896551721599 0.01155172413793358 3306
0.001448275862065744 0.01155172413793357 3307
0.001689655172409849 0.01155172413793356 3308
0.001931034482753996 0.01155172413793354 3309
0.002172413793098259 0.01155172413793353 3310
0.002413793103442212 0.01155172413793352 3311
0.002655172413786504 0.01155172413793351 3312
0.002896551724130458 0.0115517241379335 3313
0.00313793103447475 0.01155172413793348 3314
0.003379310344818703 0.01155172413793347 3315
0.003620689655163723 0.01155172413793346 3316
0.003862068965508882 0.01155172413793344 3317
0.004103448275854636 0.01155172413793343 3318
0.004344827586200421 0.01155172413793341 3319
0.004586206896545069 0.0115517241379334 3320
0.004827586206890638 0.01155172413793339 3321
0.005068965517236424 0.01155172413793338 3322
0.00531034482758221 0.01155172413793336 3323
0.005551724137926974 0.01155172413793335 3324
0.005793103448272427 0.01155172413793334 3325
0.006034482758618212 0.01155172413793333 3326
0.006275862068963999 0.01155172413793331 3327
0.006517241379308879 0.0115517241379333 3328
0.006758620689654216 0.01155172413793329 3329
0.0002413793103443646 0.01162068965517534 3330
0.0004827586206886789 0.01162068965517533 3331
0.0007241379310331309 0.0116206896551753 3332
0.0009655172413774837 0.01162068965517529 3333
0.001206896551721599 0.01162068965517528 3334
0.001448275862065744 0.01162068965517526 3335
0.001689655172409849 0.01162068965517525 3336
0.001931034482753996 0.01162068965517524 3337
0.002172413793098259 0.01162068965517522 3338
0.002413793103442212 0.01162068965517521 3339
0.002655172413786504 0.01162068965517519 3340
0.002896551724130459 0.01162068965517518 3341
0.00313793103447475 0.01162068965517516 3342
0.003379310344818703 0.01162068965517515 3343
0.003620689655163724 0.01162068965517513 3344
0.003862068965508883 0.01162068965517512 3345
0.004103448275854637 0.01162068965517511 3346
0.004344827586200421 0.01162068965517509 3347
0.00458620689654507 0.01162068965517507 3348
0.004827586206890638 0.01162068965517506 3349
0.005068965517236425 0.01162068965517505 3350
0.005310344827582209 0.01162068965517503 3351
0.005551724137926975 0.01162068965517502 3352
0.005793103448272427 0.01162068965517501 3353
0.006034482758618212 0.01162068965517499 3354
0.006275862068963999 0.01162068965517498 3355
0.006517241379308879 0.01162068965517496 3356
0.006758620689654216 0.01162068965517495 3357
0.0002413793103443645 0.01168965517241704 3358
0.0004827586206886789 0.01168965517241703 3359
0.0007241379310331311 0.01168965517241701 3360
0.0009655172413774838 0.011689655172417 3361
0.001206896551721599 0.01168965517241698 3362
0.001448275862065744 0.01168965517241696 3363
0.001689655172409849 0.01168965517241695 3364
0.001931034482753997 0.01168965517241693 3365
0.002172413793098259 0.01168965517241691 3366
0.002413793103442212 0.0116896551724169 3367
0.002655172413786504 0.01168965517241688 3368
0.002896551724130459 0.01168965517241687 3369
0.003137931034474751 0.01168965517241685 3370
0.003379310344818703 0.01168965517241683 3371
0.003620689655163724 0.01168965517241682 3372
0.003862068965508882 0.0116896551724168 3373
0.004103448275854636 0.01168965517241679 3374
0.004344827586200421 0.01168965517241677 3375
0.004586206896545069 0.01168965517241676 3376
0.004827586206890638 0.01168965517241674 3377
0.005068965517236424 0.01168965517241672 3378
0.005310344827582211 0.01168965517241671 3379
0.005551724137926975 0.01168965517241669 3380
0.005793103448272426 0.01168965517241667 3381
0.006034482758618212 0.01168965517241666 3382
0.006275862068964 0.01168965517241664 3383
0.006517241379308879 0.01168965517241662 3384
0.006758620689654216 0.01168965517241661 3385
0.0002413793103443646 0.01175862068965875 3386
0.0004827586206886789 0.01175862068965873 3387
0.0007241379310331313 0.01175862068965871 3388
0.0009655172413774837 0.0117586206896587 3389
0.001206896551721599 0.01175862068965868 3390
0.001448275862065744 0.01175862068965866 3391
0.001689655172409849 0.01175862068965864 3392
0.001931034482753996 0.01175862068965863 3393
0.002172413793098259 0.01175862068965861 3394
0.002413793103442212 0.01175862068965859 3395
0.002655172413786504 0.01175862068965857 3396
0.002896551724130459 0.01175862068965855 3397
0.00313793103447475 0.01175862068965853 3398
0.003379310344818703 0.01175862068965852 3399
0.003620689655163724 0.0117586206896585 3400
0.003862068965508882 0.01175862068965848 3401
0.004103448275854636 0.01175862068965846 3402
0.004344827586200421 0.01175862068965845 3403
0.00458620689654507 0.01175862068965843 3404
0.004827586206890638 0.01175862068965841 3405
0.005068965517236424 0.01175862068965839 3406
0.005310344827582211 0.01175862068965838 3407
0.005551724137926975 0.01175862068965836 3408
0.005793103448272427 0.01175862068965834 3409
0.006034482758618212 0.01175862068965832 3410
0.006275862068963999 0.0117586206896583 3411
0.006517241379308879 0.01175862068965829 3412
0.006758620689654216 0.01175862068965827 3413
0.0002413793103443646 0.01182758620689948 3414
0.0004827586206886789 0.0118275862068995 3415
0.0007241379310331311 0.01182758620689951 3416
0.0009655172413774839 0.01182758620689953 3417
0.001206896551721599 0.01182758620689954 3418
0.001448275862065744 0.01182758620689956 3419
0.001689655172409849 0.01182758620689957 3420
0.001931034482753996 0.01182758620689959 3421
0.002172413793098259 0.0118275862068996 3422
0.002413793103442212 0.01182758620689962 3423
0.002655172413786504 0.01182758620689963 3424
0.002896551724130459 0.01182758620689965 3425
0.00313793103447475 0.01182758620689966 3426
0.003379310344818703 0.01182758620689968 3427
0.003620689655163723 0.0118275862068997 3428
0.003862068965508882 0.01182758620689971 3429
0.004103448275854636 0.01182758620689973 3430
0.004344827586200421 0.01182758620689974 3431
0.00458620689654507 0.01182758620689976 3432
0.004827586206890638 0.01182758620689977 3433
0.005068965517236424 0.01182758620689979 3434
0.00531034482758221 0.0118275862068998 3435
0.005551724137926975 0.01182758620689982 3436
0.005793103448272427 0.01182758620689983 3437
0.006034482758618212 0.01182758620689985 3438
0.006275862068963998 0.01182758620689987 3439
0.006517241379308879 0.01182758620689988 3440
0.006758620689654216 0.0118275862068999 3441
0.0002413793103443647 0.01189655172413958 3442
0.0004827586206886789 0.01189655172413961 3443
0.0007241379310331313 0.01189655172413964 3444
0.0009655172413774839 0.01189655172413967 3445
0.001206896551721599 0.0118965517241397 3446
0.001448275862065744 0.01189655172413973 3447
0.001689655172409849 0.01189655172413976 3448
0.001931034482753996 0.01189655172413979 3449
0.002172413793098259 0.01189655172413982 3450
0.002413793103442212 0.01189655172413985 3451
0.002655172413786504 0.01189655172413988 3452
0.002896551724130459 0.01189655172413991 3453
0.00313793103447475 0.01189655172413994 3454
0.003379310344818703 0.01189655172413997 3455
0.003620689655163724 0.01189655172414 3456
0.003862068965508882 0.01189655172414004 3457
0.004103448275854636 0.01189655172414006 3458
0.004344827586200421 0.01189655172414009 3459
0.00458620689654507 0.01189655172414013 3460
0.004827586206890638 0.01189655172414015 3461
0.005068965517236424 0.01189655172414018 3462
0.005310344827582211 0.01189655172414022 3463
0.005551724137926975 0.01189655172414024 3464
0.005793103448272427 0.01189655172414028 3465
0.006034482758618212 0.01189655172414031 3466
0.006275862068963998 0.01189655172414033 3467
0.006517241379308879 0.01189655172414037 3468
0.006758620689654216 0.0118965517241404 3469
0.0002413793103443646 0.01196551724137839 3470
0.0004827586206886789 0.01196551724137851 3471
0.000724137931033131 0.01196551724137864 3472
0.0009655172413774837 0.01196551724137876 3473
0.001206896551721599 0.01196551724137889 3474
0.001448275862065744 0.01196551724137901 3475
0.001689655172409849 0.01196551724137913 3476
0.001931034482753996 0.01196551724137926 3477
0.002172413793098259 0.01196551724137938 3478
0.002413793103442212 0.01196551724137951 3479
0.002655172413786504 0.01196551724137963 3480
0.002896551724130459 0.01196551724137976 3481
0.003137931034474749 0.01196551724137988 3482
0.003379310344818703 0.01196551724138001 3483
0.003620689655163723 0.01196551724138013 3484
0.003862068965508882 0.01196551724138025 3485
0.004103448275854634 0.01196551724138038 3486
0.004344827586200421 0.01196551724138051 3487
0.004586206896545068 0.01196551724138063 3488
0.004827586206890638 0.01196551724138075 3489
0.005068965517236424 0.01196551724138088 3490
0.005310344827582209 0.01196551724138101 3491
0.005551724137926974 0.01196551724138113 3492
0.005793103448272427 0.01196551724138125 3493
0.006034482758618212 0.01196551724138138 3494
0.006275862068963997 0.01196551724138151 3495
0.006517241379308879 0.01196551724138163 3496
0.006758620689654216 0.01196551724138176 3497
0.0002413793103443647 0.01203448275861829 3498
0.0004827586206886789 0.01203448275861843 3499
0.0007241379310331313 0.01203448275861858 3500
0.000965517241377484 0.01203448275861872 3501
0.001206896551721599 0.01203448275861887 3502
0.001448275862065744 0.01203448275861902 3503
0.001689655172409849 0.01203448275861916 3504
0.001931034482753996 0.01203448275861931 3505
0.002172413793098259 0.01203448275861945 3506
0.002413793103442212 0.0120344827586196 3507
0.002655172413786504 0.01203448275861974 3508
0.002896551724130458 0.01203448275861989 3509
0.00313793103447475 0.01203448275862004 3510
0.003379310344818703 0.01203448275862018 3511
0.003620689655163724 0.01203448275862033 3512
0.003862068965508882 0.01203448275862048 3513
0.004103448275854636 0.01203448275862062 3514
0.004344827586200421 0.01203448275862077 3515
0.00458620689654507 0.01203448275862092 3516
0.004827586206890638 0.01203448275862106 3517
0.005068965517236424 0.01203448275862121 3518
0.005310344827582211 0.01203448275862135 3519
0.005551724137926975 0.0120344827586215 3520
0.005793103448272427 0.01203448275862165 3521
0.006034482758618212 0.01203448275862179 3522
0.006275862068963998 0.01203448275862194 3523
0.006517241379308879 0.01203448275862209 3524
0.006758620689654216 0.01203448275862224 3525
0.0002413793103443647 0.01210344827585936 3526
0.0004827586206886788 0.01210344827585943 3527
0.0007241379310331311 0.0121034482758595 3528
0.0009655172413774837 0.01210344827585957 3529
0.001206896551721599 0.01210344827585963 3530
0.001448275862065744 0.0121034482758597 3531
0.001689655172409849 0.01210344827585977 3532
0.001931034482753996 0.01210344827585984 3533
0.002172413793098259 0.01210344827585991 3534
0.002413793103442212 0.01210344827585997 3535
0.002655172413786504 0.01210344827586004 3536
0.002896551724130459 0.01210344827586011 3537
0.00313793103447475 0.01210344827586018 3538
0.003379310344818703 0.01210344827586024 3539
0.003620689655163724 0.01210344827586031 3540
0.003862068965508882 0.01210344827586038 3541
0.004103448275854636 0.01210344827586044 3542
0.004344827586200421 0.01210344827586051 3543
0.00458620689654507 0.01210344827586058 3544
0.004827586206890638 0.01210344827586065 3545
0.005068965517236424 0.01210344827586072 3546
0.005310344827582211 0.01210344827586078 3547
0.005551724137926975 0.01210344827586085 3548
0.005793103448272427 0.01210344827586092 3549
0.006034482758618212 0.01210344827586098 3550
0.006275862068963998 0.01210344827586105 3551
0.006517241379308879 0.01210344827586112 3552
0.006758620689654216 0.01210344827586119 3553
0.0002413793103443646 0.01217241379309959 3554
0.0004827586206886789 0.01217241379309965 3555
0.0007241379310331311 0.01217241379309971 3556
0.0009655172413774837 0.01217241379309978 3557
0.001206896551721599 0.01217241379309985 3558
0.001448275862065744 0.01217241379309992 3559
0.001689655172409849 0.01217241379309998 3560
0.001931034482753996 0.01217241379310005 3561
0.002172413793098259 0.01217241379310011 3562
0.002413793103442212 0.01217241379310018 3563
0.002655172413786504 0.01217241379310024 3564
0.002896551724130459 0.01217241379310031 3565
0.00313793103447475 0.01217241379310037 3566
0.003379310344818703 0.01217241379310044 3567
0.003620689655163724 0.01217241379310051 3568
0.003862068965508884 0.01217241379310057 3569
0.004103448275854635 0.01217241379310063 3570
0.004344827586200421 0.0121724137931007 3571
0.004586206896545069 0.01217241379310077 3572
0.004827586206890638 0.01217241379310083 3573
0.005068965517236424 0.0121724137931009 3574
0.005310344827582211 0.01217241379310096 3575
0.005551724137926975 0.01217241379310103 3576
0.005793103448272427 0.01217241379310109 3577
0.006034482758618212 0.01217241379310116 3578
0.006275862068963998 0.01217241379310123 3579
0.006517241379308879 0.01217241379310129 3580
0.006758620689654216 0.01217241379310136 3581
0.0002413793103443646 0.01224137931034124 3582
0.0004827586206886789 0.01224137931034126 3583
0.0007241379310331311 0.01224137931034128 3584
0.0009655172413774835 0.0122413793103413 3585
0.001206896551721599 0.01224137931034131 3586
0.001448275862065744 0.01224137931034133 3587
0.001689655172409849 0.01224137931034135 3588
0.001931034482753996 0.01224137931034137 3589
0.002172413793098259 0.01224137931034138 3590
0.002413793103442212 0.0122413793103414 3591
0.002655172413786504 0.01224137931034142 3592
0.002896551724130458 0.01224137931034144 3593
0.00313793103447475 0.01224137931034146 3594
0.003379310344818703 0.01224137931034148 3595
0.003620689655163724 0.01224137931034149 3596
0.003862068965508881 0.01224137931034151 3597
0.004103448275854636 0.01224137931034153 3598
0.004344827586200421 0.01224137931034154 3599
0.004586206896545069 0.01224137931034156 3600
0.004827586206890638 0.01224137931034158 3601
0.005068965517236424 0.0122413793103416 3602
0.00531034482758221 0.01224137931034161 3603
0.005551724137926975 0.01224137931034163 3604
0.005793103448272427 0.01224137931034165 3605
0.006034482758618212 0.01224137931034167 3606
0.006275862068963999 0.01224137931034169 3607
0.006517241379308879 0.0122413793103417 3608
0.006758620689654216 0.01224137931034172 3609
0.0002413793103443647 0.01231034482758294 3610
0.0004827586206886789 0.01231034482758296 3611
0.0007241379310331313 0.01231034482758298 3612
0.0009655172413774838 0.01231034482758299 3613
0.001206896551721599 0.01231034482758301 3614
0.001448275862065744 0.01231034482758303 3615
0.001689655172409849 0.01231034482758304 3616
0.001931034482753996 0.01231034482758306 3617
0.002172413793098259 0.01231034482758308 3618
0.002413793103442212 0.01231034482758309 3619
0.002655172413786504 0.01231034482758311 3620
0.002896551724130459 0.01231034482758312 3621
0.003137931034474751 0.01231034482758314 3622
0.003379310344818703 0.01231034482758316 3623
0.003620689655163724 0.01231034482758317 3624
0.003862068965508882 0.01231034482758319 3625
0.004103448275854636 0.0123103448275832 3626
0.004344827586200421 0.01231034482758322 3627
0.00458620689654507 0.01231034482758323 3628
0.004827586206890638 0.01231034482758325 3629
0.005068965517236424 0.01231034482758327 3630
0.00531034482758221 0.01231034482758329 3631
0.005551724137926975 0.0123103448275833 3632
0.005793103448272427 0.01231034482758332 3633
0.006034482758618212 0.01231034482758333 3634
0.006275862068963998 0.01231034482758335 3635
0.006517241379308879 0.01231034482758337 3636
0.006758620689654216 0.01231034482758338 3637
0.0002413793103443646 0.01237931034482465 3638
0.0004827586206886789 0.01237931034482467 3639
0.0007241379310331313 0.01237931034482468 3640
0.0009655172413774838 0.01237931034482469 3641
0.001206896551721599 0.01237931034482471 3642
0.001448275862065744 0.01237931034482472 3643
0.001689655172409849 0.01237931034482474 3644
0.001931034482753996 0.01237931034482476 3645
0.002172413793098259 0.01237931034482477 3646
0.002413793103442212 0.01237931034482478 3647
0.002655172413786504 0.0123793103448248 3648
0.002896551724130459 0.01237931034482481 3649
0.00313793103447475 0.01237931034482483 3650
0.003379310344818703 0.01237931034482484 3651
0.003620689655163723 0.01237931034482486 3652
0.003862068965508883 0.01237931034482487 3653
0.004103448275854636 0.01237931034482488 3654
0.004344827586200421 0.0123793103448249 3655
0.004586206896545069 0.01237931034482491 3656
0.004827586206890638 0.01237931034482493 3657
0.005068965517236424 0.01237931034482494 3658
0.005310344827582209 0.01237931034482496 3659
0.005551724137926974 0.01237931034482497 3660
0.005793103448272428 0.01237931034482499 3661
0.006034482758618212 0.012379310344825 3662
0.006275862068963998 0.01237931034482502 3663
0.006517241379308879 0.01237931034482503 3664
0.006758620689654216 0.01237931034482504 3665
0.0002413793103443646 0.01244827586206636 3666
0.0004827586206886789 0.01244827586206637 3667
0.0007241379310331316 0.01244827586206638 3668
0.0009655172413774836 0.0124482758620664 3669
0.001206896551721599 0.01244827586206641 3670
0.001448275862065744 0.01244827586206642 3671
0.001689655172409849 0.01244827586206644 3672
0.001931034482753996 0.01244827586206645 3673
0.002172413793098259 0.01244827586206646 3674
0.002413793103442212 0.01244827586206647 3675
0.002655172413786504 0.01244827586206649 3676
0.002896551724130459 0.0124482758620665 3677
0.00313793103447475 0.01244827586206651 3678
0.003379310344818703 0.01244827586206653 3679
0.003620689655163724 0.01244827586206653 3680
0.003862068965508881 0.01244827586206655 3681
0.004103448275854636 0.01244827586206656 3682
0.004344827586200421 0.01244827586206658 3683
0.00458620689654507 0.01244827586206659 3684
0.004827586206890638 0.0124482758620666 3685
0.005068965517236424 0.01244827586206661 3686
0.005310344827582211 0.01244827586206663 3687
0.005551724137926975 0.01244827586206664 3688
0.005793103448272427 0.01244827586206665 3689
0.006034482758618212 0.01244827586206667 3690
0.006275862068963999 0.01244827586206668 3691
0.006517241379308879 0.01244827586206669 3692
0.006758620689654216 0.01244827586206671 3693
0.0002413793103443646 0.01251724137930806 3694
0.0004827586206886789 0.01251724137930807 3695
0.0007241379310331316 0.01251724137930809 3696
0.0009655172413774838 0.0125172413793081 3697
0.001206896551721599 0.01251724137930811 3698
0.001448275862065744 0.01251724137930812 3699
0.001689655172409849 0.01251724137930813 3700
0.001931034482753996 0.01251724137930814 3701
0.002172413793098259 0.01251724137930815 3702
0.002413793103442212 0.01251724137930816 3703
0.002655172413786504 0.01251724137930818 3704
0.002896551724130458 0.01251724137930818 3705
0.00313793103447475 0.0125172413793082 3706
0.003379310344818703 0.01251724137930821 3707
0.003620689655163724 0.01251724137930822 3708
0.003862068965508882 0.01251724137930823 3709
0.004103448275854636 0.01251724137930824 3710
0.004344827586200421 0.01251724137930825 3711
0.004586206896545069 0.01251724137930826 3712
0.004827586206890638 0.01251724137930827 3713
0.005068965517236424 0.01251724137930829 3714
0.00531034482758221 0.0125172413793083 3715
0.005551724137926975 0.01251724137930831 3716
0.005793103448272427 0.01251724137930832 3717
0.006034482758618212 0.01251724137930833 3718
0.006275862068963998 0.01251724137930834 3719
0.006517241379308879 0.01251724137930836 3720
0.006758620689654216 0.01251724137930837 3721
0.0002413793103443646 0.01258620689654977 3722
0.0004827586206886789 0.01258620689654978 3723
0.0007241379310331311 0.01258620689654979 3724
0.0009655172413774837 0.0125862068965498 3725
0.001206896551721599 0.0125862068965498 3726
0.001448275862065744 0.01258620689654981 3727
0.001689655172409849 0.01258620689654982 3728
0.001931034482753996 0.01258620689654984 3729
0.002172413793098259 0.01258620689654985 3730
0.002413793103442212 0.01258620689654986 3731
0.002655172413786504 0.01258620689654986 3732
0.002896551724130458 0.01258620689654987 3733
0.00313793103447475 0.01258620689654988 3734
0.003379310344818703 0.01258620689654989 3735
0.003620689655163724 0.0125862068965499 3736
0.003862068965508881 0.01258620689654991 3737
0.004103448275854636 0.01258620689654992 3738
0.004344827586200421 0.01258620689654993 3739
0.00458620689654507 0.01258620689654994 3740
0.004827586206890638 0.01258620689654995 3741
0.005068965517236424 0.01258620689654996 3742
0.00531034482758221 0.01258620689654997 3743
0.005551724137926975 0.01258620689654998 3744
0.005793103448272426 0.01258620689654999 3745
0.006034482758618212 0.01258620689655 3746
0.006275862068963998 0.01258620689655001 3747
0.006517241379308879 0.01258620689655002 3748
0.006758620689654216 0.01258620689655003 3749
0.0002413793103443646 0.01265517241379147 3750
0.0004827586206886789 0.01265517241379148 3751
0.0007241379310331313 0.01265517241379149 3752
0.0009655172413774837 0.0126551724137915 3753
0.001206896551721599 0.01265517241379151 3754
0.001448275862065744 0.01265517241379151 3755
0.001689655172409849 0.01265517241379151 3756
0.001931034482753996 0.01265517241379153 3757
0.002172413793098259 0.01265517241379153 3758
0.002413793103442212 0.01265517241379155 3759
0.002655172413786504 0.01265517241379156 3760
0.002896551724130459 0.01265517241379156 3761
0.00313793103447475 0.01265517241379157 3762
0.003379310344818703 0.01265517241379157 3763
0.003620689655163724 0.01265517241379158 3764
0.003862068965508882 0.01265517241379159 3765
0.004103448275854636 0.0126551724137916 3766
0.004344827586200421 0.0126551724137916 3767
0.004586206896545069 0.01265517241379162 3768
0.004827586206890638 0.01265517241379163 3769
0.005068965517236424 0.01265517241379163 3770
0.00531034482758221 0.01265517241379164 3771
0.005551724137926974 0.01265517241379165 3772
0.005793103448272427 0.01265517241379165 3773
0.006034482758618212 0.01265517241379167 3774
0.006275862068963999 0.01265517241379167 3775
0.006517241379308879 0.01265517241379168 3776
0.006758620689654216 0.01265517241379169 3777
0.0002413793103443646 0.01272413793103317 3778
0.0004827586206886789 0.01272413793103318 3779
0.0007241379310331311 0.01272413793103319 3780
0.0009655172413774838 0.0127241379310332 3781
0.001206896551721599 0.0127241379310332 3782
0.001448275862065744 0.01272413793103321 3783
0.001689655172409849 0.01272413793103321 3784
0.001931034482753996 0.01272413793103322 3785
0.002172413793098259 0.01272413793103323 3786
0.002413793103442212 0.01272413793103323 3787
0.002655172413786504 0.01272413793103324 3788
0.002896551724130459 0.01272413793103324 3789
0.00313793103447475 0.01272413793103326 3790
0.003379310344818703 0.01272413793103326 3791
0.003620689655163724 0.01272413793103326 3792
0.003862068965508882 0.01272413793103327 3793
0.004103448275854636 0.01272413793103328 3794
0.004344827586200421 0.01272413793103328 3795
0.00458620689654507 0.01272413793103329 3796
0.004827586206890639 0.0127241379310333 3797
0.005068965517236424 0.0127241379310333 3798
0.005310344827582211 0.01272413793103331 3799
0.005551724137926975 0.01272413793103332 3800
0.005793103448272426 0.01272413793103333 3801
0.006034482758618212 0.01272413793103333 3802
0.006275862068963998 0.01272413793103334 3803
0.006517241379308879 0.01272413793103334 3804
0.006758620689654216 0.01272413793103335 3805
0.0002413793103443646 0.01279310344827488 3806
0.0004827586206886788 0.01279310344827488 3807
0.0007241379310331314 0.01279310344827489 3808
0.0009655172413774838 0.01279310344827489 3809
0.001206896551721599 0.0127931034482749 3810
0.001448275862065744 0.01279310344827491 3811
0.001689655172409849 0.01279310344827491 3812
0.001931034482753996 0.01279310344827491 3813
0.002172413793098259 0.01279310344827492 3814
0.002413793103442212 0.01279310344827492 3815
0.002655172413786504 0.01279310344827493 3816
0.002896551724130459 0.01279310344827494 3817
0.00313793103447475 0.01279310344827494 3818
0.003379310344818703 0.01279310344827495 3819
0.003620689655163724 0.01279310344827495 3820
0.003862068965508882 0.01279310344827496 3821
0.004103448275854636 0.01279310344827496 3822
0.004344827586200421 0.01279310344827496 3823
0.00458620689654507 0.01279310344827497 3824
0.004827586206890639 0.01279310344827498 3825
0.005068965517236424 0.01279310344827497 3826
0.00531034482758221 0.01279310344827498 3827
0.005551724137926975 0.01279310344827499 3828
0.005793103448272427 0.01279310344827499 3829
0.006034482758618212 0.012793103448275 3830
0.006275862068963998 0.012793103448275 3831
0.006517241379308879 0.01279310344827501 3832
0.006758620689654216 0.01279310344827501 3833
0.0002413793103443647 0.01286206896551658 3834
0.0004827586206886789 0.01286206896551659 3835
0.0007241379310331313 0.01286206896551659 3836
0.0009655172413774838 0.0128620689655166 3837
0.001206896551721599 0.0128620689655166 3838
0.001448275862065744 0.0128620689655166 3839
0.001689655172409849 0.01286206896551661 3840
0.001931034482753996 0.01286206896551661 3841
0.002172413793098259 0.01286206896551661 3842
0.002413793103442212 0.01286206896551662 3843
0.002655172413786504 0.01286206896551662 3844
0.002896551724130458 0.01286206896551662 3845
0.00313793103447475 0.01286206896551662 3846
0.003379310344818703 0.01286206896551663 3847
0.003620689655163724 0.01286206896551663 3848
0.003862068965508882 0.01286206896551663 3849
0.004103448275854636 0.01286206896551664 3850
0.004344827586200421 0.01286206896551664 3851
0.004586206896545069 0.01286206896551664 3852
0.004827586206890638 0.01286206896551664 3853
0.005068965517236425 0.01286206896551665 3854
0.00531034482758221 0.01286206896551665 3855
0.005551724137926974 0.01286206896551666 3856
0.005793103448272427 0.01286206896551666 3857
0.006034482758618212 0.01286206896551666 3858
0.006275862068963998 0.01286206896551667 3859
0.006517241379308879 0.01286206896551667 3860
0.006758620689654216 0.01286206896551667 3861
0.0002413793103443646 0.01293103448275829 3862
0.0004827586206886788 0.01293103448275829 3863
0.0007241379310331313 0.01293103448275829 3864
0.0009655172413774839 0.0129310344827583 3865
0.001206896551721599 0.01293103448275829 3866
0.001448275862065744 0.0129310344827583 3867
0.001689655172409849 0.0129310344827583 3868
0.001931034482753996 0.0129310344827583 3869
0.002172413793098259 0.0129310344827583 3870
0.002413793103442212 0.0129310344827583 3871
0.002655172413786504 0.01293103448275831 3872
0.002896551724130459 0.01293103448275831 3873
0.00313793103447475 0.01293103448275831 3874
0.003379310344818703 0.01293103448275831 3875
0.003620689655163724 0.01293103448275832 3876
0.003862068965508882 0.01293103448275832 3877
0.004103448275854636 0.01293103448275832 3878
0.004344827586200421 0.01293103448275832 3879
0.00458620689654507 0.01293103448275832 3880
0.004827586206890638 0.01293103448275832 3881
0.005068965517236424 0.01293103448275832 3882
0.005310344827582211 0.01293103448275833 3883
0.005551724137926974 0.01293103448275833 3884
0.005793103448272427 0.01293103448275832 3885
0.006034482758618212 0.01293103448275833 3886
0.006275862068963999 0.01293103448275833 3887
0.006517241379308879 0.01293103448275833 3888
0.006758620689654216 0.01293103448275833 3889
0.007305084745762475 0.01293103448275834 3890
0.007305084745762476 0.01286206896551668 3891
0.007305084745762476 0.01279310344827502 3892
0.007305084745762475 0.01272413793103336 3893
0.007305084745762476 0.0126551724137917 3894
0.007305084745762476 0.01258620689655004 3895
0.007305084745762477 0.01251724137930838 3896
0.007305084745762476 0.01244827586206672 3897
0.007305084745762474 0.01237931034482507 3898
0.007305084745762476 0.0123103448275834 3899
0.007305084745762475 0.01224137931034175 3900
0.007305084745762477 0.01217241379310142 3901
0.007305084745762476 0.01210344827586126 3902
0.007305084745762477 0.01203448275862238 3903
0.007305084745762476 0.01196551724138188 3904
0.007305084745762478 0.01189655172414043 3905
0.007305084745762476 0.01182758620689991 3906
0.007305084745762476 0.01175862068965825 3907
0.007305084745762478 0.0116896551724166 3908
0.007305084745762476 0.01162068965517493 3909
0.007305084745762476 0.01155172413793328 3910
0.007305084745762476 0.01148275862069162 3911
0.007305084745762476 0.01141379310344996 3912
0.007305084745762476 0.0113448275862083 3913
0.007305084745762476 0.01127586206896664 3914
0.007305084745762476 0.01120689655172498 3915
0.007305084745762476 0.01113793103448332 3916
0.007305084745762476 0.01106896551724166 3917
0.007610169491524388 0.01293103448275834 3918
0.007610169491524388 0.01286206896551668 3919
0.007610169491524387 0.01279310344827502 3920
0.007610169491524386 0.01272413793103336 3921
0.007610169491524388 0.0126551724137917 3922
0.007610169491524387 0.01258620689655004 3923
0.007610169491524385 0.01251724137930838 3924
0.007610169491524387 0.01244827586206672 3925
0.007610169491524386 0.01237931034482507 3926
0.007610169491524387 0.0123103448275834 3927
0.007610169491524387 0.01224137931034174 3928
0.007610169491524385 0.01217241379310142 3929
0.007610169491524385 0.01210344827586126 3930
0.007610169491524386 0.01203448275862238 3931
0.007610169491524385 0.01196551724138188 3932
0.007610169491524388 0.01189655172414043 3933
0.007610169491524387 0.01182758620689991 3934
0.007610169491524389 0.01175862068965825 3935
0.007610169491524387 0.0116896551724166 3936
0.007610169491524389 0.01162068965517494 3937
0.007610169491524389 0.01155172413793328 3938
0.007610169491524387 0.01148275862069162 3939
0.007610169491524385 0.01141379310344996 3940
0.007610169491524389 0.0113448275862083 3941
0.007610169491524387 0.01127586206896664 3942
0.007610169491524389 0.01120689655172498 3943
0.007610169491524387 0.01113793103448332 3944
0.007610169491524387 0.01106896551724166 3945
0.007915254237286326 0.01293103448275834 3946
0.007915254237286326 0.01286206896551668 3947
0.007915254237286326 0.01279310344827502 3948
0.007915254237286326 0.01272413793103335 3949
0.007915254237286326 0.0126551724137917 3950
0.007915254237286326 0.01258620689655004 3951
0.007915254237286326 0.01251724137930838 3952
0.007915254237286326 0.01244827586206672 3953
0.007915254237286326 0.01237931034482507 3954
0.007915254237286326 0.0123103448275834 3955
0.007915254237286326 0.01224137931034174 3956
0.007915254237286326 0.01217241379310143 3957
0.007915254237286326 0.01210344827586126 3958
0.007915254237286326 0.01203448275862238 3959
0.007915254237286326 0.01196551724138189 3960
0.007915254237286326 0.01189655172414043 3961
0.007915254237286326 0.01182758620689991 3962
0.007915254237286326 0.01175862068965825 3963
0.007915254237286326 0.0116896551724166 3964
0.007915254237286326 0.01162068965517494 3965
0.007915254237286326 0.01155172413793327 3966
0.007915254237286326 0.01148275862069162 3967
0.007915254237286326 0.01141379310344996 3968
0.007915254237286326 0.0113448275862083 3969
0.007915254237286326 0.01127586206896664 3970
0.007915254237286326 0.01120689655172498 3971
0.007915254237286326 0.01113793103448332 3972
0.007915254237286326 0.01106896551724166 3973
0.008220338983047524 0.01293103448275834 3974
0.008220338983047526 0.01286206896551668 3975
0.008220338983047526 0.01279310344827502 3976
0.008220338983047526 0.01272413793103336 3977
0.008220338983047526 0.0126551724137917 3978
0.008220338983047526 0.01258620689655004 3979
0.008220338983047526 0.01251724137930839 3980
0.008220338983047526 0.01244827586206672 3981
0.008220338983047526 0.01237931034482506 3982
0.008220338983047526 0.0123103448275834 3983
0.008220338983047526 0.01224137931034174 3984
0.008220338983047526 0.01217241379310143 3985
0.008220338983047526 0.01210344827586126 3986
0.008220338983047526 0.01203448275862238 3987
0.008220338983047526 0.01196551724138188 3988
0.008220338983047526 0.01189655172414043 3989
0.008220338983047526 0.01182758620689991 3990
0.008220338983047526 0.01175862068965825 3991
0.008220338983047526 0.0116896551724166 3992
0.008220338983047526 0.01162068965517494 3993
0.008220338983047526 0.01155172413793328 3994
0.008220338983047526 0.01148275862069162 3995
0.008220338983047526 0.01141379310344996 3996
0.008220338983047526 0.0113448275862083 3997
0.008220338983047526 0.01127586206896664 3998
0.008220338983047526 0.01120689655172498 3999
0.008220338983047526 0.01113793103448332 4000
0.008220338983047526 0.01106896551724166 4001
0.008525423728809475 0.01293103448275834 4002
0.008525423728809475 0.01286206896551668 4003
0.008525423728809475 0.01279310344827502 4004
0.008525423728809477 0.01272413793103336 4005
0.008525423728809477 0.0126551724137917 4006
0.008525423728809475 0.01258620689655004 4007
0.008525423728809475 0.01251724137930838 4008
0.008525423728809475 0.01244827586206672 4009
0.008525423728809475 0.01237931034482506 4010
0.008525423728809475 0.0123103448275834 4011
0.008525423728809474 0.01224137931034174 4012
0.008525423728809475 0.01217241379310143 4013
0.008525423728809475 0.01210344827586126 4014
0.008525423728809475 0.01203448275862238 4015
0.008525423728809475 0.01196551724138188 4016
0.008525423728809475 0.01189655172414043 4017
0.008525423728809475 0.01182758620689991 4018
0.008525423728809475 0.01175862068965825 4019
0.008525423728809475 0.0116896551724166 4020
0.008525423728809475 0.01162068965517494 4021
0.008525423728809475 0.01155172413793328 4022
0.008525423728809475 0.01148275862069162 4023
0.008525423728809475 0.01141379310344996 4024
0.008525423728809475 0.0113448275862083 4025
0.008525423728809475 0.01127586206896664 4026
0.008525423728809475 0.01120689655172498 4027
0.008525423728809475 0.01113793103448332 4028
0.008525423728809475 0.01106896551724166 4029
0.00883050847457198 0.01293103448275834 4030
0.00883050847457198 0.01286206896551668 4031
0.008830508474571978 0.01279310344827501 4032
0.00883050847457198 0.01272413793103336 4033
0.008830508474571981 0.0126551724137917 4034
0.008830508474571976 0.01258620689655004 4035
0.00883050847457198 0.01251724137930838 4036
0.00883050847457198 0.01244827586206672 4037
0.00883050847457198 0.01237931034482507 4038
0.00883050847457198 0.0123103448275834 4039
0.008830508474571978 0.01224137931034174 4040
0.00883050847457198 0.01217241379310143 4041
0.00883050847457198 0.01210344827586126 4042
0.00883050847457198 0.01203448275862238 4043
0.00883050847457198 0.01196551724138188 4044
0.00883050847457198 0.01189655172414043 4045
0.00883050847457198 0.01182758620689991 4046
0.00883050847457198 0.01175862068965825 4047
0.00883050847457198 0.0116896551724166 4048
0.00883050847457198 0.01162068965517494 4049
0.00883050847457198 0.01155172413793328 4050
0.00883050847457198 0.01148275862069162 4051
0.00883050847457198 0.01141379310344996 4052
0.00883050847457198 0.0113448275862083 4053
0.00883050847457198 0.01127586206896664 4054
0.00883050847457198 0.01120689655172498 4055
0.00883050847457198 0.01113793103448332 4056
0.00883050847457198 0.01106896551724166 4057
0.009135593220334484 0.01293103448275834 4058
0.009135593220334481 0.01286206896551668 4059
0.009135593220334484 0.01279310344827501 4060
0.009135593220334488 0.01272413793103336 4061
0.009135593220334484 0.0126551724137917 4062
0.009135593220334484 0.01258620689655004 4063
0.009135593220334484 0.01251724137930838 4064
0.009135593220334481 0.01244827586206672 4065
0.009135593220334484 0.01237931034482507 4066
0.009135593220334484 0.0123103448275834 4067
0.009135593220334484 0.01224137931034174 4068
0.009135593220334484 0.01217241379310143 4069
0.009135593220334484 0.01210344827586126 4070
0.009135593220334484 0.01203448275862238 4071
0.009135593220334484 0.01196551724138188 4072
0.009135593220334484 0.01189655172414043 4073
0.009135593220334484 0.01182758620689991 4074
0.009135593220334484 0.01175862068965825 4075
0.009135593220334484 0.0116896551724166 4076
0.009135593220334484 0.01162068965517493 4077
0.009135593220334484 0.01155172413793328 4078
0.009135593220334484 0.01148275862069162 4079
0.009135593220334484 0.01141379310344996 4080
0.009135593220334484 0.0113448275862083 4081
0.009135593220334484 0.01127586206896664 4082
0.009135593220334484 0.01120689655172498 4083
0.009135593220334484 0.01113793103448332 4084
0.009135593220334484 0.01106896551724166 4085
0.009440677966096989 0.01293103448275834 4086
0.009440677966096989 0.01286206896551668 4087
0.009440677966096989 0.01279310344827501 4088
0.009440677966096989 0.01272413793103336 4089
0.00944067796609699 0.0126551724137917 4090
0.009440677966096989 0.01258620689655004 4091
0.009440677966096989 0.01251724137930838 4092
0.009440677966096989 0.01244827586206672 4093
0.009440677966096989 0.01237931034482507 4094
0.009440677966096989 0.0123103448275834 4095
0.009440677966096989 0.01224137931034174 4096
0.009440677966096989 0.01217241379310143 4097
0.009440677966096989 0.01210344827586126 4098
0.00944067796609699 0.01203448275862238 4099
0.009440677966096989 0.01196551724138189 4100
0.009440677966096989 0.01189655172414043 4101
0.009440677966096989 0.01182758620689991 4102
0.009440677966096989 0.01175862068965825 4103
0.009440677966096989 0.0116896551724166 4104
0.009440677966096989 0.01162068965517493 4105
0.009440677966096989 0.01155172413793328 4106
0.009440677966096989 0.01148275862069162 4107
0.009440677966096989 0.01141379310344996 4108
0.009440677966096989 0.0113448275862083 4109
0.009440677966096989 0.01127586206896664 4110
0.009440677966096989 0.01120689655172498 4111
0.009440677966096989 0.01113793103448332 4112
0.009440677966096989 0.01106896551724166 4113
0.009745762711859316 0.01293103448275834 4114
0.009745762711859316 0.01286206896551668 4115
0.00974576271185932 0.01279310344827501 4116
0.009745762711859316 0.01272413793103336 4117
0.009745762711859318 0.0126551724137917 4118
0.009745762711859314 0.01258620689655004 4119
0.009745762711859316 0.01251724137930838 4120
0.009745762711859316 0.01244827586206672 4121
0.009745762711859316 0.01237931034482507 4122
0.009745762711859316 0.0123103448275834 4123
0.009745762711859316 0.01224137931034174 4124
0.009745762711859316 0.01217241379310143 4125
0.009745762711859316 0.01210344827586126 4126
0.009745762711859316 0.01203448275862238 4127
0.009745762711859316 0.01196551724138188 4128
0.009745762711859316 0.01189655172414043 4129
0.009745762711859316 0.01182758620689991 4130
0.009745762711859316 0.01175862068965825 4131
0.009745762711859316 0.0116896551724166 4132
0.009745762711859316 0.01162068965517494 4133
0.009745762711859316 0.01155172413793328 4134
0.009745762711859316 0.01148275862069162 4135
0.009745762711859316 0.01141379310344996 4136
0.009745762711859316 0.0113448275862083 4137
0.009745762711859316 0.01127586206896664 4138
0.009745762711859316 0.01120689655172498 4139
0.009745762711859316 0.01113793103448332 4140
0.009745762711859316 0.01106896551724166 4141
0.01005084745762109 0.01293103448275834 4142
0.01005084745762109 0.01286206896551668 4143
0.01005084745762108 0.01279310344827502 4144
0.01005084745762109 0.01272413793103336 4145
0.01005084745762109 0.0126551724137917 4146
0.01005084745762109 0.01258620689655004 4147
0.01005084745762109 0.01251724137930838 4148
0.01005084745762109 0.01244827586206672 4149
0.01005084745762108 0.01237931034482506 4150
0.01005084745762109 0.0123103448275834 4151
0.01005084745762109 0.01224137931034174 4152
0.01005084745762109 0.01217241379310142 4153
0.01005084745762109 0.01210344827586126 4154
0.01005084745762109 0.01203448275862238 4155
0.01005084745762109 0.01196551724138188 4156
0.01005084745762109 0.01189655172414043 4157
0.01005084745762109 0.01182758620689991 4158
0.01005084745762109 0.01175862068965825 4159
0.01005084745762109 0.0116896551724166 4160
0.01005084745762109 0.01162068965517493 4161
0.01005084745762109 0.01155172413793328 4162
0.01005084745762109 0.01148275862069162 4163
0.01005084745762109 0.01141379310344996 4164
0.01005084745762109 0.0113448275862083 4165
0.01005084745762109 0.01127586206896664 4166
0.01005084745762109 0.01120689655172498 4167
0.01005084745762109 0.01113793103448332 4168
0.01005084745762109 0.01106896551724166 4169
0.01035593220338222 0.01293103448275834 4170
0.01035593220338222 0.01286206896551668 4171
0.01035593220338222 0.01279310344827502 4172
0.01035593220338223 0.01272413793103336 4173
0.01035593220338222 0.0126551724137917 4174
0.01035593220338223 0.01258620689655004 4175
0.01035593220338222 0.01251724137930838 4176
0.01035593220338222 0.01244827586206672 4177
0.01035593220338222 0.01237931034482506 4178
0.01035593220338222 0.0123103448275834 4179
0.01035593220338222 0.01224137931034174 4180
0.01035593220338222 0.01217241379310142 4181
0.01035593220338222 0.01210344827586126 4182
0.01035593220338222 0.01203448275862238 4183
0.01035593220338222 0.01196551724138188 4184
0.01035593220338222 0.01189655172414043 4185
0.01035593220338222 0.01182758620689991 4186
0.01035593220338222 0.01175862068965825 4187
0.01035593220338222 0.0116896551724166 4188
0.01035593220338222 0.01162068965517494 4189
0.01035593220338222 0.01155172413793328 4190
0.01035593220338222 0.01148275862069162 4191
0.01035593220338222 0.01141379310344996 4192
0.01035593220338222 0.0113448275862083 4193
0.01035593220338222 0.01127586206896664 4194
0.01035593220338222 0.01120689655172498 4195
0.01035593220338222 0.01113793103448332 4196
0.01035593220338222 0.01106896551724166 4197
0.01066101694914327 0.01293103448275834 4198
0.01066101694914327 0.01286206896551668 4199
0.01066101694914327 0.01279310344827502 4200
0.01066101694914327 0.01272413793103336 4201
0.01066101694914327 0.0126551724137917 4202
0.01066101694914327 0.01258620689655004 4203
0.01066101694914327 0.01251724137930838 4204
0.01066101694914327 0.01244827586206672 4205
0.01066101694914327 0.01237931034482507 4206
0.01066101694914327 0.0123103448275834 4207
0.01066101694914327 0.01224137931034175 4208
0.01066101694914327 0.01217241379310142 4209
0.01066101694914327 0.01210344827586126 4210
0.01066101694914327 0.01203448275862238 4211
0.01066101694914327 0.01196551724138188 4212
0.01066101694914327 0.01189655172414043 4213
0.01066101694914327 0.01182758620689991 4214
0.01066101694914327 0.01175862068965825 4215
0.01066101694914327 0.0116896551724166 4216
0.01066101694914327 0.01162068965517494 4217
0.01066101694914327 0.01155172413793328 4218
0.01066101694914327 0.01148275862069162 4219
0.01066101694914327 0.01141379310344996 4220
0.01066101694914327 0.0113448275862083 4221
0.01066101694914327 0.01127586206896664 4222
0.01066101694914327 0.01120689655172498 4223
0.01066101694914327 0.01113793103448332 4224
0.01066101694914327 0.01106896551724166 4225
0.01096610169490504 0.01293103448275834 4226
0.01096610169490504 0.01286206896551668 4227
0.01096610169490504 0.01279310344827502 4228
0.01096610169490504 0.01272413793103336 4229
0.01096610169490504 0.0126551724137917 4230
0.01096610169490504 0.01258620689655004 4231
0.01096610169490504 0.01251724137930838 4232
0.01096610169490504 0.01244827586206672 4233
0.01096610169490504 0.01237931034482507 4234
0.01096610169490504 0.0123103448275834 4235
0.01096610169490504 0.01224137931034174 4236
0.01096610169490504 0.01217241379310142 4237
0.01096610169490504 0.01210344827586126 4238
0.01096610169490504 0.01203448275862238 4239
0.01096610169490504 0.01196551724138188 4240
0.01096610169490504 0.01189655172414043 4241
0.01096610169490504 0.01182758620689991 4242
0.01096610169490504 0.01175862068965825 4243
0.01096610169490504 0.0116896551724166 4244
0.01096610169490504 0.01162068965517494 4245
0.01096610169490504 0.01155172413793328 4246
0.01096610169490504 0.01148275862069162 4247
0.01096610169490504 0.01141379310344996 4248
0.01096610169490504 0.0113448275862083 4249
0.01096610169490504 0.01127586206896664 4250
0.01096610169490504 0.01120689655172498 4251
0.01096610169490504 0.01113793103448332 4252
0.01096610169490504 0.01106896551724166 4253
0.01127118644066681 0.01293103448275834 4254
0.01127118644066681 0.01286206896551668 4255
0.01127118644066681 0.01279310344827502 4256
0.01127118644066681 0.01272413793103336 4257
0.01127118644066681 0.0126551724137917 4258
0.01127118644066681 0.01258620689655004 4259
0.01127118644066681 0.01251724137930838 4260
0.01127118644066681 0.01244827586206672 4261
0.01127118644066681 0.01237931034482507 4262
0.01127118644066681 0.0123103448275834 4263
0.01127118644066681 0.01224137931034174 4264
0.01127118644066681 0.01217241379310143 4265
0.01127118644066681 0.01210344827586126 4266
0.01127118644066681 0.01203448275862238 4267
0.01127118644066681 0.01196551724138188 4268
0.01127118644066681 0.01189655172414043 4269
0.01127118644066681 0.01182758620689991 4270
0.01127118644066681 0.01175862068965825 4271
0.01127118644066681 0.0116896551724166 4272
0.01127118644066681 0.01162068965517494 4273
0.01127118644066681 0.01155172413793328 4274
0.01127118644066681 0.01148275862069162 4275
0.01127118644066681 0.01141379310344996 4276
0.01127118644066681 0.0113448275862083 4277
0.01127118644066681 0.01127586206896664 4278
0.01127118644066681 0.01120689655172498 4279
0.01127118644066681 0.01113793103448332 4280
0.01127118644066681 0.01106896551724166 4281
0.01157627118642891 0.01293103448275834 4282
0.01157627118642892 0.01286206896551668 4283
0.01157627118642892 0.01279310344827502 4284
0.01157627118642892 0.01272413793103336 4285
0.01157627118642892 0.0126551724137917 4286
0.01157627118642892 0.01258620689655004 4287
0.01157627118642892 0.01251724137930838 4288
0.01157627118642892 0.01244827586206672 4289
0.01157627118642892 0.01237931034482506 4290
0.01157627118642892 0.0123103448275834 4291
0.01157627118642892 0.01224137931034174 4292
0.01157627118642892 0.01217241379310143 4293
0.01157627118642892 0.01210344827586126 4294
0.01157627118642892 0.01203448275862238 4295
0.01157627118642892 0.01196551724138188 4296
0.01157627118642892 0.01189655172414043 4297
0.01157627118642892 0.01182758620689991 4298
0.01157627118642892 0.01175862068965825 4299
0.01157627118642892 0.0116896551724166 4300
0.01157627118642892 0.01162068965517493 4301
0.01157627118642892 0.01155172413793328 4302
0.01157627118642892 0.01148275862069161 4303
0.01157627118642892 0.01141379310344996 4304
0.01157627118642892 0.01134482758620829 4305
0.01157627118642892 0.01127586206896664 4306
0.01157627118642892 0.01120689655172498 4307
0.01157627118642892 0.01113793103448332 4308
0.01157627118642892 0.01106896551724166 4309
0.01188135593219069 0.01293103448275834 4310
0.01188135593219069 0.01286206896551668 4311
0.01188135593219069 0.01279310344827501 4312
0.01188135593219069 0.01272413793103336 4313
0.01188135593219069 0.0126551724137917 4314
0.01188135593219069 0.01258620689655004 4315
0.01188135593219069 0.01251724137930838 4316
0.01188135593219069 0.01244827586206672 4317
0.01188135593219069 0.01237931034482506 4318
0.01188135593219069 0.0123103448275834 4319
0.01188135593219069 0.01224137931034174 4320
0.01188135593219069 0.01217241379310142 4321
0.01188135593219069 0.01210344827586126 4322
0.01188135593219069 0.01203448275862238 4323
0.01188135593219069 0.01196551724138188 4324
0.01188135593219069 0.01189655172414043 4325
0.01188135593219069 0.01182758620689991 4326
0.01188135593219069 0.01175862068965825 4327
0.01188135593219069 0.0116896551724166 4328
0.01188135593219069 0.01162068965517493 4329
0.01188135593219069 0.01155172413793328 4330
0.01188135593219069 0.01148275862069162 4331
0.01188135593219069 0.01141379310344996 4332
0.01188135593219069 0.0113448275862083 4333
0.01188135593219069 0.01127586206896664 4334
0.01188135593219069 0.01120689655172498 4335
0.01188135593219069 0.01113793103448332 4336
0.01188135593219069 0.01106896551724166 4337
0.01218644067795246 0.01293103448275834 4338
0.01218644067795246 0.01286206896551668 4339
0.01218644067795246 0.01279310344827502 4340
0.01218644067795246 0.01272413793103335 4341
0.01218644067795246 0.0126551724137917 4342
0.01218644067795246 0.01258620689655004 4343
0.01218644067795246 0.01251724137930838 4344
0.01218644067795245 0.01244827586206672 4345
0.01218644067795246 0.01237931034482507 4346
0.01218644067795246 0.0123103448275834 4347
0.01218644067795246 0.01224137931034174 4348
0.01218644067795246 0.01217241379310143 4349
0.01218644067795246 0.01210344827586126 4350
0.01218644067795246 0.01203448275862238 4351
0.01218644067795246 0.01196551724138188 4352
0.01218644067795246 0.01189655172414043 4353
0.01218644067795246 0.01182758620689991 4354
0.01218644067795246 0.01175862068965825 4355
0.01218644067795246 0.0116896551724166 4356
0.01218644067795246 0.01162068965517493 4357
0.01218644067795246 0.01155172413793328 4358
0.01218644067795246 0.01148275862069162 4359
0.01218644067795246 0.01141379310344996 4360
0.01218644067795246 0.0113448275862083 4361
0.01218644067795246 0.01127586206896664 4362
0.01218644067795246 0.01120689655172498 4363
0.01218644067795246 0.01113793103448332 4364
0.01218644067795246 0.01106896551724166 4365
0.01249152542371424 0.01293103448275834 4366
0.01249152542371424 0.01286206896551668 4367
0.01249152542371424 0.01279310344827502 4368
0.01249152542371424 0.01272413793103336 4369
0.01249152542371424 0.0126551724137917 4370
0.01249152542371425 0.01258620689655004 4371
0.01249152542371424 0.01251724137930838 4372
0.01249152542371424 0.01244827586206672 4373
0.01249152542371424 0.01237931034482507 4374
0.01249152542371425 0.0123103448275834 4375
0.01249152542371424 0.01224137931034174 4376
0.01249152542371424 0.01217241379310143 4377
0.01249152542371424 0.01210344827586126 4378
0.01249152542371425 0.01203448275862238 4379
0.01249152542371424 0.01196551724138188 4380
0.01249152542371424 0.01189655172414043 4381
0.01249152542371424 0.01182758620689991 4382
0.01249152542371424 0.01175862068965825 4383
0.01249152542371424 0.0116896551724166 4384
0.01249152542371424 0.01162068965517493 4385
0.01249152542371424 0.01155172413793328 4386
0.01249152542371424 0.01148275862069162 4387
0.01249152542371424 0.01141379310344996 4388
0.01249152542371424 0.0113448275862083 4389
0.01249152542371424 0.01127586206896664 4390
0.01249152542371424 0.01120689655172498 4391
0.01249152542371424 0.01113793103448332 4392
0.01249152542371424 0.01106896551724166 4393
0.01279661016947668 0.01293103448275834 4394
0.01279661016947668 0.01286206896551668 4395
0.01279661016947668 0.01279310344827502 4396
0.01279661016947668 0.01272413793103336 4397
0.01279661016947668 0.0126551724137917 4398
0.01279661016947668 0.01258620689655004 4399
0.01279661016947667 0.01251724137930838 4400
0.01279661016947668 0.01244827586206672 4401
0.01279661016947668 0.01237931034482506 4402
0.01279661016947668 0.0123103448275834 4403
0.01279661016947668 0.01224137931034174 4404
0.01279661016947668 0.01217241379310143 4405
0.01279661016947668 0.01210344827586126 4406
0.01279661016947668 0.01203448275862238 4407
0.01279661016947668 0.01196551724138188 4408
0.01279661016947668 0.01189655172414043 4409
0.01279661016947668 0.01182758620689991 4410
0.01279661016947668 0.01175862068965825 4411
0.01279661016947668 0.0116896551724166 4412
0.01279661016947668 0.01162068965517494 4413
0.01279661016947668 0.01155172413793328 4414
0.01279661016947667 0.01148275862069162 4415
0.01279661016947668 0.01141379310344996 4416
0.01279661016947668 0.0113448275862083 4417
0.01279661016947668 0.01127586206896664 4418
0.01279661016947668 0.01120689655172498 4419
0.01279661016947668 0.01113793103448332 4420
0.01279661016947668 0.01106896551724166 4421
0.01310169491523844 0.01293103448275834 4422
0.01310169491523844 0.01286206896551668 4423
0.01310169491523844 0.01279310344827502 4424
0.01310169491523844 0.01272413793103336 4425
0.01310169491523844 0.0126551724137917 4426
0.01310169491523844 0.01258620689655004 4427
0.01310169491523844 0.01251724137930838 4428
0.01310169491523845 0.01244827586206672 4429
0.01310169491523844 0.01237931034482506 4430
0.01310169491523845 0.0123103448275834 4431
0.01310169491523844 0.01224137931034174 4432
0.01310169491523844 0.01217241379310143 4433
0.01310169491523845 0.01210344827586126 4434
0.01310169491523844 0.01203448275862238 4435
0.01310169491523844 0.01196551724138188 4436
0.01310169491523844 0.01189655172414043 4437
0.01310169491523844 0.01182758620689991 4438
0.01310169491523844 0.01175862068965825 4439
0.01310169491523844 0.0116896551724166 4440
0.01310169491523844 0.01162068965517494 4441
0.01310169491523844 0.01155172413793328 4442
0.01310169491523844 0.01148275862069162 4443
0.01310169491523844 0.01141379310344996 4444
0.01310169491523845 0.0113448275862083 4445
0.01310169491523844 0.01127586206896664 4446
0.01310169491523844 0.01120689655172498 4447
0.01310169491523844 0.01113793103448332 4448
0.01310169491523844 0.01106896551724166 4449
0.01340677966100022 0.01293103448275834 4450
0.01340677966100022 0.01286206896551668 4451
0.01340677966100022 0.01279310344827502 4452
0.01340677966100022 0.01272413793103336 4453
0.01340677966100022 0.0126551724137917 4454
0.01340677966100022 0.01258620689655004 4455
0.01340677966100022 0.01251724137930838 4456
0.01340677966100022 0.01244827586206672 4457
0.01340677966100022 0.01237931034482507 4458
0.01340677966100022 0.0123103448275834 4459
0.01340677966100022 0.01224137931034174 4460
0.01340677966100022 0.01217241379310143 4461
0.01340677966100022 0.01210344827586126 4462
0.01340677966100022 0.01203448275862238 4463
0.01340677966100022 0.01196551724138188 4464
0.01340677966100022 0.01189655172414043 4465
0.01340677966100022 0.01182758620689991 4466
0.01340677966100022 0.01175862068965825 4467
0.01340677966100022 0.0116896551724166 4468
0.01340677966100022 0.01162068965517494 4469
0.01340677966100021 0.01155172413793328 4470
0.01340677966100022 0.01148275862069162 4471
0.01340677966100022 0.01141379310344996 4472
0.01340677966100022 0.0113448275862083 4473
0.01340677966100022 0.01127586206896664 4474
0.01340677966100022 0.01120689655172498 4475
0.01340677966100022 0.01113793103448332 4476
0.01340677966100022 0.01106896551724166 4477
0.01371186440676198 0.01293103448275834 4478
0.01371186440676199 0.01286206896551668 4479
0.01371186440676198 0.01279310344827502 4480
0.01371186440676198 0.01272413793103335 4481
0.01371186440676199 0.0126551724137917 4482
0.01371186440676198 0.01258620689655004 4483
0.01371186440676199 0.01251724137930838 4484
0.01371186440676199 0.01244827586206672 4485
0.01371186440676199 0.01237931034482506 4486
0.01371186440676198 0.0123103448275834 4487
0.01371186440676199 0.01224137931034174 4488
0.01371186440676199 0.01217241379310143 4489
0.01371186440676199 0.01210344827586126 4490
0.01371186440676199 0.01203448275862238 4491
0.01371186440676199 0.01196551724138189 4492
0.01371186440676198 0.01189655172414043 4493
0.01371186440676199 0.01182758620689991 4494
0.01371186440676199 0.01175862068965825 4495
0.01371186440676199 0.0116896551724166 4496
0.01371186440676199 0.01162068965517494 4497
0.01371186440676199 0.01155172413793328 4498
0.01371186440676199 0.01148275862069162 4499
0.01371186440676199 0.01141379310344996 4500
0.01371186440676199 0.0113448275862083 4501
0.01371186440676199 0.01127586206896664 4502
0.01371186440676199 0.01120689655172498 4503
0.01371186440676199 0.01113793103448332 4504
0.01371186440676198 0.01106896551724166 4505
0.01401694915252409 0.01293103448275834 4506
0.0140169491525241 0.01286206896551668 4507
0.01401694915252409 0.01279310344827502 4508
0.01401694915252409 0.01272413793103336 4509
0.0140169491525241 0.0126551724137917 4510
0.01401694915252409 0.01258620689655004 4511
0.01401694915252409 0.01251724137930838 4512
0.01401694915252409 0.01244827586206672 4513
0.01401694915252409 0.01237931034482506 4514
0.0140169491525241 0.0123103448275834 4515
0.01401694915252409 0.01224137931034174 4516
0.0140169491525241 0.01217241379310143 4517
0.0140169491525241 0.01210344827586126 4518
0.01401694915252409 0.01203448275862238 4519
0.01401694915252409 0.01196551724138188 4520
0.01401694915252409 0.01189655172414043 4521
0.01401694915252409 0.01182758620689991 4522
0.01401694915252409 0.01175862068965825 4523
0.01401694915252409 0.0116896551724166 4524
0.01401694915252409 0.01162068965517494 4525
0.01401694915252409 0.01155172413793328 4526
0.01401694915252409 0.01148275862069162 4527
0.01401694915252409 0.01141379310344996 4528
0.0140169491525241 0.0113448275862083 4529
0.01401694915252409 0.01127586206896664 4530
0.01401694915252409 0.01120689655172498 4531
0.01401694915252409 0.01113793103448332 4532
0.01401694915252409 0.01106896551724166 4533
0.01432203389828587 0.01293103448275834 4534
0.01432203389828587 0.01286206896551668 4535
0.01432203389828586 0.01279310344827501 4536
0.01432203389828586 0.01272413793103336 4537
0.01432203389828586 0.0126551724137917 4538
0.01432203389828586 0.01258620689655004 4539
0.01432203389828586 0.01251724137930838 4540
0.01432203389828587 0.01244827586206672 4541
0.01432203389828586 0.01237931034482507 4542
0.01432203389828587 0.0123103448275834 4543
0.01432203389828586 0.01224137931034174 4544
0.01432203389828586 0.01217241379310143 4545
0.01432203389828587 0.01210344827586126 4546
0.01432203389828587 0.01203448275862238 4547
0.01432203389828586 0.01196551724138188 4548
0.01432203389828586 0.01189655172414043 4549
0.01432203389828586 0.01182758620689992 4550
0.01432203389828586 0.01175862068965825 4551
0.01432203389828587 0.0116896551724166 4552
0.01432203389828587 0.01162068965517493 4553
0.01432203389828586 0.01155172413793328 4554
0.01432203389828586 0.01148275862069162 4555
0.01432203389828586 0.01141379310344996 4556
0.01432203389828586 0.0113448275862083 4557
0.01432203389828587 0.01127586206896664 4558
0.01432203389828586 0.01120689655172498 4559
0.01432203389828587 0.01113793103448332 4560
0.01432203389828586 0.01106896551724166 4561
0.01462711864404763 0.01293103448275834 4562
0.01462711864404763 0.01286206896551668 4563
0.01462711864404764 0.01279310344827502 4564
0.01462711864404763 0.01272413793103336 4565
0.01462711864404763 0.0126551724137917 4566
0.01462711864404763 0.01258620689655004 4567
0.01462711864404763 0.01251724137930838 4568
0.01462711864404763 0.01244827586206672 4569
0.01462711864404763 0.01237931034482506 4570
0.01462711864404764 0.0123103448275834 4571
0.01462711864404763 0.01224137931034174 4572
0.01462711864404763 0.01217241379310143 4573
0.01462711864404764 0.01210344827586126 4574
0.01462711864404763 0.01203448275862238 4575
0.01462711864404763 0.01196551724138188 4576
0.01462711864404764 0.01189655172414043 4577
0.01462711864404763 0.01182758620689991 4578
0.01462711864404763 0.01175862068965825 4579
0.01462711864404763 0.0116896551724166 4580
0.01462711864404763 0.01162068965517493 4581
0.01462711864404764 0.01155172413793328 4582
0.01462711864404763 0.01148275862069162 4583
0.01462711864404764 0.01141379310344996 4584
0.01462711864404763 0.0113448275862083 4585
0.01462711864404764 0.01127586206896664 4586
0.01462711864404764 0.01120689655172498 4587
0.01462711864404763 0.01113793103448332 4588
0.01462711864404764 0.01106896551724166 4589
0.01493220338980955 0.01293103448275834 4590
0.01493220338980954 0.01286206896551668 4591
0.01493220338980954 0.01279310344827502 4592
0.01493220338980954 0.01272413793103336 4593
0.01493220338980954 0.0126551724137917 4594
0.01493220338980954 0.01258620689655004 4595
0.01493220338980954 0.01251724137930838 4596
0.01493220338980954 0.01244827586206672 4597
0.01493220338980955 0.01237931034482507 4598
0.01493220338980954 0.0123103448275834 4599
0.01493220338980955 0.01224137931034174 4600
0.01493220338980955 0.01217241379310143 4601
0.01493220338980954 0.01210344827586126 4602
0.01493220338980954 0.01203448275862238 4603
0.01493220338980955 0.01196551724138189 4604
0.01493220338980954 0.01189655172414043 4605
0.01493220338980954 0.01182758620689991 4606
0.01493220338980954 0.01175862068965825 4607
0.01493220338980954 0.0116896551724166 4608
0.01493220338980954 0.01162068965517494 4609
0.01493220338980954 0.01155172413793328 4610
0.01493220338980954 0.01148275862069162 4611
0.01493220338980954 0.01141379310344996 4612
0.01493220338980955 0.0113448275862083 4613
0.01493220338980955 0.01127586206896664 4614
0.01493220338980954 0.01120689655172498 4615
0.01493220338980955 0.01113793103448332 4616
0.01493220338980954 0.01106896551724166 4617
0.01523728813557204 0.01293103448275834 4618
0.01523728813557204 0.01286206896551668 4619
0.01523728813557205 0.01279310344827502 4620
0.01523728813557204 0.01272413793103336 4621
0.01523728813557204 0.0126551724137917 4622
0.01523728813557204 0.01258620689655004 4623
0.01523728813557205 0.01251724137930838 4624
0.01523728813557204 0.01244827586206672 4625
0.01523728813557204 0.01237931034482507 4626
0.01523728813557205 0.0123103448275834 4627
0.01523728813557204 0.01224137931034174 4628
0.01523728813557204 0.01217241379310143 4629
0.01523728813557204 0.01210344827586126 4630
0.01523728813557204 0.01203448275862238 4631
0.01523728813557204 0.01196551724138188 4632
0.01523728813557204 0.01189655172414043 4633
0.01523728813557204 0.01182758620689991 4634
0.01523728813557204 0.01175862068965825 4635
0.01523728813557205 0.0116896551724166 4636
0.01523728813557204 0.01162068965517493 4637
0.01523728813557204 0.01155172413793328 4638
0.01523728813557204 0.01148275862069162 4639
0.01523728813557204 0.01141379310344996 4640
0.01523728813557204 0.0113448275862083 4641
0.01523728813557204 0.01127586206896664 4642
0.01523728813557204 0.01120689655172498 4643
0.01523728813557204 0.01113793103448332 4644
0.01523728813557204 0.01106896551724166 4645
0.01554237288133405 0.01293103448275834 4646
0.01554237288133404 0.01286206896551668 4647
0.01554237288133405 0.01279310344827502 4648
0.01554237288133405 0.01272413793103336 4649
0.01554237288133405 0.0126551724137917 4650
0.01554237288133404 0.01258620689655004 4651
0.01554237288133405 0.01251724137930838 4652
0.01554237288133405 0.01244827586206672 4653
0.01554237288133405 0.01237931034482507 4654
0.01554237288133404 0.0123103448275834 4655
0.01554237288133405 0.01224137931034174 4656
0.01554237288133404 0.01217241379310142 4657
0.01554237288133405 0.01210344827586126 4658
0.01554237288133405 0.01203448275862238 4659
0.01554237288133405 0.01196551724138188 4660
0.01554237288133405 0.01189655172414043 4661
0.01554237288133405 0.01182758620689991 4662
0.01554237288133405 0.01175862068965825 4663
0.01554237288133405 0.0116896551724166 4664
0.01554237288133405 0.01162068965517494 4665
0.01554237288133404 0.01155172413793327 4666
0.01554237288133405 0.01148275862069162 4667
0.01554237288133404 0.01141379310344996 4668
0.01554237288133404 0.0113448275862083 4669
0.01554237288133405 0.01127586206896664 4670
0.01554237288133405 0.01120689655172498 4671
0.01554237288133405 0.01113793103448332 4672
0.01554237288133405 0.01106896551724166 4673
0.01584745762709508 0.01293103448275834 4674
0.01584745762709508 0.01286206896551668 4675
0.01584745762709508 0.01279310344827502 4676
0.01584745762709508 0.01272413793103336 4677
0.01584745762709508 0.0126551724137917 4678
0.01584745762709508 0.01258620689655004 4679
0.01584745762709508 0.01251724137930838 4680
0.01584745762709508 0.01244827586206672 4681
0.01584745762709508 0.01237931034482507 4682
0.01584745762709508 0.01231034482758341 4683
0.01584745762709508 0.01224137931034174 4684
0.01584745762709508 0.01217241379310143 4685
0.01584745762709508 0.01210344827586126 4686
0.01584745762709509 0.01203448275862238 4687
0.01584745762709508 0.01196551724138188 4688
0.01584745762709508 0.01189655172414043 4689
0.01584745762709508 0.01182758620689991 4690
0.01584745762709508 0.01175862068965826 4691
0.01584745762709508 0.0116896551724166 4692
0.01584745762709508 0.01162068965517494 4693
0.01584745762709508 0.01155172413793328 4694
0.01584745762709508 0.01148275862069162 4695
0.01584745762709508 0.01141379310344996 4696
0.01584745762709508 0.0113448275862083 4697
0.01584745762709508 0.01127586206896663 4698
0.01584745762709508 0.01120689655172498 4699
0.01584745762709508 0.01113793103448332 4700
0.01584745762709508 0.01106896551724166 4701
0.01615254237285826 0.01293103448275834 4702
0.01615254237285826 0.01286206896551668 4703
0.01615254237285826 0.01279310344827502 4704
0.01615254237285826 0.01272413793103336 4705
0.01615254237285826 0.0126551724137917 4706
0.01615254237285826 0.01258620689655004 4707
0.01615254237285826 0.01251724137930838 4708
0.01615254237285826 0.01244827586206672 4709
0.01615254237285826 0.01237931034482507 4710
0.01615254237285826 0.0123103448275834 4711
0.01615254237285826 0.01224137931034174 4712
0.01615254237285826 0.01217241379310142 4713
0.01615254237285826 0.01210344827586126 4714
0.01615254237285826 0.01203448275862238 4715
0.01615254237285826 0.01196551724138188 4716
0.01615254237285826 0.01189655172414043 4717
0.01615254237285826 0.01182758620689991 4718
0.01615254237285826 0.01175862068965825 4719
0.01615254237285826 0.0116896551724166 4720
0.01615254237285826 0.01162068965517493 4721
0.01615254237285826 0.01155172413793328 4722
0.01615254237285826 0.01148275862069162 4723
0.01615254237285826 0.01141379310344996 4724
0.01615254237285826 0.0113448275862083 4725
0.01615254237285826 0.01127586206896664 4726
0.01615254237285826 0.01120689655172498 4727
0.01615254237285826 0.01113793103448332 4728
0.01615254237285826 0.01106896551724166 4729
0.01645762711862224 0.01293103448275834 4730
0.01645762711862224 0.01286206896551668 4731
0.01645762711862224 0.01279310344827502 4732
0.01645762711862224 0.01272413793103336 4733
0.01645762711862225 0.0126551724137917 4734
0.01645762711862224 0.01258620689655004 4735
0.01645762711862224 0.01251724137930838 4736
0.01645762711862224 0.01244827586206672 4737
0.01645762711862224 0.01237931034482507 4738
0.01645762711862225 0.0123103448275834 4739
0.01645762711862224 0.01224137931034174 4740
0.01645762711862224 0.01217241379310142 4741
0.01645762711862224 0.01210344827586126 4742
0.01645762711862224 0.01203448275862238 4743
0.01645762711862224 0.01196551724138189 4744
0.01645762711862224 0.01189655172414043 4745
0.01645762711862224 0.01182758620689991 4746
0.01645762711862224 0.01175862068965825 4747
0.01645762711862224 0.0116896551724166 4748
0.01645762711862224 0.01162068965517494 4749
0.01645762711862224 0.01155172413793328 4750
0.01645762711862224 0.01148275862069162 4751
0.01645762711862224 0.01141379310344996 4752
0.01645762711862224 0.0113448275862083 4753
0.01645762711862224 0.01127586206896664 4754
0.01645762711862224 0.01120689655172498 4755
0.01645762711862224 0.01113793103448332 4756
0.01645762711862224 0.01106896551724166 4757
0.01676271186438622 0.01293103448275834 4758
0.01676271186438621 0.01286206896551668 4759
0.01676271186438621 0.01279310344827502 4760
0.01676271186438621 0.01272413793103336 4761
0.01676271186438622 0.0126551724137917 4762
0.01676271186438622 0.01258620689655004 4763
0.01676271186438622 0.01251724137930838 4764
0.01676271186438622 0.01244827586206672 4765
0.01676271186438622 0.01237931034482507 4766
0.01676271186438622 0.0123103448275834 4767
0.01676271186438621 0.01224137931034174 4768
0.01676271186438622 0.01217241379310143 4769
0.01676271186438622 0.01210344827586126 4770
0.01676271186438622 0.01203448275862238 4771
0.01676271186438622 0.01196551724138188 4772
0.01676271186438622 0.01189655172414043 4773
0.01676271186438622 0.01182758620689991 4774
0.01676271186438621 0.01175862068965825 4775
0.01676271186438622 0.0116896551724166 4776
0.01676271186438622 0.01162068965517494 4777
0.01676271186438622 0.01155172413793328 4778
0.01676271186438622 0.01148275862069162 4779
0.01676271186438621 0.01141379310344996 4780
0.01676271186438622 0.0113448275862083 4781
0.01676271186438622 0.01127586206896664 4782
0.01676271186438622 0.01120689655172498 4783
0.01676271186438622 0.01113793103448332 4784
0.01676271186438622 0.01106896551724166 4785
0.01706779661014911 0.01293103448275834 4786
0.01706779661014912 0.01286206896551668 4787
0.01706779661014911 0.01279310344827502 4788
0.01706779661014911 0.01272413793103336 4789
0.01706779661014911 0.0126551724137917 4790
0.01706779661014911 0.01258620689655004 4791
0.01706779661014911 0.01251724137930838 4792
0.01706779661014911 0.01244827586206672 4793
0.01706779661014911 0.01237931034482506 4794
0.01706779661014912 0.0123103448275834 4795
0.01706779661014911 0.01224137931034174 4796
0.01706779661014911 0.01217241379310143 4797
0.01706779661014911 0.01210344827586126 4798
0.01706779661014911 0.01203448275862238 4799
0.01706779661014911 0.01196551724138188 4800
0.01706779661014911 0.01189655172414043 4801
0.01706779661014911 0.01182758620689991 4802
0.01706779661014911 0.01175862068965825 4803
0.01706779661014911 0.0116896551724166 4804
0.01706779661014911 0.01162068965517494 4805
0.01706779661014911 0.01155172413793328 4806
0.01706779661014911 0.01148275862069162 4807
0.01706779661014911 0.01141379310344996 4808
0.01706779661014911 0.0113448275862083 4809
0.01706779661014911 0.01127586206896664 4810
0.01706779661014911 0.01120689655172498 4811
0.01706779661014911 0.01113793103448332 4812
0.01706779661014911 0.01106896551724166 4813
0.01737288135591161 0.01293103448275834 4814
0.01737288135591162 0.01286206896551668 4815
0.01737288135591162 0.01279310344827502 4816
0.01737288135591162 0.01272413793103336 4817
0.01737288135591162 0.0126551724137917 4818
0.01737288135591162 0.01258620689655004 4819
0.01737288135591161 0.01251724137930838 4820
0.01737288135591162 0.01244827586206672 4821
0.01737288135591162 0.01237931034482507 4822
0.01737288135591162 0.0123103448275834 4823
0.01737288135591162 0.01224137931034174 4824
0.01737288135591161 0.01217241379310143 4825
0.01737288135591161 0.01210344827586126 4826
0.01737288135591162 0.01203448275862238 4827
0.01737288135591162 0.01196551724138188 4828
0.01737288135591161 0.01189655172414043 4829
0.01737288135591161 0.01182758620689991 4830
0.01737288135591161 0.01175862068965825 4831
0.01737288135591161 0.0116896551724166 4832
0.01737288135591162 0.01162068965517494 4833
0.01737288135591162 0.01155172413793328 4834
0.01737288135591162 0.01148275862069162 4835
0.01737288135591162 0.01141379310344996 4836
0.01737288135591162 0.0113448275862083 4837
0.01737288135591162 0.01127586206896664 4838
0.01737288135591162 0.01120689655172498 4839
0.01737288135591161 0.01113793103448332 4840
0.01737288135591161 0.01106896551724166 4841
0.01767796610167543 0.01293103448275834 4842
0.01767796610167542 0.01286206896551668 4843
0.01767796610167543 0.01279310344827502 4844
0.01767796610167543 0.01272413793103336 4845
0.01767796610167544 0.0126551724137917 4846
0.01767796610167543 0.01258620689655004 4847
0.01767796610167543 0.01251724137930838 4848
0.01767796610167544 0.01244827586206672 4849
0.01767796610167543 0.01237931034482506 4850
0.01767796610167544 0.0123103448275834 4851
0.01767796610167543 0.01224137931034174 4852
0.01767796610167544 0.01217241379310143 4853
0.01767796610167544 0.01210344827586126 4854
0.01767796610167544 0.01203448275862238 4855
0.01767796610167544 0.01196551724138188 4856
0.01767796610167544 0.01189655172414043 4857
0.01767796610167543 0.01182758620689991 4858
0.01767796610167544 0.01175862068965826 4859
0.01767796610167543 0.0116896551724166 4860
0.01767796610167543 0.01162068965517493 4861
0.01767796610167544 0.01155172413793328 4862
0.01767796610167543 0.01148275862069162 4863
0.01767796610167543 0.01141379310344996 4864
0.01767796610167543 0.0113448275862083 4865
0.01767796610167544 0.01127586206896664 4866
0.01767796610167543 0.01120689655172498 4867
0.01767796610167543 0.01113793103448332 4868
0.01767796610167543 0.01106896551724166 4869
0.0179830508474394 0.01293103448275834 4870
0.01798305084743941 0.01286206896551668 4871
0.01798305084743941 0.01279310344827502 4872
0.01798305084743941 0.01272413793103336 4873
0.0179830508474394 0.0126551724137917 4874
0.01798305084743941 0.01258620689655004 4875
0.01798305084743941 0.01251724137930838 4876
0.01798305084743941 0.01244827586206672 4877
0.01798305084743941 0.01237931034482506 4878
0.01798305084743941 0.0123103448275834 4879
0.01798305084743941 0.01224137931034174 4880
0.01798305084743941 0.01217241379310143 4881
0.01798305084743941 0.01210344827586126 4882
0.01798305084743941 0.01203448275862238 4883
0.01798305084743941 0.01196551724138188 4884
0.01798305084743941 0.01189655172414043 4885
0.01798305084743941 0.01182758620689991 4886
0.01798305084743941 0.01175862068965825 4887
0.01798305084743941 0.0116896551724166 4888
0.01798305084743941 0.01162068965517494 4889
0.01798305084743941 0.01155172413793328 4890
0.01798305084743941 0.01148275862069162 4891
0.01798305084743941 0.01141379310344996 4892
0.01798305084743941 0.0113448275862083 4893
0.01798305084743941 0.01127586206896664 4894
0.01798305084743941 0.01120689655172498 4895
0.01798305084743941 0.01113793103448332 4896
0.01798305084743941 0.01106896551724166 4897
0.01828813559320338 0.01293103448275834 4898
0.01828813559320339 0.01286206896551668 4899
0.01828813559320338 0.01279310344827502 4900
0.01828813559320338 0.01272413793103336 4901
0.01828813559320338 0.0126551724137917 4902
0.01828813559320338 0.01258620689655004 4903
0.01828813559320338 0.01251724137930838 4904
0.01828813559320338 0.01244827586206672 4905
0.01828813559320338 0.01237931034482506 4906
0.01828813559320338 0.0123103448275834 4907
0.01828813559320338 0.01224137931034174 4908
0.01828813559320338 0.01217241379310143 4909
0.01828813559320338 0.01210344827586126 4910
0.01828813559320339 0.01203448275862238 4911
0.01828813559320338 0.01196551724138188 4912
0.01828813559320338 0.01189655172414043 4913
0.01828813559320338 0.01182758620689991 4914
0.01828813559320339 0.01175862068965826 4915
0.01828813559320338 0.0116896551724166 4916
0.01828813559320338 0.01162068965517493 4917
0.01828813559320338 0.01155172413793328 4918
0.01828813559320338 0.01148275862069162 4919
0.01828813559320338 0.01141379310344996 4920
0.01828813559320338 0.0113448275862083 4921
0.01828813559320338 0.01127586206896664 4922
0.01828813559320338 0.01120689655172498 4923
0.01828813559320338 0.01113793103448332 4924
0.01828813559320339 0.01106896551724166 4925
0.01859322033896737 0.01293103448275834 4926
0.01859322033896736 0.01286206896551668 4927
0.01859322033896737 0.01279310344827502 4928
0.01859322033896736 0.01272413793103336 4929
0.01859322033896736 0.0126551724137917 4930
0.01859322033896736 0.01258620689655004 4931
0.01859322033896736 0.01251724137930838 4932
0.01859322033896736 0.01244827586206672 4933
0.01859322033896737 0.01237931034482507 4934
0.01859322033896737 0.0123103448275834 4935
0.01859322033896736 0.01224137931034174 4936
0.01859322033896737 0.01217241379310143 4937
0.01859322033896736 0.01210344827586126 4938
0.01859322033896736 0.01203448275862238 4939
0.01859322033896736 0.01196551724138188 4940
0.01859322033896736 0.01189655172414043 4941
0.01859322033896736 0.01182758620689991 4942
0.01859322033896736 0.01175862068965825 4943
0.01859322033896736 0.0116896551724166 4944
0.01859322033896736 0.01162068965517494 4945
0.01859322033896736 0.01155172413793328 4946
0.01859322033896736 0.01148275862069162 4947
0.01859322033896736 0.01141379310344996 4948
0.01859322033896737 0.0113448275862083 4949
0.01859322033896736 0.01127586206896664 4950
0.01859322033896736 0.01120689655172498 4951
0.01859322033896736 0.01113793103448332 4952
0.01859322033896737 0.01106896551724166 4953
0.01889830508473133 0.01293103448275834 4954
0.01889830508473134 0.01286206896551668 4955
0.01889830508473133 0.01279310344827502 4956
0.01889830508473134 0.01272413793103336 4957
0.01889830508473133 0.0126551724137917 4958
0.01889830508473134 0.01258620689655004 4959
0.01889830508473134 0.01251724137930838 4960
0.01889830508473133 0.01244827586206672 4961
0.01889830508473133 0.01237931034482506 4962
0.01889830508473134 0.0123103448275834 4963
0.01889830508473134 0.01224137931034174 4964
0.01889830508473134 0.01217241379310143 4965
0.01889830508473134 0.01210344827586126 4966
0.01889830508473134 0.01203448275862238 4967
0.01889830508473134 0.01196551724138188 4968
0.01889830508473134 0.01189655172414043 4969
0.01889830508473134 0.01182758620689991 4970
0.01889830508473133 0.01175862068965825 4971
0.01889830508473134 0.0116896551724166 4972
0.01889830508473134 0.01162068965517494 4973
0.01889830508473133 0.01155172413793328 4974
0.01889830508473134 0.01148275862069162 4975
0.01889830508473134 0.01141379310344996 4976
0.01889830508473134 0.0113448275862083 4977
0.01889830508473134 0.01127586206896664 4978
0.01889830508473134 0.01120689655172498 4979
0.01889830508473134 0.01113793103448332 4980
0.01889830508473134 0.01106896551724166 4981
0.0192033898304941 0.01293103448275834 4982
0.01920338983049411 0.01286206896551668 4983
0.01920338983049411 0.01279310344827502 4984
0.01920338983049411 0.01272413793103336 4985
0.01920338983049412 0.0126551724137917 4986
0.01920338983049412 0.01258620689655004 4987
0.01920338983049411 0.01251724137930838 4988
0.01920338983049411 0.01244827586206672 4989
0.01920338983049411 0.01237931034482507 4990
0.01920338983049411 0.0123103448275834 4991
0.01920338983049411 0.01224137931034174 4992
0.01920338983049411 0.01217241379310143 4993
0.01920338983049411 0.01210344827586126 4994
0.01920338983049411 0.01203448275862238 4995
0.01920338983049411 0.01196551724138188 4996
0.01920338983049411 0.01189655172414043 4997
0.01920338983049411 0.01182758620689991 4998
0.01920338983049411 0.01175862068965825 4999
0.01920338983049411 0.0116896551724166 5000
0.01920338983049411 0.01162068965517493 5001
0.01920338983049411 0.01155172413793328 5002
0.01920338983049411 0.01148275862069162 5003
0.01920338983049411 0.01141379310344996 5004
0.01920338983049411 0.0113448275862083 5005
0.01920338983049411 0.01127586206896664 5006
0.01920338983049411 0.01120689655172498 5007
0.01920338983049411 0.01113793103448332 5008
0.01920338983049411 0.01106896551724166 5009
0.01950847457625661 0.01293103448275834 5010
0.01950847457625661 0.01286206896551668 5011
0.01950847457625662 0.01279310344827501 5012
0.01950847457625662 0.01272413793103336 5013
0.01950847457625661 0.0126551724137917 5014
0.01950847457625661 0.01258620689655004 5015
0.01950847457625661 0.01251724137930838 5016
0.01950847457625661 0.01244827586206672 5017
0.01950847457625661 0.01237931034482507 5018
0.0195084745762566 0.0123103448275834 5019
0.01950847457625661 0.01224137931034174 5020
0.01950847457625661 0.01217241379310143 5021
0.01950847457625661 0.01210344827586126 5022
0.01950847457625661 0.01203448275862238 5023
0.01950847457625661 0.01196551724138189 5024
0.01950847457625661 0.01189655172414043 5025
0.01950847457625661 0.01182758620689991 5026
0.01950847457625661 0.01175862068965825 5027
0.01950847457625661 0.0116896551724166 5028
0.01950847457625661 0.01162068965517493 5029
0.01950847457625661 0.01155172413793328 5030
0.01950847457625661 0.01148275862069162 5031
0.01950847457625661 0.01141379310344996 5032
0.01950847457625661 0.0113448275862083 5033
0.01950847457625661 0.01127586206896664 5034
0.01950847457625661 0.01120689655172498 5035
0.01950847457625661 0.01113793103448332 5036
0.01950847457625661 0.01106896551724166 5037
0.01981355932201919 0.01293103448275834 5038
0.01981355932201919 0.01286206896551668 5039
0.0198135593220192 0.01279310344827502 5040
0.0198135593220192 0.01272413793103336 5041
0.0198135593220192 0.0126551724137917 5042
0.01981355932201919 0.01258620689655004 5043
0.0198135593220192 0.01251724137930838 5044
0.01981355932201919 0.01244827586206672 5045
0.0198135593220192 0.01237931034482507 5046
0.01981355932201919 0.0123103448275834 5047
0.0198135593220192 0.01224137931034174 5048
0.0198135593220192 0.01217241379310143 5049
0.01981355932201919 0.01210344827586126 5050
0.0198135593220192 0.01203448275862238 5051
0.01981355932201919 0.01196551724138188 5052
0.0198135593220192 0.01189655172414043 5053
0.0198135593220192 0.01182758620689991 5054
0.0198135593220192 0.01175862068965825 5055
0.0198135593220192 0.0116896551724166 5056
0.01981355932201919 0.01162068965517494 5057
0.0198135593220192 0.01155172413793328 5058
0.0198135593220192 0.01148275862069162 5059
0.0198135593220192 0.01141379310344996 5060
0.0198135593220192 0.0113448275862083 5061
0.0198135593220192 0.01127586206896664 5062
0.0198135593220192 0.01120689655172498 5063
0.0198135593220192 0.01113793103448332 5064
0.0198135593220192 0.01106896551724166 5065
0.02011864406778318 0.01293103448275834 5066
0.02011864406778317 0.01286206896551668 5067
0.02011864406778317 0.01279310344827502 5068
0.02011864406778317 0.01272413793103335 5069
0.02011864406778316 0.0126551724137917 5070
0.02011864406778318 0.01258620689655004 5071
0.02011864406778317 0.01251724137930838 5072
0.02011864406778317 0.01244827586206672 5073
0.02011864406778317 0.01237931034482507 5074
0.02011864406778316 0.0123103448275834 5075
0.02011864406778317 0.01224137931034174 5076
0.02011864406778316 0.01217241379310143 5077
0.02011864406778317 0.01210344827586126 5078
0.02011864406778317 0.01203448275862238 5079
0.02011864406778317 0.01196551724138188 5080
0.02011864406778317 0.01189655172414043 5081
0.02011864406778317 0.01182758620689991 5082
0.02011864406778317 0.01175862068965825 5083
0.02011864406778317 0.0116896551724166 5084
0.02011864406778317 0.01162068965517493 5085
0.02011864406778317 0.01155172413793328 5086
0.02011864406778317 0.01148275862069162 5087
0.02011864406778317 0.01141379310344996 5088
0.02011864406778317 0.0113448275862083 5089
0.02011864406778317 0.01127586206896664 5090
0.02011864406778317 0.01120689655172498 5091
0.02011864406778317 0.01113793103448332 5092
0.02011864406778317 0.01106896551724166 5093
0.02042372881354714 0.01293103448275834 5094
0.02042372881354715 0.01286206896551668 5095
0.02042372881354714 0.01279310344827502 5096
0.02042372881354715 0.01272413793103335 5097
0.02042372881354714 0.0126551724137917 5098
0.02042372881354714 0.01258620689655004 5099
0.02042372881354715 0.01251724137930838 5100
0.02042372881354714 0.01244827586206672 5101
0.02042372881354714 0.01237931034482507 5102
0.02042372881354714 0.0123103448275834 5103
0.02042372881354714 0.01224137931034174 5104
0.02042372881354715 0.01217241379310143 5105
0.02042372881354714 0.01210344827586126 5106
0.02042372881354714 0.01203448275862238 5107
0.02042372881354714 0.01196551724138189 5108
0.02042372881354714 0.01189655172414043 5109
0.02042372881354714 0.01182758620689991 5110
0.02042372881354714 0.01175862068965825 5111
0.02042372881354714 0.0116896551724166 5112
0.02042372881354714 0.01162068965517493 5113
0.02042372881354714 0.01155172413793328 5114
0.02042372881354715 0.01148275862069162 5115
0.02042372881354714 0.01141379310344996 5116
0.02042372881354714 0.0113448275862083 5117
0.02042372881354714 0.01127586206896664 5118
0.02042372881354714 0.01120689655172498 5119
0.02042372881354714 0.01113793103448332 5120
0.02042372881354714 0.01106896551724166 5121
0.02072881355931112 0.01293103448275834 5122
0.02072881355931112 0.01286206896551668 5123
0.02072881355931112 0.01279310344827502 5124
0.02072881355931112 0.01272413793103336 5125
0.02072881355931111 0.0126551724137917 5126
0.02072881355931112 0.01258620689655004 5127
0.02072881355931112 0.01251724137930838 5128
0.02072881355931112 0.01244827586206672 5129
0.02072881355931112 0.01237931034482507 5130
0.02072881355931112 0.0123103448275834 5131
0.02072881355931112 0.01224137931034174 5132
0.02072881355931112 0.01217241379310142 5133
0.02072881355931112 0.01210344827586126 5134
0.02072881355931113 0.01203448275862238 5135
0.02072881355931112 0.01196551724138188 5136
0.02072881355931112 0.01189655172414043 5137
0.02072881355931112 0.01182758620689991 5138
0.02072881355931112 0.01175862068965825 5139
0.02072881355931112 0.0116896551724166 5140
0.02072881355931112 0.01162068965517493 5141
0.02072881355931112 0.01155172413793327 5142
0.02072881355931112 0.01148275862069162 5143
0.02072881355931112 0.01141379310344996 5144
0.02072881355931112 0.0113448275862083 5145
0.02072881355931112 0.01127586206896664 5146
0.02072881355931112 0.01120689655172498 5147
0.02072881355931112 0.01113793103448332 5148
0.02072881355931112 0.01106896551724166 5149
0.02103389830507509 0.01293103448275834 5150
0.02103389830507511 0.01286206896551668 5151
0.0210338983050751 0.01279310344827502 5152
0.0210338983050751 0.01272413793103335 5153
0.0210338983050751 0.0126551724137917 5154
0.0210338983050751 0.01258620689655004 5155
0.0210338983050751 0.01251724137930838 5156
0.0210338983050751 0.01244827586206672 5157
0.0210338983050751 0.01237931034482506 5158
0.0210338983050751 0.0123103448275834 5159
0.0210338983050751 0.01224137931034174 5160
0.0210338983050751 0.01217241379310142 5161
0.0210338983050751 0.01210344827586126 5162
0.0210338983050751 0.01203448275862238 5163
0.0210338983050751 0.01196551724138188 5164
0.0210338983050751 0.01189655172414043 5165
0.0210338983050751 0.01182758620689991 5166
0.0210338983050751 0.01175862068965826 5167
0.0210338983050751 0.0116896551724166 5168
0.0210338983050751 0.01162068965517493 5169
0.0210338983050751 0.01155172413793328 5170
0.0210338983050751 0.01148275862069162 5171
0.0210338983050751 0.01141379310344996 5172
0.0210338983050751 0.01134482758620829 5173
0.0210338983050751 0.01127586206896664 5174
0.0210338983050751 0.01120689655172498 5175
0.0210338983050751 0.01113793103448332 5176
0.0210338983050751 0.01106896551724166 5177
0.02133898305083907 0.01293103448275834 5178
0.02133898305083907 0.01286206896551668 5179
0.02133898305083907 0.01279310344827502 5180
0.02133898305083907 0.01272413793103336 5181
0.02133898305083908 0.0126551724137917 5182
0.02133898305083907 0.01258620689655004 5183
0.02133898305083908 0.01251724137930838 5184
0.02133898305083908 0.01244827586206672 5185
0.02133898305083907 0.01237931034482507 5186
0.02133898305083907 0.0123103448275834 5187
0.02133898305083907 0.01224137931034174 5188
0.02133898305083907 0.01217241379310143 5189
0.02133898305083907 0.01210344827586126 5190
0.02133898305083908 0.01203448275862238 5191
0.02133898305083907 0.01196551724138189 5192
0.02133898305083907 0.01189655172414043 5193
0.02133898305083907 0.01182758620689991 5194
0.02133898305083907 0.01175862068965826 5195
0.02133898305083907 0.0116896551724166 5196
0.02133898305083907 0.01162068965517493 5197
0.02133898305083907 0.01155172413793328 5198
0.02133898305083907 0.01148275862069162 5199
0.02133898305083907 0.01141379310344996 5200
0.02133898305083907 0.0113448275862083 5201
0.02133898305083907 0.01127586206896664 5202
0.02133898305083907 0.01120689655172498 5203
0.02133898305083907 0.01113793103448332 5204
0.02133898305083907 0.01106896551724166 5205
0.0216440677966016 0.01293103448275834 5206
0.0216440677966016 0.01286206896551668 5207
0.0216440677966016 0.01279310344827502 5208
0.0216440677966016 0.01272413793103335 5209
0.0216440677966016 0.0126551724137917 5210
0.0216440677966016 0.01258620689655004 5211
0.0216440677966016 0.01251724137930838 5212
0.0216440677966016 0.01244827586206672 5213
0.0216440677966016 0.01237931034482507 5214
0.0216440677966016 0.0123103448275834 5215
0.0216440677966016 0.01224137931034174 5216
0.0216440677966016 0.01217241379310143 5217
0.0216440677966016 0.01210344827586126 5218
0.0216440677966016 0.01203448275862238 5219
0.0216440677966016 0.01196551724138189 5220
0.0216440677966016 0.01189655172414043 5221
0.0216440677966016 0.01182758620689991 5222
0.0216440677966016 0.01175862068965825 5223
0.0216440677966016 0.0116896551724166 5224
0.0216440677966016 0.01162068965517493 5225
0.0216440677966016 0.01155172413793328 5226
0.0216440677966016 0.01148275862069162 5227
0.0216440677966016 0.01141379310344996 5228
0.0216440677966016 0.0113448275862083 5229
0.0216440677966016 0.01127586206896664 5230
0.0216440677966016 0.01120689655172498 5231
0.0216440677966016 0.01113793103448332 5232
0.0216440677966016 0.01106896551724166 5233
0.02194915254236431 0.01293103448275834 5234
0.02194915254236431 0.01286206896551668 5235
0.02194915254236431 0.01279310344827502 5236
0.02194915254236431 0.01272413793103336 5237
0.0219491525423643 0.0126551724137917 5238
0.02194915254236431 0.01258620689655004 5239
0.02194915254236431 0.01251724137930838 5240
0.02194915254236432 0.01244827586206672 5241
0.02194915254236431 0.01237931034482506 5242
0.02194915254236431 0.0123103448275834 5243
0.02194915254236431 0.01224137931034174 5244
0.02194915254236431 0.01217241379310143 5245
0.02194915254236431 0.01210344827586126 5246
0.02194915254236431 0.01203448275862238 5247
0.02194915254236431 0.01196551724138189 5248
0.02194915254236431 0.01189655172414043 5249
0.02194915254236431 0.01182758620689991 5250
0.02194915254236431 0.01175862068965825 5251
0.02194915254236431 0.0116896551724166 5252
0.02194915254236431 0.01162068965517494 5253
0.02194915254236431 0.01155172413793328 5254
0.02194915254236431 0.01148275862069161 5255
0.02194915254236432 0.01141379310344996 5256
0.02194915254236431 0.0113448275862083 5257
0.02194915254236431 0.01127586206896664 5258
0.02194915254236432 0.01120689655172498 5259
0.02194915254236431 0.01113793103448332 5260
0.02194915254236431 0.01106896551724166 5261
0.02225423728812829 0.01293103448275834 5262
0.0222542372881283 0.01286206896551668 5263
0.02225423728812829 0.01279310344827501 5264
0.02225423728812829 0.01272413793103336 5265
0.0222542372881283 0.0126551724137917 5266
0.02225423728812829 0.01258620689655004 5267
0.02225423728812829 0.01251724137930838 5268
0.02225423728812828 0.01244827586206672 5269
0.02225423728812829 0.01237931034482507 5270
0.02225423728812829 0.0123103448275834 5271
0.02225423728812829 0.01224137931034174 5272
0.02225423728812829 0.01217241379310143 5273
0.02225423728812829 0.01210344827586126 5274
0.0222542372881283 0.01203448275862238 5275
0.02225423728812829 0.01196551724138188 5276
0.02225423728812828 0.01189655172414043 5277
0.02225423728812829 0.01182758620689991 5278
0.02225423728812829 0.01175862068965825 5279
0.02225423728812829 0.0116896551724166 5280
0.02225423728812829 0.01162068965517493 5281
0.02225423728812829 0.01155172413793328 5282
0.02225423728812828 0.01148275862069162 5283
0.02225423728812829 0.01141379310344996 5284
0.02225423728812829 0.0113448275862083 5285
0.0222542372881283 0.01127586206896664 5286
0.02225423728812829 0.01120689655172498 5287
0.0222542372881283 0.01113793103448332 5288
0.02225423728812829 0.01106896551724166 5289
0.02255932203389227 0.01293103448275834 5290
0.02255932203389227 0.01286206896551668 5291
0.02255932203389227 0.01279310344827502 5292
0.02255932203389227 0.01272413793103336 5293
0.02255932203389227 0.0126551724137917 5294
0.02255932203389226 0.01258620689655004 5295
0.02255932203389227 0.01251724137930838 5296
0.02255932203389227 0.01244827586206672 5297
0.02255932203389226 0.01237931034482507 5298
0.02255932203389227 0.0123103448275834 5299
0.02255932203389227 0.01224137931034174 5300
0.02255932203389227 0.01217241379310143 5301
0.02255932203389227 0.01210344827586126 5302
0.02255932203389227 0.01203448275862238 5303
0.02255932203389226 0.01196551724138188 5304
0.02255932203389227 0.01189655172414043 5305
0.02255932203389226 0.01182758620689991 5306
0.02255932203389227 0.01175862068965825 5307
0.02255932203389226 0.0116896551724166 5308
0.02255932203389227 0.01162068965517493 5309
0.02255932203389227 0.01155172413793328 5310
0.02255932203389227 0.01148275862069162 5311
0.02255932203389227 0.01141379310344996 5312
0.02255932203389227 0.0113448275862083 5313
0.02255932203389227 0.01127586206896664 5314
0.02255932203389227 0.01120689655172498 5315
0.02255932203389227 0.01113793103448332 5316
0.02255932203389227 0.01106896551724166 5317
0.02286440677965501 0.01293103448275834 5318
0.02286440677965501 0.01286206896551668 5319
0.02286440677965502 0.01279310344827501 5320
0.02286440677965501 0.01272413793103336 5321
0.02286440677965501 0.0126551724137917 5322
0.02286440677965501 0.01258620689655004 5323
0.02286440677965501 0.01251724137930838 5324
0.02286440677965502 0.01244827586206672 5325
0.02286440677965501 0.01237931034482507 5326
0.02286440677965501 0.0123103448275834 5327
0.02286440677965501 0.01224137931034174 5328
0.02286440677965501 0.01217241379310143 5329
0.02286440677965501 0.01210344827586126 5330
0.02286440677965501 0.01203448275862238 5331
0.02286440677965501 0.01196551724138188 5332
0.02286440677965501 0.01189655172414043 5333
0.02286440677965501 0.01182758620689991 5334
0.02286440677965501 0.01175862068965826 5335
0.02286440677965501 0.0116896551724166 5336
0.02286440677965501 0.01162068965517493 5337
0.02286440677965501 0.01155172413793328 5338
0.02286440677965501 0.01148275862069162 5339
0.02286440677965501 0.01141379310344996 5340
0.02286440677965501 0.0113448275862083 5341
0.02286440677965501 0.01127586206896664 5342
0.02286440677965501 0.01120689655172498 5343
0.02286440677965501 0.01113793103448332 5344
0.02286440677965501 0.01106896551724166 5345
0.02316949152541751 0.01293103448275834 5346
0.02316949152541752 0.01286206896551668 5347
0.0231694915254175 0.01279310344827501 5348
0.02316949152541751 0.01272413793103336 5349
0.02316949152541752 0.0126551724137917 5350
0.02316949152541751 0.01258620689655004 5351
0.02316949152541751 0.01251724137930838 5352
0.02316949152541752 0.01244827586206672 5353
0.02316949152541751 0.01237931034482506 5354
0.02316949152541752 0.0123103448275834 5355
0.02316949152541752 0.01224137931034174 5356
0.02316949152541751 0.01217241379310143 5357
0.02316949152541751 0.01210344827586126 5358
0.02316949152541751 0.01203448275862238 5359
0.02316949152541751 0.01196551724138189 5360
0.02316949152541751 0.01189655172414043 5361
0.02316949152541752 0.01182758620689991 5362
0.02316949152541751 0.01175862068965825 5363
0.02316949152541751 0.0116896551724166 5364
0.02316949152541751 0.01162068965517493 5365
0.02316949152541751 0.01155172413793328 5366
0.02316949152541751 0.01148275862069162 5367
0.02316949152541751 0.01141379310344996 5368
0.02316949152541752 0.0113448275862083 5369
0.02316949152541751 0.01127586206896664 5370
0.02316949152541751 0.01120689655172498 5371
0.02316949152541752 0.01113793103448332 5372
0.02316949152541751 0.01106896551724166 5373
0.02347457627118147 0.01293103448275834 5374
0.02347457627118148 0.01286206896551668 5375
0.02347457627118147 0.01279310344827502 5376
0.02347457627118147 0.01272413793103336 5377
0.02347457627118148 0.0126551724137917 5378
0.02347457627118147 0.01258620689655004 5379
0.02347457627118148 0.01251724137930838 5380
0.02347457627118148 0.01244827586206672 5381
0.02347457627118148 0.01237931034482506 5382
0.02347457627118147 0.0123103448275834 5383
0.02347457627118148 0.01224137931034174 5384
0.02347457627118147 0.01217241379310143 5385
0.02347457627118148 0.01210344827586126 5386
0.02347457627118148 0.01203448275862239 5387
0.02347457627118147 0.01196551724138188 5388
0.02347457627118147 0.01189655172414043 5389
0.02347457627118147 0.01182758620689991 5390
0.02347457627118147 0.01175862068965825 5391
0.02347457627118148 0.0116896551724166 5392
0.02347457627118148 0.01162068965517493 5393
0.02347457627118148 0.01155172413793328 5394
0.02347457627118148 0.01148275862069162 5395
0.02347457627118147 0.01141379310344996 5396
0.02347457627118148 0.0113448275862083 5397
0.02347457627118147 0.01127586206896664 5398
0.02347457627118147 0.01120689655172498 5399
0.02347457627118148 0.01113793103448332 5400
0.02347457627118147 0.01106896551724166 5401
0.02377966101694545 0.01293103448275834 5402
0.02377966101694545 0.01286206896551668 5403
0.02377966101694545 0.01279310344827502 5404
0.02377966101694545 0.01272413793103336 5405
0.02377966101694546 0.0126551724137917 5406
0.02377966101694546 0.01258620689655004 5407
0.02377966101694545 0.01251724137930838 5408
0.02377966101694545 0.01244827586206672 5409
0.02377966101694545 0.01237931034482506 5410
0.02377966101694544 0.0123103448275834 5411
0.02377966101694545 0.01224137931034174 5412
0.02377966101694545 0.01217241379310143 5413
0.02377966101694545 0.01210344827586126 5414
0.02377966101694546 0.01203448275862238 5415
0.02377966101694545 0.01196551724138188 5416
0.02377966101694545 0.01189655172414043 5417
0.02377966101694545 0.01182758620689991 5418
0.02377966101694545 0.01175862068965825 5419
0.02377966101694545 0.0116896551724166 5420
0.02377966101694546 0.01162068965517493 5421
0.02377966101694546 0.01155172413793328 5422
0.02377966101694546 0.01148275862069162 5423
0.02377966101694546 0.01141379310344996 5424
0.02377966101694545 0.0113448275862083 5425
0.02377966101694545 0.01127586206896664 5426
0.02377966101694545 0.01120689655172498 5427
0.02377966101694546 0.01113793103448332 5428
0.02377966101694546 0.01106896551724166 5429
0.02408474576270942 0.01293103448275834 5430
0.02408474576270943 0.01286206896551668 5431
0.02408474576270942 0.01279310344827501 5432
0.02408474576270944 0.01272413793103336 5433
0.02408474576270943 0.0126551724137917 5434
0.02408474576270943 0.01258620689655004 5435
0.02408474576270943 0.01251724137930838 5436
0.02408474576270943 0.01244827586206672 5437
0.02408474576270942 0.01237931034482507 5438
0.02408474576270943 0.0123103448275834 5439
0.02408474576270943 0.01224137931034174 5440
0.02408474576270942 0.01217241379310143 5441
0.02408474576270942 0.01210344827586126 5442
0.02408474576270943 0.01203448275862238 5443
0.02408474576270942 0.01196551724138188 5444
0.02408474576270943 0.01189655172414043 5445
0.02408474576270943 0.01182758620689991 5446
0.02408474576270943 0.01175862068965825 5447
0.02408474576270943 0.0116896551724166 5448
0.02408474576270943 0.01162068965517494 5449
0.02408474576270943 0.01155172413793328 5450
0.02408474576270943 0.01148275862069162 5451
0.02408474576270943 0.01141379310344996 5452
0.02408474576270943 0.0113448275862083 5453
0.02408474576270943 0.01127586206896664 5454
0.02408474576270943 0.01120689655172498 5455
0.02408474576270943 0.01113793103448332 5456
0.02408474576270943 0.01106896551724166 5457
0.02438983050847342 0.01293103448275834 5458
0.02438983050847341 0.01286206896551668 5459
0.02438983050847341 0.01279310344827501 5460
0.0243898305084734 0.01272413793103336 5461
0.02438983050847341 0.0126551724137917 5462
0.0243898305084734 0.01258620689655004 5463
0.02438983050847341 0.01251724137930838 5464
0.02438983050847342 0.01244827586206672 5465
0.02438983050847341 0.01237931034482507 5466
0.02438983050847341 0.0123103448275834 5467
0.02438983050847342 0.01224137931034174 5468
0.02438983050847341 0.01217241379310142 5469
0.02438983050847341 0.01210344827586126 5470
0.02438983050847342 0.01203448275862238 5471
0.02438983050847342 0.01196551724138188 5472
0.02438983050847341 0.01189655172414043 5473
0.02438983050847341 0.01182758620689991 5474
0.02438983050847341 0.01175862068965826 5475
0.0243898305084734 0.0116896551724166 5476
0.02438983050847342 0.01162068965517493 5477
0.02438983050847341 0.01155172413793328 5478
0.02438983050847341 0.01148275862069162 5479
0.02438983050847341 0.01141379310344996 5480
0.0243898305084734 0.0113448275862083 5481
0.02438983050847341 0.01127586206896664 5482
0.02438983050847341 0.01120689655172498 5483
0.02438983050847341 0.01113793103448332 5484
0.02438983050847341 0.01106896551724166 5485
0.02469491525423738 0.01293103448275834 5486
0.02469491525423739 0.01286206896551668 5487
0.02469491525423738 0.01279310344827502 5488
0.02469491525423739 0.01272413793103336 5489
0.02469491525423739 0.0126551724137917 5490
0.02469491525423739 0.01258620689655004 5491
0.0246949152542374 0.01251724137930838 5492
0.02469491525423738 0.01244827586206672 5493
0.02469491525423738 0.01237931034482506 5494
0.02469491525423738 0.0123103448275834 5495
0.02469491525423739 0.01224137931034174 5496
0.02469491525423739 0.01217241379310143 5497
0.02469491525423739 0.01210344827586126 5498
0.02469491525423739 0.01203448275862238 5499
0.02469491525423738 0.01196551724138188 5500
0.02469491525423739 0.01189655172414043 5501
0.02469491525423738 0.01182758620689991 5502
0.02469491525423739 0.01175862068965825 5503
0.02469491525423739 0.0116896551724166 5504
0.02469491525423739 0.01162068965517493 5505
0.02469491525423739 0.01155172413793328 5506
0.02469491525423739 0.01148275862069162 5507
0.02469491525423739 0.01141379310344996 5508
0.02469491525423739 0.0113448275862083 5509
0.02469491525423739 0.01127586206896664 5510
0.02469491525423738 0.01120689655172498 5511
0.02469491525423739 0.01113793103448332 5512
0.02469491525423738 0.01106896551724166 5513
0.007305084745762477 0.01084745762711875 5514
0.007610169491524386 0.01084745762711875 5515
0.007915254237286326 0.01084745762711875 5516
0.008220338983047524 0.01084745762711875 5517
0.008525423728809475 0.01084745762711875 5518
0.00883050847457198 0.01084745762711876 5519
0.009135593220334482 0.01084745762711875 5520
0.009440677966096987 0.01084745762711875 5521
0.009745762711859316 0.01084745762711875 5522
0.01005084745762109 0.01084745762711875 5523
0.01035593220338222 0.01084745762711876 5524
0.01066101694914327 0.01084745762711875 5525
0.01096610169490504 0.01084745762711875 5526
0.01127118644066681 0.01084745762711875 5527
0.01157627118642892 0.01084745762711876 5528
0.01188135593219069 0.01084745762711875 5529
0.01218644067795246 0.01084745762711876 5530
0.01249152542371424 0.01084745762711875 5531
0.01279661016947668 0.01084745762711876 5532
0.01310169491523844 0.01084745762711876 5533
0.01340677966100022 0.01084745762711875 5534
0.01371186440676199 0.01084745762711875 5535
0.01401694915252409 0.01084745762711875 5536
0.01432203389828586 0.01084745762711876 5537
0.01462711864404763 0.01084745762711875 5538
0.01493220338980955 0.01084745762711876 5539
0.01523728813557204 0.01084745762711875 5540
0.01554237288133404 0.01084745762711875 5541
0.01584745762709508 0.01084745762711875 5542
0.01615254237285826 0.01084745762711875 5543
0.01645762711862224 0.01084745762711875 5544
0.01676271186438621 0.01084745762711875 5545
0.01706779661014911 0.01084745762711875 5546
0.01737288135591161 0.01084745762711875 5547
0.01767796610167543 0.01084745762711876 5548
0.01798305084743941 0.01084745762711875 5549
0.01828813559320338 0.01084745762711875 5550
0.01859322033896736 0.01084745762711875 5551
0.01889830508473133 0.01084745762711875 5552
0.01920338983049412 0.01084745762711876 5553
0.01950847457625661 0.01084745762711875 5554
0.0198135593220192 0.01084745762711875 5555
0.02011864406778317 0.01084745762711876 5556
0.02042372881354715 0.01084745762711876 5557
0.02072881355931112 0.01084745762711875 5558
0.0210338983050751 0.01084745762711875 5559
0.02133898305083907 0.01084745762711875 5560
0.0216440677966016 0.01084745762711876 5561
0.02194915254236431 0.01084745762711876 5562
0.02225423728812829 0.01084745762711876 5563
0.02255932203389227 0.01084745762711875 5564
0.02286440677965501 0.01084745762711876 5565
0.02316949152541751 0.01084745762711876 5566
0.02347457627118147 0.01084745762711875 5567
0.02377966101694545 0.01084745762711875 5568
0.02408474576270943 0.01084745762711876 5569
0.02438983050847341 0.01084745762711876 5570
0.02469491525423739 0.01084745762711876 5571
0.007305084745762477 0.01069491525423751 5572
0.007610169491524387 0.01069491525423751 5573
0.007915254237286326 0.01069491525423751 5574
0.008220338983047526 0.0106949152542375 5575
0.008525423728809475 0.01069491525423751 5576
0.00883050847457198 0.0106949152542375 5577
0.009135593220334484 0.01069491525423751 5578
0.009440677966096989 0.01069491525423751 5579
0.009745762711859316 0.01069491525423751 5580
0.01005084745762109 0.01069491525423751 5581
0.01035593220338222 0.01069491525423751 5582
0.01066101694914327 0.01069491525423751 5583
0.01096610169490504 0.0106949152542375 5584
0.01127118644066681 0.01069491525423751 5585
0.01157627118642892 0.01069491525423751 5586
0.01188135593219069 0.0106949152542375 5587
0.01218644067795246 0.01069491525423751 5588
0.01249152542371424 0.01069491525423751 5589
0.01279661016947668 0.01069491525423751 5590
0.01310169491523844 0.01069491525423751 5591
0.01340677966100022 0.01069491525423751 5592
0.01371186440676199 0.01069491525423751 5593
0.01401694915252409 0.01069491525423751 5594
0.01432203389828586 0.01069491525423751 5595
0.01462711864404763 0.01069491525423751 5596
0.01493220338980954 0.01069491525423751 5597
0.01523728813557204 0.01069491525423751 5598
0.01554237288133405 0.01069491525423751 5599
0.01584745762709508 0.01069491525423751 5600
0.01615254237285826 0.01069491525423751 5601
0.01645762711862224 0.01069491525423751 5602
0.01676271186438621 0.01069491525423751 5603
0.01706779661014911 0.01069491525423751 5604
0.01737288135591161 0.01069491525423751 5605
0.01767796610167542 0.01069491525423751 5606
0.01798305084743941 0.01069491525423751 5607
0.01828813559320338 0.01069491525423751 5608
0.01859322033896736 0.01069491525423751 5609
0.01889830508473134 0.01069491525423751 5610
0.01920338983049411 0.01069491525423751 5611
0.01950847457625661 0.01069491525423751 5612
0.0198135593220192 0.01069491525423751 5613
0.02011864406778317 0.01069491525423751 5614
0.02042372881354715 0.01069491525423751 5615
0.02072881355931112 0.01069491525423751 5616
0.0210338983050751 0.01069491525423751 5617
0.02133898305083907 0.01069491525423751 5618
0.0216440677966016 0.01069491525423751 5619
0.02194915254236431 0.01069491525423751 5620
0.02225423728812829 0.01069491525423751 5621
0.02255932203389227 0.01069491525423751 5622
0.02286440677965501 0.01069491525423751 5623
0.02316949152541751 0.01069491525423751 5624
0.02347457627118148 0.01069491525423751 5625
0.02377966101694545 0.0106949152542375 5626
0.02408474576270943 0.01069491525423751 5627
0.02438983050847341 0.01069491525423751 5628
0.02469491525423739 0.01069491525423751 5629
0.007305084745762477 0.01054237288135677 5630
0.007610169491524386 0.01054237288135677 5631
0.007915254237286326 0.01054237288135677 5632
0.008220338983047526 0.01054237288135677 5633
0.008525423728809475 0.01054237288135676 5634
0.00883050847457198 0.01054237288135677 5635
0.009135593220334484 0.01054237288135677 5636
0.009440677966096989 0.01054237288135677 5637
0.009745762711859316 0.01054237288135677 5638
0.01005084745762109 0.01054237288135677 5639
0.01035593220338222 0.01054237288135677 5640
0.01066101694914327 0.01054237288135677 5641
0.01096610169490504 0.01054237288135677 5642
0.01127118644066681 0.01054237288135677 5643
0.01157627118642892 0.01054237288135677 5644
0.01188135593219069 0.01054237288135677 5645
0.01218644067795246 0.01054237288135677 5646
0.01249152542371424 0.01054237288135677 5647
0.01279661016947668 0.01054237288135677 5648
0.01310169491523844 0.01054237288135677 5649
0.01340677966100022 0.01054237288135677 5650
0.01371186440676198 0.01054237288135677 5651
0.01401694915252409 0.01054237288135677 5652
0.01432203389828586 0.01054237288135677 5653
0.01462711864404763 0.01054237288135677 5654
0.01493220338980954 0.01054237288135677 5655
0.01523728813557204 0.01054237288135677 5656
0.01554237288133405 0.01054237288135677 5657
0.01584745762709508 0.01054237288135677 5658
0.01615254237285826 0.01054237288135677 5659
0.01645762711862224 0.01054237288135677 5660
0.01676271186438622 0.01054237288135677 5661
0.01706779661014911 0.01054237288135677 5662
0.01737288135591162 0.01054237288135677 5663
0.01767796610167544 0.01054237288135677 5664
0.01798305084743941 0.01054237288135677 5665
0.01828813559320338 0.01054237288135677 5666
0.01859322033896736 0.01054237288135677 5667
0.01889830508473134 0.01054237288135677 5668
0.01920338983049411 0.01054237288135677 5669
0.01950847457625661 0.01054237288135677 5670
0.0198135593220192 0.01054237288135677 5671
0.02011864406778317 0.01054237288135677 5672
0.02042372881354715 0.01054237288135677 5673
0.02072881355931112 0.01054237288135677 5674
0.0210338983050751 0.01054237288135677 5675
0.02133898305083907 0.01054237288135677 5676
0.0216440677966016 0.01054237288135677 5677
0.02194915254236431 0.01054237288135677 5678
0.02225423728812829 0.01054237288135677 5679
0.02255932203389227 0.01054237288135677 5680
0.02286440677965501 0.01054237288135677 5681
0.02316949152541751 0.01054237288135677 5682
0.02347457627118147 0.01054237288135677 5683
0.02377966101694545 0.01054237288135677 5684
0.02408474576270943 0.01054237288135677 5685
0.02438983050847341 0.01054237288135677 5686
0.02469491525423739 0.01054237288135677 5687
0.007305084745762478 0.01038983050847603 5688
0.007610169491524387 0.01038983050847603 5689
0.007915254237286326 0.01038983050847603 5690
0.008220338983047526 0.01038983050847603 5691
0.008525423728809475 0.01038983050847603 5692
0.00883050847457198 0.01038983050847603 5693
0.009135593220334484 0.01038983050847603 5694
0.009440677966096989 0.01038983050847603 5695
0.009745762711859316 0.01038983050847603 5696
0.01005084745762109 0.01038983050847603 5697
0.01035593220338222 0.01038983050847603 5698
0.01066101694914327 0.01038983050847603 5699
0.01096610169490504 0.01038983050847603 5700
0.01127118644066681 0.01038983050847603 5701
0.01157627118642892 0.01038983050847603 5702
0.01188135593219069 0.01038983050847603 5703
0.01218644067795246 0.01038983050847603 5704
0.01249152542371424 0.01038983050847603 5705
0.01279661016947668 0.01038983050847603 5706
0.01310169491523844 0.01038983050847603 5707
0.01340677966100022 0.01038983050847603 5708
0.01371186440676199 0.01038983050847603 5709
0.01401694915252409 0.01038983050847603 5710
0.01432203389828586 0.01038983050847603 5711
0.01462711864404763 0.01038983050847603 5712
0.01493220338980954 0.01038983050847603 5713
0.01523728813557205 0.01038983050847603 5714
0.01554237288133405 0.01038983050847603 5715
0.01584745762709508 0.01038983050847603 5716
0.01615254237285826 0.01038983050847603 5717
0.01645762711862224 0.01038983050847603 5718
0.01676271186438621 0.01038983050847603 5719
0.01706779661014911 0.01038983050847603 5720
0.01737288135591161 0.01038983050847603 5721
0.01767796610167543 0.01038983050847603 5722
0.01798305084743941 0.01038983050847603 5723
0.01828813559320338 0.01038983050847603 5724
0.01859322033896736 0.01038983050847603 5725
0.01889830508473134 0.01038983050847603 5726
0.01920338983049411 0.01038983050847603 5727
0.01950847457625661 0.01038983050847603 5728
0.0198135593220192 0.01038983050847603 5729
0.02011864406778317 0.01038983050847603 5730
0.02042372881354715 0.01038983050847603 5731
0.02072881355931112 0.01038983050847603 5732
0.0210338983050751 0.01038983050847603 5733
0.02133898305083907 0.01038983050847603 5734
0.0216440677966016 0.01038983050847603 5735
0.02194915254236431 0.01038983050847603 5736
0.0222542372881283 0.01038983050847603 5737
0.02255932203389227 0.01038983050847603 5738
0.02286440677965501 0.01038983050847603 5739
0.02316949152541751 0.01038983050847603 5740
0.02347457627118147 0.01038983050847603 5741
0.02377966101694545 0.01038983050847603 5742
0.02408474576270943 0.01038983050847603 5743
0.02438983050847341 0.01038983050847603 5744
0.02469491525423739 0.01038983050847603 5745
0.007305084745762478 0.01023728813559478 5746
0.007610169491524386 0.01023728813559478 5747
0.007915254237286326 0.01023728813559478 5748
0.008220338983047526 0.01023728813559478 5749
0.008525423728809475 0.01023728813559478 5750
0.00883050847457198 0.01023728813559479 5751
0.009135593220334484 0.01023728813559478 5752
0.009440677966096989 0.01023728813559478 5753
0.009745762711859316 0.01023728813559478 5754
0.01005084745762109 0.01023728813559478 5755
0.01035593220338222 0.01023728813559478 5756
0.01066101694914327 0.01023728813559478 5757
0.01096610169490504 0.01023728813559478 5758
0.01127118644066681 0.01023728813559478 5759
0.01157627118642892 0.01023728813559478 5760
0.01188135593219069 0.01023728813559479 5761
0.01218644067795246 0.01023728813559478 5762
0.01249152542371424 0.01023728813559478 5763
0.01279661016947668 0.01023728813559478 5764
0.01310169491523845 0.01023728813559478 5765
0.01340677966100022 0.01023728813559478 5766
0.01371186440676199 0.01023728813559478 5767
0.01401694915252409 0.01023728813559478 5768
0.01432203389828586 0.01023728813559478 5769
0.01462711864404763 0.01023728813559478 5770
0.01493220338980954 0.01023728813559478 5771
0.01523728813557204 0.01023728813559478 5772
0.01554237288133405 0.01023728813559478 5773
0.01584745762709508 0.01023728813559478 5774
0.01615254237285826 0.01023728813559478 5775
0.01645762711862224 0.01023728813559478 5776
0.01676271186438622 0.01023728813559478 5777
0.01706779661014911 0.01023728813559478 5778
0.01737288135591161 0.01023728813559478 5779
0.01767796610167543 0.01023728813559478 5780
0.01798305084743941 0.01023728813559478 5781
0.01828813559320338 0.01023728813559478 5782
0.01859322033896736 0.01023728813559478 5783
0.01889830508473134 0.01023728813559478 5784
0.01920338983049411 0.01023728813559478 5785
0.01950847457625661 0.01023728813559478 5786
0.0198135593220192 0.01023728813559478 5787
0.02011864406778317 0.01023728813559478 5788
0.02042372881354714 0.01023728813559478 5789
0.02072881355931112 0.01023728813559478 5790
0.0210338983050751 0.01023728813559478 5791
0.02133898305083907 0.01023728813559478 5792
0.0216440677966016 0.01023728813559478 5793
0.02194915254236431 0.01023728813559478 5794
0.02225423728812829 0.01023728813559478 5795
0.02255932203389227 0.01023728813559478 5796
0.02286440677965501 0.01023728813559478 5797
0.02316949152541751 0.01023728813559478 5798
0.02347457627118148 0.01023728813559478 5799
0.02377966101694545 0.01023728813559478 5800
0.02408474576270943 0.01023728813559478 5801
0.02438983050847341 0.01023728813559478 5802
0.02469491525423739 0.01023728813559478 5803
0.007305084745762478 0.01008474576271354 5804
0.007610169491524386 0.01008474576271353 5805
0.007915254237286326 0.01008474576271354 5806
0.008220338983047526 0.01008474576271353 5807
0.008525423728809475 0.01008474576271353 5808
0.00883050847457198 0.01008474576271353 5809
0.009135593220334484 0.01008474576271353 5810
0.009440677966096989 0.01008474576271354 5811
0.009745762711859318 0.01008474576271354 5812
0.01005084745762109 0.01008474576271353 5813
0.01035593220338222 0.01008474576271353 5814
0.01066101694914327 0.01008474576271353 5815
0.01096610169490504 0.01008474576271353 5816
0.01127118644066681 0.01008474576271353 5817
0.01157627118642892 0.01008474576271353 5818
0.01188135593219069 0.01008474576271354 5819
0.01218644067795246 0.01008474576271353 5820
0.01249152542371424 0.01008474576271353 5821
0.01279661016947668 0.01008474576271354 5822
0.01310169491523844 0.01008474576271353 5823
0.01340677966100022 0.01008474576271354 5824
0.01371186440676199 0.01008474576271354 5825
0.01401694915252409 0.01008474576271354 5826
0.01432203389828586 0.01008474576271354 5827
0.01462711864404764 0.01008474576271353 5828
0.01493220338980954 0.01008474576271353 5829
0.01523728813557204 0.01008474576271354 5830
0.01554237288133405 0.01008474576271353 5831
0.01584745762709508 0.01008474576271354 5832
0.01615254237285826 0.01008474576271353 5833
0.01645762711862224 0.01008474576271354 5834
0.01676271186438622 0.01008474576271353 5835
0.01706779661014911 0.01008474576271354 5836
0.01737288135591161 0.01008474576271353 5837
0.01767796610167543 0.01008474576271353 5838
0.01798305084743941 0.01008474576271353 5839
0.01828813559320338 0.01008474576271354 5840
0.01859322033896736 0.01008474576271354 5841
0.01889830508473134 0.01008474576271353 5842
0.01920338983049411 0.01008474576271353 5843
0.01950847457625661 0.01008474576271354 5844
0.0198135593220192 0.01008474576271354 5845
0.02011864406778317 0.01008474576271353 5846
0.02042372881354715 0.01008474576271353 5847
0.02072881355931112 0.01008474576271353 5848
0.0210338983050751 0.01008474576271354 5849
0.02133898305083907 0.01008474576271354 5850
0.0216440677966016 0.01008474576271353 5851
0.02194915254236431 0.01008474576271353 5852
0.0222542372881283 0.01008474576271354 5853
0.02255932203389227 0.01008474576271353 5854
0.02286440677965501 0.01008474576271353 5855
0.02316949152541751 0.01008474576271354 5856
0.02347457627118148 0.01008474576271354 5857
0.02377966101694545 0.01008474576271354 5858
0.02408474576270943 0.01008474576271354 5859
0.02438983050847341 0.01008474576271353 5860
0.02469491525423739 0.01008474576271353 5861
0.007305084745762478 0.009932203389832287 5862
0.007610169491524386 0.009932203389832285 5863
0.007915254237286326 0.009932203389832287 5864
0.008220338983047526 0.009932203389832289 5865
0.008525423728809475 0.00993220338983229 5866
0.00883050847457198 0.009932203389832287 5867
0.009135593220334484 0.009932203389832287 5868
0.009440677966096989 0.009932203389832289 5869
0.009745762711859316 0.00993220338983229 5870
0.01005084745762109 0.009932203389832285 5871
0.01035593220338222 0.009932203389832289 5872
0.01066101694914327 0.009932203389832287 5873
0.01096610169490504 0.009932203389832289 5874
0.01127118644066681 0.009932203389832289 5875
0.01157627118642892 0.009932203389832289 5876
0.01188135593219069 0.009932203389832289 5877
0.01218644067795246 0.009932203389832289 5878
0.01249152542371424 0.009932203389832289 5879
0.01279661016947668 0.009932203389832285 5880
0.01310169491523844 0.009932203389832285 5881
0.01340677966100022 0.00993220338983229 5882
0.01371186440676199 0.009932203389832285 5883
0.01401694915252409 0.009932203389832289 5884
0.01432203389828586 0.009932203389832285 5885
0.01462711864404763 0.009932203389832289 5886
0.01493220338980954 0.009932203389832289 5887
0.01523728813557204 0.009932203389832289 5888
0.01554237288133405 0.009932203389832285 5889
0.01584745762709508 0.009932203389832289 5890
0.01615254237285826 0.009932203389832289 5891
0.01645762711862224 0.009932203389832289 5892
0.01676271186438622 0.009932203389832289 5893
0.01706779661014911 0.009932203389832289 5894
0.01737288135591161 0.009932203389832285 5895
0.01767796610167544 0.009932203389832289 5896
0.01798305084743941 0.009932203389832289 5897
0.01828813559320338 0.009932203389832289 5898
0.01859322033896737 0.00993220338983229 5899
0.01889830508473134 0.009932203389832289 5900
0.01920338983049411 0.009932203389832289 5901
0.01950847457625661 0.00993220338983229 5902
0.01981355932201919 0.009932203389832289 5903
0.02011864406778317 0.009932203389832289 5904
0.02042372881354715 0.009932203389832289 5905
0.02072881355931111 0.00993220338983229 5906
0.0210338983050751 0.009932203389832285 5907
0.02133898305083907 0.009932203389832289 5908
0.0216440677966016 0.009932203389832289 5909
0.02194915254236431 0.009932203389832289 5910
0.02225423728812829 0.009932203389832289 5911
0.02255932203389227 0.009932203389832289 5912
0.02286440677965501 0.009932203389832289 5913
0.02316949152541751 0.009932203389832289 5914
0.02347457627118147 0.009932203389832289 5915
0.02377966101694546 0.009932203389832289 5916
0.02408474576270942 0.009932203389832289 5917
0.02438983050847341 0.009932203389832289 5918
0.02469491525423739 0.009932203389832289 5919
0.007305084745762478 0.009779661016951501 5920
0.007610169491524385 0.009779661016951501 5921
0.007915254237286326 0.009779661016951501 5922
0.008220338983047526 0.009779661016951501 5923
0.008525423728809474 0.009779661016951498 5924
0.00883050847457198 0.009779661016951496 5925
0.009135593220334484 0.009779661016951499 5926
0.009440677966096989 0.009779661016951498 5927
0.009745762711859316 0.009779661016951501 5928
0.01005084745762109 0.009779661016951505 5929
0.01035593220338222 0.009779661016951505 5930
0.01066101694914327 0.009779661016951499 5931
0.01096610169490504 0.009779661016951501 5932
0.01127118644066681 0.009779661016951501 5933
0.01157627118642892 0.009779661016951501 5934
0.01188135593219069 0.009779661016951501 5935
0.01218644067795246 0.009779661016951501 5936
0.01249152542371424 0.009779661016951501 5937
0.01279661016947668 0.009779661016951501 5938
0.01310169491523844 0.009779661016951501 5939
0.01340677966100022 0.009779661016951499 5940
0.01371186440676199 0.009779661016951501 5941
0.01401694915252409 0.009779661016951501 5942
0.01432203389828586 0.009779661016951501 5943
0.01462711864404764 0.009779661016951499 5944
0.01493220338980954 0.009779661016951501 5945
0.01523728813557204 0.009779661016951501 5946
0.01554237288133405 0.009779661016951501 5947
0.01584745762709508 0.009779661016951501 5948
0.01615254237285826 0.009779661016951501 5949
0.01645762711862224 0.009779661016951501 5950
0.01676271186438621 0.009779661016951501 5951
0.01706779661014911 0.009779661016951501 5952
0.01737288135591161 0.009779661016951501 5953
0.01767796610167544 0.009779661016951501 5954
0.01798305084743941 0.009779661016951501 5955
0.01828813559320338 0.009779661016951501 5956
0.01859322033896736 0.009779661016951501 5957
0.01889830508473134 0.009779661016951501 5958
0.01920338983049411 0.009779661016951501 5959
0.01950847457625661 0.009779661016951501 5960
0.0198135593220192 0.009779661016951501 5961
0.02011864406778317 0.009779661016951501 5962
0.02042372881354715 0.009779661016951501 5963
0.02072881355931112 0.009779661016951501 5964
0.0210338983050751 0.009779661016951501 5965
0.02133898305083907 0.009779661016951501 5966
0.0216440677966016 0.009779661016951501 5967
0.02194915254236431 0.009779661016951501 5968
0.02225423728812829 0.009779661016951501 5969
0.02255932203389227 0.009779661016951501 5970
0.02286440677965501 0.009779661016951501 5971
0.02316949152541752 0.009779661016951501 5972
0.02347457627118147 0.009779661016951501 5973
0.02377966101694545 0.009779661016951499 5974
0.02408474576270943 0.009779661016951501 5975
0.02438983050847341 0.009779661016951501 5976
0.02469491525423739 0.009779661016951501 5977
0.007305084745762478 0.00962711864407099 5978
0.007610169491524387 0.00962711864407099 5979
0.007915254237286326 0.009627118644070991 5980
0.008220338983047526 0.009627118644070985 5981
0.008525423728809475 0.009627118644070988 5982
0.00883050847457198 0.009627118644070991 5983
0.009135593220334484 0.009627118644070988 5984
0.009440677966096989 0.009627118644070986 5985
0.009745762711859318 0.009627118644070988 5986
0.01005084745762109 0.009627118644070986 5987
0.01035593220338222 0.009627118644070986 5988
0.01066101694914327 0.00962711864407099 5989
0.01096610169490504 0.00962711864407099 5990
0.01127118644066681 0.00962711864407099 5991
0.01157627118642892 0.009627118644070988 5992
0.01188135593219069 0.00962711864407099 5993
0.01218644067795246 0.00962711864407099 5994
0.01249152542371424 0.009627118644070988 5995
0.01279661016947668 0.00962711864407099 5996
0.01310169491523844 0.009627118644070991 5997
0.01340677966100022 0.00962711864407099 5998
0.01371186440676199 0.009627118644070986 5999
0.01401694915252409 0.009627118644070988 6000
0.01432203389828586 0.009627118644070986 6001
0.01462711864404763 0.00962711864407099 6002
0.01493220338980954 0.009627118644070991 6003
0.01523728813557204 0.009627118644070986 6004
0.01554237288133405 0.009627118644070988 6005
0.01584745762709509 0.009627118644070986 6006
0.01615254237285826 0.009627118644070988 6007
0.01645762711862225 0.009627118644070991 6008
0.01676271186438622 0.009627118644070988 6009
0.01706779661014911 0.009627118644070991 6010
0.01737288135591162 0.009627118644070991 6011
0.01767796610167543 0.009627118644070985 6012
0.01798305084743941 0.009627118644070986 6013
0.01828813559320338 0.009627118644070988 6014
0.01859322033896736 0.009627118644070988 6015
0.01889830508473134 0.009627118644070986 6016
0.01920338983049411 0.00962711864407099 6017
0.01950847457625661 0.009627118644070991 6018
0.01981355932201919 0.009627118644070986 6019
0.02011864406778316 0.009627118644070986 6020
0.02042372881354715 0.009627118644070991 6021
0.02072881355931112 0.009627118644070988 6022
0.0210338983050751 0.009627118644070988 6023
0.02133898305083907 0.00962711864407099 6024
0.0216440677966016 0.009627118644070988 6025
0.02194915254236431 0.009627118644070988 6026
0.02225423728812829 0.009627118644070986 6027
0.02255932203389226 0.009627118644070986 6028
0.02286440677965501 0.009627118644070986 6029
0.02316949152541752 0.009627118644070988 6030
0.02347457627118148 0.009627118644070988 6031
0.02377966101694546 0.009627118644070986 6032
0.02408474576270943 0.009627118644070986 6033
0.02438983050847341 0.009627118644070986 6034
0.02469491525423739 0.009627118644070986 6035
0.007305084745762478 0.00947457627119048 6036
0.007610169491524387 0.00947457627119048 6037
0.007915254237286326 0.009474576271190478 6038
0.008220338983047526 0.009474576271190483 6039
0.008525423728809475 0.009474576271190478 6040
0.00883050847457198 0.009474576271190478 6041
0.009135593220334484 0.009474576271190483 6042
0.009440677966096989 0.009474576271190473 6043
0.009745762711859316 0.009474576271190478 6044
0.01005084745762109 0.009474576271190478 6045
0.01035593220338222 0.009474576271190478 6046
0.01066101694914327 0.009474576271190478 6047
0.01096610169490504 0.009474576271190478 6048
0.01127118644066681 0.009474576271190475 6049
0.01157627118642892 0.009474576271190478 6050
0.01188135593219069 0.009474576271190478 6051
0.01218644067795246 0.009474576271190478 6052
0.01249152542371424 0.009474576271190482 6053
0.01279661016947668 0.009474576271190478 6054
0.01310169491523844 0.009474576271190478 6055
0.01340677966100022 0.009474576271190478 6056
0.01371186440676199 0.009474576271190478 6057
0.01401694915252409 0.009474576271190478 6058
0.01432203389828587 0.009474576271190478 6059
0.01462711864404763 0.009474576271190478 6060
0.01493220338980954 0.009474576271190478 6061
0.01523728813557204 0.009474576271190478 6062
0.01554237288133405 0.009474576271190478 6063
0.01584745762709508 0.009474576271190478 6064
0.01615254237285826 0.009474576271190478 6065
0.01645762711862224 0.009474576271190478 6066
0.01676271186438622 0.009474576271190478 6067
0.01706779661014911 0.009474576271190478 6068
0.01737288135591162 0.009474576271190478 6069
0.01767796610167543 0.009474576271190478 6070
0.01798305084743941 0.009474576271190478 6071
0.01828813559320338 0.009474576271190478 6072
0.01859322033896736 0.009474576271190478 6073
0.01889830508473134 0.009474576271190478 6074
0.01920338983049411 0.009474576271190478 6075
0.01950847457625661 0.009474576271190478 6076
0.0198135593220192 0.009474576271190478 6077
0.02011864406778316 0.009474576271190478 6078
0.02042372881354715 0.009474576271190478 6079
0.02072881355931112 0.009474576271190478 6080
0.0210338983050751 0.009474576271190478 6081
0.02133898305083907 0.009474576271190478 6082
0.0216440677966016 0.00947457627119048 6083
0.02194915254236431 0.009474576271190478 6084
0.02225423728812829 0.009474576271190478 6085
0.02255932203389227 0.009474576271190478 6086
0.02286440677965501 0.009474576271190478 6087
0.02316949152541751 0.009474576271190478 6088
0.02347457627118148 0.00947457627119048 6089
0.02377966101694545 0.009474576271190478 6090
0.02408474576270942 0.009474576271190478 6091
0.02438983050847341 0.009474576271190478 6092
0.02469491525423739 0.009474576271190478 6093
0.007305084745762478 0.009322033898309675 6094
0.007610169491524388 0.009322033898309674 6095
0.007915254237286326 0.009322033898309675 6096
0.008220338983047528 0.009322033898309674 6097
0.008525423728809475 0.009322033898309675 6098
0.00883050847457198 0.009322033898309677 6099
0.009135593220334484 0.009322033898309674 6100
0.009440677966096989 0.009322033898309674 6101
0.009745762711859318 0.009322033898309674 6102
0.01005084745762109 0.009322033898309677 6103
0.01035593220338222 0.009322033898309674 6104
0.01066101694914327 0.009322033898309674 6105
0.01096610169490504 0.009322033898309674 6106
0.01127118644066681 0.009322033898309674 6107
0.01157627118642892 0.009322033898309674 6108
0.01188135593219069 0.009322033898309677 6109
0.01218644067795246 0.00932203389830967 6110
0.01249152542371424 0.009322033898309674 6111
0.01279661016947668 0.009322033898309674 6112
0.01310169491523844 0.009322033898309674 6113
0.01340677966100021 0.009322033898309674 6114
0.01371186440676199 0.009322033898309674 6115
0.01401694915252409 0.009322033898309674 6116
0.01432203389828586 0.009322033898309674 6117
0.01462711864404763 0.009322033898309674 6118
0.01493220338980954 0.009322033898309674 6119
0.01523728813557204 0.009322033898309674 6120
0.01554237288133405 0.009322033898309674 6121
0.01584745762709508 0.009322033898309675 6122
0.01615254237285826 0.009322033898309674 6123
0.01645762711862225 0.009322033898309674 6124
0.01676271186438622 0.009322033898309674 6125
0.01706779661014911 0.009322033898309674 6126
0.01737288135591162 0.009322033898309674 6127
0.01767796610167544 0.009322033898309674 6128
0.01798305084743941 0.009322033898309674 6129
0.01828813559320338 0.009322033898309674 6130
0.01859322033896736 0.009322033898309674 6131
0.01889830508473134 0.009322033898309674 6132
0.01920338983049411 0.009322033898309674 6133
0.01950847457625661 0.009322033898309674 6134
0.0198135593220192 0.009322033898309674 6135
0.02011864406778317 0.009322033898309674 6136
0.02042372881354714 0.009322033898309675 6137
0.02072881355931112 0.009322033898309674 6138
0.0210338983050751 0.009322033898309675 6139
0.02133898305083907 0.009322033898309674 6140
0.0216440677966016 0.009322033898309674 6141
0.02194915254236431 0.009322033898309675 6142
0.02225423728812829 0.009322033898309674 6143
0.02255932203389227 0.009322033898309674 6144
0.02286440677965501 0.009322033898309674 6145
0.02316949152541751 0.009322033898309675 6146
0.02347457627118148 0.009322033898309674 6147
0.02377966101694545 0.009322033898309674 6148
0.02408474576270942 0.009322033898309674 6149
0.0243898305084734 0.009322033898309674 6150
0.02469491525423739 0.009322033898309674 6151
0.007305084745762477 0.009169491525428427 6152
0.007610169491524387 0.009169491525428428 6153
0.007915254237286326 0.009169491525428428 6154
0.008220338983047526 0.009169491525428427 6155
0.008525423728809475 0.009169491525428425 6156
0.00883050847457198 0.009169491525428423 6157
0.009135593220334484 0.009169491525428425 6158
0.009440677966096989 0.009169491525428427 6159
0.009745762711859316 0.009169491525428427 6160
0.01005084745762109 0.00916949152542843 6161
0.01035593220338222 0.009169491525428427 6162
0.01066101694914327 0.009169491525428425 6163
0.01096610169490504 0.009169491525428427 6164
0.01127118644066681 0.009169491525428427 6165
0.01157627118642892 0.009169491525428421 6166
0.01188135593219069 0.009169491525428427 6167
0.01218644067795246 0.009169491525428428 6168
0.01249152542371424 0.009169491525428425 6169
0.01279661016947668 0.009169491525428425 6170
0.01310169491523844 0.009169491525428427 6171
0.01340677966100021 0.009169491525428427 6172
0.01371186440676199 0.009169491525428428 6173
0.01401694915252409 0.009169491525428428 6174
0.01432203389828586 0.009169491525428427 6175
0.01462711864404763 0.009169491525428427 6176
0.01493220338980954 0.009169491525428427 6177
0.01523728813557204 0.009169491525428427 6178
0.01554237288133405 0.009169491525428425 6179
0.01584745762709509 0.009169491525428428 6180
0.01615254237285826 0.009169491525428427 6181
0.01645762711862224 0.009169491525428428 6182
0.01676271186438622 0.009169491525428427 6183
0.01706779661014911 0.009169491525428425 6184
0.01737288135591162 0.009169491525428427 6185
0.01767796610167544 0.009169491525428427 6186
0.01798305084743941 0.009169491525428427 6187
0.01828813559320338 0.009169491525428427 6188
0.01859322033896736 0.009169491525428425 6189
0.01889830508473134 0.009169491525428427 6190
0.01920338983049411 0.009169491525428427 6191
0.01950847457625661 0.009169491525428427 6192
0.0198135593220192 0.009169491525428427 6193
0.02011864406778317 0.009169491525428427 6194
0.02042372881354714 0.009169491525428427 6195
0.02072881355931112 0.009169491525428427 6196
0.0210338983050751 0.009169491525428427 6197
0.02133898305083907 0.009169491525428427 6198
0.0216440677966016 0.009169491525428427 6199
0.02194915254236431 0.009169491525428427 6200
0.02225423728812829 0.009169491525428427 6201
0.02255932203389227 0.009169491525428428 6202
0.02286440677965501 0.009169491525428428 6203
0.02316949152541752 0.009169491525428427 6204
0.02347457627118148 0.009169491525428427 6205
0.02377966101694545 0.009169491525428425 6206
0.02408474576270942 0.009169491525428427 6207
0.02438983050847341 0.009169491525428427 6208
0.02469491525423739 0.009169491525428428 6209
0.007305084745762478 0.009016949152547178 6210
0.007610169491524386 0.00901694915254718 6211
0.007915254237286326 0.009016949152547185 6212
0.008220338983047526 0.00901694915254718 6213
0.008525423728809475 0.00901694915254718 6214
0.00883050847457198 0.00901694915254718 6215
0.009135593220334484 0.009016949152547176 6216
0.009440677966096989 0.00901694915254718 6217
0.009745762711859314 0.009016949152547181 6218
0.01005084745762109 0.009016949152547178 6219
0.01035593220338222 0.00901694915254718 6220
0.01066101694914327 0.009016949152547181 6221
0.01096610169490504 0.00901694915254718 6222
0.01127118644066681 0.00901694915254718 6223
0.01157627118642892 0.009016949152547174 6224
0.01188135593219069 0.00901694915254718 6225
0.01218644067795246 0.00901694915254718 6226
0.01249152542371424 0.00901694915254718 6227
0.01279661016947668 0.00901694915254718 6228
0.01310169491523844 0.00901694915254718 6229
0.01340677966100022 0.00901694915254718 6230
0.01371186440676199 0.00901694915254718 6231
0.01401694915252409 0.009016949152547178 6232
0.01432203389828586 0.00901694915254718 6233
0.01462711864404763 0.009016949152547178 6234
0.01493220338980954 0.00901694915254718 6235
0.01523728813557204 0.009016949152547178 6236
0.01554237288133404 0.00901694915254718 6237
0.01584745762709508 0.00901694915254718 6238
0.01615254237285826 0.00901694915254718 6239
0.01645762711862224 0.00901694915254718 6240
0.01676271186438622 0.00901694915254718 6241
0.01706779661014911 0.00901694915254718 6242
0.01737288135591161 0.00901694915254718 6243
0.01767796610167543 0.00901694915254718 6244
0.01798305084743941 0.00901694915254718 6245
0.01828813559320338 0.00901694915254718 6246
0.01859322033896736 0.00901694915254718 6247
0.01889830508473134 0.00901694915254718 6248
0.01920338983049411 0.00901694915254718 6249
0.01950847457625661 0.00901694915254718 6250
0.0198135593220192 0.00901694915254718 6251
0.02011864406778317 0.00901694915254718 6252
0.02042372881354715 0.00901694915254718 6253
0.02072881355931112 0.00901694915254718 6254
0.0210338983050751 0.00901694915254718 6255
0.02133898305083907 0.00901694915254718 6256
0.0216440677966016 0.00901694915254718 6257
0.02194915254236431 0.00901694915254718 6258
0.02225423728812829 0.00901694915254718 6259
0.02255932203389226 0.00901694915254718 6260
0.02286440677965501 0.00901694915254718 6261
0.02316949152541751 0.00901694915254718 6262
0.02347457627118148 0.00901694915254718 6263
0.02377966101694545 0.00901694915254718 6264
0.02408474576270944 0.00901694915254718 6265
0.02438983050847341 0.00901694915254718 6266
0.02469491525423739 0.00901694915254718 6267
0.007305084745762478 0.008864406779666399 6268
0.007610169491524387 0.008864406779666399 6269
0.007915254237286326 0.008864406779666396 6270
0.008220338983047526 0.008864406779666401 6271
0.008525423728809475 0.008864406779666399 6272
0.00883050847457198 0.008864406779666401 6273
0.009135593220334484 0.008864406779666399 6274
0.009440677966096989 0.008864406779666399 6275
0.009745762711859318 0.008864406779666399 6276
0.01005084745762109 0.008864406779666399 6277
0.01035593220338222 0.008864406779666399 6278
0.01066101694914327 0.008864406779666399 6279
0.01096610169490504 0.008864406779666399 6280
0.01127118644066681 0.008864406779666399 6281
0.01157627118642892 0.008864406779666399 6282
0.01188135593219069 0.008864406779666399 6283
0.01218644067795246 0.008864406779666399 6284
0.01249152542371424 0.008864406779666399 6285
0.01279661016947668 0.008864406779666399 6286
0.01310169491523844 0.008864406779666399 6287
0.01340677966100021 0.008864406779666399 6288
0.01371186440676199 0.008864406779666399 6289
0.01401694915252409 0.008864406779666399 6290
0.01432203389828587 0.008864406779666399 6291
0.01462711864404763 0.008864406779666399 6292
0.01493220338980954 0.008864406779666399 6293
0.01523728813557205 0.008864406779666399 6294
0.01554237288133405 0.008864406779666399 6295
0.01584745762709508 0.008864406779666399 6296
0.01615254237285826 0.008864406779666399 6297
0.01645762711862225 0.008864406779666399 6298
0.01676271186438622 0.008864406779666399 6299
0.01706779661014911 0.008864406779666399 6300
0.01737288135591162 0.008864406779666399 6301
0.01767796610167543 0.008864406779666399 6302
0.01798305084743941 0.008864406779666399 6303
0.01828813559320338 0.008864406779666399 6304
0.01859322033896736 0.008864406779666399 6305
0.01889830508473134 0.008864406779666399 6306
0.01920338983049411 0.008864406779666399 6307
0.01950847457625661 0.008864406779666399 6308
0.0198135593220192 0.008864406779666401 6309
0.02011864406778317 0.008864406779666399 6310
0.02042372881354714 0.008864406779666399 6311
0.02072881355931112 0.008864406779666399 6312
0.0210338983050751 0.008864406779666399 6313
0.02133898305083907 0.008864406779666399 6314
0.0216440677966016 0.008864406779666399 6315
0.02194915254236431 0.008864406779666399 6316
0.02225423728812829 0.008864406779666399 6317
0.02255932203389226 0.008864406779666399 6318
0.02286440677965501 0.008864406779666399 6319
0.02316949152541752 0.008864406779666399 6320
0.02347457627118148 0.008864406779666399 6321
0.02377966101694545 0.008864406779666399 6322
0.02408474576270943 0.008864406779666399 6323
0.02438983050847341 0.008864406779666399 6324
0.02469491525423739 0.008864406779666399 6325
0.007305084745762477 0.00871186440678518 6326
0.007610169491524386 0.008711864406785182 6327
0.007915254237286326 0.008711864406785182 6328
0.008220338983047526 0.00871186440678518 6329
0.008525423728809475 0.00871186440678518 6330
0.00883050847457198 0.008711864406785182 6331
0.009135593220334484 0.008711864406785182 6332
0.009440677966096989 0.008711864406785182 6333
0.009745762711859316 0.00871186440678518 6334
0.01005084745762109 0.00871186440678518 6335
0.01035593220338222 0.008711864406785182 6336
0.01066101694914327 0.008711864406785182 6337
0.01096610169490504 0.008711864406785182 6338
0.01127118644066681 0.008711864406785182 6339
0.01157627118642892 0.008711864406785182 6340
0.01188135593219069 0.00871186440678518 6341
0.01218644067795246 0.00871186440678518 6342
0.01249152542371424 0.00871186440678518 6343
0.01279661016947667 0.008711864406785182 6344
0.01310169491523844 0.00871186440678518 6345
0.01340677966100022 0.00871186440678518 6346
0.01371186440676199 0.008711864406785182 6347
0.01401694915252409 0.00871186440678518 6348
0.01432203389828586 0.008711864406785182 6349
0.01462711864404764 0.008711864406785182 6350
0.01493220338980954 0.008711864406785182 6351
0.01523728813557204 0.008711864406785182 6352
0.01554237288133404 0.008711864406785182 6353
0.01584745762709508 0.008711864406785182 6354
0.01615254237285826 0.008711864406785182 6355
0.01645762711862224 0.008711864406785182 6356
0.01676271186438621 0.008711864406785182 6357
0.01706779661014911 0.008711864406785182 6358
0.01737288135591162 0.008711864406785182 6359
0.01767796610167543 0.008711864406785182 6360
0.01798305084743941 0.008711864406785182 6361
0.01828813559320338 0.008711864406785182 6362
0.01859322033896736 0.008711864406785182 6363
0.01889830508473134 0.008711864406785182 6364
0.01920338983049411 0.008711864406785182 6365
0.01950847457625661 0.008711864406785182 6366
0.0198135593220192 0.00871186440678518 6367
0.02011864406778318 0.008711864406785182 6368
0.02042372881354714 0.008711864406785182 6369
0.02072881355931112 0.00871186440678518 6370
0.0210338983050751 0.00871186440678518 6371
0.02133898305083907 0.00871186440678518 6372
0.0216440677966016 0.008711864406785182 6373
0.02194915254236431 0.008711864406785182 6374
0.0222542372881283 0.008711864406785182 6375
0.02255932203389227 0.008711864406785182 6376
0.02286440677965501 0.00871186440678518 6377
0.02316949152541752 0.008711864406785182 6378
0.02347457627118148 0.008711864406785182 6379
0.02377966101694545 0.008711864406785182 6380
0.02408474576270943 0.008711864406785182 6381
0.02438983050847341 0.008711864406785182 6382
0.02469491525423738 0.00871186440678518 6383
0.007305084745762477 0.008559322033904018 6384
0.007610169491524385 0.00855932203390402 6385
0.007915254237286326 0.008559322033904016 6386
0.008220338983047526 0.008559322033904018 6387
0.008525423728809475 0.00855932203390402 6388
0.00883050847457198 0.008559322033904021 6389
0.009135593220334484 0.00855932203390402 6390
0.009440677966096989 0.00855932203390402 6391
0.009745762711859316 0.00855932203390402 6392
0.01005084745762109 0.00855932203390402 6393
0.01035593220338222 0.00855932203390402 6394
0.01066101694914327 0.00855932203390402 6395
0.01096610169490504 0.00855932203390402 6396
0.01127118644066681 0.00855932203390402 6397
0.01157627118642892 0.00855932203390402 6398
0.01188135593219069 0.00855932203390402 6399
0.01218644067795246 0.00855932203390402 6400
0.01249152542371424 0.00855932203390402 6401
0.01279661016947668 0.00855932203390402 6402
0.01310169491523844 0.00855932203390402 6403
0.01340677966100022 0.00855932203390402 6404
0.01371186440676199 0.00855932203390402 6405
0.01401694915252409 0.00855932203390402 6406
0.01432203389828586 0.00855932203390402 6407
0.01462711864404763 0.00855932203390402 6408
0.01493220338980954 0.00855932203390402 6409
0.01523728813557204 0.00855932203390402 6410
0.01554237288133405 0.00855932203390402 6411
0.01584745762709508 0.00855932203390402 6412
0.01615254237285826 0.00855932203390402 6413
0.01645762711862224 0.00855932203390402 6414
0.01676271186438622 0.00855932203390402 6415
0.01706779661014911 0.00855932203390402 6416
0.01737288135591161 0.00855932203390402 6417
0.01767796610167543 0.00855932203390402 6418
0.01798305084743941 0.00855932203390402 6419
0.01828813559320338 0.00855932203390402 6420
0.01859322033896736 0.00855932203390402 6421
0.01889830508473134 0.00855932203390402 6422
0.01920338983049411 0.00855932203390402 6423
0.01950847457625661 0.00855932203390402 6424
0.0198135593220192 0.00855932203390402 6425
0.02011864406778317 0.00855932203390402 6426
0.02042372881354714 0.00855932203390402 6427
0.02072881355931112 0.00855932203390402 6428
0.0210338983050751 0.00855932203390402 6429
0.02133898305083907 0.00855932203390402 6430
0.0216440677966016 0.00855932203390402 6431
0.02194915254236431 0.00855932203390402 6432
0.02225423728812829 0.00855932203390402 6433
0.02255932203389227 0.00855932203390402 6434
0.02286440677965501 0.00855932203390402 6435
0.02316949152541751 0.00855932203390402 6436
0.02347457627118148 0.00855932203390402 6437
0.02377966101694545 0.00855932203390402 6438
0.02408474576270943 0.00855932203390402 6439
0.02438983050847341 0.00855932203390402 6440
0.02469491525423739 0.00855932203390402 6441
0.007305084745762477 0.00840677966102321 6442
0.007610169491524387 0.00840677966102321 6443
0.007915254237286326 0.008406779661023212 6444
0.008220338983047526 0.00840677966102321 6445
0.008525423728809475 0.00840677966102321 6446
0.00883050847457198 0.00840677966102321 6447
0.009135593220334484 0.008406779661023208 6448
0.009440677966096989 0.00840677966102321 6449
0.009745762711859316 0.00840677966102321 6450
0.01005084745762109 0.00840677966102321 6451
0.01035593220338222 0.00840677966102321 6452
0.01066101694914327 0.00840677966102321 6453
0.01096610169490504 0.00840677966102321 6454
0.01127118644066681 0.00840677966102321 6455
0.01157627118642892 0.00840677966102321 6456
0.01188135593219069 0.00840677966102321 6457
0.01218644067795246 0.008406779661023212 6458
0.01249152542371424 0.00840677966102321 6459
0.01279661016947668 0.00840677966102321 6460
0.01310169491523844 0.00840677966102321 6461
0.01340677966100022 0.008406779661023208 6462
0.01371186440676199 0.00840677966102321 6463
0.01401694915252409 0.008406779661023213 6464
0.01432203389828586 0.00840677966102321 6465
0.01462711864404764 0.00840677966102321 6466
0.01493220338980954 0.008406779661023208 6467
0.01523728813557204 0.00840677966102321 6468
0.01554237288133405 0.008406779661023212 6469
0.01584745762709508 0.00840677966102321 6470
0.01615254237285826 0.00840677966102321 6471
0.01645762711862224 0.00840677966102321 6472
0.01676271186438621 0.00840677966102321 6473
0.01706779661014911 0.00840677966102321 6474
0.01737288135591161 0.00840677966102321 6475
0.01767796610167543 0.00840677966102321 6476
0.01798305084743941 0.00840677966102321 6477
0.01828813559320338 0.00840677966102321 6478
0.01859322033896736 0.008406779661023212 6479
0.01889830508473134 0.00840677966102321 6480
0.01920338983049411 0.00840677966102321 6481
0.01950847457625661 0.00840677966102321 6482
0.0198135593220192 0.00840677966102321 6483
0.02011864406778317 0.00840677966102321 6484
0.02042372881354714 0.00840677966102321 6485
0.02072881355931112 0.00840677966102321 6486
0.0210338983050751 0.008406779661023212 6487
0.02133898305083907 0.00840677966102321 6488
0.0216440677966016 0.008406779661023212 6489
0.02194915254236431 0.00840677966102321 6490
0.02225423728812829 0.00840677966102321 6491
0.02255932203389227 0.00840677966102321 6492
0.02286440677965501 0.008406779661023208 6493
0.02316949152541752 0.00840677966102321 6494
0.02347457627118148 0.00840677966102321 6495
0.02377966101694545 0.00840677966102321 6496
0.02408474576270943 0.00840677966102321 6497
0.02438983050847341 0.00840677966102321 6498
0.02469491525423739 0.00840677966102321 6499
0.007305084745762477 0.008254237288142318 6500
0.007610169491524386 0.00825423728814232 6501
0.007915254237286326 0.00825423728814232 6502
0.008220338983047526 0.00825423728814232 6503
0.008525423728809475 0.00825423728814232 6504
0.00883050847457198 0.008254237288142318 6505
0.009135593220334484 0.008254237288142318 6506
0.009440677966096987 0.008254237288142318 6507
0.009745762711859316 0.00825423728814232 6508
0.01005084745762109 0.008254237288142318 6509
0.01035593220338222 0.008254237288142318 6510
0.01066101694914327 0.00825423728814232 6511
0.01096610169490504 0.008254237288142318 6512
0.01127118644066681 0.00825423728814232 6513
0.01157627118642892 0.00825423728814232 6514
0.01188135593219069 0.008254237288142318 6515
0.01218644067795246 0.00825423728814232 6516
0.01249152542371424 0.008254237288142318 6517
0.01279661016947667 0.008254237288142318 6518
0.01310169491523844 0.00825423728814232 6519
0.01340677966100022 0.00825423728814232 6520
0.01371186440676199 0.00825423728814232 6521
0.0140169491525241 0.00825423728814232 6522
0.01432203389828586 0.008254237288142318 6523
0.01462711864404764 0.008254237288142318 6524
0.01493220338980954 0.00825423728814232 6525
0.01523728813557204 0.008254237288142318 6526
0.01554237288133404 0.00825423728814232 6527
0.01584745762709508 0.00825423728814232 6528
0.01615254237285826 0.008254237288142318 6529
0.01645762711862224 0.00825423728814232 6530
0.01676271186438622 0.00825423728814232 6531
0.01706779661014911 0.00825423728814232 6532
0.01737288135591162 0.00825423728814232 6533
0.01767796610167543 0.00825423728814232 6534
0.01798305084743941 0.00825423728814232 6535
0.01828813559320338 0.00825423728814232 6536
0.01859322033896736 0.00825423728814232 6537
0.01889830508473134 0.00825423728814232 6538
0.01920338983049412 0.00825423728814232 6539
0.01950847457625661 0.00825423728814232 6540
0.0198135593220192 0.00825423728814232 6541
0.02011864406778317 0.00825423728814232 6542
0.02042372881354714 0.00825423728814232 6543
0.02072881355931112 0.008254237288142318 6544
0.0210338983050751 0.00825423728814232 6545
0.02133898305083907 0.008254237288142318 6546
0.0216440677966016 0.008254237288142318 6547
0.02194915254236431 0.00825423728814232 6548
0.02225423728812829 0.00825423728814232 6549
0.02255932203389227 0.00825423728814232 6550
0.02286440677965501 0.00825423728814232 6551
0.02316949152541751 0.008254237288142318 6552
0.02347457627118148 0.008254237288142318 6553
0.02377966101694545 0.008254237288142318 6554
0.02408474576270943 0.008254237288142318 6555
0.0243898305084734 0.008254237288142318 6556
0.02469491525423738 0.008254237288142318 6557
0.007305084745762478 0.008101694915261394 6558
0.007610169491524386 0.008101694915261394 6559
0.007915254237286326 0.008101694915261394 6560
0.008220338983047526 0.008101694915261394 6561
0.008525423728809475 0.008101694915261396 6562
0.00883050847457198 0.008101694915261394 6563
0.009135593220334484 0.008101694915261394 6564
0.009440677966096989 0.008101694915261394 6565
0.009745762711859316 0.008101694915261394 6566
0.01005084745762109 0.008101694915261394 6567
0.01035593220338222 0.008101694915261394 6568
0.01066101694914327 0.008101694915261394 6569
0.01096610169490504 0.008101694915261394 6570
0.01127118644066681 0.008101694915261394 6571
0.01157627118642892 0.008101694915261394 6572
0.01188135593219069 0.008101694915261394 6573
0.01218644067795246 0.008101694915261394 6574
0.01249152542371424 0.008101694915261394 6575
0.01279661016947668 0.008101694915261394 6576
0.01310169491523844 0.008101694915261394 6577
0.01340677966100022 0.008101694915261394 6578
0.01371186440676199 0.008101694915261394 6579
0.01401694915252409 0.008101694915261394 6580
0.01432203389828586 0.008101694915261394 6581
0.01462711864404763 0.008101694915261394 6582
0.01493220338980954 0.008101694915261394 6583
0.01523728813557204 0.008101694915261394 6584
0.01554237288133405 0.008101694915261394 6585
0.01584745762709508 0.008101694915261394 6586
0.01615254237285826 0.008101694915261394 6587
0.01645762711862224 0.008101694915261394 6588
0.01676271186438622 0.008101694915261394 6589
0.01706779661014911 0.008101694915261394 6590
0.01737288135591161 0.008101694915261394 6591
0.01767796610167543 0.008101694915261394 6592
0.01798305084743941 0.008101694915261394 6593
0.01828813559320338 0.008101694915261394 6594
0.01859322033896736 0.008101694915261394 6595
0.01889830508473134 0.008101694915261394 6596
0.01920338983049411 0.008101694915261394 6597
0.01950847457625661 0.008101694915261394 6598
0.0198135593220192 0.008101694915261394 6599
0.02011864406778317 0.008101694915261394 6600
0.02042372881354714 0.008101694915261394 6601
0.02072881355931112 0.008101694915261394 6602
0.0210338983050751 0.008101694915261394 6603
0.02133898305083907 0.008101694915261394 6604
0.0216440677966016 0.008101694915261394 6605
0.02194915254236431 0.008101694915261394 6606
0.02225423728812829 0.008101694915261394 6607
0.02255932203389227 0.008101694915261394 6608
0.02286440677965501 0.008101694915261394 6609
0.02316949152541751 0.008101694915261394 6610
0.02347457627118148 0.008101694915261394 6611
0.02377966101694545 0.008101694915261394 6612
0.02408474576270943 0.008101694915261394 6613
0.02438983050847342 0.008101694915261394 6614
0.02469491525423739 0.008101694915261396 6615
0.007305084745762477 0.007949152542380619 6616
0.007610169491524386 0.007949152542380619 6617
0.007915254237286326 0.007949152542380621 6618
0.008220338983047526 0.007949152542380619 6619
0.008525423728809475 0.007949152542380619 6620
0.00883050847457198 0.007949152542380619 6621
0.009135593220334484 0.007949152542380619 6622
0.00944067796609699 0.007949152542380621 6623
0.009745762711859316 0.007949152542380619 6624
0.01005084745762109 0.007949152542380619 6625
0.01035593220338222 0.007949152542380619 6626
0.01066101694914327 0.007949152542380619 6627
0.01096610169490504 0.007949152542380619 6628
0.01127118644066681 0.007949152542380619 6629
0.01157627118642892 0.007949152542380619 6630
0.01188135593219069 0.007949152542380619 6631
0.01218644067795246 0.007949152542380619 6632
0.01249152542371424 0.007949152542380619 6633
0.01279661016947668 0.007949152542380622 6634
0.01310169491523844 0.007949152542380619 6635
0.01340677966100022 0.007949152542380617 6636
0.01371186440676199 0.007949152542380619 6637
0.01401694915252409 0.007949152542380617 6638
0.01432203389828587 0.007949152542380619 6639
0.01462711864404763 0.007949152542380619 6640
0.01493220338980954 0.007949152542380619 6641
0.01523728813557204 0.007949152542380617 6642
0.01554237288133405 0.007949152542380619 6643
0.01584745762709508 0.007949152542380619 6644
0.01615254237285826 0.007949152542380619 6645
0.01645762711862224 0.007949152542380619 6646
0.01676271186438622 0.007949152542380619 6647
0.01706779661014911 0.007949152542380619 6648
0.01737288135591161 0.007949152542380619 6649
0.01767796610167543 0.007949152542380619 6650
0.01798305084743941 0.007949152542380621 6651
0.01828813559320338 0.007949152542380619 6652
0.01859322033896736 0.007949152542380619 6653
0.01889830508473134 0.007949152542380619 6654
0.01920338983049411 0.007949152542380619 6655
0.01950847457625661 0.007949152542380619 6656
0.0198135593220192 0.007949152542380621 6657
0.02011864406778317 0.007949152542380619 6658
0.02042372881354714 0.007949152542380619 6659
0.02072881355931112 0.007949152542380619 6660
0.0210338983050751 0.007949152542380619 6661
0.02133898305083907 0.007949152542380619 6662
0.0216440677966016 0.007949152542380619 6663
0.02194915254236431 0.007949152542380619 6664
0.02225423728812829 0.007949152542380619 6665
0.02255932203389227 0.007949152542380619 6666
0.02286440677965501 0.007949152542380621 6667
0.02316949152541751 0.007949152542380619 6668
0.02347457627118148 0.007949152542380619 6669
0.02377966101694545 0.007949152542380619 6670
0.02408474576270943 0.007949152542380619 6671
0.0243898305084734 0.007949152542380619 6672
0.02469491525423739 0.007949152542380619 6673
0.007305084745762477 0.007796610169499485 6674
0.007610169491524385 0.007796610169499484 6675
0.007915254237286326 0.007796610169499483 6676
0.008220338983047526 0.007796610169499482 6677
0.008525423728809474 0.007796610169499481 6678
0.00883050847457198 0.007796610169499483 6679
0.009135593220334482 0.007796610169499482 6680
0.009440677966096989 0.007796610169499483 6681
0.009745762711859316 0.007796610169499482 6682
0.01005084745762109 0.007796610169499483 6683
0.01035593220338222 0.007796610169499483 6684
0.01066101694914327 0.007796610169499483 6685
0.01096610169490504 0.007796610169499482 6686
0.01127118644066681 0.007796610169499482 6687
0.01157627118642892 0.007796610169499481 6688
0.01188135593219069 0.007796610169499482 6689
0.01218644067795246 0.007796610169499483 6690
0.01249152542371424 0.007796610169499485 6691
0.01279661016947667 0.007796610169499483 6692
0.01310169491523844 0.007796610169499482 6693
0.01340677966100022 0.007796610169499484 6694
0.01371186440676199 0.007796610169499483 6695
0.0140169491525241 0.007796610169499481 6696
0.01432203389828586 0.007796610169499485 6697
0.01462711864404763 0.007796610169499482 6698
0.01493220338980954 0.007796610169499482 6699
0.01523728813557205 0.007796610169499482 6700
0.01554237288133405 0.007796610169499483 6701
0.01584745762709508 0.00779661016949948 6702
0.01615254237285826 0.007796610169499482 6703
0.01645762711862224 0.007796610169499482 6704
0.01676271186438621 0.007796610169499483 6705
0.01706779661014911 0.007796610169499482 6706
0.01737288135591161 0.007796610169499483 6707
0.01767796610167543 0.007796610169499483 6708
0.01798305084743941 0.007796610169499483 6709
0.01828813559320338 0.007796610169499482 6710
0.01859322033896736 0.007796610169499481 6711
0.01889830508473134 0.007796610169499483 6712
0.01920338983049411 0.007796610169499483 6713
0.01950847457625661 0.007796610169499482 6714
0.0198135593220192 0.007796610169499482 6715
0.02011864406778317 0.007796610169499483 6716
0.02042372881354715 0.007796610169499483 6717
0.02072881355931112 0.007796610169499483 6718
0.0210338983050751 0.007796610169499483 6719
0.02133898305083907 0.007796610169499483 6720
0.0216440677966016 0.007796610169499483 6721
0.02194915254236431 0.007796610169499481 6722
0.0222542372881283 0.007796610169499481 6723
0.02255932203389226 0.007796610169499483 6724
0.02286440677965501 0.007796610169499482 6725
0.02316949152541751 0.007796610169499483 6726
0.02347457627118148 0.007796610169499483 6727
0.02377966101694545 0.007796610169499483 6728
0.02408474576270943 0.007796610169499482 6729
0.02438983050847341 0.007796610169499482 6730
0.02469491525423739 0.007796610169499483 6731
0.007305084745762476 0.007644067796618454 6732
0.007610169491524387 0.007644067796618454 6733
0.007915254237286326 0.007644067796618453 6734
0.008220338983047526 0.007644067796618454 6735
0.008525423728809475 0.007644067796618454 6736
0.00883050847457198 0.007644067796618456 6737
0.009135593220334484 0.007644067796618454 6738
0.009440677966096989 0.007644067796618454 6739
0.009745762711859316 0.007644067796618454 6740
0.01005084745762109 0.007644067796618454 6741
0.01035593220338222 0.007644067796618454 6742
0.01066101694914327 0.007644067796618454 6743
0.01096610169490504 0.007644067796618454 6744
0.01127118644066681 0.007644067796618454 6745
0.01157627118642892 0.007644067796618454 6746
0.01188135593219069 0.007644067796618456 6747
0.01218644067795246 0.007644067796618455 6748
0.01249152542371424 0.007644067796618454 6749
0.01279661016947668 0.007644067796618454 6750
0.01310169491523844 0.007644067796618456 6751
0.01340677966100022 0.007644067796618454 6752
0.01371186440676199 0.007644067796618454 6753
0.01401694915252409 0.007644067796618456 6754
0.01432203389828586 0.007644067796618454 6755
0.01462711864404764 0.007644067796618455 6756
0.01493220338980954 0.007644067796618454 6757
0.01523728813557204 0.007644067796618454 6758
0.01554237288133405 0.007644067796618454 6759
0.01584745762709508 0.007644067796618454 6760
0.01615254237285826 0.007644067796618454 6761
0.01645762711862224 0.007644067796618454 6762
0.01676271186438622 0.007644067796618454 6763
0.01706779661014911 0.007644067796618454 6764
0.01737288135591162 0.007644067796618454 6765
0.01767796610167544 0.007644067796618454 6766
0.01798305084743941 0.007644067796618454 6767
0.01828813559320338 0.007644067796618454 6768
0.01859322033896736 0.007644067796618454 6769
0.01889830508473134 0.007644067796618454 6770
0.01920338983049411 0.007644067796618454 6771
0.01950847457625661 0.007644067796618454 6772
0.0198135593220192 0.007644067796618454 6773
0.02011864406778317 0.007644067796618454 6774
0.02042372881354714 0.007644067796618454 6775
0.02072881355931112 0.007644067796618454 6776
0.0210338983050751 0.007644067796618454 6777
0.02133898305083907 0.007644067796618454 6778
0.0216440677966016 0.007644067796618454 6779
0.02194915254236431 0.007644067796618454 6780
0.0222542372881283 0.007644067796618454 6781
0.02255932203389226 0.007644067796618454 6782
0.02286440677965501 0.007644067796618454 6783
0.02316949152541752 0.007644067796618454 6784
0.02347457627118148 0.007644067796618454 6785
0.02377966101694545 0.007644067796618454 6786
0.02408474576270943 0.007644067796618454 6787
0.02438983050847341 0.007644067796618454 6788
0.02469491525423739 0.007644067796618454 6789
0.007305084745762476 0.007491525423737575 6790
0.007610169491524386 0.007491525423737575 6791
0.007915254237286326 0.007491525423737575 6792
0.008220338983047526 0.007491525423737576 6793
0.008525423728809475 0.007491525423737576 6794
0.00883050847457198 0.007491525423737574 6795
0.009135593220334484 0.007491525423737577 6796
0.009440677966096989 0.007491525423737573 6797
0.009745762711859314 0.007491525423737574 6798
0.01005084745762109 0.007491525423737576 6799
0.01035593220338222 0.007491525423737574 6800
0.01066101694914327 0.007491525423737575 6801
0.01096610169490504 0.007491525423737577 6802
0.01127118644066681 0.007491525423737577 6803
0.01157627118642892 0.007491525423737577 6804
0.01188135593219069 0.007491525423737577 6805
0.01218644067795246 0.007491525423737577 6806
0.01249152542371424 0.007491525423737579 6807
0.01279661016947668 0.007491525423737573 6808
0.01310169491523844 0.007491525423737574 6809
0.01340677966100022 0.007491525423737573 6810
0.01371186440676199 0.007491525423737577 6811
0.01401694915252409 0.007491525423737574 6812
0.01432203389828586 0.007491525423737575 6813
0.01462711864404763 0.007491525423737577 6814
0.01493220338980954 0.007491525423737575 6815
0.01523728813557205 0.007491525423737574 6816
0.01554237288133405 0.007491525423737575 6817
0.01584745762709508 0.007491525423737575 6818
0.01615254237285826 0.007491525423737577 6819
0.01645762711862224 0.007491525423737577 6820
0.01676271186438621 0.007491525423737574 6821
0.01706779661014911 0.007491525423737576 6822
0.01737288135591162 0.007491525423737575 6823
0.01767796610167543 0.007491525423737575 6824
0.01798305084743941 0.007491525423737574 6825
0.01828813559320338 0.007491525423737575 6826
0.01859322033896736 0.007491525423737574 6827
0.01889830508473134 0.007491525423737574 6828
0.01920338983049411 0.007491525423737576 6829
0.01950847457625661 0.007491525423737574 6830
0.0198135593220192 0.007491525423737574 6831
0.02011864406778318 0.007491525423737575 6832
0.02042372881354714 0.007491525423737573 6833
0.02072881355931112 0.007491525423737575 6834
0.0210338983050751 0.007491525423737575 6835
0.02133898305083907 0.007491525423737574 6836
0.0216440677966016 0.007491525423737574 6837
0.02194915254236431 0.007491525423737574 6838
0.02225423728812829 0.007491525423737575 6839
0.02255932203389227 0.007491525423737576 6840
0.02286440677965501 0.007491525423737575 6841
0.02316949152541752 0.007491525423737575 6842
0.02347457627118148 0.007491525423737574 6843
0.02377966101694545 0.007491525423737575 6844
0.02408474576270943 0.007491525423737575 6845
0.02438983050847341 0.007491525423737575 6846
0.02469491525423738 0.007491525423737575 6847
0.007305084745762479 0.0073389830508567 6848
0.007610169491524387 0.0073389830508567 6849
0.007915254237286326 0.007338983050856695 6850
0.008220338983047526 0.007338983050856698 6851
0.008525423728809475 0.007338983050856697 6852
0.00883050847457198 0.007338983050856698 6853
0.009135593220334484 0.007338983050856698 6854
0.009440677966096989 0.007338983050856696 6855
0.009745762711859316 0.007338983050856698 6856
0.01005084745762109 0.007338983050856698 6857
0.01035593220338222 0.007338983050856698 6858
0.01066101694914327 0.007338983050856699 6859
0.01096610169490504 0.007338983050856696 6860
0.01127118644066681 0.007338983050856698 6861
0.01157627118642892 0.007338983050856698 6862
0.01188135593219069 0.007338983050856697 6863
0.01218644067795246 0.007338983050856698 6864
0.01249152542371424 0.007338983050856697 6865
0.01279661016947668 0.007338983050856698 6866
0.01310169491523844 0.007338983050856698 6867
0.01340677966100022 0.007338983050856698 6868
0.01371186440676199 0.007338983050856698 6869
0.01401694915252409 0.007338983050856698 6870
0.01432203389828587 0.007338983050856698 6871
0.01462711864404763 0.007338983050856696 6872
0.01493220338980954 0.007338983050856698 6873
0.01523728813557204 0.007338983050856697 6874
0.01554237288133405 0.007338983050856698 6875
0.01584745762709508 0.007338983050856698 6876
0.01615254237285826 0.007338983050856698 6877
0.01645762711862224 0.007338983050856698 6878
0.01676271186438622 0.007338983050856698 6879
0.01706779661014911 0.007338983050856698 6880
0.01737288135591161 0.007338983050856698 6881
0.01767796610167543 0.007338983050856698 6882
0.01798305084743941 0.007338983050856698 6883
0.01828813559320338 0.007338983050856698 6884
0.01859322033896736 0.007338983050856698 6885
0.01889830508473134 0.007338983050856699 6886
0.01920338983049411 0.007338983050856699 6887
0.01950847457625661 0.007338983050856698 6888
0.0198135593220192 0.007338983050856698 6889
0.02011864406778317 0.007338983050856698 6890
0.02042372881354714 0.007338983050856698 6891
0.02072881355931112 0.007338983050856698 6892
0.0210338983050751 0.007338983050856698 6893
0.02133898305083907 0.007338983050856698 6894
0.0216440677966016 0.007338983050856698 6895
0.02194915254236431 0.007338983050856698 6896
0.02225423728812829 0.007338983050856698 6897
0.02255932203389227 0.007338983050856698 6898
0.02286440677965501 0.007338983050856698 6899
0.02316949152541752 0.007338983050856699 6900
0.02347457627118148 0.007338983050856699 6901
0.02377966101694545 0.007338983050856698 6902
0.02408474576270943 0.007338983050856699 6903
0.02438983050847341 0.007338983050856697 6904
0.02469491525423739 0.007338983050856698 6905
0.007305084745762479 0.007186440677975819 6906
0.007610169491524387 0.00718644067797582 6907
0.007915254237286328 0.007186440677975818 6908
0.008220338983047526 0.007186440677975818 6909
0.008525423728809477 0.007186440677975818 6910
0.00883050847457198 0.007186440677975819 6911
0.009135593220334484 0.007186440677975819 6912
0.009440677966096989 0.007186440677975819 6913
0.009745762711859318 0.007186440677975818 6914
0.01005084745762109 0.007186440677975817 6915
0.01035593220338222 0.007186440677975817 6916
0.01066101694914327 0.007186440677975818 6917
0.01096610169490504 0.007186440677975819 6918
0.01127118644066681 0.007186440677975818 6919
0.01157627118642892 0.007186440677975818 6920
0.01188135593219069 0.007186440677975819 6921
0.01218644067795246 0.007186440677975817 6922
0.01249152542371424 0.007186440677975818 6923
0.01279661016947668 0.007186440677975818 6924
0.01310169491523844 0.007186440677975819 6925
0.01340677966100021 0.007186440677975817 6926
0.01371186440676199 0.007186440677975817 6927
0.0140169491525241 0.007186440677975818 6928
0.01432203389828587 0.007186440677975818 6929
0.01462711864404763 0.007186440677975819 6930
0.01493220338980954 0.007186440677975817 6931
0.01523728813557204 0.007186440677975818 6932
0.01554237288133405 0.007186440677975818 6933
0.01584745762709508 0.00718644067797582 6934
0.01615254237285826 0.007186440677975819 6935
0.01645762711862224 0.007186440677975818 6936
0.01676271186438622 0.007186440677975819 6937
0.01706779661014911 0.007186440677975818 6938
0.01737288135591162 0.007186440677975819 6939
0.01767796610167544 0.007186440677975819 6940
0.01798305084743941 0.007186440677975818 6941
0.01828813559320339 0.007186440677975819 6942
0.01859322033896736 0.007186440677975818 6943
0.01889830508473134 0.00718644067797582 6944
0.01920338983049411 0.007186440677975818 6945
0.01950847457625661 0.007186440677975819 6946
0.0198135593220192 0.007186440677975818 6947
0.02011864406778316 0.007186440677975819 6948
0.02042372881354714 0.007186440677975818 6949
0.02072881355931112 0.007186440677975818 6950
0.0210338983050751 0.007186440677975819 6951
0.02133898305083907 0.00718644067797582 6952
0.0216440677966016 0.007186440677975817 6953
0.02194915254236431 0.007186440677975819 6954
0.02225423728812828 0.007186440677975818 6955
0.02255932203389226 0.007186440677975819 6956
0.02286440677965501 0.007186440677975819 6957
0.02316949152541751 0.007186440677975818 6958
0.02347457627118148 0.007186440677975818 6959
0.02377966101694545 0.007186440677975818 6960
0.02408474576270942 0.007186440677975817 6961
0.0243898305084734 0.00718644067797582 6962
0.02469491525423739 0.007186440677975819 6963
0.007305084745762478 0.00703389830509487 6964
0.007610169491524388 0.007033898305094871 6965
0.007915254237286326 0.007033898305094871 6966
0.008220338983047526 0.00703389830509487 6967
0.008525423728809475 0.007033898305094871 6968
0.00883050847457198 0.007033898305094871 6969
0.009135593220334484 0.007033898305094869 6970
0.009440677966096989 0.007033898305094871 6971
0.009745762711859316 0.007033898305094871 6972
0.01005084745762109 0.00703389830509487 6973
0.01035593220338222 0.007033898305094871 6974
0.01066101694914327 0.007033898305094871 6975
0.01096610169490504 0.007033898305094871 6976
0.01127118644066681 0.00703389830509487 6977
0.01157627118642892 0.007033898305094871 6978
0.01188135593219069 0.00703389830509487 6979
0.01218644067795246 0.007033898305094871 6980
0.01249152542371424 0.00703389830509487 6981
0.01279661016947668 0.00703389830509487 6982
0.01310169491523845 0.00703389830509487 6983
0.01340677966100021 0.007033898305094871 6984
0.01371186440676199 0.007033898305094871 6985
0.01401694915252409 0.00703389830509487 6986
0.01432203389828586 0.00703389830509487 6987
0.01462711864404763 0.007033898305094871 6988
0.01493220338980954 0.00703389830509487 6989
0.01523728813557204 0.00703389830509487 6990
0.01554237288133405 0.00703389830509487 6991
0.01584745762709508 0.00703389830509487 6992
0.01615254237285826 0.00703389830509487 6993
0.01645762711862225 0.00703389830509487 6994
0.01676271186438622 0.00703389830509487 6995
0.01706779661014911 0.00703389830509487 6996
0.01737288135591161 0.00703389830509487 6997
0.01767796610167544 0.00703389830509487 6998
0.01798305084743941 0.007033898305094871 6999
0.01828813559320338 0.00703389830509487 7000
0.01859322033896737 0.007033898305094871 7001
0.01889830508473134 0.00703389830509487 7002
0.01920338983049411 0.007033898305094869 7003
0.01950847457625661 0.00703389830509487 7004
0.01981355932201919 0.00703389830509487 7005
0.02011864406778317 0.00703389830509487 7006
0.02042372881354714 0.00703389830509487 7007
0.02072881355931112 0.00703389830509487 7008
0.0210338983050751 0.007033898305094871 7009
0.02133898305083907 0.00703389830509487 7010
0.0216440677966016 0.00703389830509487 7011
0.02194915254236431 0.007033898305094871 7012
0.02225423728812829 0.00703389830509487 7013
0.02255932203389227 0.00703389830509487 7014
0.02286440677965501 0.00703389830509487 7015
0.0231694915254175 0.00703389830509487 7016
0.02347457627118148 0.007033898305094871 7017
0.02377966101694545 0.007033898305094869 7018
0.02408474576270943 0.00703389830509487 7019
0.0243898305084734 0.007033898305094871 7020
0.02469491525423739 0.00703389830509487 7021
0.007305084745762478 0.006881355932213624 7022
0.007610169491524385 0.006881355932213623 7023
0.007915254237286326 0.006881355932213622 7024
0.008220338983047526 0.006881355932213624 7025
0.008525423728809475 0.006881355932213624 7026
0.00883050847457198 0.006881355932213624 7027
0.009135593220334482 0.006881355932213624 7028
0.009440677966096989 0.006881355932213625 7029
0.009745762711859316 0.006881355932213624 7030
0.01005084745762108 0.006881355932213624 7031
0.01035593220338222 0.006881355932213622 7032
0.01066101694914327 0.006881355932213625 7033
0.01096610169490504 0.006881355932213624 7034
0.01127118644066681 0.006881355932213624 7035
0.01157627118642892 0.006881355932213625 7036
0.01188135593219069 0.006881355932213625 7037
0.01218644067795246 0.006881355932213623 7038
0.01249152542371424 0.006881355932213624 7039
0.01279661016947668 0.006881355932213623 7040
0.01310169491523844 0.006881355932213623 7041
0.01340677966100022 0.006881355932213624 7042
0.01371186440676199 0.006881355932213624 7043
0.01401694915252409 0.006881355932213624 7044
0.01432203389828586 0.006881355932213624 7045
0.01462711864404764 0.006881355932213624 7046
0.01493220338980955 0.006881355932213624 7047
0.01523728813557205 0.006881355932213624 7048
0.01554237288133404 0.006881355932213624 7049
0.01584745762709508 0.006881355932213623 7050
0.01615254237285826 0.006881355932213624 7051
0.01645762711862224 0.006881355932213624 7052
0.01676271186438622 0.006881355932213624 7053
0.01706779661014911 0.006881355932213623 7054
0.01737288135591162 0.006881355932213624 7055
0.01767796610167543 0.006881355932213624 7056
0.01798305084743941 0.006881355932213623 7057
0.01828813559320339 0.006881355932213624 7058
0.01859322033896736 0.006881355932213624 7059
0.01889830508473134 0.006881355932213624 7060
0.01920338983049411 0.006881355932213624 7061
0.01950847457625661 0.006881355932213623 7062
0.0198135593220192 0.006881355932213623 7063
0.02011864406778317 0.006881355932213623 7064
0.02042372881354715 0.006881355932213625 7065
0.02072881355931112 0.006881355932213624 7066
0.0210338983050751 0.006881355932213624 7067
0.02133898305083907 0.006881355932213624 7068
0.0216440677966016 0.006881355932213624 7069
0.02194915254236431 0.006881355932213623 7070
0.02225423728812829 0.006881355932213623 7071
0.02255932203389226 0.006881355932213624 7072
0.02286440677965501 0.006881355932213624 7073
0.02316949152541751 0.006881355932213624 7074
0.02347457627118148 0.006881355932213624 7075
0.02377966101694545 0.006881355932213625 7076
0.02408474576270943 0.006881355932213624 7077
0.0243898305084734 0.006881355932213624 7078
0.02469491525423738 0.006881355932213624 7079
0.007305084745762478 0.006728813559332378 7080
0.007610169491524387 0.006728813559332377 7081
0.007915254237286326 0.006728813559332377 7082
0.008220338983047526 0.006728813559332377 7083
0.008525423728809475 0.006728813559332378 7084
0.00883050847457198 0.006728813559332378 7085
0.009135593220334484 0.006728813559332376 7086
0.009440677966096989 0.006728813559332377 7087
0.009745762711859316 0.006728813559332378 7088
0.01005084745762109 0.006728813559332377 7089
0.01035593220338222 0.006728813559332376 7090
0.01066101694914327 0.006728813559332378 7091
0.01096610169490504 0.006728813559332379 7092
0.01127118644066681 0.006728813559332376 7093
0.01157627118642892 0.006728813559332379 7094
0.01188135593219069 0.006728813559332377 7095
0.01218644067795246 0.006728813559332378 7096
0.01249152542371424 0.006728813559332378 7097
0.01279661016947668 0.006728813559332377 7098
0.01310169491523844 0.006728813559332376 7099
0.01340677966100022 0.006728813559332377 7100
0.01371186440676199 0.006728813559332379 7101
0.01401694915252409 0.006728813559332378 7102
0.01432203389828586 0.006728813559332378 7103
0.01462711864404763 0.006728813559332376 7104
0.01493220338980954 0.006728813559332377 7105
0.01523728813557204 0.006728813559332377 7106
0.01554237288133405 0.006728813559332377 7107
0.01584745762709508 0.006728813559332378 7108
0.01615254237285826 0.006728813559332377 7109
0.01645762711862224 0.006728813559332378 7110
0.01676271186438622 0.006728813559332378 7111
0.01706779661014911 0.006728813559332377 7112
0.01737288135591161 0.006728813559332378 7113
0.01767796610167543 0.006728813559332377 7114
0.01798305084743941 0.006728813559332378 7115
0.01828813559320338 0.006728813559332377 7116
0.01859322033896736 0.006728813559332377 7117
0.01889830508473134 0.006728813559332377 7118
0.01920338983049411 0.006728813559332377 7119
0.01950847457625661 0.006728813559332377 7120
0.0198135593220192 0.006728813559332378 7121
0.02011864406778317 0.006728813559332377 7122
0.02042372881354715 0.006728813559332379 7123
0.02072881355931112 0.006728813559332378 7124
0.0210338983050751 0.006728813559332377 7125
0.02133898305083907 0.006728813559332378 7126
0.0216440677966016 0.006728813559332377 7127
0.02194915254236431 0.006728813559332378 7128
0.02225423728812829 0.006728813559332378 7129
0.02255932203389227 0.006728813559332377 7130
0.02286440677965501 0.006728813559332378 7131
0.02316949152541751 0.006728813559332377 7132
0.02347457627118148 0.006728813559332377 7133
0.02377966101694545 0.006728813559332378 7134
0.02408474576270943 0.006728813559332377 7135
0.02438983050847341 0.006728813559332377 7136
0.02469491525423739 0.006728813559332378 7137
0.007305084745762478 0.006576271186451609 7138
0.007610169491524387 0.00657627118645161 7139
0.007915254237286328 0.006576271186451607 7140
0.008220338983047526 0.00657627118645161 7141
0.008525423728809475 0.006576271186451607 7142
0.00883050847457198 0.006576271186451607 7143
0.009135593220334484 0.006576271186451609 7144
0.00944067796609699 0.006576271186451609 7145
0.009745762711859318 0.006576271186451611 7146
0.01005084745762109 0.006576271186451609 7147
0.01035593220338222 0.006576271186451609 7148
0.01066101694914327 0.006576271186451609 7149
0.01096610169490504 0.006576271186451609 7150
0.01127118644066681 0.006576271186451607 7151
0.01157627118642892 0.006576271186451609 7152
0.01188135593219069 0.006576271186451609 7153
0.01218644067795246 0.00657627118645161 7154
0.01249152542371425 0.006576271186451611 7155
0.01279661016947668 0.006576271186451608 7156
0.01310169491523844 0.00657627118645161 7157
0.01340677966100021 0.006576271186451609 7158
0.01371186440676199 0.006576271186451609 7159
0.01401694915252409 0.006576271186451609 7160
0.01432203389828586 0.006576271186451609 7161
0.01462711864404763 0.006576271186451609 7162
0.01493220338980954 0.00657627118645161 7163
0.01523728813557204 0.006576271186451609 7164
0.01554237288133405 0.006576271186451607 7165
0.01584745762709508 0.006576271186451611 7166
0.01615254237285826 0.006576271186451609 7167
0.01645762711862224 0.00657627118645161 7168
0.01676271186438622 0.006576271186451609 7169
0.01706779661014911 0.00657627118645161 7170
0.01737288135591162 0.00657627118645161 7171
0.01767796610167544 0.00657627118645161 7172
0.01798305084743941 0.00657627118645161 7173
0.01828813559320338 0.006576271186451611 7174
0.01859322033896736 0.00657627118645161 7175
0.01889830508473134 0.00657627118645161 7176
0.01920338983049411 0.006576271186451609 7177
0.01950847457625661 0.006576271186451609 7178
0.0198135593220192 0.00657627118645161 7179
0.02011864406778317 0.00657627118645161 7180
0.02042372881354714 0.006576271186451609 7181
0.02072881355931112 0.006576271186451611 7182
0.0210338983050751 0.006576271186451609 7183
0.02133898305083907 0.006576271186451609 7184
0.0216440677966016 0.00657627118645161 7185
0.02194915254236431 0.00657627118645161 7186
0.0222542372881283 0.006576271186451609 7187
0.02255932203389226 0.00657627118645161 7188
0.02286440677965501 0.006576271186451609 7189
0.02316949152541751 0.00657627118645161 7190
0.02347457627118148 0.00657627118645161 7191
0.02377966101694545 0.006576271186451609 7192
0.02408474576270943 0.006576271186451609 7193
0.0243898305084734 0.00657627118645161 7194
0.02469491525423739 0.006576271186451609 7195
0.007305084745762478 0.006423728813570363 7196
0.007610169491524387 0.006423728813570362 7197
0.007915254237286326 0.006423728813570365 7198
0.008220338983047526 0.006423728813570361 7199
0.008525423728809475 0.006423728813570364 7200
0.00883050847457198 0.006423728813570362 7201
0.009135593220334484 0.006423728813570363 7202
0.009440677966096989 0.006423728813570363 7203
0.009745762711859316 0.006423728813570363 7204
0.01005084745762109 0.006423728813570362 7205
0.01035593220338222 0.006423728813570362 7206
0.01066101694914327 0.006423728813570364 7207
0.01096610169490504 0.006423728813570365 7208
0.01127118644066681 0.006423728813570362 7209
0.01157627118642892 0.006423728813570363 7210
0.01188135593219069 0.006423728813570364 7211
0.01218644067795246 0.006423728813570362 7212
0.01249152542371424 0.006423728813570364 7213
0.01279661016947668 0.006423728813570363 7214
0.01310169491523844 0.006423728813570363 7215
0.01340677966100022 0.006423728813570366 7216
0.01371186440676199 0.006423728813570362 7217
0.01401694915252409 0.00642372881357036 7218
0.01432203389828586 0.006423728813570361 7219
0.01462711864404763 0.006423728813570362 7220
0.01493220338980954 0.006423728813570364 7221
0.01523728813557204 0.006423728813570365 7222
0.01554237288133405 0.006423728813570362 7223
0.01584745762709508 0.006423728813570362 7224
0.01615254237285826 0.006423728813570363 7225
0.01645762711862224 0.006423728813570362 7226
0.01676271186438622 0.006423728813570362 7227
0.01706779661014911 0.006423728813570363 7228
0.01737288135591162 0.006423728813570364 7229
0.01767796610167543 0.006423728813570363 7230
0.01798305084743941 0.006423728813570363 7231
0.01828813559320338 0.006423728813570363 7232
0.01859322033896736 0.006423728813570362 7233
0.01889830508473134 0.006423728813570361 7234
0.01920338983049411 0.006423728813570361 7235
0.01950847457625661 0.006423728813570364 7236
0.0198135593220192 0.006423728813570364 7237
0.02011864406778317 0.006423728813570363 7238
0.02042372881354715 0.006423728813570363 7239
0.02072881355931112 0.006423728813570363 7240
0.0210338983050751 0.006423728813570364 7241
0.02133898305083907 0.006423728813570363 7242
0.0216440677966016 0.006423728813570362 7243
0.02194915254236431 0.006423728813570363 7244
0.02225423728812829 0.006423728813570363 7245
0.02255932203389227 0.006423728813570363 7246
0.02286440677965501 0.006423728813570363 7247
0.02316949152541751 0.006423728813570363 7248
0.02347457627118148 0.006423728813570363 7249
0.02377966101694545 0.006423728813570362 7250
0.02408474576270943 0.006423728813570362 7251
0.02438983050847341 0.006423728813570363 7252
0.02469491525423739 0.006423728813570363 7253
0.007305084745762477 0.006271186440688381 7254
0.007610169491524385 0.006271186440688382 7255
0.007915254237286326 0.006271186440688381 7256
0.008220338983047526 0.006271186440688381 7257
0.008525423728809475 0.006271186440688382 7258
0.00883050847457198 0.006271186440688381 7259
0.009135593220334484 0.006271186440688383 7260
0.009440677966096989 0.006271186440688381 7261
0.009745762711859316 0.006271186440688381 7262
0.01005084745762109 0.006271186440688381 7263
0.01035593220338222 0.006271186440688381 7264
0.01066101694914327 0.006271186440688381 7265
0.01096610169490504 0.006271186440688381 7266
0.01127118644066681 0.006271186440688382 7267
0.01157627118642892 0.006271186440688381 7268
0.01188135593219069 0.006271186440688381 7269
0.01218644067795246 0.006271186440688381 7270
0.01249152542371424 0.006271186440688381 7271
0.01279661016947668 0.006271186440688381 7272
0.01310169491523844 0.006271186440688381 7273
0.01340677966100022 0.006271186440688381 7274
0.01371186440676199 0.006271186440688381 7275
0.01401694915252409 0.006271186440688381 7276
0.01432203389828586 0.006271186440688381 7277
0.01462711864404763 0.006271186440688381 7278
0.01493220338980954 0.006271186440688381 7279
0.01523728813557204 0.006271186440688381 7280
0.01554237288133405 0.006271186440688382 7281
0.01584745762709508 0.006271186440688382 7282
0.01615254237285826 0.006271186440688381 7283
0.01645762711862224 0.006271186440688381 7284
0.01676271186438622 0.006271186440688381 7285
0.01706779661014911 0.006271186440688381 7286
0.01737288135591162 0.006271186440688381 7287
0.01767796610167544 0.006271186440688381 7288
0.01798305084743941 0.006271186440688382 7289
0.01828813559320338 0.006271186440688381 7290
0.01859322033896736 0.006271186440688381 7291
0.01889830508473134 0.006271186440688381 7292
0.01920338983049411 0.006271186440688381 7293
0.01950847457625661 0.006271186440688381 7294
0.0198135593220192 0.006271186440688381 7295
0.02011864406778317 0.006271186440688381 7296
0.02042372881354714 0.006271186440688381 7297
0.02072881355931112 0.006271186440688381 7298
0.0210338983050751 0.006271186440688381 7299
0.02133898305083907 0.006271186440688381 7300
0.0216440677966016 0.006271186440688382 7301
0.02194915254236431 0.006271186440688381 7302
0.02225423728812829 0.006271186440688382 7303
0.02255932203389227 0.006271186440688381 7304
0.02286440677965501 0.006271186440688381 7305
0.02316949152541751 0.006271186440688381 7306
0.02347457627118148 0.006271186440688381 7307
0.02377966101694545 0.006271186440688382 7308
0.02408474576270943 0.006271186440688381 7309
0.02438983050847341 0.006271186440688381 7310
0.02469491525423739 0.006271186440688381 7311
0.007305084745762479 0.006118644067806713 7312
0.007610169491524387 0.006118644067806711 7313
0.007915254237286326 0.00611864406780671 7314
0.008220338983047526 0.006118644067806711 7315
0.008525423728809475 0.006118644067806711 7316
0.00883050847457198 0.006118644067806709 7317
0.009135593220334484 0.006118644067806711 7318
0.00944067796609699 0.006118644067806711 7319
0.009745762711859316 0.006118644067806711 7320
0.01005084745762109 0.00611864406780671 7321
0.01035593220338222 0.006118644067806712 7322
0.01066101694914327 0.006118644067806711 7323
0.01096610169490504 0.006118644067806712 7324
0.01127118644066681 0.006118644067806711 7325
0.01157627118642892 0.006118644067806709 7326
0.01188135593219069 0.006118644067806711 7327
0.01218644067795246 0.006118644067806711 7328
0.01249152542371424 0.00611864406780671 7329
0.01279661016947668 0.00611864406780671 7330
0.01310169491523845 0.006118644067806713 7331
0.01340677966100022 0.006118644067806711 7332
0.01371186440676199 0.006118644067806711 7333
0.01401694915252409 0.006118644067806711 7334
0.01432203389828586 0.006118644067806709 7335
0.01462711864404763 0.006118644067806709 7336
0.01493220338980954 0.006118644067806712 7337
0.01523728813557204 0.006118644067806713 7338
0.01554237288133404 0.00611864406780671 7339
0.01584745762709508 0.00611864406780671 7340
0.01615254237285826 0.00611864406780671 7341
0.01645762711862224 0.006118644067806712 7342
0.01676271186438622 0.006118644067806713 7343
0.01706779661014911 0.006118644067806712 7344
0.01737288135591162 0.006118644067806712 7345
0.01767796610167543 0.006118644067806711 7346
0.01798305084743941 0.00611864406780671 7347
0.01828813559320338 0.006118644067806713 7348
0.01859322033896736 0.00611864406780671 7349
0.01889830508473134 0.006118644067806711 7350
0.01920338983049411 0.00611864406780671 7351
0.01950847457625661 0.006118644067806713 7352
0.0198135593220192 0.006118644067806711 7353
0.02011864406778317 0.006118644067806711 7354
0.02042372881354715 0.00611864406780671 7355
0.02072881355931112 0.006118644067806711 7356
0.0210338983050751 0.00611864406780671 7357
0.02133898305083907 0.00611864406780671 7358
0.0216440677966016 0.006118644067806711 7359
0.02194915254236431 0.006118644067806711 7360
0.02225423728812829 0.00611864406780671 7361
0.02255932203389227 0.00611864406780671 7362
0.02286440677965501 0.00611864406780671 7363
0.02316949152541751 0.006118644067806709 7364
0.02347457627118148 0.006118644067806711 7365
0.02377966101694545 0.00611864406780671 7366
0.02408474576270943 0.006118644067806711 7367
0.02438983050847341 0.00611864406780671 7368
0.02469491525423739 0.006118644067806711 7369
0.007305084745762478 0.005966101694925466 7370
0.007610169491524387 0.005966101694925468 7371
0.007915254237286326 0.005966101694925468 7372
0.008220338983047526 0.005966101694925464 7373
0.008525423728809475 0.005966101694925465 7374
0.00883050847457198 0.005966101694925466 7375
0.009135593220334484 0.005966101694925465 7376
0.009440677966096989 0.005966101694925466 7377
0.009745762711859318 0.005966101694925466 7378
0.01005084745762109 0.005966101694925465 7379
0.01035593220338222 0.005966101694925466 7380
0.01066101694914327 0.005966101694925464 7381
0.01096610169490504 0.005966101694925464 7382
0.01127118644066681 0.005966101694925465 7383
0.01157627118642892 0.005966101694925466 7384
0.01188135593219069 0.005966101694925467 7385
0.01218644067795246 0.005966101694925466 7386
0.01249152542371424 0.005966101694925466 7387
0.01279661016947668 0.005966101694925463 7388
0.01310169491523844 0.005966101694925464 7389
0.01340677966100022 0.005966101694925466 7390
0.01371186440676199 0.005966101694925465 7391
0.01401694915252409 0.005966101694925466 7392
0.01432203389828586 0.005966101694925467 7393
0.01462711864404763 0.005966101694925466 7394
0.01493220338980954 0.005966101694925466 7395
0.01523728813557204 0.005966101694925466 7396
0.01554237288133405 0.005966101694925466 7397
0.01584745762709508 0.005966101694925467 7398
0.01615254237285826 0.005966101694925466 7399
0.01645762711862224 0.005966101694925466 7400
0.01676271186438622 0.005966101694925464 7401
0.01706779661014911 0.005966101694925465 7402
0.01737288135591162 0.005966101694925466 7403
0.01767796610167543 0.005966101694925466 7404
0.01798305084743941 0.005966101694925466 7405
0.01828813559320338 0.005966101694925466 7406
0.01859322033896736 0.005966101694925464 7407
0.01889830508473134 0.005966101694925466 7408
0.01920338983049411 0.005966101694925467 7409
0.01950847457625661 0.005966101694925467 7410
0.0198135593220192 0.005966101694925466 7411
0.02011864406778317 0.005966101694925467 7412
0.02042372881354714 0.005966101694925466 7413
0.02072881355931112 0.005966101694925467 7414
0.0210338983050751 0.005966101694925466 7415
0.02133898305083907 0.005966101694925467 7416
0.0216440677966016 0.005966101694925467 7417
0.02194915254236431 0.005966101694925467 7418
0.02225423728812829 0.005966101694925467 7419
0.02255932203389227 0.005966101694925466 7420
0.02286440677965501 0.005966101694925467 7421
0.02316949152541751 0.005966101694925466 7422
0.02347457627118148 0.005966101694925467 7423
0.02377966101694545 0.005966101694925467 7424
0.02408474576270943 0.005966101694925467 7425
0.02438983050847341 0.005966101694925466 7426
0.02469491525423739 0.005966101694925466 7427
0.007305084745762477 0.005813559322043792 7428
0.007610169491524387 0.005813559322043792 7429
0.007915254237286326 0.005813559322043794 7430
0.008220338983047526 0.005813559322043791 7431
0.008525423728809475 0.005813559322043789 7432
0.00883050847457198 0.005813559322043791 7433
0.009135593220334484 0.005813559322043793 7434
0.009440677966096989 0.005813559322043791 7435
0.009745762711859316 0.005813559322043793 7436
0.01005084745762109 0.00581355932204379 7437
0.01035593220338222 0.005813559322043792 7438
0.01066101694914327 0.005813559322043793 7439
0.01096610169490504 0.005813559322043791 7440
0.01127118644066681 0.005813559322043791 7441
0.01157627118642892 0.005813559322043791 7442
0.01188135593219069 0.005813559322043791 7443
0.01218644067795246 0.005813559322043791 7444
0.01249152542371424 0.00581355932204379 7445
0.01279661016947667 0.00581355932204379 7446
0.01310169491523844 0.00581355932204379 7447
0.01340677966100022 0.005813559322043791 7448
0.01371186440676199 0.005813559322043792 7449
0.01401694915252409 0.00581355932204379 7450
0.01432203389828586 0.005813559322043793 7451
0.01462711864404763 0.005813559322043794 7452
0.01493220338980954 0.005813559322043794 7453
0.01523728813557204 0.00581355932204379 7454
0.01554237288133404 0.005813559322043792 7455
0.01584745762709508 0.005813559322043789 7456
0.01615254237285826 0.005813559322043792 7457
0.01645762711862224 0.005813559322043791 7458
0.01676271186438622 0.005813559322043794 7459
0.01706779661014911 0.005813559322043791 7460
0.01737288135591162 0.005813559322043792 7461
0.01767796610167543 0.005813559322043789 7462
0.01798305084743941 0.005813559322043791 7463
0.01828813559320338 0.005813559322043794 7464
0.01859322033896736 0.005813559322043793 7465
0.01889830508473134 0.005813559322043791 7466
0.01920338983049411 0.005813559322043792 7467
0.01950847457625661 0.005813559322043792 7468
0.0198135593220192 0.005813559322043792 7469
0.02011864406778317 0.005813559322043792 7470
0.02042372881354715 0.005813559322043791 7471
0.02072881355931112 0.005813559322043792 7472
0.0210338983050751 0.005813559322043792 7473
0.02133898305083907 0.005813559322043791 7474
0.0216440677966016 0.005813559322043792 7475
0.02194915254236431 0.005813559322043792 7476
0.02225423728812829 0.005813559322043791 7477
0.02255932203389227 0.005813559322043791 7478
0.02286440677965501 0.005813559322043791 7479
0.02316949152541751 0.00581355932204379 7480
0.02347457627118148 0.005813559322043792 7481
0.02377966101694545 0.005813559322043792 7482
0.02408474576270943 0.005813559322043791 7483
0.02438983050847341 0.005813559322043791 7484
0.02469491525423738 0.005813559322043792 7485
0.007305084745762478 0.00566101694916181 7486
0.007610169491524386 0.005661016949161808 7487
0.007915254237286326 0.005661016949161809 7488
0.008220338983047526 0.005661016949161808 7489
0.008525423728809475 0.00566101694916181 7490
0.00883050847457198 0.005661016949161808 7491
0.009135593220334484 0.005661016949161811 7492
0.009440677966096989 0.00566101694916181 7493
0.009745762711859316 0.00566101694916181 7494
0.01005084745762109 0.00566101694916181 7495
0.01035593220338222 0.00566101694916181 7496
0.01066101694914327 0.00566101694916181 7497
0.01096610169490504 0.00566101694916181 7498
0.01127118644066681 0.005661016949161808 7499
0.01157627118642892 0.005661016949161809 7500
0.01188135593219069 0.00566101694916181 7501
0.01218644067795246 0.005661016949161808 7502
0.01249152542371424 0.00566101694916181 7503
0.01279661016947668 0.00566101694916181 7504
0.01310169491523844 0.005661016949161808 7505
0.01340677966100022 0.00566101694916181 7506
0.01371186440676199 0.00566101694916181 7507
0.01401694915252409 0.00566101694916181 7508
0.01432203389828586 0.005661016949161809 7509
0.01462711864404764 0.00566101694916181 7510
0.01493220338980954 0.00566101694916181 7511
0.01523728813557204 0.00566101694916181 7512
0.01554237288133405 0.005661016949161811 7513
0.01584745762709508 0.005661016949161809 7514
0.01615254237285826 0.00566101694916181 7515
0.01645762711862224 0.005661016949161808 7516
0.01676271186438622 0.00566101694916181 7517
0.01706779661014911 0.00566101694916181 7518
0.01737288135591162 0.00566101694916181 7519
0.01767796610167543 0.005661016949161809 7520
0.01798305084743941 0.005661016949161809 7521
0.01828813559320338 0.005661016949161809 7522
0.01859322033896736 0.005661016949161808 7523
0.01889830508473134 0.00566101694916181 7524
0.01920338983049411 0.00566101694916181 7525
0.01950847457625661 0.00566101694916181 7526
0.0198135593220192 0.00566101694916181 7527
0.02011864406778317 0.00566101694916181 7528
0.02042372881354714 0.00566101694916181 7529
0.02072881355931112 0.00566101694916181 7530
0.0210338983050751 0.00566101694916181 7531
0.02133898305083907 0.00566101694916181 7532
0.0216440677966016 0.00566101694916181 7533
0.02194915254236431 0.00566101694916181 7534
0.0222542372881283 0.00566101694916181 7535
0.02255932203389226 0.00566101694916181 7536
0.02286440677965501 0.00566101694916181 7537
0.02316949152541751 0.00566101694916181 7538
0.02347457627118148 0.00566101694916181 7539
0.02377966101694545 0.00566101694916181 7540
0.02408474576270943 0.00566101694916181 7541
0.02438983050847341 0.00566101694916181 7542
0.02469491525423739 0.00566101694916181 7543
0.007305084745762479 0.005508474576279827 7544
0.007610169491524385 0.005508474576279827 7545
0.007915254237286326 0.005508474576279827 7546
0.008220338983047526 0.005508474576279828 7547
0.008525423728809475 0.00550847457627983 7548
0.00883050847457198 0.005508474576279827 7549
0.009135593220334484 0.005508474576279828 7550
0.009440677966096989 0.005508474576279827 7551
0.009745762711859316 0.005508474576279827 7552
0.01005084745762109 0.005508474576279826 7553
0.01035593220338222 0.005508474576279827 7554
0.01066101694914327 0.005508474576279827 7555
0.01096610169490504 0.005508474576279826 7556
0.01127118644066681 0.005508474576279827 7557
0.01157627118642892 0.005508474576279826 7558
0.01188135593219069 0.005508474576279826 7559
0.01218644067795246 0.005508474576279827 7560
0.01249152542371424 0.005508474576279826 7561
0.01279661016947668 0.005508474576279829 7562
0.01310169491523844 0.005508474576279827 7563
0.01340677966100021 0.005508474576279827 7564
0.01371186440676199 0.005508474576279827 7565
0.01401694915252409 0.005508474576279827 7566
0.01432203389828586 0.005508474576279827 7567
0.01462711864404764 0.005508474576279827 7568
0.01493220338980954 0.005508474576279827 7569
0.01523728813557204 0.005508474576279827 7570
0.01554237288133405 0.005508474576279827 7571
0.01584745762709508 0.005508474576279827 7572
0.01615254237285826 0.005508474576279827 7573
0.01645762711862224 0.005508474576279827 7574
0.01676271186438622 0.005508474576279827 7575
0.01706779661014911 0.005508474576279827 7576
0.01737288135591162 0.005508474576279827 7577
0.01767796610167543 0.005508474576279827 7578
0.01798305084743941 0.005508474576279827 7579
0.01828813559320338 0.005508474576279827 7580
0.01859322033896736 0.005508474576279827 7581
0.01889830508473134 0.005508474576279827 7582
0.01920338983049411 0.005508474576279827 7583
0.01950847457625661 0.005508474576279827 7584
0.0198135593220192 0.005508474576279827 7585
0.02011864406778317 0.005508474576279827 7586
0.02042372881354714 0.005508474576279827 7587
0.02072881355931112 0.005508474576279827 7588
0.0210338983050751 0.005508474576279827 7589
0.02133898305083907 0.005508474576279827 7590
0.0216440677966016 0.005508474576279827 7591
0.02194915254236431 0.005508474576279827 7592
0.02225423728812829 0.005508474576279827 7593
0.02255932203389226 0.005508474576279827 7594
0.02286440677965501 0.005508474576279827 7595
0.02316949152541751 0.005508474576279827 7596
0.02347457627118148 0.005508474576279827 7597
0.02377966101694545 0.005508474576279827 7598
0.02408474576270943 0.005508474576279827 7599
0.02438983050847341 0.005508474576279827 7600
0.02469491525423739 0.005508474576279827 7601
0.007305084745762477 0.005355932203397844 7602
0.007610169491524387 0.005355932203397844 7603
0.007915254237286326 0.005355932203397844 7604
0.008220338983047526 0.005355932203397845 7605
0.008525423728809475 0.005355932203397845 7606
0.008830508474571981 0.005355932203397844 7607
0.009135593220334486 0.005355932203397845 7608
0.009440677966096989 0.005355932203397844 7609
0.009745762711859316 0.005355932203397844 7610
0.01005084745762109 0.005355932203397844 7611
0.01035593220338222 0.005355932203397844 7612
0.01066101694914327 0.005355932203397844 7613
0.01096610169490504 0.005355932203397844 7614
0.01127118644066681 0.005355932203397846 7615
0.01157627118642892 0.005355932203397844 7616
0.01188135593219069 0.005355932203397845 7617
0.01218644067795246 0.005355932203397844 7618
0.01249152542371424 0.005355932203397846 7619
0.01279661016947668 0.005355932203397846 7620
0.01310169491523844 0.005355932203397846 7621
0.01340677966100022 0.005355932203397845 7622
0.01371186440676199 0.005355932203397844 7623
0.01401694915252409 0.005355932203397844 7624
0.01432203389828586 0.005355932203397845 7625
0.01462711864404763 0.005355932203397845 7626
0.01493220338980954 0.005355932203397844 7627
0.01523728813557204 0.005355932203397844 7628
0.01554237288133405 0.005355932203397844 7629
0.01584745762709508 0.005355932203397844 7630
0.01615254237285826 0.005355932203397844 7631
0.01645762711862224 0.005355932203397844 7632
0.01676271186438622 0.005355932203397844 7633
0.01706779661014911 0.005355932203397846 7634
0.01737288135591161 0.005355932203397844 7635
0.01767796610167544 0.005355932203397844 7636
0.01798305084743941 0.005355932203397844 7637
0.01828813559320338 0.005355932203397844 7638
0.01859322033896736 0.005355932203397846 7639
0.01889830508473134 0.005355932203397844 7640
0.01920338983049411 0.005355932203397844 7641
0.01950847457625661 0.005355932203397846 7642
0.0198135593220192 0.005355932203397844 7643
0.02011864406778317 0.005355932203397844 7644
0.02042372881354714 0.005355932203397844 7645
0.02072881355931112 0.005355932203397846 7646
0.0210338983050751 0.005355932203397844 7647
0.02133898305083907 0.005355932203397844 7648
0.0216440677966016 0.005355932203397844 7649
0.02194915254236431 0.005355932203397844 7650
0.02225423728812829 0.005355932203397844 7651
0.02255932203389226 0.005355932203397844 7652
0.02286440677965501 0.005355932203397844 7653
0.02316949152541752 0.005355932203397844 7654
0.02347457627118148 0.005355932203397844 7655
0.02377966101694545 0.005355932203397844 7656
0.02408474576270943 0.005355932203397844 7657
0.02438983050847341 0.005355932203397846 7658
0.02469491525423739 0.005355932203397844 7659
0.007305084745762479 0.005203389830516182 7660
0.007610169491524386 0.005203389830516182 7661
0.007915254237286326 0.005203389830516183 7662
0.008220338983047526 0.005203389830516184 7663
0.008525423728809475 0.005203389830516183 7664
0.00883050847457198 0.005203389830516181 7665
0.009135593220334484 0.005203389830516182 7666
0.009440677966096989 0.005203389830516181 7667
0.009745762711859316 0.005203389830516182 7668
0.01005084745762109 0.005203389830516181 7669
0.01035593220338222 0.005203389830516182 7670
0.01066101694914327 0.005203389830516183 7671
0.01096610169490504 0.005203389830516182 7672
0.01127118644066681 0.005203389830516183 7673
0.01157627118642892 0.005203389830516182 7674
0.01188135593219069 0.005203389830516184 7675
0.01218644067795246 0.005203389830516182 7676
0.01249152542371424 0.005203389830516182 7677
0.01279661016947668 0.005203389830516182 7678
0.01310169491523844 0.005203389830516183 7679
0.01340677966100021 0.005203389830516182 7680
0.01371186440676199 0.005203389830516183 7681
0.01401694915252409 0.005203389830516182 7682
0.01432203389828587 0.005203389830516181 7683
0.01462711864404763 0.005203389830516184 7684
0.01493220338980954 0.005203389830516183 7685
0.01523728813557204 0.005203389830516182 7686
0.01554237288133405 0.005203389830516183 7687
0.01584745762709509 0.005203389830516183 7688
0.01615254237285826 0.005203389830516183 7689
0.01645762711862224 0.005203389830516182 7690
0.01676271186438622 0.005203389830516183 7691
0.01706779661014911 0.005203389830516183 7692
0.01737288135591162 0.005203389830516183 7693
0.01767796610167543 0.005203389830516183 7694
0.01798305084743941 0.005203389830516182 7695
0.01828813559320338 0.005203389830516182 7696
0.01859322033896736 0.005203389830516183 7697
0.01889830508473134 0.005203389830516182 7698
0.01920338983049411 0.005203389830516182 7699
0.01950847457625661 0.005203389830516182 7700
0.0198135593220192 0.005203389830516183 7701
0.02011864406778317 0.005203389830516183 7702
0.02042372881354714 0.005203389830516183 7703
0.02072881355931112 0.005203389830516182 7704
0.0210338983050751 0.005203389830516183 7705
0.02133898305083907 0.005203389830516184 7706
0.0216440677966016 0.005203389830516183 7707
0.02194915254236431 0.005203389830516182 7708
0.02225423728812829 0.005203389830516182 7709
0.02255932203389227 0.005203389830516182 7710
0.02286440677965501 0.005203389830516182 7711
0.02316949152541751 0.00520338983051618 7712
0.02347457627118148 0.005203389830516182 7713
0.02377966101694545 0.005203389830516183 7714
0.02408474576270943 0.005203389830516183 7715
0.0243898305084734 0.005203389830516182 7716
0.02469491525423739 0.005203389830516183 7717
0.007305084745762479 0.005050847457634934 7718
0.007610169491524387 0.005050847457634937 7719
0.007915254237286326 0.005050847457634936 7720
0.008220338983047524 0.005050847457634934 7721
0.008525423728809475 0.005050847457634935 7722
0.00883050847457198 0.005050847457634935 7723
0.009135593220334484 0.005050847457634935 7724
0.009440677966096989 0.005050847457634935 7725
0.009745762711859316 0.005050847457634935 7726
0.01005084745762109 0.005050847457634934 7727
0.01035593220338222 0.005050847457634934 7728
0.01066101694914327 0.005050847457634934 7729
0.01096610169490504 0.005050847457634932 7730
0.01127118644066681 0.005050847457634935 7731
0.01157627118642892 0.005050847457634936 7732
0.01188135593219069 0.005050847457634934 7733
0.01218644067795246 0.005050847457634933 7734
0.01249152542371424 0.005050847457634936 7735
0.01279661016947668 0.005050847457634934 7736
0.01310169491523845 0.005050847457634935 7737
0.01340677966100022 0.005050847457634937 7738
0.01371186440676199 0.005050847457634935 7739
0.01401694915252409 0.005050847457634934 7740
0.01432203389828586 0.005050847457634935 7741
0.01462711864404764 0.005050847457634937 7742
0.01493220338980954 0.005050847457634935 7743
0.01523728813557205 0.005050847457634935 7744
0.01554237288133405 0.005050847457634935 7745
0.01584745762709508 0.005050847457634935 7746
0.01615254237285826 0.005050847457634935 7747
0.01645762711862224 0.005050847457634935 7748
0.01676271186438622 0.005050847457634935 7749
0.01706779661014911 0.005050847457634934 7750
0.01737288135591162 0.005050847457634934 7751
0.01767796610167543 0.005050847457634935 7752
0.01798305084743941 0.005050847457634935 7753
0.01828813559320338 0.005050847457634935 7754
0.01859322033896736 0.005050847457634934 7755
0.01889830508473134 0.005050847457634934 7756
0.01920338983049411 0.005050847457634934 7757
0.01950847457625661 0.005050847457634935 7758
0.0198135593220192 0.005050847457634935 7759
0.02011864406778317 0.005050847457634934 7760
0.02042372881354714 0.005050847457634934 7761
0.02072881355931112 0.005050847457634935 7762
0.0210338983050751 0.005050847457634935 7763
0.02133898305083907 0.005050847457634934 7764
0.0216440677966016 0.005050847457634935 7765
0.02194915254236431 0.005050847457634934 7766
0.02225423728812829 0.005050847457634934 7767
0.02255932203389226 0.005050847457634934 7768
0.02286440677965501 0.005050847457634935 7769
0.02316949152541751 0.005050847457634934 7770
0.02347457627118148 0.005050847457634935 7771
0.02377966101694545 0.005050847457634935 7772
0.02408474576270943 0.005050847457634935 7773
0.0243898305084734 0.005050847457634935 7774
0.02469491525423739 0.005050847457634935 7775
0.007305084745762478 0.004898305084753255 7776
0.007610169491524386 0.004898305084753255 7777
0.007915254237286326 0.004898305084753255 7778
0.008220338983047526 0.004898305084753255 7779
0.008525423728809474 0.004898305084753255 7780
0.00883050847457198 0.004898305084753255 7781
0.009135593220334484 0.004898305084753255 7782
0.009440677966096989 0.004898305084753258 7783
0.009745762711859316 0.004898305084753254 7784
0.01005084745762109 0.004898305084753255 7785
0.01035593220338222 0.004898305084753255 7786
0.01066101694914327 0.004898305084753256 7787
0.01096610169490504 0.004898305084753255 7788
0.01127118644066681 0.004898305084753255 7789
0.01157627118642892 0.004898305084753255 7790
0.01188135593219069 0.004898305084753255 7791
0.01218644067795246 0.004898305084753255 7792
0.01249152542371424 0.004898305084753255 7793
0.01279661016947667 0.004898305084753255 7794
0.01310169491523844 0.004898305084753255 7795
0.01340677966100021 0.004898305084753255 7796
0.01371186440676199 0.004898305084753257 7797
0.01401694915252409 0.004898305084753255 7798
0.01432203389828587 0.004898305084753255 7799
0.01462711864404763 0.004898305084753255 7800
0.01493220338980954 0.004898305084753255 7801
0.01523728813557204 0.004898305084753255 7802
0.01554237288133405 0.004898305084753255 7803
0.01584745762709509 0.004898305084753256 7804
0.01615254237285826 0.004898305084753255 7805
0.01645762711862224 0.004898305084753255 7806
0.01676271186438622 0.004898305084753255 7807
0.01706779661014911 0.004898305084753255 7808
0.01737288135591162 0.004898305084753255 7809
0.01767796610167543 0.004898305084753255 7810
0.01798305084743941 0.004898305084753255 7811
0.01828813559320338 0.004898305084753255 7812
0.01859322033896736 0.004898305084753255 7813
0.01889830508473134 0.004898305084753255 7814
0.01920338983049411 0.004898305084753255 7815
0.01950847457625661 0.004898305084753255 7816
0.0198135593220192 0.004898305084753255 7817
0.02011864406778317 0.004898305084753255 7818
0.02042372881354714 0.004898305084753255 7819
0.02072881355931112 0.004898305084753255 7820
0.0210338983050751 0.004898305084753255 7821
0.02133898305083907 0.004898305084753255 7822
0.0216440677966016 0.004898305084753255 7823
0.02194915254236431 0.004898305084753255 7824
0.02225423728812829 0.004898305084753255 7825
0.02255932203389227 0.004898305084753255 7826
0.02286440677965501 0.004898305084753255 7827
0.02316949152541751 0.004898305084753255 7828
0.02347457627118148 0.004898305084753255 7829
0.02377966101694545 0.004898305084753255 7830
0.02408474576270943 0.004898305084753255 7831
0.02438983050847341 0.004898305084753255 7832
0.02469491525423739 0.004898305084753255 7833
0.007305084745762479 0.004745762711871272 7834
0.007610169491524386 0.004745762711871272 7835
0.007915254237286326 0.004745762711871272 7836
0.008220338983047526 0.004745762711871273 7837
0.008525423728809475 0.004745762711871273 7838
0.008830508474571978 0.004745762711871271 7839
0.009135593220334486 0.004745762711871271 7840
0.009440677966096989 0.004745762711871273 7841
0.009745762711859316 0.004745762711871272 7842
0.01005084745762109 0.004745762711871272 7843
0.01035593220338222 0.004745762711871271 7844
0.01066101694914327 0.004745762711871272 7845
0.01096610169490504 0.004745762711871271 7846
0.01127118644066681 0.004745762711871273 7847
0.01157627118642892 0.004745762711871272 7848
0.01188135593219069 0.004745762711871271 7849
0.01218644067795246 0.004745762711871271 7850
0.01249152542371424 0.004745762711871273 7851
0.01279661016947668 0.004745762711871271 7852
0.01310169491523845 0.004745762711871272 7853
0.01340677966100022 0.004745762711871271 7854
0.01371186440676199 0.004745762711871273 7855
0.01401694915252409 0.004745762711871271 7856
0.01432203389828586 0.004745762711871272 7857
0.01462711864404764 0.004745762711871271 7858
0.01493220338980954 0.004745762711871272 7859
0.01523728813557204 0.004745762711871273 7860
0.01554237288133405 0.004745762711871273 7861
0.01584745762709508 0.004745762711871273 7862
0.01615254237285826 0.004745762711871272 7863
0.01645762711862224 0.004745762711871272 7864
0.01676271186438622 0.004745762711871272 7865
0.01706779661014911 0.004745762711871271 7866
0.01737288135591162 0.004745762711871272 7867
0.01767796610167543 0.004745762711871272 7868
0.01798305084743941 0.004745762711871271 7869
0.01828813559320338 0.004745762711871273 7870
0.01859322033896736 0.004745762711871273 7871
0.01889830508473134 0.004745762711871272 7872
0.01920338983049411 0.004745762711871271 7873
0.01950847457625661 0.004745762711871273 7874
0.0198135593220192 0.004745762711871272 7875
0.02011864406778317 0.004745762711871271 7876
0.02042372881354714 0.004745762711871272 7877
0.02072881355931112 0.004745762711871271 7878
0.0210338983050751 0.004745762711871273 7879
0.02133898305083907 0.004745762711871272 7880
0.0216440677966016 0.004745762711871272 7881
0.02194915254236431 0.004745762711871273 7882
0.02225423728812829 0.004745762711871272 7883
0.02255932203389227 0.004745762711871271 7884
0.02286440677965501 0.004745762711871272 7885
0.02316949152541751 0.004745762711871272 7886
0.02347457627118148 0.004745762711871271 7887
0.02377966101694545 0.004745762711871272 7888
0.02408474576270944 0.004745762711871272 7889
0.02438983050847341 0.004745762711871272 7890
0.02469491525423739 0.004745762711871272 7891
0.007305084745762478 0.004593220338989293 7892
0.007610169491524387 0.004593220338989291 7893
0.007915254237286326 0.00459322033898929 7894
0.008220338983047526 0.004593220338989293 7895
0.008525423728809474 0.00459322033898929 7896
0.00883050847457198 0.00459322033898929 7897
0.009135593220334482 0.004593220338989291 7898
0.009440677966096987 0.004593220338989291 7899
0.009745762711859316 0.004593220338989291 7900
0.01005084745762109 0.004593220338989289 7901
0.01035593220338222 0.004593220338989291 7902
0.01066101694914327 0.00459322033898929 7903
0.01096610169490504 0.00459322033898929 7904
0.01127118644066681 0.00459322033898929 7905
0.01157627118642892 0.00459322033898929 7906
0.01188135593219069 0.00459322033898929 7907
0.01218644067795246 0.00459322033898929 7908
0.01249152542371424 0.00459322033898929 7909
0.01279661016947668 0.00459322033898929 7910
0.01310169491523844 0.00459322033898929 7911
0.01340677966100022 0.00459322033898929 7912
0.01371186440676199 0.00459322033898929 7913
0.01401694915252409 0.00459322033898929 7914
0.01432203389828586 0.00459322033898929 7915
0.01462711864404764 0.00459322033898929 7916
0.01493220338980954 0.00459322033898929 7917
0.01523728813557205 0.00459322033898929 7918
0.01554237288133405 0.004593220338989291 7919
0.01584745762709508 0.00459322033898929 7920
0.01615254237285826 0.00459322033898929 7921
0.01645762711862224 0.00459322033898929 7922
0.01676271186438622 0.00459322033898929 7923
0.01706779661014911 0.00459322033898929 7924
0.01737288135591162 0.00459322033898929 7925
0.01767796610167543 0.00459322033898929 7926
0.01798305084743941 0.00459322033898929 7927
0.01828813559320338 0.00459322033898929 7928
0.01859322033896736 0.00459322033898929 7929
0.01889830508473134 0.00459322033898929 7930
0.01920338983049411 0.00459322033898929 7931
0.01950847457625661 0.00459322033898929 7932
0.0198135593220192 0.00459322033898929 7933
0.02011864406778317 0.00459322033898929 7934
0.02042372881354715 0.00459322033898929 7935
0.02072881355931112 0.00459322033898929 7936
0.0210338983050751 0.00459322033898929 7937
0.02133898305083907 0.00459322033898929 7938
0.0216440677966016 0.00459322033898929 7939
0.02194915254236431 0.00459322033898929 7940
0.02225423728812829 0.00459322033898929 7941
0.02255932203389227 0.00459322033898929 7942
0.02286440677965501 0.00459322033898929 7943
0.02316949152541751 0.00459322033898929 7944
0.02347457627118148 0.00459322033898929 7945
0.02377966101694545 0.00459322033898929 7946
0.02408474576270944 0.00459322033898929 7947
0.02438983050847341 0.00459322033898929 7948
0.02469491525423739 0.00459322033898929 7949
0.007305084745762477 0.004440677966107307 7950
0.007610169491524387 0.004440677966107308 7951
0.007915254237286326 0.004440677966107308 7952
0.008220338983047526 0.004440677966107307 7953
0.008525423728809475 0.004440677966107307 7954
0.00883050847457198 0.004440677966107308 7955
0.009135593220334482 0.004440677966107307 7956
0.009440677966096989 0.004440677966107308 7957
0.009745762711859316 0.004440677966107308 7958
0.01005084745762109 0.004440677966107308 7959
0.01035593220338222 0.004440677966107308 7960
0.01066101694914327 0.004440677966107307 7961
0.01096610169490504 0.004440677966107307 7962
0.01127118644066681 0.004440677966107306 7963
0.01157627118642892 0.004440677966107308 7964
0.01188135593219069 0.004440677966107308 7965
0.01218644067795246 0.004440677966107308 7966
0.01249152542371424 0.004440677966107307 7967
0.01279661016947668 0.004440677966107307 7968
0.01310169491523844 0.004440677966107308 7969
0.01340677966100022 0.004440677966107308 7970
0.01371186440676199 0.004440677966107308 7971
0.01401694915252409 0.004440677966107307 7972
0.01432203389828586 0.004440677966107308 7973
0.01462711864404763 0.004440677966107307 7974
0.01493220338980954 0.004440677966107308 7975
0.01523728813557204 0.004440677966107307 7976
0.01554237288133405 0.004440677966107308 7977
0.01584745762709508 0.004440677966107308 7978
0.01615254237285826 0.004440677966107307 7979
0.01645762711862224 0.004440677966107308 7980
0.01676271186438622 0.004440677966107308 7981
0.01706779661014911 0.004440677966107308 7982
0.01737288135591162 0.004440677966107308 7983
0.01767796610167543 0.004440677966107307 7984
0.01798305084743941 0.004440677966107308 7985
0.01828813559320338 0.004440677966107308 7986
0.01859322033896736 0.004440677966107308 7987
0.01889830508473134 0.004440677966107308 7988
0.01920338983049411 0.004440677966107308 7989
0.01950847457625661 0.004440677966107308 7990
0.0198135593220192 0.004440677966107308 7991
0.02011864406778317 0.004440677966107308 7992
0.02042372881354715 0.004440677966107308 7993
0.02072881355931112 0.004440677966107308 7994
0.0210338983050751 0.004440677966107308 7995
0.02133898305083907 0.004440677966107308 7996
0.0216440677966016 0.004440677966107307 7997
0.02194915254236431 0.004440677966107308 7998
0.0222542372881283 0.004440677966107308 7999
0.02255932203389227 0.004440677966107308 8000
0.02286440677965501 0.004440677966107308 8001
0.02316949152541751 0.004440677966107308 8002
0.02347457627118147 0.004440677966107308 8003
0.02377966101694546 0.004440677966107308 8004
0.02408474576270943 0.004440677966107308 8005
0.0243898305084734 0.004440677966107308 8006
0.02469491525423739 0.004440677966107308 8007
0.007305084745762478 0.004288135593225652 8008
0.007610169491524387 0.004288135593225652 8009
0.007915254237286326 0.004288135593225652 8010
0.008220338983047526 0.004288135593225651 8011
0.008525423728809475 0.004288135593225652 8012
0.00883050847457198 0.004288135593225652 8013
0.009135593220334484 0.00428813559322565 8014
0.009440677966096989 0.004288135593225652 8015
0.009745762711859316 0.004288135593225651 8016
0.01005084745762109 0.004288135593225649 8017
0.01035593220338222 0.004288135593225649 8018
0.01066101694914327 0.004288135593225652 8019
0.01096610169490504 0.004288135593225652 8020
0.01127118644066681 0.004288135593225652 8021
0.01157627118642892 0.004288135593225652 8022
0.01188135593219069 0.004288135593225651 8023
0.01218644067795246 0.00428813559322565 8024
0.01249152542371424 0.004288135593225651 8025
0.01279661016947668 0.004288135593225651 8026
0.01310169491523844 0.004288135593225649 8027
0.01340677966100022 0.004288135593225651 8028
0.01371186440676199 0.004288135593225652 8029
0.01401694915252409 0.004288135593225651 8030
0.01432203389828586 0.004288135593225649 8031
0.01462711864404763 0.004288135593225651 8032
0.01493220338980954 0.004288135593225649 8033
0.01523728813557204 0.004288135593225651 8034
0.01554237288133405 0.004288135593225652 8035
0.01584745762709508 0.004288135593225652 8036
0.01615254237285826 0.004288135593225652 8037
0.01645762711862224 0.004288135593225652 8038
0.01676271186438622 0.004288135593225652 8039
0.01706779661014911 0.004288135593225652 8040
0.01737288135591161 0.004288135593225651 8041
0.01767796610167543 0.004288135593225652 8042
0.01798305084743941 0.004288135593225652 8043
0.01828813559320338 0.004288135593225651 8044
0.01859322033896736 0.004288135593225652 8045
0.01889830508473134 0.004288135593225652 8046
0.01920338983049411 0.00428813559322565 8047
0.01950847457625661 0.004288135593225652 8048
0.0198135593220192 0.004288135593225651 8049
0.02011864406778317 0.004288135593225649 8050
0.02042372881354714 0.004288135593225652 8051
0.02072881355931112 0.004288135593225651 8052
0.0210338983050751 0.004288135593225652 8053
0.02133898305083907 0.004288135593225652 8054
0.0216440677966016 0.004288135593225652 8055
0.02194915254236431 0.004288135593225651 8056
0.02225423728812829 0.004288135593225651 8057
0.02255932203389227 0.004288135593225651 8058
0.02286440677965501 0.004288135593225652 8059
0.02316949152541751 0.004288135593225652 8060
0.02347457627118148 0.004288135593225652 8061
0.02377966101694545 0.004288135593225651 8062
0.02408474576270943 0.004288135593225651 8063
0.02438983050847341 0.004288135593225652 8064
0.02469491525423739 0.004288135593225652 8065
0.007305084745762478 0.004135593220344297 8066
0.007610169491524387 0.004135593220344296 8067
0.007915254237286326 0.004135593220344297 8068
0.008220338983047526 0.004135593220344297 8069
0.008525423728809475 0.004135593220344297 8070
0.00883050847457198 0.004135593220344296 8071
0.009135593220334486 0.004135593220344297 8072
0.009440677966096989 0.004135593220344297 8073
0.009745762711859318 0.004135593220344297 8074
0.01005084745762109 0.004135593220344297 8075
0.01035593220338222 0.004135593220344298 8076
0.01066101694914327 0.004135593220344297 8077
0.01096610169490504 0.004135593220344297 8078
0.01127118644066681 0.004135593220344298 8079
0.01157627118642892 0.004135593220344296 8080
0.01188135593219069 0.004135593220344297 8081
0.01218644067795246 0.004135593220344297 8082
0.01249152542371424 0.004135593220344296 8083
0.01279661016947668 0.004135593220344297 8084
0.01310169491523844 0.004135593220344297 8085
0.01340677966100022 0.004135593220344297 8086
0.01371186440676199 0.004135593220344298 8087
0.01401694915252409 0.004135593220344297 8088
0.01432203389828586 0.004135593220344298 8089
0.01462711864404763 0.004135593220344297 8090
0.01493220338980954 0.004135593220344298 8091
0.01523728813557204 0.004135593220344297 8092
0.01554237288133404 0.004135593220344297 8093
0.01584745762709508 0.004135593220344297 8094
0.01615254237285826 0.004135593220344296 8095
0.01645762711862224 0.004135593220344297 8096
0.01676271186438622 0.004135593220344297 8097
0.01706779661014911 0.004135593220344296 8098
0.01737288135591162 0.004135593220344297 8099
0.01767796610167543 0.004135593220344297 8100
0.01798305084743941 0.004135593220344298 8101
0.01828813559320338 0.004135593220344297 8102
0.01859322033896736 0.004135593220344296 8103
0.01889830508473134 0.004135593220344297 8104
0.01920338983049411 0.004135593220344297 8105
0.01950847457625661 0.004135593220344297 8106
0.0198135593220192 0.004135593220344297 8107
0.02011864406778317 0.004135593220344297 8108
0.02042372881354714 0.004135593220344297 8109
0.02072881355931112 0.004135593220344296 8110
0.0210338983050751 0.004135593220344297 8111
0.02133898305083907 0.004135593220344296 8112
0.0216440677966016 0.004135593220344297 8113
0.02194915254236431 0.004135593220344297 8114
0.02225423728812829 0.004135593220344297 8115
0.02255932203389226 0.004135593220344297 8116
0.02286440677965501 0.004135593220344297 8117
0.02316949152541751 0.004135593220344297 8118
0.02347457627118148 0.004135593220344297 8119
0.02377966101694545 0.004135593220344296 8120
0.02408474576270943 0.004135593220344297 8121
0.0243898305084734 0.004135593220344296 8122
0.02469491525423739 0.004135593220344296 8123
0.007305084745762478 0.00398305084746238 8124
0.007610169491524386 0.00398305084746238 8125
0.007915254237286328 0.003983050847462379 8126
0.008220338983047524 0.003983050847462378 8127
0.008525423728809475 0.003983050847462379 8128
0.008830508474571981 0.003983050847462379 8129
0.009135593220334484 0.003983050847462379 8130
0.00944067796609699 0.003983050847462379 8131
0.009745762711859316 0.003983050847462379 8132
0.01005084745762109 0.003983050847462379 8133
0.01035593220338222 0.003983050847462379 8134
0.01066101694914327 0.003983050847462379 8135
0.01096610169490504 0.003983050847462378 8136
0.01127118644066681 0.00398305084746238 8137
0.01157627118642892 0.003983050847462379 8138
0.01188135593219069 0.003983050847462379 8139
0.01218644067795246 0.003983050847462379 8140
0.01249152542371424 0.003983050847462379 8141
0.01279661016947668 0.003983050847462379 8142
0.01310169491523844 0.003983050847462378 8143
0.01340677966100022 0.003983050847462379 8144
0.01371186440676199 0.003983050847462379 8145
0.0140169491525241 0.003983050847462379 8146
0.01432203389828586 0.003983050847462379 8147
0.01462711864404763 0.003983050847462379 8148
0.01493220338980954 0.00398305084746238 8149
0.01523728813557204 0.003983050847462379 8150
0.01554237288133405 0.003983050847462377 8151
0.01584745762709508 0.003983050847462379 8152
0.01615254237285826 0.003983050847462379 8153
0.01645762711862224 0.003983050847462379 8154
0.01676271186438622 0.003983050847462379 8155
0.01706779661014911 0.003983050847462379 8156
0.01737288135591161 0.003983050847462379 8157
0.01767796610167543 0.003983050847462379 8158
0.01798305084743941 0.00398305084746238 8159
0.01828813559320338 0.00398305084746238 8160
0.01859322033896736 0.003983050847462379 8161
0.01889830508473134 0.003983050847462379 8162
0.01920338983049411 0.003983050847462379 8163
0.01950847457625661 0.003983050847462379 8164
0.0198135593220192 0.003983050847462378 8165
0.02011864406778317 0.003983050847462379 8166
0.02042372881354714 0.003983050847462379 8167
0.02072881355931112 0.003983050847462379 8168
0.0210338983050751 0.003983050847462379 8169
0.02133898305083907 0.00398305084746238 8170
0.0216440677966016 0.003983050847462379 8171
0.02194915254236431 0.00398305084746238 8172
0.02225423728812829 0.00398305084746238 8173
0.02255932203389227 0.003983050847462379 8174
0.02286440677965501 0.003983050847462379 8175
0.02316949152541751 0.003983050847462379 8176
0.02347457627118147 0.003983050847462379 8177
0.02377966101694546 0.003983050847462379 8178
0.02408474576270943 0.003983050847462379 8179
0.02438983050847341 0.003983050847462379 8180
0.02469491525423738 0.003983050847462379 8181
0.007305084745762478 0.003830508474580395 8182
0.007610169491524386 0.003830508474580395 8183
0.007915254237286326 0.003830508474580397 8184
0.008220338983047526 0.003830508474580397 8185
0.008525423728809475 0.003830508474580396 8186
0.00883050847457198 0.003830508474580397 8187
0.009135593220334482 0.003830508474580396 8188
0.009440677966096989 0.003830508474580397 8189
0.009745762711859316 0.003830508474580396 8190
0.01005084745762109 0.003830508474580396 8191
0.01035593220338222 0.003830508474580396 8192
0.01066101694914327 0.003830508474580397 8193
0.01096610169490504 0.003830508474580396 8194
0.01127118644066681 0.003830508474580397 8195
0.01157627118642892 0.003830508474580396 8196
0.01188135593219069 0.003830508474580396 8197
0.01218644067795246 0.003830508474580396 8198
0.01249152542371424 0.003830508474580396 8199
0.01279661016947668 0.003830508474580396 8200
0.01310169491523845 0.003830508474580396 8201
0.01340677966100022 0.003830508474580396 8202
0.01371186440676199 0.003830508474580395 8203
0.01401694915252409 0.003830508474580396 8204
0.01432203389828586 0.003830508474580396 8205
0.01462711864404763 0.003830508474580396 8206
0.01493220338980954 0.003830508474580396 8207
0.01523728813557204 0.003830508474580396 8208
0.01554237288133405 0.003830508474580396 8209
0.01584745762709508 0.003830508474580397 8210
0.01615254237285826 0.003830508474580397 8211
0.01645762711862224 0.003830508474580397 8212
0.01676271186438622 0.003830508474580396 8213
0.01706779661014911 0.003830508474580396 8214
0.01737288135591161 0.003830508474580396 8215
0.01767796610167543 0.003830508474580396 8216
0.01798305084743941 0.003830508474580396 8217
0.01828813559320338 0.003830508474580396 8218
0.01859322033896736 0.003830508474580396 8219
0.01889830508473134 0.003830508474580397 8220
0.01920338983049411 0.003830508474580396 8221
0.01950847457625661 0.003830508474580396 8222
0.0198135593220192 0.003830508474580396 8223
0.02011864406778316 0.003830508474580397 8224
0.02042372881354714 0.003830508474580396 8225
0.02072881355931112 0.003830508474580396 8226
0.0210338983050751 0.003830508474580396 8227
0.02133898305083907 0.003830508474580397 8228
0.0216440677966016 0.003830508474580396 8229
0.02194915254236431 0.003830508474580397 8230
0.0222542372881283 0.003830508474580397 8231
0.02255932203389227 0.003830508474580396 8232
0.02286440677965501 0.003830508474580396 8233
0.02316949152541751 0.003830508474580396 8234
0.02347457627118147 0.003830508474580396 8235
0.02377966101694545 0.003830508474580397 8236
0.02408474576270943 0.003830508474580396 8237
0.0243898305084734 0.003830508474580396 8238
0.02469491525423739 0.003830508474580396 8239
0.007305084745762477 0.003677966101698415 8240
0.007610169491524387 0.003677966101698416 8241
0.007915254237286326 0.003677966101698415 8242
0.008220338983047526 0.003677966101698414 8243
0.008525423728809474 0.003677966101698414 8244
0.00883050847457198 0.003677966101698415 8245
0.009135593220334484 0.003677966101698414 8246
0.009440677966096989 0.003677966101698414 8247
0.009745762711859316 0.003677966101698415 8248
0.01005084745762109 0.003677966101698415 8249
0.01035593220338222 0.003677966101698415 8250
0.01066101694914327 0.003677966101698415 8251
0.01096610169490504 0.003677966101698416 8252
0.01127118644066681 0.003677966101698415 8253
0.01157627118642892 0.003677966101698414 8254
0.01188135593219069 0.003677966101698414 8255
0.01218644067795246 0.003677966101698415 8256
0.01249152542371424 0.003677966101698414 8257
0.01279661016947668 0.003677966101698415 8258
0.01310169491523844 0.003677966101698415 8259
0.01340677966100022 0.003677966101698415 8260
0.01371186440676199 0.003677966101698415 8261
0.01401694915252409 0.003677966101698414 8262
0.01432203389828587 0.003677966101698415 8263
0.01462711864404763 0.003677966101698415 8264
0.01493220338980954 0.003677966101698415 8265
0.01523728813557204 0.003677966101698415 8266
0.01554237288133405 0.003677966101698415 8267
0.01584745762709509 0.003677966101698415 8268
0.01615254237285826 0.003677966101698415 8269
0.01645762711862224 0.003677966101698415 8270
0.01676271186438622 0.003677966101698415 8271
0.01706779661014911 0.003677966101698415 8272
0.01737288135591162 0.003677966101698415 8273
0.01767796610167543 0.003677966101698415 8274
0.01798305084743941 0.003677966101698415 8275
0.01828813559320339 0.003677966101698415 8276
0.01859322033896736 0.003677966101698415 8277
0.01889830508473134 0.003677966101698415 8278
0.01920338983049411 0.003677966101698415 8279
0.01950847457625661 0.003677966101698415 8280
0.0198135593220192 0.003677966101698415 8281
0.02011864406778317 0.003677966101698415 8282
0.02042372881354715 0.003677966101698415 8283
0.02072881355931112 0.003677966101698415 8284
0.0210338983050751 0.003677966101698415 8285
0.02133898305083907 0.003677966101698415 8286
0.0216440677966016 0.003677966101698415 8287
0.02194915254236431 0.003677966101698415 8288
0.02225423728812829 0.003677966101698415 8289
0.02255932203389227 0.003677966101698415 8290
0.02286440677965501 0.003677966101698415 8291
0.02316949152541751 0.003677966101698415 8292
0.02347457627118148 0.003677966101698415 8293
0.02377966101694545 0.003677966101698415 8294
0.02408474576270943 0.003677966101698415 8295
0.02438983050847341 0.003677966101698415 8296
0.02469491525423739 0.003677966101698415 8297
0.007305084745762478 0.003525423728816485 8298
0.007610169491524387 0.003525423728816486 8299
0.007915254237286326 0.003525423728816485 8300
0.008220338983047526 0.003525423728816486 8301
0.008525423728809474 0.003525423728816486 8302
0.008830508474571981 0.003525423728816485 8303
0.009135593220334484 0.003525423728816484 8304
0.009440677966096989 0.003525423728816485 8305
0.009745762711859316 0.003525423728816485 8306
0.01005084745762108 0.003525423728816484 8307
0.01035593220338222 0.003525423728816484 8308
0.01066101694914327 0.003525423728816485 8309
0.01096610169490504 0.003525423728816486 8310
0.01127118644066681 0.003525423728816485 8311
0.01157627118642892 0.003525423728816485 8312
0.01188135593219069 0.003525423728816486 8313
0.01218644067795246 0.003525423728816486 8314
0.01249152542371424 0.003525423728816485 8315
0.01279661016947668 0.003525423728816485 8316
0.01310169491523844 0.003525423728816486 8317
0.01340677966100022 0.003525423728816485 8318
0.01371186440676198 0.003525423728816486 8319
0.01401694915252409 0.003525423728816485 8320
0.01432203389828586 0.003525423728816486 8321
0.01462711864404763 0.003525423728816485 8322
0.01493220338980954 0.003525423728816485 8323
0.01523728813557204 0.003525423728816484 8324
0.01554237288133405 0.003525423728816485 8325
0.01584745762709508 0.003525423728816486 8326
0.01615254237285826 0.003525423728816486 8327
0.01645762711862224 0.003525423728816485 8328
0.01676271186438622 0.003525423728816484 8329
0.01706779661014911 0.003525423728816485 8330
0.01737288135591162 0.003525423728816486 8331
0.01767796610167543 0.003525423728816485 8332
0.01798305084743941 0.003525423728816486 8333
0.01828813559320338 0.003525423728816486 8334
0.01859322033896736 0.003525423728816484 8335
0.01889830508473134 0.003525423728816485 8336
0.01920338983049411 0.003525423728816486 8337
0.01950847457625661 0.003525423728816485 8338
0.0198135593220192 0.003525423728816485 8339
0.02011864406778317 0.003525423728816486 8340
0.02042372881354714 0.003525423728816485 8341
0.02072881355931112 0.003525423728816486 8342
0.0210338983050751 0.003525423728816486 8343
0.02133898305083908 0.003525423728816486 8344
0.0216440677966016 0.003525423728816485 8345
0.02194915254236431 0.003525423728816486 8346
0.02225423728812829 0.003525423728816484 8347
0.02255932203389227 0.003525423728816485 8348
0.02286440677965501 0.003525423728816486 8349
0.02316949152541751 0.003525423728816485 8350
0.02347457627118148 0.003525423728816485 8351
0.02377966101694545 0.003525423728816486 8352
0.02408474576270943 0.003525423728816486 8353
0.02438983050847341 0.003525423728816486 8354
0.02469491525423739 0.003525423728816486 8355
0.007305084745762478 0.003372881355935121 8356
0.007610169491524388 0.00337288135593512 8357
0.007915254237286326 0.00337288135593512 8358
0.008220338983047526 0.003372881355935121 8359
0.008525423728809475 0.00337288135593512 8360
0.00883050847457198 0.00337288135593512 8361
0.009135593220334484 0.003372881355935122 8362
0.009440677966096987 0.00337288135593512 8363
0.009745762711859316 0.00337288135593512 8364
0.01005084745762108 0.00337288135593512 8365
0.01035593220338222 0.00337288135593512 8366
0.01066101694914327 0.00337288135593512 8367
0.01096610169490504 0.00337288135593512 8368
0.01127118644066681 0.00337288135593512 8369
0.01157627118642892 0.00337288135593512 8370
0.01188135593219069 0.003372881355935121 8371
0.01218644067795246 0.00337288135593512 8372
0.01249152542371424 0.00337288135593512 8373
0.01279661016947667 0.00337288135593512 8374
0.01310169491523844 0.00337288135593512 8375
0.01340677966100022 0.003372881355935119 8376
0.01371186440676199 0.003372881355935119 8377
0.01401694915252409 0.00337288135593512 8378
0.01432203389828586 0.00337288135593512 8379
0.01462711864404763 0.003372881355935119 8380
0.01493220338980954 0.00337288135593512 8381
0.01523728813557204 0.003372881355935121 8382
0.01554237288133405 0.00337288135593512 8383
0.01584745762709508 0.003372881355935121 8384
0.01615254237285826 0.00337288135593512 8385
0.01645762711862224 0.00337288135593512 8386
0.01676271186438622 0.00337288135593512 8387
0.01706779661014911 0.00337288135593512 8388
0.01737288135591162 0.00337288135593512 8389
0.01767796610167543 0.00337288135593512 8390
0.01798305084743941 0.00337288135593512 8391
0.01828813559320338 0.003372881355935119 8392
0.01859322033896736 0.00337288135593512 8393
0.01889830508473134 0.00337288135593512 8394
0.01920338983049411 0.00337288135593512 8395
0.01950847457625661 0.00337288135593512 8396
0.0198135593220192 0.00337288135593512 8397
0.02011864406778317 0.00337288135593512 8398
0.02042372881354715 0.00337288135593512 8399
0.02072881355931112 0.00337288135593512 8400
0.0210338983050751 0.00337288135593512 8401
0.02133898305083907 0.00337288135593512 8402
0.0216440677966016 0.00337288135593512 8403
0.02194915254236431 0.00337288135593512 8404
0.02225423728812829 0.00337288135593512 8405
0.02255932203389226 0.00337288135593512 8406
0.02286440677965501 0.00337288135593512 8407
0.02316949152541751 0.00337288135593512 8408
0.02347457627118148 0.00337288135593512 8409
0.02377966101694545 0.00337288135593512 8410
0.02408474576270943 0.00337288135593512 8411
0.02438983050847341 0.00337288135593512 8412
0.02469491525423739 0.00337288135593512 8413
0.007305084745762478 0.003220338983053764 8414
0.007610169491524387 0.003220338983053764 8415
0.007915254237286328 0.003220338983053763 8416
0.008220338983047526 0.003220338983053764 8417
0.008525423728809475 0.003220338983053765 8418
0.00883050847457198 0.003220338983053764 8419
0.009135593220334484 0.003220338983053764 8420
0.009440677966096989 0.003220338983053764 8421
0.009745762711859316 0.003220338983053764 8422
0.01005084745762109 0.003220338983053764 8423
0.01035593220338222 0.003220338983053764 8424
0.01066101694914327 0.003220338983053763 8425
0.01096610169490504 0.003220338983053764 8426
0.01127118644066681 0.003220338983053764 8427
0.01157627118642892 0.003220338983053764 8428
0.01188135593219069 0.003220338983053764 8429
0.01218644067795246 0.003220338983053764 8430
0.01249152542371424 0.003220338983053764 8431
0.01279661016947668 0.003220338983053764 8432
0.01310169491523844 0.003220338983053764 8433
0.01340677966100022 0.003220338983053763 8434
0.01371186440676199 0.003220338983053764 8435
0.01401694915252409 0.003220338983053763 8436
0.01432203389828586 0.003220338983053764 8437
0.01462711864404763 0.003220338983053764 8438
0.01493220338980954 0.003220338983053764 8439
0.01523728813557204 0.003220338983053764 8440
0.01554237288133405 0.003220338983053764 8441
0.01584745762709508 0.003220338983053763 8442
0.01615254237285826 0.003220338983053764 8443
0.01645762711862224 0.003220338983053764 8444
0.01676271186438622 0.003220338983053764 8445
0.01706779661014911 0.003220338983053764 8446
0.01737288135591162 0.003220338983053764 8447
0.01767796610167543 0.003220338983053764 8448
0.01798305084743941 0.003220338983053764 8449
0.01828813559320338 0.003220338983053764 8450
0.01859322033896736 0.003220338983053764 8451
0.01889830508473134 0.003220338983053764 8452
0.01920338983049411 0.003220338983053764 8453
0.01950847457625661 0.003220338983053763 8454
0.0198135593220192 0.003220338983053764 8455
0.02011864406778317 0.003220338983053764 8456
0.02042372881354715 0.003220338983053764 8457
0.02072881355931112 0.003220338983053764 8458
0.0210338983050751 0.003220338983053764 8459
0.02133898305083907 0.003220338983053764 8460
0.0216440677966016 0.003220338983053764 8461
0.02194915254236431 0.003220338983053764 8462
0.0222542372881283 0.003220338983053764 8463
0.02255932203389227 0.003220338983053764 8464
0.02286440677965501 0.003220338983053764 8465
0.02316949152541751 0.003220338983053764 8466
0.02347457627118148 0.003220338983053764 8467
0.02377966101694546 0.003220338983053764 8468
0.02408474576270944 0.003220338983053764 8469
0.02438983050847341 0.003220338983053764 8470
0.02469491525423739 0.003220338983053764 8471
0.007305084745762477 0.003067796610171843 8472
0.007610169491524386 0.003067796610171843 8473
0.007915254237286326 0.003067796610171843 8474
0.008220338983047526 0.003067796610171843 8475
0.008525423728809474 0.003067796610171843 8476
0.00883050847457198 0.003067796610171843 8477
0.009135593220334484 0.003067796610171842 8478
0.009440677966096987 0.003067796610171844 8479
0.009745762711859316 0.003067796610171843 8480
0.01005084745762109 0.003067796610171843 8481
0.01035593220338222 0.003067796610171843 8482
0.01066101694914327 0.003067796610171843 8483
0.01096610169490504 0.003067796610171843 8484
0.01127118644066681 0.003067796610171843 8485
0.01157627118642892 0.003067796610171844 8486
0.01188135593219069 0.003067796610171843 8487
0.01218644067795246 0.003067796610171843 8488
0.01249152542371424 0.003067796610171843 8489
0.01279661016947668 0.003067796610171844 8490
0.01310169491523844 0.003067796610171842 8491
0.01340677966100022 0.003067796610171843 8492
0.01371186440676199 0.003067796610171843 8493
0.0140169491525241 0.003067796610171844 8494
0.01432203389828587 0.003067796610171843 8495
0.01462711864404763 0.003067796610171843 8496
0.01493220338980954 0.003067796610171843 8497
0.01523728813557204 0.003067796610171843 8498
0.01554237288133405 0.003067796610171844 8499
0.01584745762709508 0.003067796610171843 8500
0.01615254237285826 0.003067796610171843 8501
0.01645762711862224 0.003067796610171843 8502
0.01676271186438622 0.003067796610171843 8503
0.01706779661014911 0.003067796610171843 8504
0.01737288135591162 0.003067796610171843 8505
0.01767796610167544 0.003067796610171843 8506
0.01798305084743941 0.003067796610171843 8507
0.01828813559320338 0.003067796610171843 8508
0.01859322033896736 0.003067796610171843 8509
0.01889830508473134 0.003067796610171843 8510
0.01920338983049411 0.003067796610171843 8511
0.01950847457625661 0.003067796610171843 8512
0.0198135593220192 0.003067796610171843 8513
0.02011864406778317 0.003067796610171843 8514
0.02042372881354715 0.003067796610171843 8515
0.02072881355931112 0.003067796610171843 8516
0.0210338983050751 0.003067796610171843 8517
0.02133898305083907 0.003067796610171843 8518
0.0216440677966016 0.003067796610171844 8519
0.02194915254236431 0.003067796610171843 8520
0.02225423728812829 0.003067796610171843 8521
0.02255932203389227 0.003067796610171843 8522
0.02286440677965501 0.003067796610171843 8523
0.02316949152541752 0.003067796610171843 8524
0.02347457627118148 0.003067796610171843 8525
0.02377966101694545 0.003067796610171843 8526
0.02408474576270943 0.003067796610171843 8527
0.0243898305084734 0.003067796610171843 8528
0.02469491525423739 0.003067796610171843 8529
0.007305084745762479 0.002915254237290531 8530
0.007610169491524387 0.002915254237290532 8531
0.007915254237286326 0.002915254237290532 8532
0.008220338983047526 0.002915254237290532 8533
0.008525423728809475 0.002915254237290532 8534
0.00883050847457198 0.002915254237290531 8535
0.009135593220334486 0.002915254237290532 8536
0.009440677966096989 0.002915254237290532 8537
0.009745762711859316 0.002915254237290533 8538
0.01005084745762108 0.002915254237290531 8539
0.01035593220338222 0.002915254237290532 8540
0.01066101694914327 0.002915254237290532 8541
0.01096610169490504 0.002915254237290531 8542
0.01127118644066681 0.002915254237290532 8543
0.01157627118642892 0.002915254237290532 8544
0.01188135593219069 0.002915254237290533 8545
0.01218644067795246 0.002915254237290531 8546
0.01249152542371424 0.002915254237290532 8547
0.01279661016947668 0.002915254237290531 8548
0.01310169491523844 0.002915254237290531 8549
0.01340677966100022 0.002915254237290532 8550
0.01371186440676199 0.002915254237290532 8551
0.01401694915252409 0.002915254237290532 8552
0.01432203389828586 0.002915254237290531 8553
0.01462711864404763 0.002915254237290532 8554
0.01493220338980954 0.002915254237290532 8555
0.01523728813557204 0.002915254237290532 8556
0.01554237288133405 0.002915254237290532 8557
0.01584745762709508 0.002915254237290532 8558
0.01615254237285826 0.002915254237290531 8559
0.01645762711862224 0.002915254237290532 8560
0.01676271186438622 0.002915254237290531 8561
0.01706779661014911 0.002915254237290531 8562
0.01737288135591161 0.002915254237290532 8563
0.01767796610167544 0.002915254237290532 8564
0.01798305084743941 0.002915254237290531 8565
0.01828813559320338 0.002915254237290531 8566
0.01859322033896736 0.002915254237290531 8567
0.01889830508473134 0.002915254237290532 8568
0.01920338983049411 0.002915254237290531 8569
0.01950847457625661 0.002915254237290531 8570
0.0198135593220192 0.002915254237290531 8571
0.02011864406778317 0.002915254237290531 8572
0.02042372881354714 0.002915254237290531 8573
0.02072881355931112 0.002915254237290531 8574
0.0210338983050751 0.002915254237290531 8575
0.02133898305083907 0.002915254237290531 8576
0.0216440677966016 0.002915254237290531 8577
0.02194915254236431 0.002915254237290531 8578
0.02225423728812829 0.002915254237290532 8579
0.02255932203389227 0.002915254237290531 8580
0.02286440677965501 0.002915254237290531 8581
0.02316949152541751 0.002915254237290533 8582
0.02347457627118148 0.002915254237290531 8583
0.02377966101694546 0.002915254237290532 8584
0.02408474576270943 0.002915254237290532 8585
0.02438983050847341 0.002915254237290531 8586
0.02469491525423739 0.002915254237290531 8587
0.007305084745762478 0.002762711864409234 8588
0.007610169491524387 0.002762711864409233 8589
0.007915254237286326 0.002762711864409234 8590
0.008220338983047526 0.002762711864409234 8591
0.008525423728809475 0.002762711864409234 8592
0.00883050847457198 0.002762711864409234 8593
0.009135593220334484 0.002762711864409234 8594
0.009440677966096989 0.002762711864409234 8595
0.009745762711859316 0.002762711864409234 8596
0.01005084745762109 0.002762711864409234 8597
0.01035593220338222 0.002762711864409234 8598
0.01066101694914327 0.002762711864409234 8599
0.01096610169490504 0.002762711864409234 8600
0.01127118644066681 0.002762711864409234 8601
0.01157627118642892 0.002762711864409234 8602
0.01188135593219069 0.002762711864409235 8603
0.01218644067795246 0.002762711864409234 8604
0.01249152542371424 0.002762711864409235 8605
0.01279661016947668 0.002762711864409234 8606
0.01310169491523844 0.002762711864409234 8607
0.01340677966100021 0.002762711864409234 8608
0.01371186440676199 0.002762711864409234 8609
0.01401694915252409 0.002762711864409234 8610
0.01432203389828586 0.002762711864409234 8611
0.01462711864404763 0.002762711864409235 8612
0.01493220338980954 0.002762711864409234 8613
0.01523728813557204 0.002762711864409234 8614
0.01554237288133404 0.002762711864409234 8615
0.01584745762709508 0.002762711864409234 8616
0.01615254237285826 0.002762711864409234 8617
0.01645762711862224 0.002762711864409234 8618
0.01676271186438622 0.002762711864409234 8619
0.01706779661014911 0.002762711864409234 8620
0.01737288135591161 0.002762711864409234 8621
0.01767796610167544 0.002762711864409234 8622
0.01798305084743941 0.002762711864409234 8623
0.01828813559320338 0.002762711864409234 8624
0.01859322033896736 0.002762711864409234 8625
0.01889830508473134 0.002762711864409234 8626
0.01920338983049411 0.002762711864409234 8627
0.01950847457625661 0.002762711864409235 8628
0.0198135593220192 0.002762711864409234 8629
0.02011864406778317 0.002762711864409234 8630
0.02042372881354714 0.002762711864409234 8631
0.02072881355931112 0.002762711864409234 8632
0.0210338983050751 0.002762711864409234 8633
0.02133898305083907 0.002762711864409234 8634
0.0216440677966016 0.002762711864409234 8635
0.02194915254236431 0.002762711864409234 8636
0.02225423728812829 0.002762711864409234 8637
0.02255932203389227 0.002762711864409234 8638
0.02286440677965501 0.002762711864409234 8639
0.02316949152541751 0.002762711864409234 8640
0.02347457627118148 0.002762711864409234 8641
0.02377966101694545 0.002762711864409234 8642
0.02408474576270943 0.002762711864409234 8643
0.02438983050847341 0.002762711864409234 8644
0.02469491525423739 0.002762711864409234 8645
0.007305084745762477 0.002610169491527251 8646
0.007610169491524386 0.002610169491527251 8647
0.007915254237286328 0.002610169491527251 8648
0.008220338983047526 0.002610169491527252 8649
0.008525423728809475 0.002610169491527252 8650
0.00883050847457198 0.002610169491527252 8651
0.009135593220334482 0.002610169491527252 8652
0.009440677966096989 0.002610169491527252 8653
0.009745762711859316 0.002610169491527252 8654
0.01005084745762109 0.002610169491527252 8655
0.01035593220338222 0.002610169491527252 8656
0.01066101694914327 0.002610169491527252 8657
0.01096610169490504 0.002610169491527252 8658
0.01127118644066681 0.002610169491527253 8659
0.01157627118642892 0.002610169491527252 8660
0.01188135593219069 0.002610169491527252 8661
0.01218644067795246 0.002610169491527252 8662
0.01249152542371424 0.002610169491527252 8663
0.01279661016947668 0.002610169491527252 8664
0.01310169491523845 0.002610169491527252 8665
0.01340677966100022 0.002610169491527251 8666
0.01371186440676199 0.002610169491527252 8667
0.01401694915252409 0.002610169491527252 8668
0.01432203389828587 0.002610169491527251 8669
0.01462711864404763 0.002610169491527252 8670
0.01493220338980954 0.002610169491527252 8671
0.01523728813557204 0.002610169491527252 8672
0.01554237288133405 0.002610169491527251 8673
0.01584745762709508 0.002610169491527251 8674
0.01615254237285826 0.002610169491527251 8675
0.01645762711862224 0.002610169491527252 8676
0.01676271186438622 0.002610169491527252 8677
0.01706779661014911 0.002610169491527252 8678
0.01737288135591161 0.002610169491527252 8679
0.01767796610167543 0.002610169491527252 8680
0.01798305084743941 0.002610169491527252 8681
0.01828813559320338 0.002610169491527252 8682
0.01859322033896736 0.002610169491527252 8683
0.01889830508473134 0.002610169491527252 8684
0.01920338983049412 0.002610169491527252 8685
0.01950847457625661 0.002610169491527251 8686
0.0198135593220192 0.002610169491527252 8687
0.02011864406778317 0.002610169491527251 8688
0.02042372881354714 0.002610169491527252 8689
0.02072881355931112 0.002610169491527252 8690
0.0210338983050751 0.002610169491527252 8691
0.02133898305083907 0.002610169491527252 8692
0.0216440677966016 0.002610169491527252 8693
0.02194915254236431 0.002610169491527252 8694
0.02225423728812829 0.002610169491527252 8695
0.02255932203389227 0.002610169491527252 8696
0.02286440677965501 0.002610169491527252 8697
0.02316949152541751 0.002610169491527251 8698
0.02347457627118148 0.002610169491527252 8699
0.02377966101694546 0.002610169491527252 8700
0.02408474576270943 0.002610169491527252 8701
0.0243898305084734 0.002610169491527252 8702
0.02469491525423739 0.002610169491527252 8703
0.007305084745762479 0.002457627118645269 8704
0.007610169491524387 0.002457627118645269 8705
0.007915254237286326 0.002457627118645269 8706
0.008220338983047526 0.002457627118645269 8707
0.008525423728809475 0.002457627118645269 8708
0.00883050847457198 0.002457627118645269 8709
0.009135593220334482 0.002457627118645269 8710
0.009440677966096989 0.002457627118645269 8711
0.009745762711859318 0.002457627118645269 8712
0.01005084745762109 0.002457627118645269 8713
0.01035593220338222 0.002457627118645269 8714
0.01066101694914327 0.002457627118645269 8715
0.01096610169490504 0.002457627118645269 8716
0.01127118644066681 0.002457627118645269 8717
0.01157627118642892 0.002457627118645269 8718
0.01188135593219069 0.002457627118645269 8719
0.01218644067795246 0.002457627118645269 8720
0.01249152542371424 0.00245762711864527 8721
0.01279661016947668 0.00245762711864527 8722
0.01310169491523844 0.002457627118645269 8723
0.01340677966100022 0.002457627118645269 8724
0.01371186440676199 0.002457627118645269 8725
0.01401694915252409 0.002457627118645269 8726
0.01432203389828586 0.002457627118645269 8727
0.01462711864404763 0.002457627118645269 8728
0.01493220338980954 0.002457627118645269 8729
0.01523728813557204 0.002457627118645269 8730
0.01554237288133405 0.002457627118645269 8731
0.01584745762709508 0.002457627118645269 8732
0.01615254237285826 0.002457627118645269 8733
0.01645762711862224 0.002457627118645269 8734
0.01676271186438622 0.002457627118645269 8735
0.01706779661014911 0.002457627118645269 8736
0.01737288135591162 0.002457627118645269 8737
0.01767796610167543 0.002457627118645269 8738
0.01798305084743941 0.002457627118645269 8739
0.01828813559320338 0.002457627118645269 8740
0.01859322033896736 0.002457627118645269 8741
0.01889830508473134 0.002457627118645269 8742
0.01920338983049411 0.002457627118645269 8743
0.01950847457625661 0.002457627118645269 8744
0.0198135593220192 0.002457627118645269 8745
0.02011864406778317 0.002457627118645269 8746
0.02042372881354715 0.002457627118645269 8747
0.02072881355931112 0.002457627118645269 8748
0.0210338983050751 0.002457627118645269 8749
0.02133898305083907 0.002457627118645269 8750
0.0216440677966016 0.002457627118645269 8751
0.02194915254236431 0.002457627118645269 8752
0.02225423728812829 0.002457627118645269 8753
0.02255932203389227 0.002457627118645269 8754
0.02286440677965501 0.002457627118645269 8755
0.02316949152541751 0.002457627118645269 8756
0.02347457627118147 0.002457627118645269 8757
0.02377966101694545 0.002457627118645269 8758
0.02408474576270943 0.002457627118645269 8759
0.02438983050847341 0.002457627118645269 8760
0.02469491525423739 0.002457627118645269 8761
0.007305084745762477 0.002305084745763287 8762
0.007610169491524386 0.002305084745763288 8763
0.007915254237286326 0.002305084745763287 8764
0.008220338983047526 0.002305084745763288 8765
0.008525423728809475 0.002305084745763287 8766
0.00883050847457198 0.002305084745763286 8767
0.009135593220334482 0.002305084745763286 8768
0.009440677966096989 0.002305084745763287 8769
0.009745762711859318 0.002305084745763287 8770
0.01005084745762109 0.002305084745763286 8771
0.01035593220338222 0.002305084745763287 8772
0.01066101694914327 0.002305084745763288 8773
0.01096610169490504 0.002305084745763287 8774
0.01127118644066681 0.002305084745763287 8775
0.01157627118642892 0.002305084745763287 8776
0.01188135593219069 0.002305084745763287 8777
0.01218644067795246 0.002305084745763287 8778
0.01249152542371425 0.002305084745763287 8779
0.01279661016947668 0.002305084745763287 8780
0.01310169491523844 0.002305084745763287 8781
0.01340677966100022 0.002305084745763287 8782
0.01371186440676199 0.002305084745763287 8783
0.01401694915252409 0.002305084745763287 8784
0.01432203389828586 0.002305084745763287 8785
0.01462711864404763 0.002305084745763287 8786
0.01493220338980954 0.002305084745763287 8787
0.01523728813557204 0.002305084745763286 8788
0.01554237288133404 0.002305084745763287 8789
0.01584745762709508 0.002305084745763287 8790
0.01615254237285826 0.002305084745763287 8791
0.01645762711862224 0.002305084745763287 8792
0.01676271186438622 0.002305084745763287 8793
0.01706779661014911 0.002305084745763287 8794
0.01737288135591161 0.002305084745763287 8795
0.01767796610167543 0.002305084745763287 8796
0.01798305084743941 0.002305084745763287 8797
0.01828813559320338 0.002305084745763287 8798
0.01859322033896736 0.002305084745763287 8799
0.01889830508473134 0.002305084745763287 8800
0.01920338983049411 0.002305084745763287 8801
0.01950847457625661 0.002305084745763287 8802
0.0198135593220192 0.002305084745763287 8803
0.02011864406778317 0.002305084745763287 8804
0.02042372881354715 0.002305084745763287 8805
0.02072881355931112 0.002305084745763287 8806
0.0210338983050751 0.002305084745763287 8807
0.02133898305083907 0.002305084745763287 8808
0.0216440677966016 0.002305084745763287 8809
0.02194915254236431 0.002305084745763287 8810
0.02225423728812829 0.002305084745763287 8811
0.02255932203389227 0.002305084745763287 8812
0.02286440677965501 0.002305084745763287 8813
0.02316949152541751 0.002305084745763287 8814
0.02347457627118147 0.002305084745763287 8815
0.02377966101694546 0.002305084745763287 8816
0.02408474576270943 0.002305084745763287 8817
0.02438983050847341 0.002305084745763287 8818
0.02469491525423739 0.002305084745763287 8819
0.007305084745762477 0.002152542372881304 8820
0.007610169491524387 0.002152542372881304 8821
0.007915254237286326 0.002152542372881304 8822
0.008220338983047524 0.002152542372881304 8823
0.008525423728809475 0.002152542372881303 8824
0.00883050847457198 0.002152542372881304 8825
0.009135593220334484 0.002152542372881304 8826
0.00944067796609699 0.002152542372881304 8827
0.009745762711859316 0.002152542372881304 8828
0.01005084745762109 0.002152542372881303 8829
0.01035593220338222 0.002152542372881303 8830
0.01066101694914327 0.002152542372881304 8831
0.01096610169490504 0.002152542372881304 8832
0.01127118644066681 0.002152542372881304 8833
0.01157627118642892 0.002152542372881304 8834
0.01188135593219069 0.002152542372881304 8835
0.01218644067795246 0.002152542372881304 8836
0.01249152542371425 0.002152542372881304 8837
0.01279661016947667 0.002152542372881304 8838
0.01310169491523845 0.002152542372881304 8839
0.01340677966100022 0.002152542372881304 8840
0.01371186440676199 0.002152542372881304 8841
0.01401694915252409 0.002152542372881304 8842
0.01432203389828586 0.002152542372881304 8843
0.01462711864404763 0.002152542372881303 8844
0.01493220338980954 0.002152542372881304 8845
0.01523728813557204 0.002152542372881303 8846
0.01554237288133404 0.002152542372881304 8847
0.01584745762709509 0.002152542372881304 8848
0.01615254237285826 0.002152542372881304 8849
0.01645762711862225 0.002152542372881304 8850
0.01676271186438622 0.002152542372881304 8851
0.01706779661014911 0.002152542372881304 8852
0.01737288135591162 0.002152542372881304 8853
0.01767796610167543 0.002152542372881304 8854
0.01798305084743941 0.002152542372881304 8855
0.01828813559320338 0.002152542372881304 8856
0.01859322033896736 0.002152542372881304 8857
0.01889830508473134 0.002152542372881304 8858
0.01920338983049411 0.002152542372881304 8859
0.01950847457625661 0.002152542372881304 8860
0.0198135593220192 0.002152542372881304 8861
0.02011864406778317 0.002152542372881304 8862
0.02042372881354714 0.002152542372881304 8863
0.02072881355931112 0.002152542372881304 8864
0.0210338983050751 0.002152542372881304 8865
0.02133898305083907 0.002152542372881304 8866
0.0216440677966016 0.002152542372881304 8867
0.02194915254236431 0.002152542372881304 8868
0.02225423728812829 0.002152542372881304 8869
0.02255932203389227 0.002152542372881304 8870
0.02286440677965501 0.002152542372881304 8871
0.02316949152541751 0.002152542372881304 8872
0.02347457627118147 0.002152542372881304 8873
0.02377966101694546 0.002152542372881304 8874
0.02408474576270944 0.002152542372881304 8875
0.02438983050847341 0.002152542372881304 8876
0.02469491525423739 0.002152542372881304 8877
0.007305084745762479 0.001931034482758409 8878
0.007610169491524387 0.001931034482758409 8879
0.007915254237286326 0.001931034482758409 8880
0.008220338983047523 0.001931034482758409 8881
0.008525423728809475 0.001931034482758409 8882
0.00883050847457198 0.001931034482758409 8883
0.009135593220334484 0.001931034482758409 8884
0.009440677966096985 0.00193103448275841 8885
0.009745762711859313 0.001931034482758409 8886
0.01005084745762109 0.001931034482758409 8887
0.01035593220338222 0.001931034482758409 8888
0.01066101694914327 0.001931034482758409 8889
0.01096610169490504 0.001931034482758409 8890
0.01127118644066681 0.001931034482758409 8891
0.01157627118642892 0.001931034482758409 8892
0.01188135593219069 0.001931034482758409 8893
0.01218644067795246 0.001931034482758409 8894
0.01249152542371424 0.001931034482758409 8895
0.01279661016947668 0.00193103448275841 8896
0.01310169491523844 0.001931034482758409 8897
0.01340677966100021 0.001931034482758409 8898
0.01371186440676199 0.001931034482758409 8899
0.01401694915252409 0.001931034482758409 8900
0.01432203389828587 0.001931034482758409 8901
0.01462711864404763 0.001931034482758409 8902
0.01493220338980954 0.001931034482758409 8903
0.01523728813557204 0.001931034482758409 8904
0.01554237288133405 0.001931034482758409 8905
0.01584745762709509 0.001931034482758409 8906
0.01615254237285826 0.001931034482758409 8907
0.01645762711862224 0.001931034482758409 8908
0.01676271186438622 0.001931034482758409 8909
0.01706779661014911 0.001931034482758409 8910
0.01737288135591162 0.001931034482758409 8911
0.01767796610167543 0.001931034482758409 8912
0.01798305084743941 0.001931034482758409 8913
0.01828813559320338 0.001931034482758409 8914
0.01859322033896736 0.001931034482758409 8915
0.01889830508473134 0.001931034482758409 8916
0.01920338983049411 0.001931034482758409 8917
0.01950847457625661 0.001931034482758409 8918
0.0198135593220192 0.001931034482758409 8919
0.02011864406778316 0.001931034482758409 8920
0.02042372881354715 0.001931034482758409 8921
0.02072881355931112 0.001931034482758409 8922
0.0210338983050751 0.001931034482758409 8923
0.02133898305083907 0.001931034482758409 8924
0.0216440677966016 0.001931034482758409 8925
0.02194915254236431 0.001931034482758409 8926
0.02225423728812829 0.001931034482758409 8927
0.02255932203389226 0.001931034482758409 8928
0.02286440677965501 0.001931034482758409 8929
0.02316949152541751 0.001931034482758409 8930
0.02347457627118148 0.001931034482758409 8931
0.02377966101694545 0.001931034482758409 8932
0.02408474576270942 0.001931034482758409 8933
0.02438983050847341 0.001931034482758409 8934
0.02469491525423739 0.001931034482758409 8935
0.007305084745762478 0.001862068965517114 8936
0.007610169491524386 0.001862068965517114 8937
0.007915254237286326 0.001862068965517115 8938
0.008220338983047526 0.001862068965517115 8939
0.008525423728809475 0.001862068965517114 8940
0.00883050847457198 0.001862068965517114 8941
0.009135593220334482 0.001862068965517114 8942
0.009440677966096989 0.001862068965517114 8943
0.009745762711859316 0.001862068965517114 8944
0.01005084745762109 0.001862068965517114 8945
0.01035593220338222 0.001862068965517114 8946
0.01066101694914327 0.001862068965517114 8947
0.01096610169490504 0.001862068965517114 8948
0.01127118644066681 0.001862068965517114 8949
0.01157627118642892 0.001862068965517114 8950
0.01188135593219069 0.001862068965517114 8951
0.01218644067795246 0.001862068965517114 8952
0.01249152542371424 0.001862068965517114 8953
0.01279661016947668 0.001862068965517114 8954
0.01310169491523844 0.001862068965517114 8955
0.01340677966100022 0.001862068965517115 8956
0.01371186440676199 0.001862068965517115 8957
0.01401694915252409 0.001862068965517114 8958
0.01432203389828586 0.001862068965517114 8959
0.01462711864404763 0.001862068965517114 8960
0.01493220338980954 0.001862068965517114 8961
0.01523728813557204 0.001862068965517114 8962
0.01554237288133405 0.001862068965517114 8963
0.01584745762709508 0.001862068965517114 8964
0.01615254237285826 0.001862068965517114 8965
0.01645762711862224 0.001862068965517114 8966
0.01676271186438622 0.001862068965517114 8967
0.01706779661014911 0.001862068965517114 8968
0.01737288135591162 0.001862068965517114 8969
0.01767796610167543 0.001862068965517114 8970
0.01798305084743941 0.001862068965517114 8971
0.01828813559320339 0.001862068965517114 8972
0.01859322033896736 0.001862068965517114 8973
0.01889830508473134 0.001862068965517115 8974
0.01920338983049411 0.001862068965517114 8975
0.01950847457625661 0.001862068965517114 8976
0.0198135593220192 0.001862068965517114 8977
0.02011864406778317 0.001862068965517114 8978
0.02042372881354714 0.001862068965517114 8979
0.02072881355931112 0.001862068965517114 8980
0.0210338983050751 0.001862068965517114 8981
0.02133898305083907 0.001862068965517114 8982
0.0216440677966016 0.001862068965517114 8983
0.02194915254236431 0.001862068965517114 8984
0.0222542372881283 0.001862068965517114 8985
0.02255932203389226 0.001862068965517114 8986
0.02286440677965501 0.001862068965517114 8987
0.02316949152541751 0.001862068965517114 8988
0.02347457627118148 0.001862068965517114 8989
0.02377966101694545 0.001862068965517114 8990
0.02408474576270943 0.001862068965517114 8991
0.02438983050847341 0.001862068965517114 8992
0.02469491525423739 0.001862068965517115 8993
0.007305084745762476 0.00179310344827582 8994
0.007610169491524387 0.00179310344827582 8995
0.007915254237286326 0.00179310344827582 8996
0.008220338983047526 0.00179310344827582 8997
0.008525423728809475 0.00179310344827582 8998
0.00883050847457198 0.001793103448275819 8999
0.009135593220334484 0.00179310344827582 9000
0.009440677966096989 0.001793103448275819 9001
0.009745762711859313 0.00179310344827582 9002
0.01005084745762109 0.00179310344827582 9003
0.01035593220338222 0.00179310344827582 9004
0.01066101694914327 0.00179310344827582 9005
0.01096610169490504 0.00179310344827582 9006
0.01127118644066681 0.00179310344827582 9007
0.01157627118642892 0.00179310344827582 9008
0.01188135593219069 0.00179310344827582 9009
0.01218644067795246 0.001793103448275819 9010
0.01249152542371424 0.00179310344827582 9011
0.01279661016947668 0.00179310344827582 9012
0.01310169491523844 0.00179310344827582 9013
0.01340677966100021 0.00179310344827582 9014
0.01371186440676199 0.00179310344827582 9015
0.01401694915252409 0.00179310344827582 9016
0.01432203389828587 0.00179310344827582 9017
0.01462711864404763 0.00179310344827582 9018
0.01493220338980954 0.00179310344827582 9019
0.01523728813557204 0.00179310344827582 9020
0.01554237288133405 0.00179310344827582 9021
0.01584745762709509 0.00179310344827582 9022
0.01615254237285826 0.00179310344827582 9023
0.01645762711862224 0.00179310344827582 9024
0.01676271186438622 0.00179310344827582 9025
0.01706779661014911 0.00179310344827582 9026
0.01737288135591162 0.001793103448275819 9027
0.01767796610167544 0.00179310344827582 9028
0.01798305084743941 0.00179310344827582 9029
0.01828813559320338 0.00179310344827582 9030
0.01859322033896736 0.00179310344827582 9031
0.01889830508473134 0.00179310344827582 9032
0.01920338983049411 0.00179310344827582 9033
0.01950847457625661 0.00179310344827582 9034
0.0198135593220192 0.00179310344827582 9035
0.02011864406778317 0.00179310344827582 9036
0.02042372881354714 0.00179310344827582 9037
0.02072881355931112 0.00179310344827582 9038
0.0210338983050751 0.00179310344827582 9039
0.02133898305083907 0.00179310344827582 9040
0.0216440677966016 0.00179310344827582 9041
0.02194915254236431 0.00179310344827582 9042
0.0222542372881283 0.00179310344827582 9043
0.02255932203389227 0.00179310344827582 9044
0.02286440677965501 0.00179310344827582 9045
0.02316949152541752 0.00179310344827582 9046
0.02347457627118147 0.00179310344827582 9047
0.02377966101694546 0.00179310344827582 9048
0.02408474576270943 0.00179310344827582 9049
0.0243898305084734 0.00179310344827582 9050
0.02469491525423739 0.00179310344827582 9051
0.007305084745762478 0.001724137931034792 9052
0.007610169491524387 0.001724137931034792 9053
0.007915254237286326 0.001724137931034792 9054
0.008220338983047526 0.001724137931034792 9055
0.008525423728809475 0.001724137931034793 9056
0.00883050847457198 0.001724137931034792 9057
0.009135593220334484 0.001724137931034792 9058
0.009440677966096989 0.001724137931034792 9059
0.009745762711859316 0.001724137931034792 9060
0.01005084745762109 0.001724137931034793 9061
0.01035593220338222 0.001724137931034792 9062
0.01066101694914327 0.001724137931034792 9063
0.01096610169490504 0.001724137931034793 9064
0.01127118644066681 0.001724137931034792 9065
0.01157627118642892 0.001724137931034793 9066
0.01188135593219069 0.001724137931034792 9067
0.01218644067795246 0.001724137931034792 9068
0.01249152542371424 0.001724137931034792 9069
0.01279661016947668 0.001724137931034792 9070
0.01310169491523844 0.001724137931034792 9071
0.01340677966100022 0.001724137931034792 9072
0.01371186440676199 0.001724137931034792 9073
0.01401694915252409 0.001724137931034792 9074
0.01432203389828587 0.001724137931034792 9075
0.01462711864404763 0.001724137931034792 9076
0.01493220338980954 0.001724137931034792 9077
0.01523728813557204 0.001724137931034792 9078
0.01554237288133405 0.001724137931034792 9079
0.01584745762709508 0.001724137931034792 9080
0.01615254237285826 0.001724137931034792 9081
0.01645762711862224 0.001724137931034792 9082
0.01676271186438622 0.001724137931034792 9083
0.01706779661014911 0.001724137931034792 9084
0.01737288135591161 0.001724137931034792 9085
0.01767796610167543 0.001724137931034792 9086
0.01798305084743941 0.001724137931034792 9087
0.01828813559320338 0.001724137931034792 9088
0.01859322033896736 0.001724137931034792 9089
0.01889830508473134 0.001724137931034792 9090
0.01920338983049411 0.001724137931034792 9091
0.01950847457625661 0.001724137931034792 9092
0.0198135593220192 0.001724137931034792 9093
0.02011864406778317 0.001724137931034792 9094
0.02042372881354714 0.001724137931034792 9095
0.02072881355931112 0.001724137931034792 9096
0.0210338983050751 0.001724137931034792 9097
0.02133898305083907 0.001724137931034792 9098
0.0216440677966016 0.001724137931034792 9099
0.02194915254236431 0.001724137931034792 9100
0.0222542372881283 0.001724137931034792 9101
0.02255932203389226 0.001724137931034792 9102
0.02286440677965501 0.001724137931034792 9103
0.02316949152541751 0.001724137931034792 9104
0.02347457627118147 0.001724137931034792 9105
0.02377966101694545 0.001724137931034792 9106
0.02408474576270943 0.001724137931034792 9107
0.02438983050847341 0.001724137931034792 9108
0.02469491525423739 0.001724137931034792 9109
0.007305084745762477 0.001655172413793739 9110
0.007610169491524387 0.001655172413793739 9111
0.007915254237286326 0.001655172413793739 9112
0.008220338983047526 0.001655172413793739 9113
0.008525423728809475 0.001655172413793739 9114
0.00883050847457198 0.001655172413793738 9115
0.009135593220334484 0.001655172413793739 9116
0.009440677966096989 0.001655172413793739 9117
0.009745762711859316 0.001655172413793739 9118
0.01005084745762109 0.001655172413793739 9119
0.01035593220338222 0.001655172413793739 9120
0.01066101694914327 0.001655172413793739 9121
0.01096610169490504 0.001655172413793739 9122
0.01127118644066681 0.001655172413793739 9123
0.01157627118642892 0.001655172413793739 9124
0.01188135593219069 0.001655172413793739 9125
0.01218644067795246 0.001655172413793739 9126
0.01249152542371424 0.001655172413793739 9127
0.01279661016947668 0.001655172413793739 9128
0.01310169491523844 0.001655172413793739 9129
0.01340677966100022 0.001655172413793739 9130
0.01371186440676199 0.001655172413793739 9131
0.01401694915252409 0.001655172413793739 9132
0.01432203389828586 0.00165517241379374 9133
0.01462711864404763 0.001655172413793739 9134
0.01493220338980954 0.001655172413793739 9135
0.01523728813557204 0.001655172413793739 9136
0.01554237288133405 0.001655172413793739 9137
0.01584745762709508 0.001655172413793739 9138
0.01615254237285826 0.001655172413793739 9139
0.01645762711862224 0.001655172413793739 9140
0.01676271186438622 0.001655172413793739 9141
0.01706779661014911 0.001655172413793739 9142
0.01737288135591161 0.001655172413793739 9143
0.01767796610167543 0.001655172413793739 9144
0.01798305084743941 0.001655172413793739 9145
0.01828813559320338 0.001655172413793739 9146
0.01859322033896736 0.001655172413793739 9147
0.01889830508473134 0.001655172413793739 9148
0.0192033898304941 0.001655172413793739 9149
0.01950847457625661 0.001655172413793739 9150
0.0198135593220192 0.001655172413793739 9151
0.02011864406778317 0.001655172413793739 9152
0.02042372881354714 0.001655172413793738 9153
0.02072881355931112 0.001655172413793739 9154
0.0210338983050751 0.001655172413793739 9155
0.02133898305083907 0.00165517241379374 9156
0.0216440677966016 0.001655172413793739 9157
0.02194915254236431 0.001655172413793739 9158
0.02225423728812829 0.001655172413793739 9159
0.02255932203389226 0.001655172413793739 9160
0.02286440677965501 0.001655172413793739 9161
0.02316949152541752 0.001655172413793739 9162
0.02347457627118148 0.001655172413793739 9163
0.02377966101694545 0.001655172413793739 9164
0.02408474576270943 0.001655172413793739 9165
0.02438983050847341 0.001655172413793739 9166
0.02469491525423739 0.001655172413793739 9167
0.007305084745762476 0.001586206896552445 9168
0.007610169491524387 0.001586206896552445 9169
0.007915254237286326 0.001586206896552445 9170
0.008220338983047526 0.001586206896552444 9171
0.008525423728809474 0.001586206896552444 9172
0.00883050847457198 0.001586206896552445 9173
0.009135593220334484 0.001586206896552445 9174
0.009440677966096989 0.001586206896552444 9175
0.009745762711859314 0.001586206896552445 9176
0.01005084745762109 0.001586206896552445 9177
0.01035593220338222 0.001586206896552445 9178
0.01066101694914327 0.001586206896552444 9179
0.01096610169490504 0.001586206896552444 9180
0.01127118644066681 0.001586206896552444 9181
0.01157627118642892 0.001586206896552444 9182
0.01188135593219069 0.001586206896552445 9183
0.01218644067795246 0.001586206896552445 9184
0.01249152542371424 0.001586206896552445 9185
0.01279661016947668 0.001586206896552444 9186
0.01310169491523844 0.001586206896552445 9187
0.01340677966100022 0.001586206896552444 9188
0.01371186440676199 0.001586206896552444 9189
0.0140169491525241 0.001586206896552444 9190
0.01432203389828586 0.001586206896552444 9191
0.01462711864404764 0.001586206896552445 9192
0.01493220338980955 0.001586206896552445 9193
0.01523728813557204 0.001586206896552444 9194
0.01554237288133404 0.001586206896552444 9195
0.01584745762709508 0.001586206896552444 9196
0.01615254237285826 0.001586206896552445 9197
0.01645762711862224 0.001586206896552445 9198
0.01676271186438621 0.001586206896552444 9199
0.01706779661014911 0.001586206896552445 9200
0.01737288135591162 0.001586206896552445 9201
0.01767796610167543 0.001586206896552444 9202
0.01798305084743941 0.001586206896552445 9203
0.01828813559320338 0.001586206896552444 9204
0.01859322033896736 0.001586206896552444 9205
0.01889830508473134 0.001586206896552444 9206
0.01920338983049412 0.001586206896552444 9207
0.01950847457625661 0.001586206896552444 9208
0.0198135593220192 0.001586206896552444 9209
0.02011864406778317 0.001586206896552445 9210
0.02042372881354714 0.001586206896552444 9211
0.02072881355931112 0.001586206896552444 9212
0.0210338983050751 0.001586206896552444 9213
0.02133898305083907 0.001586206896552444 9214
0.0216440677966016 0.001586206896552445 9215
0.02194915254236431 0.001586206896552444 9216
0.02225423728812829 0.001586206896552444 9217
0.02255932203389227 0.001586206896552444 9218
0.02286440677965501 0.001586206896552444 9219
0.02316949152541751 0.001586206896552444 9220
0.02347457627118148 0.001586206896552444 9221
0.02377966101694545 0.001586206896552444 9222
0.02408474576270943 0.001586206896552444 9223
0.02438983050847341 0.001586206896552444 9224
0.02469491525423739 0.001586206896552444 9225
0.007305084745762478 0.00151724137931115 9226
0.007610169491524386 0.00151724137931115 9227
0.007915254237286326 0.00151724137931115 9228
0.008220338983047526 0.00151724137931115 9229
0.008525423728809475 0.00151724137931115 9230
0.00883050847457198 0.00151724137931115 9231
0.009135593220334484 0.00151724137931115 9232
0.009440677966096987 0.00151724137931115 9233
0.009745762711859316 0.00151724137931115 9234
0.01005084745762109 0.00151724137931115 9235
0.01035593220338222 0.001517241379311149 9236
0.01066101694914327 0.00151724137931115 9237
0.01096610169490504 0.00151724137931115 9238
0.01127118644066681 0.00151724137931115 9239
0.01157627118642892 0.001517241379311149 9240
0.01188135593219069 0.00151724137931115 9241
0.01218644067795246 0.001517241379311149 9242
0.01249152542371424 0.00151724137931115 9243
0.01279661016947668 0.00151724137931115 9244
0.01310169491523844 0.001517241379311149 9245
0.01340677966100022 0.00151724137931115 9246
0.01371186440676199 0.00151724137931115 9247
0.01401694915252409 0.00151724137931115 9248
0.01432203389828586 0.00151724137931115 9249
0.01462711864404763 0.00151724137931115 9250
0.01493220338980955 0.00151724137931115 9251
0.01523728813557205 0.00151724137931115 9252
0.01554237288133405 0.00151724137931115 9253
0.01584745762709508 0.00151724137931115 9254
0.01615254237285826 0.00151724137931115 9255
0.01645762711862224 0.00151724137931115 9256
0.01676271186438622 0.001517241379311149 9257
0.01706779661014911 0.00151724137931115 9258
0.01737288135591161 0.00151724137931115 9259
0.01767796610167543 0.00151724137931115 9260
0.01798305084743941 0.00151724137931115 9261
0.01828813559320338 0.00151724137931115 9262
0.01859322033896736 0.001517241379311149 9263
0.01889830508473134 0.00151724137931115 9264
0.01920338983049412 0.00151724137931115 9265
0.01950847457625661 0.00151724137931115 9266
0.0198135593220192 0.00151724137931115 9267
0.02011864406778317 0.00151724137931115 9268
0.02042372881354715 0.00151724137931115 9269
0.02072881355931113 0.001517241379311151 9270
0.0210338983050751 0.00151724137931115 9271
0.02133898305083907 0.00151724137931115 9272
0.0216440677966016 0.00151724137931115 9273
0.02194915254236431 0.00151724137931115 9274
0.0222542372881283 0.00151724137931115 9275
0.02255932203389227 0.00151724137931115 9276
0.02286440677965501 0.00151724137931115 9277
0.02316949152541752 0.00151724137931115 9278
0.02347457627118148 0.00151724137931115 9279
0.02377966101694545 0.00151724137931115 9280
0.02408474576270944 0.00151724137931115 9281
0.02438983050847341 0.00151724137931115 9282
0.02469491525423739 0.00151724137931115 9283
0.007305084745762478 0.001448275862069686 9284
0.007610169491524387 0.001448275862069686 9285
0.007915254237286326 0.001448275862069686 9286
0.008220338983047526 0.001448275862069686 9287
0.008525423728809475 0.001448275862069685 9288
0.00883050847457198 0.001448275862069686 9289
0.009135593220334484 0.001448275862069686 9290
0.009440677966096989 0.001448275862069685 9291
0.009745762711859316 0.001448275862069686 9292
0.01005084745762109 0.001448275862069686 9293
0.01035593220338222 0.001448275862069686 9294
0.01066101694914327 0.001448275862069686 9295
0.01096610169490504 0.001448275862069686 9296
0.01127118644066681 0.001448275862069686 9297
0.01157627118642892 0.001448275862069685 9298
0.01188135593219069 0.001448275862069686 9299
0.01218644067795246 0.001448275862069686 9300
0.01249152542371424 0.001448275862069686 9301
0.01279661016947668 0.001448275862069686 9302
0.01310169491523845 0.001448275862069686 9303
0.01340677966100022 0.001448275862069686 9304
0.01371186440676199 0.001448275862069686 9305
0.01401694915252409 0.001448275862069686 9306
0.01432203389828587 0.001448275862069686 9307
0.01462711864404763 0.001448275862069686 9308
0.01493220338980954 0.001448275862069686 9309
0.01523728813557204 0.001448275862069686 9310
0.01554237288133405 0.001448275862069686 9311
0.01584745762709509 0.001448275862069686 9312
0.01615254237285826 0.001448275862069686 9313
0.01645762711862225 0.001448275862069686 9314
0.01676271186438622 0.001448275862069685 9315
0.01706779661014911 0.001448275862069686 9316
0.01737288135591162 0.001448275862069686 9317
0.01767796610167543 0.001448275862069686 9318
0.01798305084743941 0.001448275862069686 9319
0.01828813559320338 0.001448275862069685 9320
0.01859322033896736 0.001448275862069685 9321
0.01889830508473134 0.001448275862069686 9322
0.01920338983049411 0.001448275862069686 9323
0.01950847457625661 0.001448275862069686 9324
0.01981355932201919 0.001448275862069686 9325
0.02011864406778317 0.001448275862069686 9326
0.02042372881354715 0.001448275862069686 9327
0.02072881355931112 0.001448275862069686 9328
0.0210338983050751 0.001448275862069686 9329
0.02133898305083907 0.001448275862069686 9330
0.0216440677966016 0.001448275862069686 9331
0.02194915254236431 0.001448275862069686 9332
0.0222542372881283 0.001448275862069686 9333
0.02255932203389227 0.001448275862069686 9334
0.02286440677965501 0.001448275862069686 9335
0.02316949152541751 0.001448275862069686 9336
0.02347457627118148 0.001448275862069686 9337
0.02377966101694545 0.001448275862069686 9338
0.02408474576270942 0.001448275862069686 9339
0.0243898305084734 0.001448275862069686 9340
0.02469491525423739 0.001448275862069686 9341
0.007305084745762478 0.001379310344828392 9342
0.007610169491524387 0.001379310344828391 9343
0.007915254237286326 0.001379310344828391 9344
0.008220338983047526 0.001379310344828391 9345
0.008525423728809475 0.001379310344828391 9346
0.00883050847457198 0.001379310344828391 9347
0.009135593220334482 0.001379310344828391 9348
0.009440677966096989 0.001379310344828392 9349
0.009745762711859316 0.001379310344828391 9350
0.01005084745762109 0.001379310344828391 9351
0.01035593220338222 0.001379310344828391 9352
0.01066101694914327 0.001379310344828391 9353
0.01096610169490504 0.001379310344828391 9354
0.01127118644066681 0.001379310344828391 9355
0.01157627118642892 0.001379310344828391 9356
0.01188135593219069 0.001379310344828391 9357
0.01218644067795246 0.001379310344828391 9358
0.01249152542371424 0.001379310344828391 9359
0.01279661016947668 0.001379310344828391 9360
0.01310169491523844 0.001379310344828391 9361
0.01340677966100022 0.001379310344828391 9362
0.01371186440676199 0.001379310344828391 9363
0.01401694915252409 0.001379310344828391 9364
0.01432203389828587 0.001379310344828392 9365
0.01462711864404763 0.001379310344828391 9366
0.01493220338980954 0.001379310344828391 9367
0.01523728813557204 0.001379310344828391 9368
0.01554237288133405 0.001379310344828391 9369
0.01584745762709508 0.001379310344828391 9370
0.01615254237285826 0.001379310344828391 9371
0.01645762711862224 0.001379310344828392 9372
0.01676271186438622 0.001379310344828391 9373
0.01706779661014911 0.001379310344828391 9374
0.01737288135591161 0.001379310344828391 9375
0.01767796610167543 0.001379310344828391 9376
0.01798305084743941 0.001379310344828391 9377
0.01828813559320338 0.001379310344828391 9378
0.01859322033896736 0.001379310344828391 9379
0.01889830508473134 0.001379310344828391 9380
0.01920338983049411 0.001379310344828391 9381
0.01950847457625661 0.001379310344828391 9382
0.0198135593220192 0.001379310344828391 9383
0.02011864406778317 0.001379310344828391 9384
0.02042372881354714 0.001379310344828391 9385
0.02072881355931112 0.001379310344828392 9386
0.0210338983050751 0.001379310344828391 9387
0.02133898305083907 0.001379310344828391 9388
0.0216440677966016 0.001379310344828391 9389
0.02194915254236431 0.001379310344828392 9390
0.02225423728812829 0.001379310344828391 9391
0.02255932203389227 0.001379310344828391 9392
0.02286440677965501 0.001379310344828391 9393
0.02316949152541751 0.001379310344828391 9394
0.02347457627118148 0.001379310344828391 9395
0.02377966101694546 0.001379310344828391 9396
0.02408474576270943 0.001379310344828391 9397
0.02438983050847341 0.001379310344828391 9398
0.02469491525423739 0.001379310344828391 9399
0.007305084745762478 0.00131034482758732 9400
0.007610169491524387 0.00131034482758732 9401
0.007915254237286328 0.00131034482758732 9402
0.008220338983047526 0.001310344827587321 9403
0.008525423728809475 0.00131034482758732 9404
0.00883050847457198 0.00131034482758732 9405
0.009135593220334484 0.001310344827587321 9406
0.009440677966096989 0.00131034482758732 9407
0.009745762711859316 0.00131034482758732 9408
0.01005084745762109 0.00131034482758732 9409
0.01035593220338222 0.00131034482758732 9410
0.01066101694914327 0.00131034482758732 9411
0.01096610169490504 0.00131034482758732 9412
0.01127118644066681 0.00131034482758732 9413
0.01157627118642892 0.00131034482758732 9414
0.01188135593219069 0.00131034482758732 9415
0.01218644067795246 0.00131034482758732 9416
0.01249152542371424 0.00131034482758732 9417
0.01279661016947668 0.00131034482758732 9418
0.01310169491523844 0.00131034482758732 9419
0.01340677966100022 0.00131034482758732 9420
0.01371186440676199 0.00131034482758732 9421
0.01401694915252409 0.00131034482758732 9422
0.01432203389828586 0.00131034482758732 9423
0.01462711864404763 0.00131034482758732 9424
0.01493220338980954 0.00131034482758732 9425
0.01523728813557204 0.00131034482758732 9426
0.01554237288133405 0.00131034482758732 9427
0.01584745762709508 0.00131034482758732 9428
0.01615254237285826 0.00131034482758732 9429
0.01645762711862224 0.00131034482758732 9430
0.01676271186438622 0.00131034482758732 9431
0.01706779661014911 0.00131034482758732 9432
0.01737288135591162 0.00131034482758732 9433
0.01767796610167543 0.00131034482758732 9434
0.01798305084743941 0.00131034482758732 9435
0.01828813559320338 0.00131034482758732 9436
0.01859322033896736 0.00131034482758732 9437
0.01889830508473134 0.00131034482758732 9438
0.01920338983049411 0.00131034482758732 9439
0.01950847457625661 0.00131034482758732 9440
0.0198135593220192 0.00131034482758732 9441
0.02011864406778317 0.00131034482758732 9442
0.02042372881354714 0.00131034482758732 9443
0.02072881355931112 0.00131034482758732 9444
0.0210338983050751 0.00131034482758732 9445
0.02133898305083907 0.00131034482758732 9446
0.0216440677966016 0.00131034482758732 9447
0.02194915254236431 0.00131034482758732 9448
0.0222542372881283 0.00131034482758732 9449
0.02255932203389226 0.00131034482758732 9450
0.02286440677965501 0.00131034482758732 9451
0.02316949152541751 0.00131034482758732 9452
0.02347457627118148 0.00131034482758732 9453
0.02377966101694545 0.00131034482758732 9454
0.02408474576270942 0.00131034482758732 9455
0.02438983050847342 0.00131034482758732 9456
0.02469491525423739 0.00131034482758732 9457
0.007305084745762479 0.0012413793103464 9458
0.007610169491524385 0.0012413793103464 9459
0.007915254237286326 0.0012413793103464 9460
0.008220338983047526 0.0012413793103464 9461
0.008525423728809475 0.0012413793103464 9462
0.00883050847457198 0.0012413793103464 9463
0.009135593220334484 0.0012413793103464 9464
0.009440677966096989 0.0012413793103464 9465
0.009745762711859316 0.0012413793103464 9466
0.01005084745762109 0.001241379310346399 9467
0.01035593220338222 0.0012413793103464 9468
0.01066101694914327 0.0012413793103464 9469
0.01096610169490504 0.0012413793103464 9470
0.01127118644066681 0.0012413793103464 9471
0.01157627118642892 0.0012413793103464 9472
0.01188135593219069 0.0012413793103464 9473
0.01218644067795246 0.0012413793103464 9474
0.01249152542371424 0.0012413793103464 9475
0.01279661016947668 0.0012413793103464 9476
0.01310169491523844 0.0012413793103464 9477
0.01340677966100021 0.0012413793103464 9478
0.01371186440676199 0.0012413793103464 9479
0.01401694915252409 0.0012413793103464 9480
0.01432203389828586 0.0012413793103464 9481
0.01462711864404763 0.0012413793103464 9482
0.01493220338980954 0.0012413793103464 9483
0.01523728813557204 0.0012413793103464 9484
0.01554237288133405 0.0012413793103464 9485
0.01584745762709508 0.0012413793103464 9486
0.01615254237285826 0.0012413793103464 9487
0.01645762711862224 0.0012413793103464 9488
0.01676271186438622 0.0012413793103464 9489
0.01706779661014911 0.0012413793103464 9490
0.01737288135591162 0.0012413793103464 9491
0.01767796610167543 0.0012413793103464 9492
0.01798305084743941 0.0012413793103464 9493
0.01828813559320338 0.0012413793103464 9494
0.01859322033896736 0.0012413793103464 9495
0.01889830508473134 0.0012413793103464 9496
0.01920338983049411 0.0012413793103464 9497
0.01950847457625661 0.0012413793103464 9498
0.0198135593220192 0.0012413793103464 9499
0.02011864406778317 0.0012413793103464 9500
0.02042372881354714 0.0012413793103464 9501
0.02072881355931112 0.0012413793103464 9502
0.0210338983050751 0.0012413793103464 9503
0.02133898305083907 0.0012413793103464 9504
0.0216440677966016 0.0012413793103464 9505
0.02194915254236431 0.0012413793103464 9506
0.0222542372881283 0.0012413793103464 9507
0.02255932203389227 0.0012413793103464 9508
0.02286440677965501 0.0012413793103464 9509
0.02316949152541751 0.0012413793103464 9510
0.02347457627118148 0.0012413793103464 9511
0.02377966101694545 0.0012413793103464 9512
0.02408474576270943 0.001241379310346399 9513
0.02438983050847341 0.0012413793103464 9514
0.02469491525423739 0.0012413793103464 9515
0.007305084745762478 0.001172413793105479 9516
0.007610169491524386 0.001172413793105479 9517
0.007915254237286326 0.001172413793105479 9518
0.008220338983047526 0.001172413793105479 9519
0.008525423728809475 0.001172413793105479 9520
0.00883050847457198 0.001172413793105479 9521
0.009135593220334484 0.001172413793105479 9522
0.009440677966096987 0.001172413793105479 9523
0.009745762711859316 0.001172413793105479 9524
0.01005084745762109 0.001172413793105479 9525
0.01035593220338222 0.001172413793105479 9526
0.01066101694914327 0.001172413793105479 9527
0.01096610169490504 0.001172413793105479 9528
0.01127118644066681 0.001172413793105479 9529
0.01157627118642892 0.001172413793105479 9530
0.01188135593219069 0.001172413793105479 9531
0.01218644067795246 0.001172413793105479 9532
0.01249152542371424 0.001172413793105479 9533
0.01279661016947668 0.001172413793105479 9534
0.01310169491523844 0.001172413793105479 9535
0.01340677966100022 0.001172413793105479 9536
0.01371186440676199 0.001172413793105479 9537
0.01401694915252409 0.001172413793105479 9538
0.01432203389828586 0.001172413793105479 9539
0.01462711864404763 0.001172413793105479 9540
0.01493220338980954 0.001172413793105479 9541
0.01523728813557204 0.001172413793105479 9542
0.01554237288133405 0.001172413793105479 9543
0.01584745762709508 0.001172413793105479 9544
0.01615254237285826 0.001172413793105479 9545
0.01645762711862224 0.001172413793105479 9546
0.01676271186438622 0.001172413793105479 9547
0.01706779661014911 0.001172413793105479 9548
0.01737288135591161 0.001172413793105479 9549
0.01767796610167543 0.001172413793105479 9550
0.01798305084743941 0.001172413793105479 9551
0.01828813559320338 0.001172413793105479 9552
0.01859322033896736 0.001172413793105479 9553
0.01889830508473134 0.001172413793105479 9554
0.01920338983049411 0.001172413793105479 9555
0.01950847457625661 0.001172413793105479 9556
0.0198135593220192 0.001172413793105479 9557
0.02011864406778317 0.001172413793105479 9558
0.02042372881354714 0.001172413793105479 9559
0.02072881355931112 0.001172413793105479 9560
0.0210338983050751 0.001172413793105479 9561
0.02133898305083907 0.001172413793105479 9562
0.0216440677966016 0.001172413793105479 9563
0.02194915254236431 0.001172413793105479 9564
0.02225423728812829 0.001172413793105479 9565
0.02255932203389226 0.001172413793105479 9566
0.02286440677965501 0.001172413793105479 9567
0.02316949152541751 0.001172413793105479 9568
0.02347457627118148 0.001172413793105479 9569
0.02377966101694545 0.001172413793105479 9570
0.02408474576270943 0.001172413793105479 9571
0.02438983050847341 0.001172413793105479 9572
0.02469491525423739 0.001172413793105479 9573
0.007305084745762478 0.001103448275864315 9574
0.007610169491524387 0.001103448275864315 9575
0.007915254237286328 0.001103448275864315 9576
0.008220338983047526 0.001103448275864314 9577
0.008525423728809475 0.001103448275864314 9578
0.008830508474571981 0.001103448275864315 9579
0.009135593220334484 0.001103448275864314 9580
0.00944067796609699 0.001103448275864314 9581
0.009745762711859316 0.001103448275864314 9582
0.01005084745762109 0.001103448275864314 9583
0.01035593220338222 0.001103448275864314 9584
0.01066101694914327 0.001103448275864315 9585
0.01096610169490504 0.001103448275864314 9586
0.01127118644066681 0.001103448275864315 9587
0.01157627118642892 0.001103448275864314 9588
0.01188135593219069 0.001103448275864314 9589
0.01218644067795246 0.001103448275864315 9590
0.01249152542371424 0.001103448275864314 9591
0.01279661016947668 0.001103448275864314 9592
0.01310169491523845 0.001103448275864314 9593
0.01340677966100022 0.001103448275864314 9594
0.01371186440676199 0.001103448275864314 9595
0.0140169491525241 0.001103448275864314 9596
0.01432203389828586 0.001103448275864314 9597
0.01462711864404763 0.001103448275864314 9598
0.01493220338980954 0.001103448275864314 9599
0.01523728813557204 0.001103448275864314 9600
0.01554237288133405 0.001103448275864314 9601
0.01584745762709508 0.001103448275864314 9602
0.01615254237285826 0.001103448275864314 9603
0.01645762711862224 0.001103448275864314 9604
0.01676271186438621 0.001103448275864314 9605
0.01706779661014911 0.001103448275864314 9606
0.01737288135591162 0.001103448275864315 9607
0.01767796610167543 0.001103448275864314 9608
0.01798305084743941 0.001103448275864315 9609
0.01828813559320338 0.001103448275864314 9610
0.01859322033896736 0.001103448275864314 9611
0.01889830508473134 0.001103448275864314 9612
0.01920338983049411 0.001103448275864314 9613
0.01950847457625661 0.001103448275864315 9614
0.0198135593220192 0.001103448275864315 9615
0.02011864406778317 0.001103448275864314 9616
0.02042372881354714 0.001103448275864315 9617
0.02072881355931112 0.001103448275864315 9618
0.0210338983050751 0.001103448275864315 9619
0.02133898305083907 0.001103448275864315 9620
0.0216440677966016 0.001103448275864315 9621
0.02194915254236431 0.001103448275864314 9622
0.02225423728812828 0.001103448275864314 9623
0.02255932203389226 0.001103448275864314 9624
0.02286440677965501 0.001103448275864314 9625
0.02316949152541751 0.001103448275864315 9626
0.02347457627118148 0.001103448275864314 9627
0.02377966101694545 0.001103448275864315 9628
0.02408474576270942 0.001103448275864314 9629
0.0243898305084734 0.001103448275864314 9630
0.02469491525423739 0.001103448275864315 9631
0.007305084745762478 0.00103448275862302 9632
0.007610169491524386 0.00103448275862302 9633
0.007915254237286326 0.00103448275862302 9634
0.008220338983047526 0.00103448275862302 9635
0.008525423728809475 0.00103448275862302 9636
0.00883050847457198 0.00103448275862302 9637
0.009135593220334484 0.00103448275862302 9638
0.009440677966096989 0.00103448275862302 9639
0.009745762711859318 0.00103448275862302 9640
0.01005084745762109 0.00103448275862302 9641
0.01035593220338222 0.00103448275862302 9642
0.01066101694914327 0.00103448275862302 9643
0.01096610169490504 0.001034482758623019 9644
0.01127118644066681 0.00103448275862302 9645
0.01157627118642892 0.00103448275862302 9646
0.01188135593219069 0.00103448275862302 9647
0.01218644067795246 0.00103448275862302 9648
0.01249152542371424 0.001034482758623019 9649
0.01279661016947668 0.00103448275862302 9650
0.01310169491523844 0.00103448275862302 9651
0.01340677966100022 0.00103448275862302 9652
0.01371186440676199 0.00103448275862302 9653
0.01401694915252409 0.00103448275862302 9654
0.01432203389828586 0.00103448275862302 9655
0.01462711864404763 0.00103448275862302 9656
0.01493220338980954 0.00103448275862302 9657
0.01523728813557204 0.00103448275862302 9658
0.01554237288133405 0.00103448275862302 9659
0.01584745762709508 0.00103448275862302 9660
0.01615254237285826 0.00103448275862302 9661
0.01645762711862224 0.00103448275862302 9662
0.01676271186438622 0.00103448275862302 9663
0.01706779661014911 0.00103448275862302 9664
0.01737288135591162 0.00103448275862302 9665
0.01767796610167543 0.00103448275862302 9666
0.01798305084743941 0.00103448275862302 9667
0.01828813559320338 0.00103448275862302 9668
0.01859322033896736 0.00103448275862302 9669
0.01889830508473134 0.00103448275862302 9670
0.01920338983049411 0.00103448275862302 9671
0.01950847457625661 0.00103448275862302 9672
0.0198135593220192 0.00103448275862302 9673
0.02011864406778317 0.00103448275862302 9674
0.02042372881354714 0.00103448275862302 9675
0.02072881355931112 0.00103448275862302 9676
0.0210338983050751 0.00103448275862302 9677
0.02133898305083907 0.00103448275862302 9678
0.0216440677966016 0.00103448275862302 9679
0.02194915254236431 0.00103448275862302 9680
0.02225423728812829 0.00103448275862302 9681
0.02255932203389227 0.00103448275862302 9682
0.02286440677965501 0.00103448275862302 9683
0.02316949152541751 0.00103448275862302 9684
0.02347457627118148 0.00103448275862302 9685
0.02377966101694545 0.00103448275862302 9686
0.02408474576270943 0.00103448275862302 9687
0.02438983050847341 0.00103448275862302 9688
0.02469491525423739 0.00103448275862302 9689
0.007305084745762478 0.0009655172413816654 9690
0.007610169491524388 0.0009655172413816654 9691
0.007915254237286326 0.0009655172413816652 9692
0.008220338983047526 0.0009655172413816654 9693
0.008525423728809475 0.0009655172413816652 9694
0.00883050847457198 0.0009655172413816655 9695
0.009135593220334484 0.0009655172413816654 9696
0.009440677966096989 0.0009655172413816651 9697
0.009745762711859318 0.0009655172413816651 9698
0.01005084745762109 0.0009655172413816655 9699
0.01035593220338222 0.0009655172413816655 9700
0.01066101694914327 0.0009655172413816651 9701
0.01096610169490504 0.0009655172413816652 9702
0.01127118644066681 0.0009655172413816652 9703
0.01157627118642892 0.0009655172413816654 9704
0.01188135593219069 0.0009655172413816652 9705
0.01218644067795246 0.0009655172413816655 9706
0.01249152542371424 0.0009655172413816657 9707
0.01279661016947668 0.0009655172413816652 9708
0.01310169491523844 0.0009655172413816655 9709
0.01340677966100022 0.0009655172413816652 9710
0.01371186440676199 0.0009655172413816652 9711
0.01401694915252409 0.0009655172413816654 9712
0.01432203389828586 0.0009655172413816651 9713
0.01462711864404763 0.0009655172413816652 9714
0.01493220338980954 0.0009655172413816651 9715
0.01523728813557204 0.0009655172413816652 9716
0.01554237288133405 0.0009655172413816652 9717
0.01584745762709508 0.0009655172413816652 9718
0.01615254237285826 0.0009655172413816655 9719
0.01645762711862224 0.0009655172413816651 9720
0.01676271186438622 0.0009655172413816652 9721
0.01706779661014911 0.0009655172413816651 9722
0.01737288135591162 0.0009655172413816652 9723
0.01767796610167543 0.0009655172413816652 9724
0.01798305084743941 0.0009655172413816654 9725
0.01828813559320338 0.000965517241381665 9726
0.01859322033896736 0.0009655172413816652 9727
0.01889830508473134 0.0009655172413816652 9728
0.01920338983049411 0.0009655172413816652 9729
0.01950847457625661 0.0009655172413816652 9730
0.0198135593220192 0.0009655172413816654 9731
0.02011864406778317 0.0009655172413816651 9732
0.02042372881354714 0.0009655172413816652 9733
0.02072881355931112 0.0009655172413816652 9734
0.0210338983050751 0.0009655172413816655 9735
0.02133898305083907 0.0009655172413816651 9736
0.0216440677966016 0.0009655172413816655 9737
0.02194915254236431 0.0009655172413816651 9738
0.02225423728812829 0.0009655172413816652 9739
0.02255932203389226 0.0009655172413816651 9740
0.02286440677965501 0.0009655172413816652 9741
0.02316949152541751 0.0009655172413816651 9742
0.02347457627118148 0.0009655172413816651 9743
0.02377966101694545 0.0009655172413816652 9744
0.02408474576270943 0.0009655172413816652 9745
0.02438983050847341 0.0009655172413816655 9746
0.02469491525423739 0.0009655172413816651 9747
0.007305084745762479 0.0008965517241400918 9748
0.007610169491524386 0.0008965517241400917 9749
0.007915254237286326 0.0008965517241400917 9750
0.008220338983047526 0.0008965517241400918 9751
0.008525423728809475 0.0008965517241400916 9752
0.00883050847457198 0.000896551724140092 9753
0.009135593220334484 0.0008965517241400918 9754
0.009440677966096989 0.0008965517241400917 9755
0.009745762711859316 0.000896551724140092 9756
0.01005084745762108 0.0008965517241400918 9757
0.01035593220338222 0.0008965517241400916 9758
0.01066101694914327 0.0008965517241400918 9759
0.01096610169490504 0.0008965517241400918 9760
0.01127118644066681 0.000896551724140092 9761
0.01157627118642892 0.0008965517241400918 9762
0.01188135593219069 0.0008965517241400918 9763
0.01218644067795246 0.000896551724140092 9764
0.01249152542371424 0.0008965517241400918 9765
0.01279661016947668 0.0008965517241400916 9766
0.01310169491523844 0.0008965517241400916 9767
0.01340677966100022 0.0008965517241400916 9768
0.01371186440676199 0.0008965517241400918 9769
0.01401694915252409 0.0008965517241400918 9770
0.01432203389828586 0.0008965517241400916 9771
0.01462711864404763 0.0008965517241400918 9772
0.01493220338980954 0.000896551724140092 9773
0.01523728813557204 0.0008965517241400918 9774
0.01554237288133405 0.0008965517241400918 9775
0.01584745762709508 0.0008965517241400917 9776
0.01615254237285826 0.0008965517241400916 9777
0.01645762711862224 0.0008965517241400918 9778
0.01676271186438622 0.0008965517241400918 9779
0.01706779661014911 0.000896551724140092 9780
0.01737288135591162 0.0008965517241400916 9781
0.01767796610167543 0.0008965517241400918 9782
0.01798305084743941 0.0008965517241400916 9783
0.01828813559320338 0.000896551724140092 9784
0.01859322033896736 0.0008965517241400916 9785
0.01889830508473134 0.0008965517241400921 9786
0.01920338983049411 0.000896551724140092 9787
0.01950847457625661 0.0008965517241400916 9788
0.0198135593220192 0.000896551724140092 9789
0.02011864406778317 0.000896551724140092 9790
0.02042372881354715 0.0008965517241400916 9791
0.02072881355931112 0.0008965517241400918 9792
0.0210338983050751 0.000896551724140092 9793
0.02133898305083907 0.0008965517241400918 9794
0.0216440677966016 0.000896551724140092 9795
0.02194915254236431 0.000896551724140092 9796
0.02225423728812829 0.0008965517241400918 9797
0.02255932203389226 0.0008965517241400917 9798
0.02286440677965501 0.0008965517241400918 9799
0.02316949152541751 0.000896551724140092 9800
0.02347457627118148 0.0008965517241400918 9801
0.02377966101694545 0.0008965517241400918 9802
0.02408474576270943 0.000896551724140092 9803
0.02438983050847341 0.000896551724140092 9804
0.02469491525423739 0.0008965517241400918 9805
0.007305084745762478 0.0008275862068987516 9806
0.007610169491524387 0.000827586206898752 9807
0.007915254237286326 0.0008275862068987519 9808
0.008220338983047526 0.0008275862068987519 9809
0.008525423728809475 0.0008275862068987519 9810
0.00883050847457198 0.000827586206898752 9811
0.009135593220334484 0.0008275862068987519 9812
0.009440677966096989 0.0008275862068987517 9813
0.009745762711859316 0.0008275862068987518 9814
0.01005084745762109 0.0008275862068987519 9815
0.01035593220338222 0.0008275862068987517 9816
0.01066101694914327 0.0008275862068987519 9817
0.01096610169490504 0.0008275862068987517 9818
0.01127118644066681 0.0008275862068987519 9819
0.01157627118642892 0.0008275862068987519 9820
0.01188135593219069 0.0008275862068987519 9821
0.01218644067795246 0.0008275862068987517 9822
0.01249152542371424 0.0008275862068987519 9823
0.01279661016947668 0.0008275862068987518 9824
0.01310169491523844 0.0008275862068987518 9825
0.01340677966100022 0.0008275862068987521 9826
0.01371186440676199 0.0008275862068987517 9827
0.01401694915252409 0.0008275862068987519 9828
0.01432203389828586 0.0008275862068987517 9829
0.01462711864404764 0.0008275862068987516 9830
0.01493220338980954 0.0008275862068987517 9831
0.01523728813557204 0.0008275862068987518 9832
0.01554237288133405 0.000827586206898752 9833
0.01584745762709508 0.0008275862068987517 9834
0.01615254237285826 0.000827586206898752 9835
0.01645762711862224 0.0008275862068987519 9836
0.01676271186438622 0.0008275862068987517 9837
0.01706779661014911 0.0008275862068987517 9838
0.01737288135591162 0.0008275862068987517 9839
0.01767796610167543 0.0008275862068987518 9840
0.01798305084743941 0.000827586206898752 9841
0.01828813559320338 0.0008275862068987517 9842
0.01859322033896736 0.0008275862068987516 9843
0.01889830508473134 0.0008275862068987516 9844
0.01920338983049411 0.0008275862068987517 9845
0.01950847457625661 0.0008275862068987519 9846
0.0198135593220192 0.0008275862068987517 9847
0.02011864406778317 0.0008275862068987517 9848
0.02042372881354714 0.0008275862068987517 9849
0.02072881355931112 0.000827586206898752 9850
0.0210338983050751 0.0008275862068987518 9851
0.02133898305083907 0.0008275862068987516 9852
0.0216440677966016 0.0008275862068987517 9853
0.02194915254236431 0.0008275862068987517 9854
0.02225423728812829 0.0008275862068987517 9855
0.02255932203389226 0.0008275862068987517 9856
0.02286440677965501 0.0008275862068987517 9857
0.02316949152541751 0.0008275862068987517 9858
0.02347457627118148 0.0008275862068987517 9859
0.02377966101694545 0.0008275862068987517 9860
0.02408474576270943 0.0008275862068987517 9861
0.02438983050847341 0.0008275862068987517 9862
0.02469491525423739 0.0008275862068987517 9863
0.007305084745762477 0.0007586206896570833 9864
0.007610169491524387 0.0007586206896570835 9865
0.007915254237286326 0.0007586206896570835 9866
0.008220338983047526 0.0007586206896570834 9867
0.008525423728809475 0.0007586206896570835 9868
0.00883050847457198 0.0007586206896570835 9869
0.009135593220334484 0.0007586206896570832 9870
0.009440677966096989 0.0007586206896570835 9871
0.009745762711859316 0.0007586206896570835 9872
0.01005084745762109 0.0007586206896570834 9873
0.01035593220338222 0.0007586206896570834 9874
0.01066101694914327 0.0007586206896570832 9875
0.01096610169490504 0.0007586206896570832 9876
0.01127118644066681 0.0007586206896570833 9877
0.01157627118642892 0.0007586206896570832 9878
0.01188135593219069 0.0007586206896570833 9879
0.01218644067795246 0.0007586206896570832 9880
0.01249152542371424 0.0007586206896570835 9881
0.01279661016947668 0.0007586206896570834 9882
0.01310169491523844 0.0007586206896570835 9883
0.01340677966100022 0.0007586206896570834 9884
0.01371186440676199 0.0007586206896570833 9885
0.01401694915252409 0.0007586206896570834 9886
0.01432203389828586 0.0007586206896570835 9887
0.01462711864404764 0.0007586206896570834 9888
0.01493220338980954 0.0007586206896570834 9889
0.01523728813557204 0.0007586206896570834 9890
0.01554237288133405 0.0007586206896570836 9891
0.01584745762709509 0.0007586206896570833 9892
0.01615254237285826 0.0007586206896570832 9893
0.01645762711862224 0.0007586206896570834 9894
0.01676271186438622 0.0007586206896570834 9895
0.01706779661014911 0.0007586206896570835 9896
0.01737288135591162 0.0007586206896570834 9897
0.01767796610167543 0.0007586206896570834 9898
0.01798305084743941 0.0007586206896570835 9899
0.01828813559320338 0.0007586206896570835 9900
0.01859322033896736 0.0007586206896570833 9901
0.01889830508473134 0.0007586206896570834 9902
0.01920338983049411 0.0007586206896570835 9903
0.01950847457625661 0.0007586206896570835 9904
0.0198135593220192 0.0007586206896570833 9905
0.02011864406778317 0.0007586206896570835 9906
0.02042372881354714 0.0007586206896570835 9907
0.02072881355931112 0.0007586206896570834 9908
0.0210338983050751 0.0007586206896570835 9909
0.02133898305083907 0.0007586206896570836 9910
0.0216440677966016 0.0007586206896570834 9911
0.02194915254236431 0.0007586206896570835 9912
0.02225423728812829 0.0007586206896570835 9913
0.02255932203389226 0.0007586206896570835 9914
0.02286440677965501 0.0007586206896570835 9915
0.02316949152541751 0.0007586206896570836 9916
0.02347457627118148 0.0007586206896570834 9917
0.02377966101694545 0.0007586206896570835 9918
0.02408474576270943 0.0007586206896570834 9919
0.02438983050847341 0.0007586206896570835 9920
0.02469491525423738 0.0007586206896570834 9921
0.007305084745762478 0.000689655172415415 9922
0.007610169491524387 0.0006896551724154151 9923
0.007915254237286326 0.000689655172415415 9924
0.008220338983047526 0.000689655172415415 9925
0.008525423728809475 0.000689655172415415 9926
0.00883050847457198 0.000689655172415415 9927
0.009135593220334484 0.000689655172415415 9928
0.009440677966096989 0.0006896551724154151 9929
0.009745762711859314 0.000689655172415415 9930
0.01005084745762109 0.000689655172415415 9931
0.01035593220338222 0.000689655172415415 9932
0.01066101694914327 0.000689655172415415 9933
0.01096610169490504 0.000689655172415415 9934
0.01127118644066681 0.000689655172415415 9935
0.01157627118642892 0.000689655172415415 9936
0.01188135593219069 0.000689655172415415 9937
0.01218644067795246 0.0006896551724154148 9938
0.01249152542371424 0.0006896551724154152 9939
0.01279661016947668 0.000689655172415415 9940
0.01310169491523844 0.0006896551724154151 9941
0.01340677966100022 0.000689655172415415 9942
0.01371186440676199 0.000689655172415415 9943
0.01401694915252409 0.000689655172415415 9944
0.01432203389828586 0.000689655172415415 9945
0.01462711864404763 0.000689655172415415 9946
0.01493220338980954 0.000689655172415415 9947
0.01523728813557204 0.000689655172415415 9948
0.01554237288133405 0.0006896551724154149 9949
0.01584745762709508 0.000689655172415415 9950
0.01615254237285826 0.000689655172415415 9951
0.01645762711862224 0.000689655172415415 9952
0.01676271186438622 0.000689655172415415 9953
0.01706779661014911 0.000689655172415415 9954
0.01737288135591161 0.000689655172415415 9955
0.01767796610167544 0.000689655172415415 9956
0.01798305084743941 0.000689655172415415 9957
0.01828813559320338 0.000689655172415415 9958
0.01859322033896736 0.000689655172415415 9959
0.01889830508473134 0.000689655172415415 9960
0.01920338983049411 0.000689655172415415 9961
0.01950847457625661 0.0006896551724154151 9962
0.0198135593220192 0.000689655172415415 9963
0.02011864406778317 0.000689655172415415 9964
0.02042372881354714 0.000689655172415415 9965
0.02072881355931112 0.000689655172415415 9966
0.0210338983050751 0.000689655172415415 9967
0.02133898305083907 0.000689655172415415 9968
0.0216440677966016 0.000689655172415415 9969
0.02194915254236431 0.000689655172415415 9970
0.02225423728812829 0.000689655172415415 9971
0.02255932203389226 0.000689655172415415 9972
0.02286440677965501 0.0006896551724154151 9973
0.02316949152541751 0.000689655172415415 9974
0.02347457627118148 0.000689655172415415 9975
0.02377966101694545 0.000689655172415415 9976
0.02408474576270944 0.0006896551724154151 9977
0.02438983050847342 0.000689655172415415 9978
0.02469491525423739 0.0006896551724154151 9979
0.007305084745762478 0.0006206896551739814 9980
0.007610169491524387 0.0006206896551739812 9981
0.007915254237286326 0.0006206896551739813 9982
0.008220338983047526 0.0006206896551739812 9983
0.008525423728809475 0.0006206896551739812 9984
0.00883050847457198 0.0006206896551739814 9985
0.009135593220334486 0.0006206896551739814 9986
0.009440677966096989 0.0006206896551739814 9987
0.009745762711859316 0.0006206896551739812 9988
0.01005084745762109 0.0006206896551739813 9989
0.01035593220338222 0.0006206896551739814 9990
0.01066101694914327 0.0006206896551739812 9991
0.01096610169490504 0.0006206896551739812 9992
0.01127118644066681 0.0006206896551739815 9993
0.01157627118642892 0.0006206896551739812 9994
0.01188135593219069 0.0006206896551739814 9995
0.01218644067795246 0.0006206896551739815 9996
0.01249152542371424 0.0006206896551739814 9997
0.01279661016947667 0.0006206896551739812 9998
0.01310169491523844 0.0006206896551739812 9999
0.01340677966100022 0.0006206896551739814 10000
0.01371186440676199 0.0006206896551739813 10001
0.01401694915252409 0.0006206896551739813 10002
0.01432203389828586 0.0006206896551739812 10003
0.01462711864404763 0.0006206896551739813 10004
0.01493220338980954 0.0006206896551739815 10005
0.01523728813557204 0.0006206896551739814 10006
0.01554237288133405 0.0006206896551739813 10007
0.01584745762709509 0.0006206896551739813 10008
0.01615254237285826 0.0006206896551739813 10009
0.01645762711862224 0.0006206896551739812 10010
0.01676271186438622 0.0006206896551739812 10011
0.01706779661014911 0.0006206896551739813 10012
0.01737288135591161 0.0006206896551739812 10013
0.01767796610167543 0.0006206896551739812 10014
0.01798305084743941 0.0006206896551739812 10015
0.01828813559320338 0.0006206896551739812 10016
0.01859322033896736 0.0006206896551739812 10017
0.01889830508473134 0.0006206896551739813 10018
0.01920338983049411 0.0006206896551739812 10019
0.01950847457625661 0.0006206896551739812 10020
0.0198135593220192 0.0006206896551739814 10021
0.02011864406778317 0.0006206896551739812 10022
0.02042372881354715 0.0006206896551739812 10023
0.02072881355931112 0.0006206896551739812 10024
0.0210338983050751 0.0006206896551739812 10025
0.02133898305083907 0.0006206896551739812 10026
0.0216440677966016 0.0006206896551739812 10027
0.02194915254236431 0.0006206896551739812 10028
0.0222542372881283 0.0006206896551739813 10029
0.02255932203389226 0.000620689655173981 10030
0.02286440677965501 0.0006206896551739812 10031
0.02316949152541751 0.0006206896551739812 10032
0.02347457627118147 0.0006206896551739812 10033
0.02377966101694546 0.0006206896551739812 10034
0.02408474576270943 0.0006206896551739812 10035
0.0243898305084734 0.0006206896551739813 10036
0.02469491525423739 0.000620689655173981 10037
0.007305084745762477 0.0005517241379325014 10038
0.007610169491524386 0.0005517241379325011 10039
0.007915254237286326 0.0005517241379325012 10040
0.008220338983047526 0.0005517241379325013 10041
0.008525423728809475 0.0005517241379325013 10042
0.00883050847457198 0.0005517241379325011 10043
0.009135593220334484 0.0005517241379325013 10044
0.00944067796609699 0.0005517241379325013 10045
0.009745762711859316 0.0005517241379325013 10046
0.01005084745762109 0.0005517241379325013 10047
0.01035593220338222 0.0005517241379325013 10048
0.01066101694914327 0.0005517241379325013 10049
0.01096610169490504 0.0005517241379325013 10050
0.01127118644066681 0.0005517241379325013 10051
0.01157627118642892 0.0005517241379325013 10052
0.01188135593219069 0.0005517241379325012 10053
0.01218644067795246 0.0005517241379325013 10054
0.01249152542371424 0.0005517241379325013 10055
0.01279661016947668 0.0005517241379325013 10056
0.01310169491523844 0.0005517241379325013 10057
0.01340677966100022 0.0005517241379325012 10058
0.01371186440676199 0.0005517241379325013 10059
0.0140169491525241 0.0005517241379325013 10060
0.01432203389828586 0.0005517241379325013 10061
0.01462711864404764 0.0005517241379325013 10062
0.01493220338980954 0.0005517241379325013 10063
0.01523728813557204 0.0005517241379325013 10064
0.01554237288133405 0.0005517241379325013 10065
0.01584745762709509 0.0005517241379325013 10066
0.01615254237285826 0.0005517241379325013 10067
0.01645762711862225 0.0005517241379325013 10068
0.01676271186438622 0.0005517241379325013 10069
0.01706779661014911 0.0005517241379325013 10070
0.01737288135591162 0.0005517241379325013 10071
0.01767796610167543 0.0005517241379325013 10072
0.01798305084743941 0.0005517241379325013 10073
0.01828813559320338 0.0005517241379325013 10074
0.01859322033896736 0.0005517241379325013 10075
0.01889830508473134 0.0005517241379325013 10076
0.01920338983049411 0.0005517241379325013 10077
0.01950847457625661 0.0005517241379325013 10078
0.0198135593220192 0.0005517241379325013 10079
0.02011864406778317 0.0005517241379325013 10080
0.02042372881354715 0.0005517241379325013 10081
0.02072881355931112 0.0005517241379325013 10082
0.0210338983050751 0.0005517241379325013 10083
0.02133898305083907 0.0005517241379325013 10084
0.0216440677966016 0.0005517241379325013 10085
0.02194915254236431 0.0005517241379325013 10086
0.02225423728812829 0.0005517241379325013 10087
0.02255932203389226 0.0005517241379325013 10088
0.02286440677965501 0.0005517241379325013 10089
0.02316949152541752 0.0005517241379325013 10090
0.02347457627118147 0.0005517241379325013 10091
0.02377966101694546 0.0005517241379325013 10092
0.02408474576270943 0.0005517241379325013 10093
0.02438983050847341 0.0005517241379325013 10094
0.02469491525423739 0.0005517241379325012 10095
0.007305084745762477 0.0004827586206908328 10096
0.007610169491524386 0.0004827586206908327 10097
0.007915254237286326 0.0004827586206908327 10098
0.008220338983047526 0.0004827586206908328 10099
0.008525423728809475 0.0004827586206908327 10100
0.00883050847457198 0.0004827586206908328 10101
0.009135593220334484 0.0004827586206908328 10102
0.009440677966096989 0.0004827586206908327 10103
0.009745762711859314 0.0004827586206908327 10104
0.01005084745762109 0.0004827586206908329 10105
0.01035593220338222 0.0004827586206908328 10106
0.01066101694914327 0.0004827586206908328 10107
0.01096610169490504 0.0004827586206908328 10108
0.01127118644066681 0.0004827586206908328 10109
0.01157627118642892 0.0004827586206908328 10110
0.01188135593219069 0.0004827586206908329 10111
0.01218644067795246 0.0004827586206908327 10112
0.01249152542371424 0.0004827586206908328 10113
0.01279661016947668 0.0004827586206908326 10114
0.01310169491523845 0.0004827586206908327 10115
0.01340677966100022 0.0004827586206908328 10116
0.01371186440676199 0.0004827586206908327 10117
0.01401694915252409 0.0004827586206908327 10118
0.01432203389828586 0.0004827586206908327 10119
0.01462711864404763 0.0004827586206908328 10120
0.01493220338980954 0.0004827586206908327 10121
0.01523728813557204 0.0004827586206908328 10122
0.01554237288133405 0.0004827586206908327 10123
0.01584745762709508 0.0004827586206908328 10124
0.01615254237285826 0.0004827586206908327 10125
0.01645762711862224 0.0004827586206908328 10126
0.01676271186438622 0.0004827586206908327 10127
0.01706779661014911 0.0004827586206908327 10128
0.01737288135591161 0.0004827586206908328 10129
0.01767796610167543 0.0004827586206908327 10130
0.01798305084743941 0.0004827586206908327 10131
0.01828813559320338 0.0004827586206908327 10132
0.01859322033896736 0.0004827586206908328 10133
0.01889830508473134 0.0004827586206908328 10134
0.01920338983049411 0.0004827586206908328 10135
0.01950847457625661 0.0004827586206908327 10136
0.0198135593220192 0.0004827586206908328 10137
0.02011864406778317 0.0004827586206908327 10138
0.02042372881354714 0.0004827586206908327 10139
0.02072881355931112 0.0004827586206908327 10140
0.0210338983050751 0.0004827586206908327 10141
0.02133898305083907 0.0004827586206908327 10142
0.0216440677966016 0.0004827586206908327 10143
0.02194915254236431 0.0004827586206908327 10144
0.02225423728812829 0.0004827586206908327 10145
0.02255932203389227 0.0004827586206908327 10146
0.02286440677965501 0.0004827586206908327 10147
0.02316949152541751 0.0004827586206908327 10148
0.02347457627118148 0.0004827586206908328 10149
0.02377966101694545 0.0004827586206908327 10150
0.02408474576270943 0.0004827586206908327 10151
0.02438983050847341 0.0004827586206908328 10152
0.02469491525423739 0.0004827586206908327 10153
0.007305084745762478 0.0004137931034491863 10154
0.007610169491524387 0.0004137931034491864 10155
0.007915254237286326 0.0004137931034491863 10156
0.008220338983047526 0.0004137931034491862 10157
0.008525423728809475 0.0004137931034491862 10158
0.00883050847457198 0.0004137931034491863 10159
0.009135593220334484 0.0004137931034491862 10160
0.00944067796609699 0.0004137931034491862 10161
0.009745762711859316 0.0004137931034491862 10162
0.01005084745762109 0.0004137931034491862 10163
0.01035593220338222 0.0004137931034491863 10164
0.01066101694914327 0.0004137931034491863 10165
0.01096610169490504 0.0004137931034491863 10166
0.01127118644066681 0.0004137931034491863 10167
0.01157627118642892 0.0004137931034491862 10168
0.01188135593219069 0.0004137931034491863 10169
0.01218644067795246 0.0004137931034491863 10170
0.01249152542371424 0.0004137931034491863 10171
0.01279661016947668 0.0004137931034491863 10172
0.01310169491523845 0.0004137931034491864 10173
0.01340677966100022 0.0004137931034491863 10174
0.01371186440676199 0.0004137931034491863 10175
0.01401694915252409 0.0004137931034491862 10176
0.01432203389828586 0.0004137931034491862 10177
0.01462711864404763 0.0004137931034491862 10178
0.01493220338980954 0.0004137931034491862 10179
0.01523728813557204 0.0004137931034491862 10180
0.01554237288133405 0.0004137931034491864 10181
0.01584745762709508 0.0004137931034491863 10182
0.01615254237285826 0.0004137931034491863 10183
0.01645762711862224 0.0004137931034491863 10184
0.01676271186438622 0.0004137931034491863 10185
0.01706779661014911 0.0004137931034491862 10186
0.01737288135591162 0.0004137931034491863 10187
0.01767796610167543 0.0004137931034491863 10188
0.01798305084743941 0.0004137931034491863 10189
0.01828813559320338 0.0004137931034491864 10190
0.01859322033896736 0.0004137931034491863 10191
0.01889830508473134 0.0004137931034491864 10192
0.01920338983049411 0.0004137931034491863 10193
0.01950847457625661 0.0004137931034491863 10194
0.01981355932201919 0.0004137931034491863 10195
0.02011864406778317 0.0004137931034491863 10196
0.02042372881354715 0.0004137931034491863 10197
0.02072881355931112 0.0004137931034491863 10198
0.0210338983050751 0.0004137931034491861 10199
0.02133898305083907 0.0004137931034491863 10200
0.0216440677966016 0.0004137931034491863 10201
0.02194915254236431 0.0004137931034491863 10202
0.02225423728812829 0.0004137931034491863 10203
0.02255932203389227 0.0004137931034491864 10204
0.02286440677965501 0.0004137931034491864 10205
0.02316949152541751 0.0004137931034491863 10206
0.02347457627118148 0.0004137931034491863 10207
0.02377966101694545 0.0004137931034491863 10208
0.02408474576270943 0.0004137931034491863 10209
0.02438983050847341 0.0004137931034491863 10210
0.02469491525423739 0.0004137931034491863 10211
0.007305084745762477 0.000344827586207871 10212
0.007610169491524387 0.0003448275862078708 10213
0.007915254237286326 0.0003448275862078709 10214
0.008220338983047526 0.0003448275862078709 10215
0.008525423728809475 0.0003448275862078709 10216
0.00883050847457198 0.0003448275862078708 10217
0.009135593220334484 0.0003448275862078709 10218
0.009440677966096989 0.0003448275862078709 10219
0.009745762711859314 0.0003448275862078708 10220
0.01005084745762109 0.0003448275862078708 10221
0.01035593220338222 0.000344827586207871 10222
0.01066101694914327 0.000344827586207871 10223
0.01096610169490504 0.0003448275862078709 10224
0.01127118644066681 0.000344827586207871 10225
0.01157627118642892 0.0003448275862078709 10226
0.01188135593219069 0.0003448275862078708 10227
0.01218644067795246 0.0003448275862078709 10228
0.01249152542371424 0.0003448275862078708 10229
0.01279661016947667 0.0003448275862078708 10230
0.01310169491523844 0.0003448275862078709 10231
0.01340677966100022 0.000344827586207871 10232
0.01371186440676199 0.0003448275862078709 10233
0.01401694915252409 0.0003448275862078708 10234
0.01432203389828587 0.0003448275862078709 10235
0.01462711864404763 0.0003448275862078708 10236
0.01493220338980954 0.0003448275862078709 10237
0.01523728813557204 0.0003448275862078708 10238
0.01554237288133404 0.0003448275862078709 10239
0.01584745762709508 0.0003448275862078709 10240
0.01615254237285826 0.0003448275862078709 10241
0.01645762711862224 0.0003448275862078709 10242
0.01676271186438622 0.0003448275862078709 10243
0.01706779661014911 0.0003448275862078709 10244
0.01737288135591161 0.0003448275862078709 10245
0.01767796610167543 0.0003448275862078709 10246
0.01798305084743941 0.0003448275862078709 10247
0.01828813559320339 0.0003448275862078709 10248
0.01859322033896736 0.0003448275862078709 10249
0.01889830508473134 0.0003448275862078709 10250
0.01920338983049411 0.0003448275862078709 10251
0.01950847457625661 0.0003448275862078709 10252
0.0198135593220192 0.0003448275862078709 10253
0.02011864406778317 0.0003448275862078709 10254
0.02042372881354714 0.0003448275862078709 10255
0.02072881355931112 0.0003448275862078709 10256
0.0210338983050751 0.0003448275862078709 10257
0.02133898305083907 0.0003448275862078709 10258
0.0216440677966016 0.0003448275862078709 10259
0.02194915254236431 0.0003448275862078708 10260
0.02225423728812829 0.0003448275862078709 10261
0.02255932203389227 0.0003448275862078709 10262
0.02286440677965501 0.0003448275862078709 10263
0.02316949152541751 0.0003448275862078709 10264
0.02347457627118148 0.0003448275862078708 10265
0.02377966101694545 0.0003448275862078709 10266
0.02408474576270943 0.0003448275862078708 10267
0.02438983050847341 0.0003448275862078709 10268
0.02469491525423739 0.0003448275862078709 10269
0.007305084745762478 0.0002758620689662508 10270
0.007610169491524386 0.0002758620689662507 10271
0.007915254237286326 0.0002758620689662507 10272
0.008220338983047526 0.0002758620689662506 10273
0.008525423728809475 0.0002758620689662507 10274
0.00883050847457198 0.0002758620689662507 10275
0.009135593220334482 0.0002758620689662507 10276
0.009440677966096987 0.0002758620689662507 10277
0.009745762711859318 0.0002758620689662508 10278
0.01005084745762109 0.0002758620689662507 10279
0.01035593220338222 0.0002758620689662507 10280
0.01066101694914327 0.0002758620689662506 10281
0.01096610169490504 0.0002758620689662507 10282
0.01127118644066681 0.0002758620689662507 10283
0.01157627118642892 0.0002758620689662507 10284
0.01188135593219069 0.0002758620689662506 10285
0.01218644067795246 0.0002758620689662507 10286
0.01249152542371424 0.0002758620689662507 10287
0.01279661016947668 0.0002758620689662507 10288
0.01310169491523844 0.0002758620689662507 10289
0.01340677966100022 0.0002758620689662507 10290
0.01371186440676199 0.0002758620689662507 10291
0.01401694915252409 0.0002758620689662507 10292
0.01432203389828586 0.0002758620689662507 10293
0.01462711864404763 0.0002758620689662507 10294
0.01493220338980954 0.0002758620689662507 10295
0.01523728813557205 0.0002758620689662507 10296
0.01554237288133404 0.0002758620689662507 10297
0.01584745762709508 0.0002758620689662507 10298
0.01615254237285826 0.0002758620689662507 10299
0.01645762711862224 0.0002758620689662507 10300
0.01676271186438622 0.0002758620689662507 10301
0.01706779661014911 0.0002758620689662507 10302
0.01737288135591161 0.0002758620689662507 10303
0.01767796610167543 0.0002758620689662507 10304
0.01798305084743941 0.0002758620689662507 10305
0.01828813559320338 0.0002758620689662507 10306
0.01859322033896736 0.0002758620689662507 10307
0.01889830508473134 0.0002758620689662507 10308
0.01920338983049411 0.0002758620689662507 10309
0.01950847457625661 0.0002758620689662507 10310
0.0198135593220192 0.0002758620689662507 10311
0.02011864406778317 0.0002758620689662507 10312
0.02042372881354715 0.0002758620689662507 10313
0.02072881355931112 0.0002758620689662507 10314
0.0210338983050751 0.0002758620689662507 10315
0.02133898305083907 0.0002758620689662507 10316
0.0216440677966016 0.0002758620689662507 10317
0.02194915254236431 0.0002758620689662507 10318
0.02225423728812829 0.0002758620689662507 10319
0.02255932203389227 0.0002758620689662507 10320
0.02286440677965501 0.0002758620689662507 10321
0.02316949152541751 0.0002758620689662507 10322
0.02347457627118147 0.0002758620689662507 10323
0.02377966101694545 0.0002758620689662507 10324
0.02408474576270943 0.0002758620689662507 10325
0.0243898305084734 0.0002758620689662507 10326
0.02469491525423739 0.0002758620689662506 10327
0.007305084745762479 0.0002068965517245822 10328
0.007610169491524386 0.0002068965517245823 10329
0.007915254237286326 0.0002068965517245823 10330
0.008220338983047526 0.0002068965517245823 10331
0.008525423728809474 0.0002068965517245822 10332
0.00883050847457198 0.0002068965517245823 10333
0.009135593220334482 0.0002068965517245823 10334
0.009440677966096989 0.0002068965517245823 10335
0.009745762711859316 0.0002068965517245823 10336
0.01005084745762109 0.0002068965517245823 10337
0.01035593220338222 0.0002068965517245822 10338
0.01066101694914327 0.0002068965517245824 10339
0.01096610169490504 0.0002068965517245822 10340
0.01127118644066681 0.0002068965517245823 10341
0.01157627118642892 0.0002068965517245823 10342
0.01188135593219069 0.0002068965517245823 10343
0.01218644067795246 0.0002068965517245823 10344
0.01249152542371424 0.0002068965517245823 10345
0.01279661016947668 0.0002068965517245822 10346
0.01310169491523845 0.0002068965517245823 10347
0.01340677966100022 0.0002068965517245823 10348
0.01371186440676199 0.0002068965517245822 10349
0.0140169491525241 0.0002068965517245823 10350
0.01432203389828586 0.0002068965517245823 10351
0.01462711864404763 0.0002068965517245823 10352
0.01493220338980954 0.0002068965517245822 10353
0.01523728813557204 0.0002068965517245823 10354
0.01554237288133405 0.0002068965517245823 10355
0.01584745762709508 0.0002068965517245823 10356
0.01615254237285826 0.0002068965517245823 10357
0.01645762711862224 0.0002068965517245823 10358
0.01676271186438622 0.0002068965517245822 10359
0.01706779661014911 0.0002068965517245822 10360
0.01737288135591161 0.0002068965517245823 10361
0.01767796610167544 0.0002068965517245822 10362
0.01798305084743941 0.0002068965517245822 10363
0.01828813559320338 0.0002068965517245823 10364
0.01859322033896736 0.0002068965517245822 10365
0.01889830508473134 0.0002068965517245822 10366
0.01920338983049411 0.0002068965517245822 10367
0.01950847457625661 0.0002068965517245822 10368
0.0198135593220192 0.0002068965517245822 10369
0.02011864406778317 0.0002068965517245823 10370
0.02042372881354714 0.0002068965517245822 10371
0.02072881355931112 0.0002068965517245822 10372
0.0210338983050751 0.0002068965517245823 10373
0.02133898305083908 0.0002068965517245822 10374
0.0216440677966016 0.0002068965517245823 10375
0.02194915254236431 0.0002068965517245822 10376
0.02225423728812829 0.0002068965517245822 10377
0.02255932203389227 0.0002068965517245823 10378
0.02286440677965501 0.0002068965517245822 10379
0.02316949152541752 0.0002068965517245823 10380
0.02347457627118148 0.0002068965517245822 10381
0.02377966101694545 0.0002068965517245823 10382
0.02408474576270944 0.0002068965517245822 10383
0.0243898305084734 0.0002068965517245822 10384
0.02469491525423739 0.0002068965517245823 10385
0.007305084745762478 0.0001379310344830556 10386
0.007610169491524386 0.0001379310344830556 10387
0.007915254237286326 0.0001379310344830555 10388
0.008220338983047526 0.0001379310344830555 10389
0.008525423728809474 0.0001379310344830555 10390
0.00883050847457198 0.0001379310344830555 10391
0.009135593220334484 0.0001379310344830555 10392
0.00944067796609699 0.0001379310344830555 10393
0.009745762711859316 0.0001379310344830555 10394
0.01005084745762109 0.0001379310344830555 10395
0.01035593220338222 0.0001379310344830556 10396
0.01066101694914327 0.0001379310344830555 10397
0.01096610169490504 0.0001379310344830555 10398
0.01127118644066681 0.0001379310344830555 10399
0.01157627118642892 0.0001379310344830555 10400
0.01188135593219069 0.0001379310344830555 10401
0.01218644067795246 0.0001379310344830555 10402
0.01249152542371424 0.0001379310344830555 10403
0.01279661016947667 0.0001379310344830555 10404
0.01310169491523845 0.0001379310344830555 10405
0.01340677966100022 0.0001379310344830555 10406
0.01371186440676199 0.0001379310344830555 10407
0.0140169491525241 0.0001379310344830556 10408
0.01432203389828586 0.0001379310344830555 10409
0.01462711864404763 0.0001379310344830556 10410
0.01493220338980954 0.0001379310344830555 10411
0.01523728813557204 0.0001379310344830555 10412
0.01554237288133405 0.0001379310344830555 10413
0.01584745762709508 0.0001379310344830555 10414
0.01615254237285826 0.0001379310344830555 10415
0.01645762711862224 0.0001379310344830555 10416
0.01676271186438622 0.0001379310344830555 10417
0.01706779661014911 0.0001379310344830555 10418
0.01737288135591161 0.0001379310344830555 10419
0.01767796610167543 0.0001379310344830555 10420
0.01798305084743941 0.0001379310344830555 10421
0.01828813559320338 0.0001379310344830555 10422
0.01859322033896737 0.0001379310344830555 10423
0.01889830508473134 0.0001379310344830555 10424
0.01920338983049411 0.0001379310344830555 10425
0.01950847457625661 0.0001379310344830555 10426
0.0198135593220192 0.0001379310344830555 10427
0.02011864406778317 0.0001379310344830555 10428
0.02042372881354714 0.0001379310344830555 10429
0.02072881355931112 0.0001379310344830555 10430
0.0210338983050751 0.0001379310344830555 10431
0.02133898305083907 0.0001379310344830555 10432
0.0216440677966016 0.0001379310344830555 10433
0.02194915254236431 0.0001379310344830555 10434
0.02225423728812829 0.0001379310344830555 10435
0.02255932203389226 0.0001379310344830555 10436
0.02286440677965501 0.0001379310344830555 10437
0.02316949152541752 0.0001379310344830555 10438
0.02347457627118148 0.0001379310344830555 10439
0.02377966101694545 0.0001379310344830555 10440
0.02408474576270943 0.0001379310344830555 10441
0.0243898305084734 0.0001379310344830555 10442
0.02469491525423739 0.0001379310344830555 10443
0.007305084745762478 6.896551724166878e-05 10444
0.007610169491524388 6.89655172416688e-05 10445
0.007915254237286326 6.896551724166878e-05 10446
0.008220338983047526 6.896551724166878e-05 10447
0.008525423728809474 6.896551724166881e-05 10448
0.00883050847457198 6.896551724166882e-05 10449
0.009135593220334484 6.896551724166881e-05 10450
0.009440677966096989 6.896551724166881e-05 10451
0.009745762711859318 6.896551724166882e-05 10452
0.01005084745762109 6.896551724166881e-05 10453
0.01035593220338222 6.896551724166881e-05 10454
0.01066101694914327 6.896551724166881e-05 10455
0.01096610169490504 6.89655172416688e-05 10456
0.01127118644066681 6.89655172416688e-05 10457
0.01157627118642892 6.896551724166878e-05 10458
0.01188135593219069 6.896551724166881e-05 10459
0.01218644067795246 6.896551724166881e-05 10460
0.01249152542371424 6.896551724166878e-05 10461
0.01279661016947668 6.896551724166881e-05 10462
0.01310169491523844 6.896551724166878e-05 10463
0.01340677966100022 6.896551724166881e-05 10464
0.01371186440676199 6.896551724166878e-05 10465
0.01401694915252409 6.896551724166881e-05 10466
0.01432203389828586 6.896551724166878e-05 10467
0.01462711864404763 6.896551724166881e-05 10468
0.01493220338980954 6.896551724166882e-05 10469
0.01523728813557204 6.896551724166881e-05 10470
0.01554237288133405 6.89655172416688e-05 10471
0.01584745762709508 6.89655172416688e-05 10472
0.01615254237285826 6.896551724166878e-05 10473
0.01645762711862224 6.896551724166878e-05 10474
0.01676271186438621 6.896551724166878e-05 10475
0.01706779661014911 6.896551724166878e-05 10476
0.01737288135591162 6.896551724166881e-05 10477
0.01767796610167543 6.89655172416688e-05 10478
0.01798305084743941 6.89655172416688e-05 10479
0.01828813559320338 6.89655172416688e-05 10480
0.01859322033896736 6.89655172416688e-05 10481
0.01889830508473134 6.89655172416688e-05 10482
0.01920338983049411 6.896551724166882e-05 10483
0.01950847457625661 6.896551724166878e-05 10484
0.0198135593220192 6.896551724166878e-05 10485
0.02011864406778317 6.896551724166881e-05 10486
0.02042372881354715 6.896551724166882e-05 10487
0.02072881355931112 6.896551724166878e-05 10488
0.0210338983050751 6.896551724166881e-05 10489
0.02133898305083907 6.896551724166878e-05 10490
0.0216440677966016 6.89655172416688e-05 10491
0.02194915254236431 6.89655172416688e-05 10492
0.02225423728812829 6.896551724166882e-05 10493
0.02255932203389228 6.89655172416688e-05 10494
0.02286440677965501 6.896551724166878e-05 10495
0.02316949152541751 6.89655172416688e-05 10496
0.02347457627118148 6.896551724166878e-05 10497
0.02377966101694545 6.896551724166878e-05 10498
0.02408474576270942 6.89655172416688e-05 10499
0.0243898305084734 6.89655172416688e-05 10500
0.02469491525423739 6.89655172416688e-05 10501
NMARK= 8
MARKER_TAG= inlet_fuel
MARKER_ELEMS= 29
3 0 212 
3 212 213 
3 213 214 
3 214 215 
3 215 216 
3 216 217 
3 217 218 
3 218 219 
3 219 220 
3 220 221 
3 221 222 
3 222 223 
3 223 224 
3 224 225 
3 225 226 
3 226 227 
3 227 228 
3 228 229 
3 229 230 
3 230 231 
3 231 232 
3 232 233 
3 233 234 
3 234 235 
3 235 236 
3 236 237 
3 237 238 
3 238 239 
3 239 7 
MARKER_TAG= inlet_oxidizer
MARKER_ELEMS= 29
3 1 12 
3 12 13 
3 13 14 
3 14 15 
3 15 16 
3 16 17 
3 17 18 
3 18 19 
3 19 20 
3 20 21 
3 21 22 
3 22 23 
3 23 24 
3 24 25 
3 25 26 
3 26 27 
3 27 28 
3 28 29 
3 29 30 
3 30 31 
3 31 32 
3 32 33 
3 33 34 
3 34 35 
3 35 36 
3 36 37 
3 37 38 
3 38 39 
3 39 2 
MARKER_TAG= outlet
MARKER_ELEMS= 59
3 6 126 
3 126 127 
3 127 128 
3 128 129 
3 129 130 
3 130 131 
3 131 132 
3 132 133 
3 133 134 
3 134 135 
3 135 136 
3 136 137 
3 137 138 
3 138 139 
3 139 140 
3 140 141 
3 141 142 
3 142 143 
3 143 144 
3 144 145 
3 145 146 
3 146 147 
3 147 148 
3 148 149 
3 149 150 
3 150 151 
3 151 152 
3 152 153 
3 153 154 
3 154 155 
3 155 156 
3 156 157 
3 157 158 
3 158 159 
3 159 160 
3 160 161 
3 161 162 
3 162 163 
3 163 164 
3 164 165 
3 165 166 
3 166 167 
3 167 168 
3 168 169 
3 169 170 
3 170 171 
3 171 172 
3 172 173 
3 173 174 
3 174 175 
3 175 176 
3 176 177 
3 177 178 
3 178 179 
3 179 180 
3 180 181 
3 181 182 
3 182 183 
3 183 5 
MARKER_TAG= wall_fuel
MARKER_ELEMS= 59
3 7 240 
3 240 241 
3 241 242 
3 242 243 
3 243 244 
3 244 245 
3 245 246 
3 246 247 
3 247 248 
3 248 249 
3 249 250 
3 250 251 
3 251 252 
3 252 253 
3 253 254 
3 254 255 
3 255 256 
3 256 257 
3 257 258 
3 258 259 
3 259 260 
3 260 261 
3 261 262 
3 262 263 
3 263 264 
3 264 265 
3 265 266 
3 266 267 
3 267 268 
3 268 269 
3 269 270 
3 270 271 
3 271 272 
3 272 273 
3 273 274 
3 274 275 
3 275 276 
3 276 277 
3 277 278 
3 278 279 
3 279 280 
3 280 281 
3 281 282 
3 282 283 
3 283 284 
3 284 285 
3 285 286 
3 286 287 
3 287 288 
3 288 289 
3 289 290 
3 290 291 
3 291 292 
3 292 293 
3 293 294 
3 294 295 
3 295 296 
3 296 297 
3 297 4 
MARKER_TAG= wall_oxidizer
MARKER_ELEMS= 59
3 2 40 
3 40 41 
3 41 42 
3 42 43 
3 43 44 
3 44 45 
3 45 46 
3 46 47 
3 47 48 
3 48 49 
3 49 50 
3 50 51 
3 51 52 
3 52 53 
3 53 54 
3 54 55 
3 55 56 
3 56 57 
3 57 58 
3 58 59 
3 59 60 
3 60 61 
3 61 62 
3 62 63 
3 63 64 
3 64 65 
3 65 66 
3 66 67 
3 67 68 
3 68 69 
3 69 70 
3 70 71 
3 71 72 
3 72 73 
3 73 74 
3 74 75 
3 75 76 
3 76 77 
3 77 78 
3 78 79 
3 79 80 
3 80 81 
3 81 82 
3 82 83 
3 83 84 
3 84 85 
3 85 86 
3 86 87 
3 87 88 
3 88 89 
3 89 90 
3 90 91 
3 91 92 
3 92 93 
3 93 94 
3 94 95 
3 95 96 
3 96 97 
3 97 3 
MARKER_TAG= symmetry
MARKER_ELEMS= 117
3 0 584 
3 584 585 
3 585 586 
3 586 587 
3 587 588 
3 588 589 
3 589 590 
3 590 591 
3 591 592 
3 592 593 
3 593 594 
3 594 595 
3 595 596 
3 596 597 
3 597 598 
3 598 599 
3 599 600 
3 600 601 
3 601 602 
3 602 603 
3 603 604 
3 604 605 
3 605 606 
3 606 607 
3 607 608 
3 608 609 
3 609 610 
3 610 611 
3 611 8 
3 8 612 
3 612 613 
3 613 614 
3 614 615 
3 615 616 
3 616 617 
3 617 618 
3 618 619 
3 619 620 
3 620 621 
3 621 622 
3 622 623 
3 623 624 
3 624 625 
3 625 626 
3 626 627 
3 627 628 
3 628 629 
3 629 630 
3 630 631 
3 631 632 
3 632 633 
3 633 634 
3 634 635 
3 635 636 
3 636 637 
3 637 638 
3 638 639 
3 639 640 
3 640 641 
3 641 642 
3 642 643 
3 643 644 
3 644 645 
3 645 646 
3 646 647 
3 647 648 
3 648 649 
3 649 650 
3 650 651 
3 651 652 
3 652 653 
3 653 654 
3 654 655 
3 655 656 
3 656 657 
3 657 658 
3 658 659 
3 659 660 
3 660 661 
3 661 662 
3 662 663 
3 663 664 
3 664 665 
3 665 666 
3 666 667 
3 667 668 
3 668 669 
3 669 9 
3 9 670 
3 670 671 
3 671 672 
3 672 673 
3 673 674 
3 674 675 
3 675 676 
3 676 677 
3 677 678 
3 678 679 
3 679 680 
3 680 681 
3 681 682 
3 682 683 
3 683 684 
3 684 685 
3 685 686 
3 686 687 
3 687 688 
3 688 689 
3 689 690 
3 690 691 
3 691 692 
3 692 693 
3 693 694 
3 694 695 
3 695 696 
3 696 697 
3 697 1 
MARKER_TAG= wall_out_top
MARKER_ELEMS= 29
3 3 98 
3 98 99 
3 99 100 
3 100 101 
3 101 102 
3 102 103 
3 103 104 
3 104 105 
3 105 106 
3 106 107 
3 107 108 
3 108 109 
3 109 110 
3 110 111 
3 111 112 
3 112 113 
3 113 114 
3 114 115 
3 115 116 
3 116 117 
3 117 118 
3 118 119 
3 119 120 
3 120 121 
3 121 122 
3 122 123 
3 123 124 
3 124 125 
3 125 6 
MARKER_TAG= wall_out_bottom
MARKER_ELEMS= 29
3 5 184 
3 184 185 
3 185 186 
3 186 187 
3 187 188 
3 188 189 
3 189 190 
3 190 191 
3 191 192 
3 192 193 
3 193 194 
3 194 195 
3 195 196 
3 196 197 
3 197 198 
3 198 199 
3 199 200 
3 200 201 
3 201 202 
3 202 203 
3 203 204 
3 204 205 
3 205 206 
3 206 207 
3 207 208 
3 208 209 
3 209 210 
3 210 211 
3 211 4 
