NDIME= 2
NELEM= 7888
9 0 44 715 237 0
9 237 715 716 238 1
9 238 716 717 239 2
9 239 717 718 240 3
9 240 718 719 241 4
9 241 719 720 242 5
9 242 720 721 243 6
9 243 721 722 244 7
9 244 722 723 245 8
9 245 723 724 246 9
9 246 724 725 247 10
9 247 725 726 248 11
9 248 726 727 249 12
9 249 727 728 250 13
9 250 728 729 251 14
9 251 729 730 252 15
9 252 730 731 253 16
9 253 731 732 254 17
9 254 732 209 4 18
9 44 45 733 715 19
9 715 733 734 716 20
9 716 734 735 717 21
9 717 735 736 718 22
9 718 736 737 719 23
9 719 737 738 720 24
9 720 738 739 721 25
9 721 739 740 722 26
9 722 740 741 723 27
9 723 741 742 724 28
9 724 742 743 725 29
9 725 743 744 726 30
9 726 744 745 727 31
9 727 745 746 728 32
9 728 746 747 729 33
9 729 747 748 730 34
9 730 748 749 731 35
9 731 749 750 732 36
9 732 750 210 209 37
9 45 46 751 733 38
9 733 751 752 734 39
9 734 752 753 735 40
9 735 753 754 736 41
9 736 754 755 737 42
9 737 755 756 738 43
9 738 756 757 739 44
9 739 757 758 740 45
9 740 758 759 741 46
9 741 759 760 742 47
9 742 760 761 743 48
9 743 761 762 744 49
9 744 762 763 745 50
9 745 763 764 746 51
9 746 764 765 747 52
9 747 765 766 748 53
9 748 766 767 749 54
9 749 767 768 750 55
9 750 768 211 210 56
9 46 47 769 751 57
9 751 769 770 752 58
9 752 770 771 753 59
9 753 771 772 754 60
9 754 772 773 755 61
9 755 773 774 756 62
9 756 774 775 757 63
9 757 775 776 758 64
9 758 776 777 759 65
9 759 777 778 760 66
9 760 778 779 761 67
9 761 779 780 762 68
9 762 780 781 763 69
9 763 781 782 764 70
9 764 782 783 765 71
9 765 783 784 766 72
9 766 784 785 767 73
9 767 785 786 768 74
9 768 786 212 211 75
9 47 48 787 769 76
9 769 787 788 770 77
9 770 788 789 771 78
9 771 789 790 772 79
9 772 790 791 773 80
9 773 791 792 774 81
9 774 792 793 775 82
9 775 793 794 776 83
9 776 794 795 777 84
9 777 795 796 778 85
9 778 796 797 779 86
9 779 797 798 780 87
9 780 798 799 781 88
9 781 799 800 782 89
9 782 800 801 783 90
9 783 801 802 784 91
9 784 802 803 785 92
9 785 803 804 786 93
9 786 804 213 212 94
9 48 49 805 787 95
9 787 805 806 788 96
9 788 806 807 789 97
9 789 807 808 790 98
9 790 808 809 791 99
9 791 809 810 792 100
9 792 810 811 793 101
9 793 811 812 794 102
9 794 812 813 795 103
9 795 813 814 796 104
9 796 814 815 797 105
9 797 815 816 798 106
9 798 816 817 799 107
9 799 817 818 800 108
9 800 818 819 801 109
9 801 819 820 802 110
9 802 820 821 803 111
9 803 821 822 804 112
9 804 822 214 213 113
9 49 50 823 805 114
9 805 823 824 806 115
9 806 824 825 807 116
9 807 825 826 808 117
9 808 826 827 809 118
9 809 827 828 810 119
9 810 828 829 811 120
9 811 829 830 812 121
9 812 830 831 813 122
9 813 831 832 814 123
9 814 832 833 815 124
9 815 833 834 816 125
9 816 834 835 817 126
9 817 835 836 818 127
9 818 836 837 819 128
9 819 837 838 820 129
9 820 838 839 821 130
9 821 839 840 822 131
9 822 840 215 214 132
9 50 51 841 823 133
9 823 841 842 824 134
9 824 842 843 825 135
9 825 843 844 826 136
9 826 844 845 827 137
9 827 845 846 828 138
9 828 846 847 829 139
9 829 847 848 830 140
9 830 848 849 831 141
9 831 849 850 832 142
9 832 850 851 833 143
9 833 851 852 834 144
9 834 852 853 835 145
9 835 853 854 836 146
9 836 854 855 837 147
9 837 855 856 838 148
9 838 856 857 839 149
9 839 857 858 840 150
9 840 858 216 215 151
9 51 52 859 841 152
9 841 859 860 842 153
9 842 860 861 843 154
9 843 861 862 844 155
9 844 862 863 845 156
9 845 863 864 846 157
9 846 864 865 847 158
9 847 865 866 848 159
9 848 866 867 849 160
9 849 867 868 850 161
9 850 868 869 851 162
9 851 869 870 852 163
9 852 870 871 853 164
9 853 871 872 854 165
9 854 872 873 855 166
9 855 873 874 856 167
9 856 874 875 857 168
9 857 875 876 858 169
9 858 876 217 216 170
9 52 53 877 859 171
9 859 877 878 860 172
9 860 878 879 861 173
9 861 879 880 862 174
9 862 880 881 863 175
9 863 881 882 864 176
9 864 882 883 865 177
9 865 883 884 866 178
9 866 884 885 867 179
9 867 885 886 868 180
9 868 886 887 869 181
9 869 887 888 870 182
9 870 888 889 871 183
9 871 889 890 872 184
9 872 890 891 873 185
9 873 891 892 874 186
9 874 892 893 875 187
9 875 893 894 876 188
9 876 894 218 217 189
9 53 54 895 877 190
9 877 895 896 878 191
9 878 896 897 879 192
9 879 897 898 880 193
9 880 898 899 881 194
9 881 899 900 882 195
9 882 900 901 883 196
9 883 901 902 884 197
9 884 902 903 885 198
9 885 903 904 886 199
9 886 904 905 887 200
9 887 905 906 888 201
9 888 906 907 889 202
9 889 907 908 890 203
9 890 908 909 891 204
9 891 909 910 892 205
9 892 910 911 893 206
9 893 911 912 894 207
9 894 912 219 218 208
9 54 55 913 895 209
9 895 913 914 896 210
9 896 914 915 897 211
9 897 915 916 898 212
9 898 916 917 899 213
9 899 917 918 900 214
9 900 918 919 901 215
9 901 919 920 902 216
9 902 920 921 903 217
9 903 921 922 904 218
9 904 922 923 905 219
9 905 923 924 906 220
9 906 924 925 907 221
9 907 925 926 908 222
9 908 926 927 909 223
9 909 927 928 910 224
9 910 928 929 911 225
9 911 929 930 912 226
9 912 930 220 219 227
9 55 56 931 913 228
9 913 931 932 914 229
9 914 932 933 915 230
9 915 933 934 916 231
9 916 934 935 917 232
9 917 935 936 918 233
9 918 936 937 919 234
9 919 937 938 920 235
9 920 938 939 921 236
9 921 939 940 922 237
9 922 940 941 923 238
9 923 941 942 924 239
9 924 942 943 925 240
9 925 943 944 926 241
9 926 944 945 927 242
9 927 945 946 928 243
9 928 946 947 929 244
9 929 947 948 930 245
9 930 948 221 220 246
9 56 57 949 931 247
9 931 949 950 932 248
9 932 950 951 933 249
9 933 951 952 934 250
9 934 952 953 935 251
9 935 953 954 936 252
9 936 954 955 937 253
9 937 955 956 938 254
9 938 956 957 939 255
9 939 957 958 940 256
9 940 958 959 941 257
9 941 959 960 942 258
9 942 960 961 943 259
9 943 961 962 944 260
9 944 962 963 945 261
9 945 963 964 946 262
9 946 964 965 947 263
9 947 965 966 948 264
9 948 966 222 221 265
9 57 58 967 949 266
9 949 967 968 950 267
9 950 968 969 951 268
9 951 969 970 952 269
9 952 970 971 953 270
9 953 971 972 954 271
9 954 972 973 955 272
9 955 973 974 956 273
9 956 974 975 957 274
9 957 975 976 958 275
9 958 976 977 959 276
9 959 977 978 960 277
9 960 978 979 961 278
9 961 979 980 962 279
9 962 980 981 963 280
9 963 981 982 964 281
9 964 982 983 965 282
9 965 983 984 966 283
9 966 984 223 222 284
9 58 59 985 967 285
9 967 985 986 968 286
9 968 986 987 969 287
9 969 987 988 970 288
9 970 988 989 971 289
9 971 989 990 972 290
9 972 990 991 973 291
9 973 991 992 974 292
9 974 992 993 975 293
9 975 993 994 976 294
9 976 994 995 977 295
9 977 995 996 978 296
9 978 996 997 979 297
9 979 997 998 980 298
9 980 998 999 981 299
9 981 999 1000 982 300
9 982 1000 1001 983 301
9 983 1001 1002 984 302
9 984 1002 224 223 303
9 59 60 1003 985 304
9 985 1003 1004 986 305
9 986 1004 1005 987 306
9 987 1005 1006 988 307
9 988 1006 1007 989 308
9 989 1007 1008 990 309
9 990 1008 1009 991 310
9 991 1009 1010 992 311
9 992 1010 1011 993 312
9 993 1011 1012 994 313
9 994 1012 1013 995 314
9 995 1013 1014 996 315
9 996 1014 1015 997 316
9 997 1015 1016 998 317
9 998 1016 1017 999 318
9 999 1017 1018 1000 319
9 1000 1018 1019 1001 320
9 1001 1019 1020 1002 321
9 1002 1020 225 224 322
9 60 61 1021 1003 323
9 1003 1021 1022 1004 324
9 1004 1022 1023 1005 325
9 1005 1023 1024 1006 326
9 1006 1024 1025 1007 327
9 1007 1025 1026 1008 328
9 1008 1026 1027 1009 329
9 1009 1027 1028 1010 330
9 1010 1028 1029 1011 331
9 1011 1029 1030 1012 332
9 1012 1030 1031 1013 333
9 1013 1031 1032 1014 334
9 1014 1032 1033 1015 335
9 1015 1033 1034 1016 336
9 1016 1034 1035 1017 337
9 1017 1035 1036 1018 338
9 1018 1036 1037 1019 339
9 1019 1037 1038 1020 340
9 1020 1038 226 225 341
9 61 62 1039 1021 342
9 1021 1039 1040 1022 343
9 1022 1040 1041 1023 344
9 1023 1041 1042 1024 345
9 1024 1042 1043 1025 346
9 1025 1043 1044 1026 347
9 1026 1044 1045 1027 348
9 1027 1045 1046 1028 349
9 1028 1046 1047 1029 350
9 1029 1047 1048 1030 351
9 1030 1048 1049 1031 352
9 1031 1049 1050 1032 353
9 1032 1050 1051 1033 354
9 1033 1051 1052 1034 355
9 1034 1052 1053 1035 356
9 1035 1053 1054 1036 357
9 1036 1054 1055 1037 358
9 1037 1055 1056 1038 359
9 1038 1056 227 226 360
9 62 63 1057 1039 361
9 1039 1057 1058 1040 362
9 1040 1058 1059 1041 363
9 1041 1059 1060 1042 364
9 1042 1060 1061 1043 365
9 1043 1061 1062 1044 366
9 1044 1062 1063 1045 367
9 1045 1063 1064 1046 368
9 1046 1064 1065 1047 369
9 1047 1065 1066 1048 370
9 1048 1066 1067 1049 371
9 1049 1067 1068 1050 372
9 1050 1068 1069 1051 373
9 1051 1069 1070 1052 374
9 1052 1070 1071 1053 375
9 1053 1071 1072 1054 376
9 1054 1072 1073 1055 377
9 1055 1073 1074 1056 378
9 1056 1074 228 227 379
9 63 64 1075 1057 380
9 1057 1075 1076 1058 381
9 1058 1076 1077 1059 382
9 1059 1077 1078 1060 383
9 1060 1078 1079 1061 384
9 1061 1079 1080 1062 385
9 1062 1080 1081 1063 386
9 1063 1081 1082 1064 387
9 1064 1082 1083 1065 388
9 1065 1083 1084 1066 389
9 1066 1084 1085 1067 390
9 1067 1085 1086 1068 391
9 1068 1086 1087 1069 392
9 1069 1087 1088 1070 393
9 1070 1088 1089 1071 394
9 1071 1089 1090 1072 395
9 1072 1090 1091 1073 396
9 1073 1091 1092 1074 397
9 1074 1092 229 228 398
9 64 65 1093 1075 399
9 1075 1093 1094 1076 400
9 1076 1094 1095 1077 401
9 1077 1095 1096 1078 402
9 1078 1096 1097 1079 403
9 1079 1097 1098 1080 404
9 1080 1098 1099 1081 405
9 1081 1099 1100 1082 406
9 1082 1100 1101 1083 407
9 1083 1101 1102 1084 408
9 1084 1102 1103 1085 409
9 1085 1103 1104 1086 410
9 1086 1104 1105 1087 411
9 1087 1105 1106 1088 412
9 1088 1106 1107 1089 413
9 1089 1107 1108 1090 414
9 1090 1108 1109 1091 415
9 1091 1109 1110 1092 416
9 1092 1110 230 229 417
9 65 66 1111 1093 418
9 1093 1111 1112 1094 419
9 1094 1112 1113 1095 420
9 1095 1113 1114 1096 421
9 1096 1114 1115 1097 422
9 1097 1115 1116 1098 423
9 1098 1116 1117 1099 424
9 1099 1117 1118 1100 425
9 1100 1118 1119 1101 426
9 1101 1119 1120 1102 427
9 1102 1120 1121 1103 428
9 1103 1121 1122 1104 429
9 1104 1122 1123 1105 430
9 1105 1123 1124 1106 431
9 1106 1124 1125 1107 432
9 1107 1125 1126 1108 433
9 1108 1126 1127 1109 434
9 1109 1127 1128 1110 435
9 1110 1128 231 230 436
9 66 67 1129 1111 437
9 1111 1129 1130 1112 438
9 1112 1130 1131 1113 439
9 1113 1131 1132 1114 440
9 1114 1132 1133 1115 441
9 1115 1133 1134 1116 442
9 1116 1134 1135 1117 443
9 1117 1135 1136 1118 444
9 1118 1136 1137 1119 445
9 1119 1137 1138 1120 446
9 1120 1138 1139 1121 447
9 1121 1139 1140 1122 448
9 1122 1140 1141 1123 449
9 1123 1141 1142 1124 450
9 1124 1142 1143 1125 451
9 1125 1143 1144 1126 452
9 1126 1144 1145 1127 453
9 1127 1145 1146 1128 454
9 1128 1146 232 231 455
9 67 68 1147 1129 456
9 1129 1147 1148 1130 457
9 1130 1148 1149 1131 458
9 1131 1149 1150 1132 459
9 1132 1150 1151 1133 460
9 1133 1151 1152 1134 461
9 1134 1152 1153 1135 462
9 1135 1153 1154 1136 463
9 1136 1154 1155 1137 464
9 1137 1155 1156 1138 465
9 1138 1156 1157 1139 466
9 1139 1157 1158 1140 467
9 1140 1158 1159 1141 468
9 1141 1159 1160 1142 469
9 1142 1160 1161 1143 470
9 1143 1161 1162 1144 471
9 1144 1162 1163 1145 472
9 1145 1163 1164 1146 473
9 1146 1164 233 232 474
9 68 69 1165 1147 475
9 1147 1165 1166 1148 476
9 1148 1166 1167 1149 477
9 1149 1167 1168 1150 478
9 1150 1168 1169 1151 479
9 1151 1169 1170 1152 480
9 1152 1170 1171 1153 481
9 1153 1171 1172 1154 482
9 1154 1172 1173 1155 483
9 1155 1173 1174 1156 484
9 1156 1174 1175 1157 485
9 1157 1175 1176 1158 486
9 1158 1176 1177 1159 487
9 1159 1177 1178 1160 488
9 1160 1178 1179 1161 489
9 1161 1179 1180 1162 490
9 1162 1180 1181 1163 491
9 1163 1181 1182 1164 492
9 1164 1182 234 233 493
9 69 70 1183 1165 494
9 1165 1183 1184 1166 495
9 1166 1184 1185 1167 496
9 1167 1185 1186 1168 497
9 1168 1186 1187 1169 498
9 1169 1187 1188 1170 499
9 1170 1188 1189 1171 500
9 1171 1189 1190 1172 501
9 1172 1190 1191 1173 502
9 1173 1191 1192 1174 503
9 1174 1192 1193 1175 504
9 1175 1193 1194 1176 505
9 1176 1194 1195 1177 506
9 1177 1195 1196 1178 507
9 1178 1196 1197 1179 508
9 1179 1197 1198 1180 509
9 1180 1198 1199 1181 510
9 1181 1199 1200 1182 511
9 1182 1200 235 234 512
9 70 71 1201 1183 513
9 1183 1201 1202 1184 514
9 1184 1202 1203 1185 515
9 1185 1203 1204 1186 516
9 1186 1204 1205 1187 517
9 1187 1205 1206 1188 518
9 1188 1206 1207 1189 519
9 1189 1207 1208 1190 520
9 1190 1208 1209 1191 521
9 1191 1209 1210 1192 522
9 1192 1210 1211 1193 523
9 1193 1211 1212 1194 524
9 1194 1212 1213 1195 525
9 1195 1213 1214 1196 526
9 1196 1214 1215 1197 527
9 1197 1215 1216 1198 528
9 1198 1216 1217 1199 529
9 1199 1217 1218 1200 530
9 1200 1218 236 235 531
9 71 3 208 1201 532
9 1201 208 207 1202 533
9 1202 207 206 1203 534
9 1203 206 205 1204 535
9 1204 205 204 1205 536
9 1205 204 203 1206 537
9 1206 203 202 1207 538
9 1207 202 201 1208 539
9 1208 201 200 1209 540
9 1209 200 199 1210 541
9 1210 199 198 1211 542
9 1211 198 197 1212 543
9 1212 197 196 1213 544
9 1213 196 195 1214 545
9 1214 195 194 1215 546
9 1215 194 193 1216 547
9 1216 193 192 1217 548
9 1217 192 191 1218 549
9 1218 191 7 236 550
9 4 255 1219 209 551
9 209 1219 1220 210 552
9 210 1220 1221 211 553
9 211 1221 1222 212 554
9 212 1222 1223 213 555
9 213 1223 1224 214 556
9 214 1224 1225 215 557
9 215 1225 1226 216 558
9 216 1226 1227 217 559
9 217 1227 1228 218 560
9 218 1228 1229 219 561
9 219 1229 1230 220 562
9 220 1230 1231 221 563
9 221 1231 1232 222 564
9 222 1232 1233 223 565
9 223 1233 1234 224 566
9 224 1234 1235 225 567
9 225 1235 1236 226 568
9 226 1236 1237 227 569
9 227 1237 1238 228 570
9 228 1238 1239 229 571
9 229 1239 1240 230 572
9 230 1240 1241 231 573
9 231 1241 1242 232 574
9 232 1242 1243 233 575
9 233 1243 1244 234 576
9 234 1244 1245 235 577
9 235 1245 1246 236 578
9 236 1246 190 7 579
9 255 256 1247 1219 580
9 1219 1247 1248 1220 581
9 1220 1248 1249 1221 582
9 1221 1249 1250 1222 583
9 1222 1250 1251 1223 584
9 1223 1251 1252 1224 585
9 1224 1252 1253 1225 586
9 1225 1253 1254 1226 587
9 1226 1254 1255 1227 588
9 1227 1255 1256 1228 589
9 1228 1256 1257 1229 590
9 1229 1257 1258 1230 591
9 1230 1258 1259 1231 592
9 1231 1259 1260 1232 593
9 1232 1260 1261 1233 594
9 1233 1261 1262 1234 595
9 1234 1262 1263 1235 596
9 1235 1263 1264 1236 597
9 1236 1264 1265 1237 598
9 1237 1265 1266 1238 599
9 1238 1266 1267 1239 600
9 1239 1267 1268 1240 601
9 1240 1268 1269 1241 602
9 1241 1269 1270 1242 603
9 1242 1270 1271 1243 604
9 1243 1271 1272 1244 605
9 1244 1272 1273 1245 606
9 1245 1273 1274 1246 607
9 1246 1274 189 190 608
9 256 257 1275 1247 609
9 1247 1275 1276 1248 610
9 1248 1276 1277 1249 611
9 1249 1277 1278 1250 612
9 1250 1278 1279 1251 613
9 1251 1279 1280 1252 614
9 1252 1280 1281 1253 615
9 1253 1281 1282 1254 616
9 1254 1282 1283 1255 617
9 1255 1283 1284 1256 618
9 1256 1284 1285 1257 619
9 1257 1285 1286 1258 620
9 1258 1286 1287 1259 621
9 1259 1287 1288 1260 622
9 1260 1288 1289 1261 623
9 1261 1289 1290 1262 624
9 1262 1290 1291 1263 625
9 1263 1291 1292 1264 626
9 1264 1292 1293 1265 627
9 1265 1293 1294 1266 628
9 1266 1294 1295 1267 629
9 1267 1295 1296 1268 630
9 1268 1296 1297 1269 631
9 1269 1297 1298 1270 632
9 1270 1298 1299 1271 633
9 1271 1299 1300 1272 634
9 1272 1300 1301 1273 635
9 1273 1301 1302 1274 636
9 1274 1302 188 189 637
9 257 258 1303 1275 638
9 1275 1303 1304 1276 639
9 1276 1304 1305 1277 640
9 1277 1305 1306 1278 641
9 1278 1306 1307 1279 642
9 1279 1307 1308 1280 643
9 1280 1308 1309 1281 644
9 1281 1309 1310 1282 645
9 1282 1310 1311 1283 646
9 1283 1311 1312 1284 647
9 1284 1312 1313 1285 648
9 1285 1313 1314 1286 649
9 1286 1314 1315 1287 650
9 1287 1315 1316 1288 651
9 1288 1316 1317 1289 652
9 1289 1317 1318 1290 653
9 1290 1318 1319 1291 654
9 1291 1319 1320 1292 655
9 1292 1320 1321 1293 656
9 1293 1321 1322 1294 657
9 1294 1322 1323 1295 658
9 1295 1323 1324 1296 659
9 1296 1324 1325 1297 660
9 1297 1325 1326 1298 661
9 1298 1326 1327 1299 662
9 1299 1327 1328 1300 663
9 1300 1328 1329 1301 664
9 1301 1329 1330 1302 665
9 1302 1330 187 188 666
9 258 259 1331 1303 667
9 1303 1331 1332 1304 668
9 1304 1332 1333 1305 669
9 1305 1333 1334 1306 670
9 1306 1334 1335 1307 671
9 1307 1335 1336 1308 672
9 1308 1336 1337 1309 673
9 1309 1337 1338 1310 674
9 1310 1338 1339 1311 675
9 1311 1339 1340 1312 676
9 1312 1340 1341 1313 677
9 1313 1341 1342 1314 678
9 1314 1342 1343 1315 679
9 1315 1343 1344 1316 680
9 1316 1344 1345 1317 681
9 1317 1345 1346 1318 682
9 1318 1346 1347 1319 683
9 1319 1347 1348 1320 684
9 1320 1348 1349 1321 685
9 1321 1349 1350 1322 686
9 1322 1350 1351 1323 687
9 1323 1351 1352 1324 688
9 1324 1352 1353 1325 689
9 1325 1353 1354 1326 690
9 1326 1354 1355 1327 691
9 1327 1355 1356 1328 692
9 1328 1356 1357 1329 693
9 1329 1357 1358 1330 694
9 1330 1358 186 187 695
9 259 260 1359 1331 696
9 1331 1359 1360 1332 697
9 1332 1360 1361 1333 698
9 1333 1361 1362 1334 699
9 1334 1362 1363 1335 700
9 1335 1363 1364 1336 701
9 1336 1364 1365 1337 702
9 1337 1365 1366 1338 703
9 1338 1366 1367 1339 704
9 1339 1367 1368 1340 705
9 1340 1368 1369 1341 706
9 1341 1369 1370 1342 707
9 1342 1370 1371 1343 708
9 1343 1371 1372 1344 709
9 1344 1372 1373 1345 710
9 1345 1373 1374 1346 711
9 1346 1374 1375 1347 712
9 1347 1375 1376 1348 713
9 1348 1376 1377 1349 714
9 1349 1377 1378 1350 715
9 1350 1378 1379 1351 716
9 1351 1379 1380 1352 717
9 1352 1380 1381 1353 718
9 1353 1381 1382 1354 719
9 1354 1382 1383 1355 720
9 1355 1383 1384 1356 721
9 1356 1384 1385 1357 722
9 1357 1385 1386 1358 723
9 1358 1386 185 186 724
9 260 261 1387 1359 725
9 1359 1387 1388 1360 726
9 1360 1388 1389 1361 727
9 1361 1389 1390 1362 728
9 1362 1390 1391 1363 729
9 1363 1391 1392 1364 730
9 1364 1392 1393 1365 731
9 1365 1393 1394 1366 732
9 1366 1394 1395 1367 733
9 1367 1395 1396 1368 734
9 1368 1396 1397 1369 735
9 1369 1397 1398 1370 736
9 1370 1398 1399 1371 737
9 1371 1399 1400 1372 738
9 1372 1400 1401 1373 739
9 1373 1401 1402 1374 740
9 1374 1402 1403 1375 741
9 1375 1403 1404 1376 742
9 1376 1404 1405 1377 743
9 1377 1405 1406 1378 744
9 1378 1406 1407 1379 745
9 1379 1407 1408 1380 746
9 1380 1408 1409 1381 747
9 1381 1409 1410 1382 748
9 1382 1410 1411 1383 749
9 1383 1411 1412 1384 750
9 1384 1412 1413 1385 751
9 1385 1413 1414 1386 752
9 1386 1414 184 185 753
9 261 262 1415 1387 754
9 1387 1415 1416 1388 755
9 1388 1416 1417 1389 756
9 1389 1417 1418 1390 757
9 1390 1418 1419 1391 758
9 1391 1419 1420 1392 759
9 1392 1420 1421 1393 760
9 1393 1421 1422 1394 761
9 1394 1422 1423 1395 762
9 1395 1423 1424 1396 763
9 1396 1424 1425 1397 764
9 1397 1425 1426 1398 765
9 1398 1426 1427 1399 766
9 1399 1427 1428 1400 767
9 1400 1428 1429 1401 768
9 1401 1429 1430 1402 769
9 1402 1430 1431 1403 770
9 1403 1431 1432 1404 771
9 1404 1432 1433 1405 772
9 1405 1433 1434 1406 773
9 1406 1434 1435 1407 774
9 1407 1435 1436 1408 775
9 1408 1436 1437 1409 776
9 1409 1437 1438 1410 777
9 1410 1438 1439 1411 778
9 1411 1439 1440 1412 779
9 1412 1440 1441 1413 780
9 1413 1441 1442 1414 781
9 1414 1442 183 184 782
9 262 263 1443 1415 783
9 1415 1443 1444 1416 784
9 1416 1444 1445 1417 785
9 1417 1445 1446 1418 786
9 1418 1446 1447 1419 787
9 1419 1447 1448 1420 788
9 1420 1448 1449 1421 789
9 1421 1449 1450 1422 790
9 1422 1450 1451 1423 791
9 1423 1451 1452 1424 792
9 1424 1452 1453 1425 793
9 1425 1453 1454 1426 794
9 1426 1454 1455 1427 795
9 1427 1455 1456 1428 796
9 1428 1456 1457 1429 797
9 1429 1457 1458 1430 798
9 1430 1458 1459 1431 799
9 1431 1459 1460 1432 800
9 1432 1460 1461 1433 801
9 1433 1461 1462 1434 802
9 1434 1462 1463 1435 803
9 1435 1463 1464 1436 804
9 1436 1464 1465 1437 805
9 1437 1465 1466 1438 806
9 1438 1466 1467 1439 807
9 1439 1467 1468 1440 808
9 1440 1468 1469 1441 809
9 1441 1469 1470 1442 810
9 1442 1470 182 183 811
9 263 264 1471 1443 812
9 1443 1471 1472 1444 813
9 1444 1472 1473 1445 814
9 1445 1473 1474 1446 815
9 1446 1474 1475 1447 816
9 1447 1475 1476 1448 817
9 1448 1476 1477 1449 818
9 1449 1477 1478 1450 819
9 1450 1478 1479 1451 820
9 1451 1479 1480 1452 821
9 1452 1480 1481 1453 822
9 1453 1481 1482 1454 823
9 1454 1482 1483 1455 824
9 1455 1483 1484 1456 825
9 1456 1484 1485 1457 826
9 1457 1485 1486 1458 827
9 1458 1486 1487 1459 828
9 1459 1487 1488 1460 829
9 1460 1488 1489 1461 830
9 1461 1489 1490 1462 831
9 1462 1490 1491 1463 832
9 1463 1491 1492 1464 833
9 1464 1492 1493 1465 834
9 1465 1493 1494 1466 835
9 1466 1494 1495 1467 836
9 1467 1495 1496 1468 837
9 1468 1496 1497 1469 838
9 1469 1497 1498 1470 839
9 1470 1498 181 182 840
9 264 265 1499 1471 841
9 1471 1499 1500 1472 842
9 1472 1500 1501 1473 843
9 1473 1501 1502 1474 844
9 1474 1502 1503 1475 845
9 1475 1503 1504 1476 846
9 1476 1504 1505 1477 847
9 1477 1505 1506 1478 848
9 1478 1506 1507 1479 849
9 1479 1507 1508 1480 850
9 1480 1508 1509 1481 851
9 1481 1509 1510 1482 852
9 1482 1510 1511 1483 853
9 1483 1511 1512 1484 854
9 1484 1512 1513 1485 855
9 1485 1513 1514 1486 856
9 1486 1514 1515 1487 857
9 1487 1515 1516 1488 858
9 1488 1516 1517 1489 859
9 1489 1517 1518 1490 860
9 1490 1518 1519 1491 861
9 1491 1519 1520 1492 862
9 1492 1520 1521 1493 863
9 1493 1521 1522 1494 864
9 1494 1522 1523 1495 865
9 1495 1523 1524 1496 866
9 1496 1524 1525 1497 867
9 1497 1525 1526 1498 868
9 1498 1526 180 181 869
9 265 266 1527 1499 870
9 1499 1527 1528 1500 871
9 1500 1528 1529 1501 872
9 1501 1529 1530 1502 873
9 1502 1530 1531 1503 874
9 1503 1531 1532 1504 875
9 1504 1532 1533 1505 876
9 1505 1533 1534 1506 877
9 1506 1534 1535 1507 878
9 1507 1535 1536 1508 879
9 1508 1536 1537 1509 880
9 1509 1537 1538 1510 881
9 1510 1538 1539 1511 882
9 1511 1539 1540 1512 883
9 1512 1540 1541 1513 884
9 1513 1541 1542 1514 885
9 1514 1542 1543 1515 886
9 1515 1543 1544 1516 887
9 1516 1544 1545 1517 888
9 1517 1545 1546 1518 889
9 1518 1546 1547 1519 890
9 1519 1547 1548 1520 891
9 1520 1548 1549 1521 892
9 1521 1549 1550 1522 893
9 1522 1550 1551 1523 894
9 1523 1551 1552 1524 895
9 1524 1552 1553 1525 896
9 1525 1553 1554 1526 897
9 1526 1554 179 180 898
9 266 267 1555 1527 899
9 1527 1555 1556 1528 900
9 1528 1556 1557 1529 901
9 1529 1557 1558 1530 902
9 1530 1558 1559 1531 903
9 1531 1559 1560 1532 904
9 1532 1560 1561 1533 905
9 1533 1561 1562 1534 906
9 1534 1562 1563 1535 907
9 1535 1563 1564 1536 908
9 1536 1564 1565 1537 909
9 1537 1565 1566 1538 910
9 1538 1566 1567 1539 911
9 1539 1567 1568 1540 912
9 1540 1568 1569 1541 913
9 1541 1569 1570 1542 914
9 1542 1570 1571 1543 915
9 1543 1571 1572 1544 916
9 1544 1572 1573 1545 917
9 1545 1573 1574 1546 918
9 1546 1574 1575 1547 919
9 1547 1575 1576 1548 920
9 1548 1576 1577 1549 921
9 1549 1577 1578 1550 922
9 1550 1578 1579 1551 923
9 1551 1579 1580 1552 924
9 1552 1580 1581 1553 925
9 1553 1581 1582 1554 926
9 1554 1582 178 179 927
9 267 268 1583 1555 928
9 1555 1583 1584 1556 929
9 1556 1584 1585 1557 930
9 1557 1585 1586 1558 931
9 1558 1586 1587 1559 932
9 1559 1587 1588 1560 933
9 1560 1588 1589 1561 934
9 1561 1589 1590 1562 935
9 1562 1590 1591 1563 936
9 1563 1591 1592 1564 937
9 1564 1592 1593 1565 938
9 1565 1593 1594 1566 939
9 1566 1594 1595 1567 940
9 1567 1595 1596 1568 941
9 1568 1596 1597 1569 942
9 1569 1597 1598 1570 943
9 1570 1598 1599 1571 944
9 1571 1599 1600 1572 945
9 1572 1600 1601 1573 946
9 1573 1601 1602 1574 947
9 1574 1602 1603 1575 948
9 1575 1603 1604 1576 949
9 1576 1604 1605 1577 950
9 1577 1605 1606 1578 951
9 1578 1606 1607 1579 952
9 1579 1607 1608 1580 953
9 1580 1608 1609 1581 954
9 1581 1609 1610 1582 955
9 1582 1610 177 178 956
9 268 269 1611 1583 957
9 1583 1611 1612 1584 958
9 1584 1612 1613 1585 959
9 1585 1613 1614 1586 960
9 1586 1614 1615 1587 961
9 1587 1615 1616 1588 962
9 1588 1616 1617 1589 963
9 1589 1617 1618 1590 964
9 1590 1618 1619 1591 965
9 1591 1619 1620 1592 966
9 1592 1620 1621 1593 967
9 1593 1621 1622 1594 968
9 1594 1622 1623 1595 969
9 1595 1623 1624 1596 970
9 1596 1624 1625 1597 971
9 1597 1625 1626 1598 972
9 1598 1626 1627 1599 973
9 1599 1627 1628 1600 974
9 1600 1628 1629 1601 975
9 1601 1629 1630 1602 976
9 1602 1630 1631 1603 977
9 1603 1631 1632 1604 978
9 1604 1632 1633 1605 979
9 1605 1633 1634 1606 980
9 1606 1634 1635 1607 981
9 1607 1635 1636 1608 982
9 1608 1636 1637 1609 983
9 1609 1637 1638 1610 984
9 1610 1638 176 177 985
9 269 270 1639 1611 986
9 1611 1639 1640 1612 987
9 1612 1640 1641 1613 988
9 1613 1641 1642 1614 989
9 1614 1642 1643 1615 990
9 1615 1643 1644 1616 991
9 1616 1644 1645 1617 992
9 1617 1645 1646 1618 993
9 1618 1646 1647 1619 994
9 1619 1647 1648 1620 995
9 1620 1648 1649 1621 996
9 1621 1649 1650 1622 997
9 1622 1650 1651 1623 998
9 1623 1651 1652 1624 999
9 1624 1652 1653 1625 1000
9 1625 1653 1654 1626 1001
9 1626 1654 1655 1627 1002
9 1627 1655 1656 1628 1003
9 1628 1656 1657 1629 1004
9 1629 1657 1658 1630 1005
9 1630 1658 1659 1631 1006
9 1631 1659 1660 1632 1007
9 1632 1660 1661 1633 1008
9 1633 1661 1662 1634 1009
9 1634 1662 1663 1635 1010
9 1635 1663 1664 1636 1011
9 1636 1664 1665 1637 1012
9 1637 1665 1666 1638 1013
9 1638 1666 175 176 1014
9 270 271 1667 1639 1015
9 1639 1667 1668 1640 1016
9 1640 1668 1669 1641 1017
9 1641 1669 1670 1642 1018
9 1642 1670 1671 1643 1019
9 1643 1671 1672 1644 1020
9 1644 1672 1673 1645 1021
9 1645 1673 1674 1646 1022
9 1646 1674 1675 1647 1023
9 1647 1675 1676 1648 1024
9 1648 1676 1677 1649 1025
9 1649 1677 1678 1650 1026
9 1650 1678 1679 1651 1027
9 1651 1679 1680 1652 1028
9 1652 1680 1681 1653 1029
9 1653 1681 1682 1654 1030
9 1654 1682 1683 1655 1031
9 1655 1683 1684 1656 1032
9 1656 1684 1685 1657 1033
9 1657 1685 1686 1658 1034
9 1658 1686 1687 1659 1035
9 1659 1687 1688 1660 1036
9 1660 1688 1689 1661 1037
9 1661 1689 1690 1662 1038
9 1662 1690 1691 1663 1039
9 1663 1691 1692 1664 1040
9 1664 1692 1693 1665 1041
9 1665 1693 1694 1666 1042
9 1666 1694 174 175 1043
9 271 272 1695 1667 1044
9 1667 1695 1696 1668 1045
9 1668 1696 1697 1669 1046
9 1669 1697 1698 1670 1047
9 1670 1698 1699 1671 1048
9 1671 1699 1700 1672 1049
9 1672 1700 1701 1673 1050
9 1673 1701 1702 1674 1051
9 1674 1702 1703 1675 1052
9 1675 1703 1704 1676 1053
9 1676 1704 1705 1677 1054
9 1677 1705 1706 1678 1055
9 1678 1706 1707 1679 1056
9 1679 1707 1708 1680 1057
9 1680 1708 1709 1681 1058
9 1681 1709 1710 1682 1059
9 1682 1710 1711 1683 1060
9 1683 1711 1712 1684 1061
9 1684 1712 1713 1685 1062
9 1685 1713 1714 1686 1063
9 1686 1714 1715 1687 1064
9 1687 1715 1716 1688 1065
9 1688 1716 1717 1689 1066
9 1689 1717 1718 1690 1067
9 1690 1718 1719 1691 1068
9 1691 1719 1720 1692 1069
9 1692 1720 1721 1693 1070
9 1693 1721 1722 1694 1071
9 1694 1722 173 174 1072
9 272 273 1723 1695 1073
9 1695 1723 1724 1696 1074
9 1696 1724 1725 1697 1075
9 1697 1725 1726 1698 1076
9 1698 1726 1727 1699 1077
9 1699 1727 1728 1700 1078
9 1700 1728 1729 1701 1079
9 1701 1729 1730 1702 1080
9 1702 1730 1731 1703 1081
9 1703 1731 1732 1704 1082
9 1704 1732 1733 1705 1083
9 1705 1733 1734 1706 1084
9 1706 1734 1735 1707 1085
9 1707 1735 1736 1708 1086
9 1708 1736 1737 1709 1087
9 1709 1737 1738 1710 1088
9 1710 1738 1739 1711 1089
9 1711 1739 1740 1712 1090
9 1712 1740 1741 1713 1091
9 1713 1741 1742 1714 1092
9 1714 1742 1743 1715 1093
9 1715 1743 1744 1716 1094
9 1716 1744 1745 1717 1095
9 1717 1745 1746 1718 1096
9 1718 1746 1747 1719 1097
9 1719 1747 1748 1720 1098
9 1720 1748 1749 1721 1099
9 1721 1749 1750 1722 1100
9 1722 1750 172 173 1101
9 273 274 1751 1723 1102
9 1723 1751 1752 1724 1103
9 1724 1752 1753 1725 1104
9 1725 1753 1754 1726 1105
9 1726 1754 1755 1727 1106
9 1727 1755 1756 1728 1107
9 1728 1756 1757 1729 1108
9 1729 1757 1758 1730 1109
9 1730 1758 1759 1731 1110
9 1731 1759 1760 1732 1111
9 1732 1760 1761 1733 1112
9 1733 1761 1762 1734 1113
9 1734 1762 1763 1735 1114
9 1735 1763 1764 1736 1115
9 1736 1764 1765 1737 1116
9 1737 1765 1766 1738 1117
9 1738 1766 1767 1739 1118
9 1739 1767 1768 1740 1119
9 1740 1768 1769 1741 1120
9 1741 1769 1770 1742 1121
9 1742 1770 1771 1743 1122
9 1743 1771 1772 1744 1123
9 1744 1772 1773 1745 1124
9 1745 1773 1774 1746 1125
9 1746 1774 1775 1747 1126
9 1747 1775 1776 1748 1127
9 1748 1776 1777 1749 1128
9 1749 1777 1778 1750 1129
9 1750 1778 171 172 1130
9 274 275 1779 1751 1131
9 1751 1779 1780 1752 1132
9 1752 1780 1781 1753 1133
9 1753 1781 1782 1754 1134
9 1754 1782 1783 1755 1135
9 1755 1783 1784 1756 1136
9 1756 1784 1785 1757 1137
9 1757 1785 1786 1758 1138
9 1758 1786 1787 1759 1139
9 1759 1787 1788 1760 1140
9 1760 1788 1789 1761 1141
9 1761 1789 1790 1762 1142
9 1762 1790 1791 1763 1143
9 1763 1791 1792 1764 1144
9 1764 1792 1793 1765 1145
9 1765 1793 1794 1766 1146
9 1766 1794 1795 1767 1147
9 1767 1795 1796 1768 1148
9 1768 1796 1797 1769 1149
9 1769 1797 1798 1770 1150
9 1770 1798 1799 1771 1151
9 1771 1799 1800 1772 1152
9 1772 1800 1801 1773 1153
9 1773 1801 1802 1774 1154
9 1774 1802 1803 1775 1155
9 1775 1803 1804 1776 1156
9 1776 1804 1805 1777 1157
9 1777 1805 1806 1778 1158
9 1778 1806 170 171 1159
9 275 276 1807 1779 1160
9 1779 1807 1808 1780 1161
9 1780 1808 1809 1781 1162
9 1781 1809 1810 1782 1163
9 1782 1810 1811 1783 1164
9 1783 1811 1812 1784 1165
9 1784 1812 1813 1785 1166
9 1785 1813 1814 1786 1167
9 1786 1814 1815 1787 1168
9 1787 1815 1816 1788 1169
9 1788 1816 1817 1789 1170
9 1789 1817 1818 1790 1171
9 1790 1818 1819 1791 1172
9 1791 1819 1820 1792 1173
9 1792 1820 1821 1793 1174
9 1793 1821 1822 1794 1175
9 1794 1822 1823 1795 1176
9 1795 1823 1824 1796 1177
9 1796 1824 1825 1797 1178
9 1797 1825 1826 1798 1179
9 1798 1826 1827 1799 1180
9 1799 1827 1828 1800 1181
9 1800 1828 1829 1801 1182
9 1801 1829 1830 1802 1183
9 1802 1830 1831 1803 1184
9 1803 1831 1832 1804 1185
9 1804 1832 1833 1805 1186
9 1805 1833 1834 1806 1187
9 1806 1834 169 170 1188
9 276 277 1835 1807 1189
9 1807 1835 1836 1808 1190
9 1808 1836 1837 1809 1191
9 1809 1837 1838 1810 1192
9 1810 1838 1839 1811 1193
9 1811 1839 1840 1812 1194
9 1812 1840 1841 1813 1195
9 1813 1841 1842 1814 1196
9 1814 1842 1843 1815 1197
9 1815 1843 1844 1816 1198
9 1816 1844 1845 1817 1199
9 1817 1845 1846 1818 1200
9 1818 1846 1847 1819 1201
9 1819 1847 1848 1820 1202
9 1820 1848 1849 1821 1203
9 1821 1849 1850 1822 1204
9 1822 1850 1851 1823 1205
9 1823 1851 1852 1824 1206
9 1824 1852 1853 1825 1207
9 1825 1853 1854 1826 1208
9 1826 1854 1855 1827 1209
9 1827 1855 1856 1828 1210
9 1828 1856 1857 1829 1211
9 1829 1857 1858 1830 1212
9 1830 1858 1859 1831 1213
9 1831 1859 1860 1832 1214
9 1832 1860 1861 1833 1215
9 1833 1861 1862 1834 1216
9 1834 1862 168 169 1217
9 277 278 1863 1835 1218
9 1835 1863 1864 1836 1219
9 1836 1864 1865 1837 1220
9 1837 1865 1866 1838 1221
9 1838 1866 1867 1839 1222
9 1839 1867 1868 1840 1223
9 1840 1868 1869 1841 1224
9 1841 1869 1870 1842 1225
9 1842 1870 1871 1843 1226
9 1843 1871 1872 1844 1227
9 1844 1872 1873 1845 1228
9 1845 1873 1874 1846 1229
9 1846 1874 1875 1847 1230
9 1847 1875 1876 1848 1231
9 1848 1876 1877 1849 1232
9 1849 1877 1878 1850 1233
9 1850 1878 1879 1851 1234
9 1851 1879 1880 1852 1235
9 1852 1880 1881 1853 1236
9 1853 1881 1882 1854 1237
9 1854 1882 1883 1855 1238
9 1855 1883 1884 1856 1239
9 1856 1884 1885 1857 1240
9 1857 1885 1886 1858 1241
9 1858 1886 1887 1859 1242
9 1859 1887 1888 1860 1243
9 1860 1888 1889 1861 1244
9 1861 1889 1890 1862 1245
9 1862 1890 167 168 1246
9 278 279 1891 1863 1247
9 1863 1891 1892 1864 1248
9 1864 1892 1893 1865 1249
9 1865 1893 1894 1866 1250
9 1866 1894 1895 1867 1251
9 1867 1895 1896 1868 1252
9 1868 1896 1897 1869 1253
9 1869 1897 1898 1870 1254
9 1870 1898 1899 1871 1255
9 1871 1899 1900 1872 1256
9 1872 1900 1901 1873 1257
9 1873 1901 1902 1874 1258
9 1874 1902 1903 1875 1259
9 1875 1903 1904 1876 1260
9 1876 1904 1905 1877 1261
9 1877 1905 1906 1878 1262
9 1878 1906 1907 1879 1263
9 1879 1907 1908 1880 1264
9 1880 1908 1909 1881 1265
9 1881 1909 1910 1882 1266
9 1882 1910 1911 1883 1267
9 1883 1911 1912 1884 1268
9 1884 1912 1913 1885 1269
9 1885 1913 1914 1886 1270
9 1886 1914 1915 1887 1271
9 1887 1915 1916 1888 1272
9 1888 1916 1917 1889 1273
9 1889 1917 1918 1890 1274
9 1890 1918 166 167 1275
9 279 280 1919 1891 1276
9 1891 1919 1920 1892 1277
9 1892 1920 1921 1893 1278
9 1893 1921 1922 1894 1279
9 1894 1922 1923 1895 1280
9 1895 1923 1924 1896 1281
9 1896 1924 1925 1897 1282
9 1897 1925 1926 1898 1283
9 1898 1926 1927 1899 1284
9 1899 1927 1928 1900 1285
9 1900 1928 1929 1901 1286
9 1901 1929 1930 1902 1287
9 1902 1930 1931 1903 1288
9 1903 1931 1932 1904 1289
9 1904 1932 1933 1905 1290
9 1905 1933 1934 1906 1291
9 1906 1934 1935 1907 1292
9 1907 1935 1936 1908 1293
9 1908 1936 1937 1909 1294
9 1909 1937 1938 1910 1295
9 1910 1938 1939 1911 1296
9 1911 1939 1940 1912 1297
9 1912 1940 1941 1913 1298
9 1913 1941 1942 1914 1299
9 1914 1942 1943 1915 1300
9 1915 1943 1944 1916 1301
9 1916 1944 1945 1917 1302
9 1917 1945 1946 1918 1303
9 1918 1946 165 166 1304
9 280 281 1947 1919 1305
9 1919 1947 1948 1920 1306
9 1920 1948 1949 1921 1307
9 1921 1949 1950 1922 1308
9 1922 1950 1951 1923 1309
9 1923 1951 1952 1924 1310
9 1924 1952 1953 1925 1311
9 1925 1953 1954 1926 1312
9 1926 1954 1955 1927 1313
9 1927 1955 1956 1928 1314
9 1928 1956 1957 1929 1315
9 1929 1957 1958 1930 1316
9 1930 1958 1959 1931 1317
9 1931 1959 1960 1932 1318
9 1932 1960 1961 1933 1319
9 1933 1961 1962 1934 1320
9 1934 1962 1963 1935 1321
9 1935 1963 1964 1936 1322
9 1936 1964 1965 1937 1323
9 1937 1965 1966 1938 1324
9 1938 1966 1967 1939 1325
9 1939 1967 1968 1940 1326
9 1940 1968 1969 1941 1327
9 1941 1969 1970 1942 1328
9 1942 1970 1971 1943 1329
9 1943 1971 1972 1944 1330
9 1944 1972 1973 1945 1331
9 1945 1973 1974 1946 1332
9 1946 1974 164 165 1333
9 281 282 1975 1947 1334
9 1947 1975 1976 1948 1335
9 1948 1976 1977 1949 1336
9 1949 1977 1978 1950 1337
9 1950 1978 1979 1951 1338
9 1951 1979 1980 1952 1339
9 1952 1980 1981 1953 1340
9 1953 1981 1982 1954 1341
9 1954 1982 1983 1955 1342
9 1955 1983 1984 1956 1343
9 1956 1984 1985 1957 1344
9 1957 1985 1986 1958 1345
9 1958 1986 1987 1959 1346
9 1959 1987 1988 1960 1347
9 1960 1988 1989 1961 1348
9 1961 1989 1990 1962 1349
9 1962 1990 1991 1963 1350
9 1963 1991 1992 1964 1351
9 1964 1992 1993 1965 1352
9 1965 1993 1994 1966 1353
9 1966 1994 1995 1967 1354
9 1967 1995 1996 1968 1355
9 1968 1996 1997 1969 1356
9 1969 1997 1998 1970 1357
9 1970 1998 1999 1971 1358
9 1971 1999 2000 1972 1359
9 1972 2000 2001 1973 1360
9 1973 2001 2002 1974 1361
9 1974 2002 163 164 1362
9 282 283 2003 1975 1363
9 1975 2003 2004 1976 1364
9 1976 2004 2005 1977 1365
9 1977 2005 2006 1978 1366
9 1978 2006 2007 1979 1367
9 1979 2007 2008 1980 1368
9 1980 2008 2009 1981 1369
9 1981 2009 2010 1982 1370
9 1982 2010 2011 1983 1371
9 1983 2011 2012 1984 1372
9 1984 2012 2013 1985 1373
9 1985 2013 2014 1986 1374
9 1986 2014 2015 1987 1375
9 1987 2015 2016 1988 1376
9 1988 2016 2017 1989 1377
9 1989 2017 2018 1990 1378
9 1990 2018 2019 1991 1379
9 1991 2019 2020 1992 1380
9 1992 2020 2021 1993 1381
9 1993 2021 2022 1994 1382
9 1994 2022 2023 1995 1383
9 1995 2023 2024 1996 1384
9 1996 2024 2025 1997 1385
9 1997 2025 2026 1998 1386
9 1998 2026 2027 1999 1387
9 1999 2027 2028 2000 1388
9 2000 2028 2029 2001 1389
9 2001 2029 2030 2002 1390
9 2002 2030 162 163 1391
9 283 284 2031 2003 1392
9 2003 2031 2032 2004 1393
9 2004 2032 2033 2005 1394
9 2005 2033 2034 2006 1395
9 2006 2034 2035 2007 1396
9 2007 2035 2036 2008 1397
9 2008 2036 2037 2009 1398
9 2009 2037 2038 2010 1399
9 2010 2038 2039 2011 1400
9 2011 2039 2040 2012 1401
9 2012 2040 2041 2013 1402
9 2013 2041 2042 2014 1403
9 2014 2042 2043 2015 1404
9 2015 2043 2044 2016 1405
9 2016 2044 2045 2017 1406
9 2017 2045 2046 2018 1407
9 2018 2046 2047 2019 1408
9 2019 2047 2048 2020 1409
9 2020 2048 2049 2021 1410
9 2021 2049 2050 2022 1411
9 2022 2050 2051 2023 1412
9 2023 2051 2052 2024 1413
9 2024 2052 2053 2025 1414
9 2025 2053 2054 2026 1415
9 2026 2054 2055 2027 1416
9 2027 2055 2056 2028 1417
9 2028 2056 2057 2029 1418
9 2029 2057 2058 2030 1419
9 2030 2058 161 162 1420
9 284 285 2059 2031 1421
9 2031 2059 2060 2032 1422
9 2032 2060 2061 2033 1423
9 2033 2061 2062 2034 1424
9 2034 2062 2063 2035 1425
9 2035 2063 2064 2036 1426
9 2036 2064 2065 2037 1427
9 2037 2065 2066 2038 1428
9 2038 2066 2067 2039 1429
9 2039 2067 2068 2040 1430
9 2040 2068 2069 2041 1431
9 2041 2069 2070 2042 1432
9 2042 2070 2071 2043 1433
9 2043 2071 2072 2044 1434
9 2044 2072 2073 2045 1435
9 2045 2073 2074 2046 1436
9 2046 2074 2075 2047 1437
9 2047 2075 2076 2048 1438
9 2048 2076 2077 2049 1439
9 2049 2077 2078 2050 1440
9 2050 2078 2079 2051 1441
9 2051 2079 2080 2052 1442
9 2052 2080 2081 2053 1443
9 2053 2081 2082 2054 1444
9 2054 2082 2083 2055 1445
9 2055 2083 2084 2056 1446
9 2056 2084 2085 2057 1447
9 2057 2085 2086 2058 1448
9 2058 2086 160 161 1449
9 285 286 2087 2059 1450
9 2059 2087 2088 2060 1451
9 2060 2088 2089 2061 1452
9 2061 2089 2090 2062 1453
9 2062 2090 2091 2063 1454
9 2063 2091 2092 2064 1455
9 2064 2092 2093 2065 1456
9 2065 2093 2094 2066 1457
9 2066 2094 2095 2067 1458
9 2067 2095 2096 2068 1459
9 2068 2096 2097 2069 1460
9 2069 2097 2098 2070 1461
9 2070 2098 2099 2071 1462
9 2071 2099 2100 2072 1463
9 2072 2100 2101 2073 1464
9 2073 2101 2102 2074 1465
9 2074 2102 2103 2075 1466
9 2075 2103 2104 2076 1467
9 2076 2104 2105 2077 1468
9 2077 2105 2106 2078 1469
9 2078 2106 2107 2079 1470
9 2079 2107 2108 2080 1471
9 2080 2108 2109 2081 1472
9 2081 2109 2110 2082 1473
9 2082 2110 2111 2083 1474
9 2083 2111 2112 2084 1475
9 2084 2112 2113 2085 1476
9 2085 2113 2114 2086 1477
9 2086 2114 159 160 1478
9 286 287 2115 2087 1479
9 2087 2115 2116 2088 1480
9 2088 2116 2117 2089 1481
9 2089 2117 2118 2090 1482
9 2090 2118 2119 2091 1483
9 2091 2119 2120 2092 1484
9 2092 2120 2121 2093 1485
9 2093 2121 2122 2094 1486
9 2094 2122 2123 2095 1487
9 2095 2123 2124 2096 1488
9 2096 2124 2125 2097 1489
9 2097 2125 2126 2098 1490
9 2098 2126 2127 2099 1491
9 2099 2127 2128 2100 1492
9 2100 2128 2129 2101 1493
9 2101 2129 2130 2102 1494
9 2102 2130 2131 2103 1495
9 2103 2131 2132 2104 1496
9 2104 2132 2133 2105 1497
9 2105 2133 2134 2106 1498
9 2106 2134 2135 2107 1499
9 2107 2135 2136 2108 1500
9 2108 2136 2137 2109 1501
9 2109 2137 2138 2110 1502
9 2110 2138 2139 2111 1503
9 2111 2139 2140 2112 1504
9 2112 2140 2141 2113 1505
9 2113 2141 2142 2114 1506
9 2114 2142 158 159 1507
9 287 288 2143 2115 1508
9 2115 2143 2144 2116 1509
9 2116 2144 2145 2117 1510
9 2117 2145 2146 2118 1511
9 2118 2146 2147 2119 1512
9 2119 2147 2148 2120 1513
9 2120 2148 2149 2121 1514
9 2121 2149 2150 2122 1515
9 2122 2150 2151 2123 1516
9 2123 2151 2152 2124 1517
9 2124 2152 2153 2125 1518
9 2125 2153 2154 2126 1519
9 2126 2154 2155 2127 1520
9 2127 2155 2156 2128 1521
9 2128 2156 2157 2129 1522
9 2129 2157 2158 2130 1523
9 2130 2158 2159 2131 1524
9 2131 2159 2160 2132 1525
9 2132 2160 2161 2133 1526
9 2133 2161 2162 2134 1527
9 2134 2162 2163 2135 1528
9 2135 2163 2164 2136 1529
9 2136 2164 2165 2137 1530
9 2137 2165 2166 2138 1531
9 2138 2166 2167 2139 1532
9 2139 2167 2168 2140 1533
9 2140 2168 2169 2141 1534
9 2141 2169 2170 2142 1535
9 2142 2170 157 158 1536
9 288 289 2171 2143 1537
9 2143 2171 2172 2144 1538
9 2144 2172 2173 2145 1539
9 2145 2173 2174 2146 1540
9 2146 2174 2175 2147 1541
9 2147 2175 2176 2148 1542
9 2148 2176 2177 2149 1543
9 2149 2177 2178 2150 1544
9 2150 2178 2179 2151 1545
9 2151 2179 2180 2152 1546
9 2152 2180 2181 2153 1547
9 2153 2181 2182 2154 1548
9 2154 2182 2183 2155 1549
9 2155 2183 2184 2156 1550
9 2156 2184 2185 2157 1551
9 2157 2185 2186 2158 1552
9 2158 2186 2187 2159 1553
9 2159 2187 2188 2160 1554
9 2160 2188 2189 2161 1555
9 2161 2189 2190 2162 1556
9 2162 2190 2191 2163 1557
9 2163 2191 2192 2164 1558
9 2164 2192 2193 2165 1559
9 2165 2193 2194 2166 1560
9 2166 2194 2195 2167 1561
9 2167 2195 2196 2168 1562
9 2168 2196 2197 2169 1563
9 2169 2197 2198 2170 1564
9 2170 2198 156 157 1565
9 289 290 2199 2171 1566
9 2171 2199 2200 2172 1567
9 2172 2200 2201 2173 1568
9 2173 2201 2202 2174 1569
9 2174 2202 2203 2175 1570
9 2175 2203 2204 2176 1571
9 2176 2204 2205 2177 1572
9 2177 2205 2206 2178 1573
9 2178 2206 2207 2179 1574
9 2179 2207 2208 2180 1575
9 2180 2208 2209 2181 1576
9 2181 2209 2210 2182 1577
9 2182 2210 2211 2183 1578
9 2183 2211 2212 2184 1579
9 2184 2212 2213 2185 1580
9 2185 2213 2214 2186 1581
9 2186 2214 2215 2187 1582
9 2187 2215 2216 2188 1583
9 2188 2216 2217 2189 1584
9 2189 2217 2218 2190 1585
9 2190 2218 2219 2191 1586
9 2191 2219 2220 2192 1587
9 2192 2220 2221 2193 1588
9 2193 2221 2222 2194 1589
9 2194 2222 2223 2195 1590
9 2195 2223 2224 2196 1591
9 2196 2224 2225 2197 1592
9 2197 2225 2226 2198 1593
9 2198 2226 155 156 1594
9 290 291 2227 2199 1595
9 2199 2227 2228 2200 1596
9 2200 2228 2229 2201 1597
9 2201 2229 2230 2202 1598
9 2202 2230 2231 2203 1599
9 2203 2231 2232 2204 1600
9 2204 2232 2233 2205 1601
9 2205 2233 2234 2206 1602
9 2206 2234 2235 2207 1603
9 2207 2235 2236 2208 1604
9 2208 2236 2237 2209 1605
9 2209 2237 2238 2210 1606
9 2210 2238 2239 2211 1607
9 2211 2239 2240 2212 1608
9 2212 2240 2241 2213 1609
9 2213 2241 2242 2214 1610
9 2214 2242 2243 2215 1611
9 2215 2243 2244 2216 1612
9 2216 2244 2245 2217 1613
9 2217 2245 2246 2218 1614
9 2218 2246 2247 2219 1615
9 2219 2247 2248 2220 1616
9 2220 2248 2249 2221 1617
9 2221 2249 2250 2222 1618
9 2222 2250 2251 2223 1619
9 2223 2251 2252 2224 1620
9 2224 2252 2253 2225 1621
9 2225 2253 2254 2226 1622
9 2226 2254 154 155 1623
9 291 292 2255 2227 1624
9 2227 2255 2256 2228 1625
9 2228 2256 2257 2229 1626
9 2229 2257 2258 2230 1627
9 2230 2258 2259 2231 1628
9 2231 2259 2260 2232 1629
9 2232 2260 2261 2233 1630
9 2233 2261 2262 2234 1631
9 2234 2262 2263 2235 1632
9 2235 2263 2264 2236 1633
9 2236 2264 2265 2237 1634
9 2237 2265 2266 2238 1635
9 2238 2266 2267 2239 1636
9 2239 2267 2268 2240 1637
9 2240 2268 2269 2241 1638
9 2241 2269 2270 2242 1639
9 2242 2270 2271 2243 1640
9 2243 2271 2272 2244 1641
9 2244 2272 2273 2245 1642
9 2245 2273 2274 2246 1643
9 2246 2274 2275 2247 1644
9 2247 2275 2276 2248 1645
9 2248 2276 2277 2249 1646
9 2249 2277 2278 2250 1647
9 2250 2278 2279 2251 1648
9 2251 2279 2280 2252 1649
9 2252 2280 2281 2253 1650
9 2253 2281 2282 2254 1651
9 2254 2282 153 154 1652
9 292 293 2283 2255 1653
9 2255 2283 2284 2256 1654
9 2256 2284 2285 2257 1655
9 2257 2285 2286 2258 1656
9 2258 2286 2287 2259 1657
9 2259 2287 2288 2260 1658
9 2260 2288 2289 2261 1659
9 2261 2289 2290 2262 1660
9 2262 2290 2291 2263 1661
9 2263 2291 2292 2264 1662
9 2264 2292 2293 2265 1663
9 2265 2293 2294 2266 1664
9 2266 2294 2295 2267 1665
9 2267 2295 2296 2268 1666
9 2268 2296 2297 2269 1667
9 2269 2297 2298 2270 1668
9 2270 2298 2299 2271 1669
9 2271 2299 2300 2272 1670
9 2272 2300 2301 2273 1671
9 2273 2301 2302 2274 1672
9 2274 2302 2303 2275 1673
9 2275 2303 2304 2276 1674
9 2276 2304 2305 2277 1675
9 2277 2305 2306 2278 1676
9 2278 2306 2307 2279 1677
9 2279 2307 2308 2280 1678
9 2280 2308 2309 2281 1679
9 2281 2309 2310 2282 1680
9 2282 2310 152 153 1681
9 293 294 2311 2283 1682
9 2283 2311 2312 2284 1683
9 2284 2312 2313 2285 1684
9 2285 2313 2314 2286 1685
9 2286 2314 2315 2287 1686
9 2287 2315 2316 2288 1687
9 2288 2316 2317 2289 1688
9 2289 2317 2318 2290 1689
9 2290 2318 2319 2291 1690
9 2291 2319 2320 2292 1691
9 2292 2320 2321 2293 1692
9 2293 2321 2322 2294 1693
9 2294 2322 2323 2295 1694
9 2295 2323 2324 2296 1695
9 2296 2324 2325 2297 1696
9 2297 2325 2326 2298 1697
9 2298 2326 2327 2299 1698
9 2299 2327 2328 2300 1699
9 2300 2328 2329 2301 1700
9 2301 2329 2330 2302 1701
9 2302 2330 2331 2303 1702
9 2303 2331 2332 2304 1703
9 2304 2332 2333 2305 1704
9 2305 2333 2334 2306 1705
9 2306 2334 2335 2307 1706
9 2307 2335 2336 2308 1707
9 2308 2336 2337 2309 1708
9 2309 2337 2338 2310 1709
9 2310 2338 151 152 1710
9 294 295 2339 2311 1711
9 2311 2339 2340 2312 1712
9 2312 2340 2341 2313 1713
9 2313 2341 2342 2314 1714
9 2314 2342 2343 2315 1715
9 2315 2343 2344 2316 1716
9 2316 2344 2345 2317 1717
9 2317 2345 2346 2318 1718
9 2318 2346 2347 2319 1719
9 2319 2347 2348 2320 1720
9 2320 2348 2349 2321 1721
9 2321 2349 2350 2322 1722
9 2322 2350 2351 2323 1723
9 2323 2351 2352 2324 1724
9 2324 2352 2353 2325 1725
9 2325 2353 2354 2326 1726
9 2326 2354 2355 2327 1727
9 2327 2355 2356 2328 1728
9 2328 2356 2357 2329 1729
9 2329 2357 2358 2330 1730
9 2330 2358 2359 2331 1731
9 2331 2359 2360 2332 1732
9 2332 2360 2361 2333 1733
9 2333 2361 2362 2334 1734
9 2334 2362 2363 2335 1735
9 2335 2363 2364 2336 1736
9 2336 2364 2365 2337 1737
9 2337 2365 2366 2338 1738
9 2338 2366 150 151 1739
9 295 296 2367 2339 1740
9 2339 2367 2368 2340 1741
9 2340 2368 2369 2341 1742
9 2341 2369 2370 2342 1743
9 2342 2370 2371 2343 1744
9 2343 2371 2372 2344 1745
9 2344 2372 2373 2345 1746
9 2345 2373 2374 2346 1747
9 2346 2374 2375 2347 1748
9 2347 2375 2376 2348 1749
9 2348 2376 2377 2349 1750
9 2349 2377 2378 2350 1751
9 2350 2378 2379 2351 1752
9 2351 2379 2380 2352 1753
9 2352 2380 2381 2353 1754
9 2353 2381 2382 2354 1755
9 2354 2382 2383 2355 1756
9 2355 2383 2384 2356 1757
9 2356 2384 2385 2357 1758
9 2357 2385 2386 2358 1759
9 2358 2386 2387 2359 1760
9 2359 2387 2388 2360 1761
9 2360 2388 2389 2361 1762
9 2361 2389 2390 2362 1763
9 2362 2390 2391 2363 1764
9 2363 2391 2392 2364 1765
9 2364 2392 2393 2365 1766
9 2365 2393 2394 2366 1767
9 2366 2394 149 150 1768
9 296 297 2395 2367 1769
9 2367 2395 2396 2368 1770
9 2368 2396 2397 2369 1771
9 2369 2397 2398 2370 1772
9 2370 2398 2399 2371 1773
9 2371 2399 2400 2372 1774
9 2372 2400 2401 2373 1775
9 2373 2401 2402 2374 1776
9 2374 2402 2403 2375 1777
9 2375 2403 2404 2376 1778
9 2376 2404 2405 2377 1779
9 2377 2405 2406 2378 1780
9 2378 2406 2407 2379 1781
9 2379 2407 2408 2380 1782
9 2380 2408 2409 2381 1783
9 2381 2409 2410 2382 1784
9 2382 2410 2411 2383 1785
9 2383 2411 2412 2384 1786
9 2384 2412 2413 2385 1787
9 2385 2413 2414 2386 1788
9 2386 2414 2415 2387 1789
9 2387 2415 2416 2388 1790
9 2388 2416 2417 2389 1791
9 2389 2417 2418 2390 1792
9 2390 2418 2419 2391 1793
9 2391 2419 2420 2392 1794
9 2392 2420 2421 2393 1795
9 2393 2421 2422 2394 1796
9 2394 2422 148 149 1797
9 297 298 2423 2395 1798
9 2395 2423 2424 2396 1799
9 2396 2424 2425 2397 1800
9 2397 2425 2426 2398 1801
9 2398 2426 2427 2399 1802
9 2399 2427 2428 2400 1803
9 2400 2428 2429 2401 1804
9 2401 2429 2430 2402 1805
9 2402 2430 2431 2403 1806
9 2403 2431 2432 2404 1807
9 2404 2432 2433 2405 1808
9 2405 2433 2434 2406 1809
9 2406 2434 2435 2407 1810
9 2407 2435 2436 2408 1811
9 2408 2436 2437 2409 1812
9 2409 2437 2438 2410 1813
9 2410 2438 2439 2411 1814
9 2411 2439 2440 2412 1815
9 2412 2440 2441 2413 1816
9 2413 2441 2442 2414 1817
9 2414 2442 2443 2415 1818
9 2415 2443 2444 2416 1819
9 2416 2444 2445 2417 1820
9 2417 2445 2446 2418 1821
9 2418 2446 2447 2419 1822
9 2419 2447 2448 2420 1823
9 2420 2448 2449 2421 1824
9 2421 2449 2450 2422 1825
9 2422 2450 147 148 1826
9 298 299 2451 2423 1827
9 2423 2451 2452 2424 1828
9 2424 2452 2453 2425 1829
9 2425 2453 2454 2426 1830
9 2426 2454 2455 2427 1831
9 2427 2455 2456 2428 1832
9 2428 2456 2457 2429 1833
9 2429 2457 2458 2430 1834
9 2430 2458 2459 2431 1835
9 2431 2459 2460 2432 1836
9 2432 2460 2461 2433 1837
9 2433 2461 2462 2434 1838
9 2434 2462 2463 2435 1839
9 2435 2463 2464 2436 1840
9 2436 2464 2465 2437 1841
9 2437 2465 2466 2438 1842
9 2438 2466 2467 2439 1843
9 2439 2467 2468 2440 1844
9 2440 2468 2469 2441 1845
9 2441 2469 2470 2442 1846
9 2442 2470 2471 2443 1847
9 2443 2471 2472 2444 1848
9 2444 2472 2473 2445 1849
9 2445 2473 2474 2446 1850
9 2446 2474 2475 2447 1851
9 2447 2475 2476 2448 1852
9 2448 2476 2477 2449 1853
9 2449 2477 2478 2450 1854
9 2450 2478 146 147 1855
9 299 300 2479 2451 1856
9 2451 2479 2480 2452 1857
9 2452 2480 2481 2453 1858
9 2453 2481 2482 2454 1859
9 2454 2482 2483 2455 1860
9 2455 2483 2484 2456 1861
9 2456 2484 2485 2457 1862
9 2457 2485 2486 2458 1863
9 2458 2486 2487 2459 1864
9 2459 2487 2488 2460 1865
9 2460 2488 2489 2461 1866
9 2461 2489 2490 2462 1867
9 2462 2490 2491 2463 1868
9 2463 2491 2492 2464 1869
9 2464 2492 2493 2465 1870
9 2465 2493 2494 2466 1871
9 2466 2494 2495 2467 1872
9 2467 2495 2496 2468 1873
9 2468 2496 2497 2469 1874
9 2469 2497 2498 2470 1875
9 2470 2498 2499 2471 1876
9 2471 2499 2500 2472 1877
9 2472 2500 2501 2473 1878
9 2473 2501 2502 2474 1879
9 2474 2502 2503 2475 1880
9 2475 2503 2504 2476 1881
9 2476 2504 2505 2477 1882
9 2477 2505 2506 2478 1883
9 2478 2506 145 146 1884
9 300 301 2507 2479 1885
9 2479 2507 2508 2480 1886
9 2480 2508 2509 2481 1887
9 2481 2509 2510 2482 1888
9 2482 2510 2511 2483 1889
9 2483 2511 2512 2484 1890
9 2484 2512 2513 2485 1891
9 2485 2513 2514 2486 1892
9 2486 2514 2515 2487 1893
9 2487 2515 2516 2488 1894
9 2488 2516 2517 2489 1895
9 2489 2517 2518 2490 1896
9 2490 2518 2519 2491 1897
9 2491 2519 2520 2492 1898
9 2492 2520 2521 2493 1899
9 2493 2521 2522 2494 1900
9 2494 2522 2523 2495 1901
9 2495 2523 2524 2496 1902
9 2496 2524 2525 2497 1903
9 2497 2525 2526 2498 1904
9 2498 2526 2527 2499 1905
9 2499 2527 2528 2500 1906
9 2500 2528 2529 2501 1907
9 2501 2529 2530 2502 1908
9 2502 2530 2531 2503 1909
9 2503 2531 2532 2504 1910
9 2504 2532 2533 2505 1911
9 2505 2533 2534 2506 1912
9 2506 2534 144 145 1913
9 301 302 2535 2507 1914
9 2507 2535 2536 2508 1915
9 2508 2536 2537 2509 1916
9 2509 2537 2538 2510 1917
9 2510 2538 2539 2511 1918
9 2511 2539 2540 2512 1919
9 2512 2540 2541 2513 1920
9 2513 2541 2542 2514 1921
9 2514 2542 2543 2515 1922
9 2515 2543 2544 2516 1923
9 2516 2544 2545 2517 1924
9 2517 2545 2546 2518 1925
9 2518 2546 2547 2519 1926
9 2519 2547 2548 2520 1927
9 2520 2548 2549 2521 1928
9 2521 2549 2550 2522 1929
9 2522 2550 2551 2523 1930
9 2523 2551 2552 2524 1931
9 2524 2552 2553 2525 1932
9 2525 2553 2554 2526 1933
9 2526 2554 2555 2527 1934
9 2527 2555 2556 2528 1935
9 2528 2556 2557 2529 1936
9 2529 2557 2558 2530 1937
9 2530 2558 2559 2531 1938
9 2531 2559 2560 2532 1939
9 2532 2560 2561 2533 1940
9 2533 2561 2562 2534 1941
9 2534 2562 143 144 1942
9 302 303 2563 2535 1943
9 2535 2563 2564 2536 1944
9 2536 2564 2565 2537 1945
9 2537 2565 2566 2538 1946
9 2538 2566 2567 2539 1947
9 2539 2567 2568 2540 1948
9 2540 2568 2569 2541 1949
9 2541 2569 2570 2542 1950
9 2542 2570 2571 2543 1951
9 2543 2571 2572 2544 1952
9 2544 2572 2573 2545 1953
9 2545 2573 2574 2546 1954
9 2546 2574 2575 2547 1955
9 2547 2575 2576 2548 1956
9 2548 2576 2577 2549 1957
9 2549 2577 2578 2550 1958
9 2550 2578 2579 2551 1959
9 2551 2579 2580 2552 1960
9 2552 2580 2581 2553 1961
9 2553 2581 2582 2554 1962
9 2554 2582 2583 2555 1963
9 2555 2583 2584 2556 1964
9 2556 2584 2585 2557 1965
9 2557 2585 2586 2558 1966
9 2558 2586 2587 2559 1967
9 2559 2587 2588 2560 1968
9 2560 2588 2589 2561 1969
9 2561 2589 2590 2562 1970
9 2562 2590 142 143 1971
9 303 304 2591 2563 1972
9 2563 2591 2592 2564 1973
9 2564 2592 2593 2565 1974
9 2565 2593 2594 2566 1975
9 2566 2594 2595 2567 1976
9 2567 2595 2596 2568 1977
9 2568 2596 2597 2569 1978
9 2569 2597 2598 2570 1979
9 2570 2598 2599 2571 1980
9 2571 2599 2600 2572 1981
9 2572 2600 2601 2573 1982
9 2573 2601 2602 2574 1983
9 2574 2602 2603 2575 1984
9 2575 2603 2604 2576 1985
9 2576 2604 2605 2577 1986
9 2577 2605 2606 2578 1987
9 2578 2606 2607 2579 1988
9 2579 2607 2608 2580 1989
9 2580 2608 2609 2581 1990
9 2581 2609 2610 2582 1991
9 2582 2610 2611 2583 1992
9 2583 2611 2612 2584 1993
9 2584 2612 2613 2585 1994
9 2585 2613 2614 2586 1995
9 2586 2614 2615 2587 1996
9 2587 2615 2616 2588 1997
9 2588 2616 2617 2589 1998
9 2589 2617 2618 2590 1999
9 2590 2618 141 142 2000
9 304 305 2619 2591 2001
9 2591 2619 2620 2592 2002
9 2592 2620 2621 2593 2003
9 2593 2621 2622 2594 2004
9 2594 2622 2623 2595 2005
9 2595 2623 2624 2596 2006
9 2596 2624 2625 2597 2007
9 2597 2625 2626 2598 2008
9 2598 2626 2627 2599 2009
9 2599 2627 2628 2600 2010
9 2600 2628 2629 2601 2011
9 2601 2629 2630 2602 2012
9 2602 2630 2631 2603 2013
9 2603 2631 2632 2604 2014
9 2604 2632 2633 2605 2015
9 2605 2633 2634 2606 2016
9 2606 2634 2635 2607 2017
9 2607 2635 2636 2608 2018
9 2608 2636 2637 2609 2019
9 2609 2637 2638 2610 2020
9 2610 2638 2639 2611 2021
9 2611 2639 2640 2612 2022
9 2612 2640 2641 2613 2023
9 2613 2641 2642 2614 2024
9 2614 2642 2643 2615 2025
9 2615 2643 2644 2616 2026
9 2616 2644 2645 2617 2027
9 2617 2645 2646 2618 2028
9 2618 2646 140 141 2029
9 305 306 2647 2619 2030
9 2619 2647 2648 2620 2031
9 2620 2648 2649 2621 2032
9 2621 2649 2650 2622 2033
9 2622 2650 2651 2623 2034
9 2623 2651 2652 2624 2035
9 2624 2652 2653 2625 2036
9 2625 2653 2654 2626 2037
9 2626 2654 2655 2627 2038
9 2627 2655 2656 2628 2039
9 2628 2656 2657 2629 2040
9 2629 2657 2658 2630 2041
9 2630 2658 2659 2631 2042
9 2631 2659 2660 2632 2043
9 2632 2660 2661 2633 2044
9 2633 2661 2662 2634 2045
9 2634 2662 2663 2635 2046
9 2635 2663 2664 2636 2047
9 2636 2664 2665 2637 2048
9 2637 2665 2666 2638 2049
9 2638 2666 2667 2639 2050
9 2639 2667 2668 2640 2051
9 2640 2668 2669 2641 2052
9 2641 2669 2670 2642 2053
9 2642 2670 2671 2643 2054
9 2643 2671 2672 2644 2055
9 2644 2672 2673 2645 2056
9 2645 2673 2674 2646 2057
9 2646 2674 139 140 2058
9 306 307 2675 2647 2059
9 2647 2675 2676 2648 2060
9 2648 2676 2677 2649 2061
9 2649 2677 2678 2650 2062
9 2650 2678 2679 2651 2063
9 2651 2679 2680 2652 2064
9 2652 2680 2681 2653 2065
9 2653 2681 2682 2654 2066
9 2654 2682 2683 2655 2067
9 2655 2683 2684 2656 2068
9 2656 2684 2685 2657 2069
9 2657 2685 2686 2658 2070
9 2658 2686 2687 2659 2071
9 2659 2687 2688 2660 2072
9 2660 2688 2689 2661 2073
9 2661 2689 2690 2662 2074
9 2662 2690 2691 2663 2075
9 2663 2691 2692 2664 2076
9 2664 2692 2693 2665 2077
9 2665 2693 2694 2666 2078
9 2666 2694 2695 2667 2079
9 2667 2695 2696 2668 2080
9 2668 2696 2697 2669 2081
9 2669 2697 2698 2670 2082
9 2670 2698 2699 2671 2083
9 2671 2699 2700 2672 2084
9 2672 2700 2701 2673 2085
9 2673 2701 2702 2674 2086
9 2674 2702 138 139 2087
9 307 308 2703 2675 2088
9 2675 2703 2704 2676 2089
9 2676 2704 2705 2677 2090
9 2677 2705 2706 2678 2091
9 2678 2706 2707 2679 2092
9 2679 2707 2708 2680 2093
9 2680 2708 2709 2681 2094
9 2681 2709 2710 2682 2095
9 2682 2710 2711 2683 2096
9 2683 2711 2712 2684 2097
9 2684 2712 2713 2685 2098
9 2685 2713 2714 2686 2099
9 2686 2714 2715 2687 2100
9 2687 2715 2716 2688 2101
9 2688 2716 2717 2689 2102
9 2689 2717 2718 2690 2103
9 2690 2718 2719 2691 2104
9 2691 2719 2720 2692 2105
9 2692 2720 2721 2693 2106
9 2693 2721 2722 2694 2107
9 2694 2722 2723 2695 2108
9 2695 2723 2724 2696 2109
9 2696 2724 2725 2697 2110
9 2697 2725 2726 2698 2111
9 2698 2726 2727 2699 2112
9 2699 2727 2728 2700 2113
9 2700 2728 2729 2701 2114
9 2701 2729 2730 2702 2115
9 2702 2730 137 138 2116
9 308 309 2731 2703 2117
9 2703 2731 2732 2704 2118
9 2704 2732 2733 2705 2119
9 2705 2733 2734 2706 2120
9 2706 2734 2735 2707 2121
9 2707 2735 2736 2708 2122
9 2708 2736 2737 2709 2123
9 2709 2737 2738 2710 2124
9 2710 2738 2739 2711 2125
9 2711 2739 2740 2712 2126
9 2712 2740 2741 2713 2127
9 2713 2741 2742 2714 2128
9 2714 2742 2743 2715 2129
9 2715 2743 2744 2716 2130
9 2716 2744 2745 2717 2131
9 2717 2745 2746 2718 2132
9 2718 2746 2747 2719 2133
9 2719 2747 2748 2720 2134
9 2720 2748 2749 2721 2135
9 2721 2749 2750 2722 2136
9 2722 2750 2751 2723 2137
9 2723 2751 2752 2724 2138
9 2724 2752 2753 2725 2139
9 2725 2753 2754 2726 2140
9 2726 2754 2755 2727 2141
9 2727 2755 2756 2728 2142
9 2728 2756 2757 2729 2143
9 2729 2757 2758 2730 2144
9 2730 2758 136 137 2145
9 309 310 2759 2731 2146
9 2731 2759 2760 2732 2147
9 2732 2760 2761 2733 2148
9 2733 2761 2762 2734 2149
9 2734 2762 2763 2735 2150
9 2735 2763 2764 2736 2151
9 2736 2764 2765 2737 2152
9 2737 2765 2766 2738 2153
9 2738 2766 2767 2739 2154
9 2739 2767 2768 2740 2155
9 2740 2768 2769 2741 2156
9 2741 2769 2770 2742 2157
9 2742 2770 2771 2743 2158
9 2743 2771 2772 2744 2159
9 2744 2772 2773 2745 2160
9 2745 2773 2774 2746 2161
9 2746 2774 2775 2747 2162
9 2747 2775 2776 2748 2163
9 2748 2776 2777 2749 2164
9 2749 2777 2778 2750 2165
9 2750 2778 2779 2751 2166
9 2751 2779 2780 2752 2167
9 2752 2780 2781 2753 2168
9 2753 2781 2782 2754 2169
9 2754 2782 2783 2755 2170
9 2755 2783 2784 2756 2171
9 2756 2784 2785 2757 2172
9 2757 2785 2786 2758 2173
9 2758 2786 135 136 2174
9 310 311 2787 2759 2175
9 2759 2787 2788 2760 2176
9 2760 2788 2789 2761 2177
9 2761 2789 2790 2762 2178
9 2762 2790 2791 2763 2179
9 2763 2791 2792 2764 2180
9 2764 2792 2793 2765 2181
9 2765 2793 2794 2766 2182
9 2766 2794 2795 2767 2183
9 2767 2795 2796 2768 2184
9 2768 2796 2797 2769 2185
9 2769 2797 2798 2770 2186
9 2770 2798 2799 2771 2187
9 2771 2799 2800 2772 2188
9 2772 2800 2801 2773 2189
9 2773 2801 2802 2774 2190
9 2774 2802 2803 2775 2191
9 2775 2803 2804 2776 2192
9 2776 2804 2805 2777 2193
9 2777 2805 2806 2778 2194
9 2778 2806 2807 2779 2195
9 2779 2807 2808 2780 2196
9 2780 2808 2809 2781 2197
9 2781 2809 2810 2782 2198
9 2782 2810 2811 2783 2199
9 2783 2811 2812 2784 2200
9 2784 2812 2813 2785 2201
9 2785 2813 2814 2786 2202
9 2786 2814 134 135 2203
9 311 312 2815 2787 2204
9 2787 2815 2816 2788 2205
9 2788 2816 2817 2789 2206
9 2789 2817 2818 2790 2207
9 2790 2818 2819 2791 2208
9 2791 2819 2820 2792 2209
9 2792 2820 2821 2793 2210
9 2793 2821 2822 2794 2211
9 2794 2822 2823 2795 2212
9 2795 2823 2824 2796 2213
9 2796 2824 2825 2797 2214
9 2797 2825 2826 2798 2215
9 2798 2826 2827 2799 2216
9 2799 2827 2828 2800 2217
9 2800 2828 2829 2801 2218
9 2801 2829 2830 2802 2219
9 2802 2830 2831 2803 2220
9 2803 2831 2832 2804 2221
9 2804 2832 2833 2805 2222
9 2805 2833 2834 2806 2223
9 2806 2834 2835 2807 2224
9 2807 2835 2836 2808 2225
9 2808 2836 2837 2809 2226
9 2809 2837 2838 2810 2227
9 2810 2838 2839 2811 2228
9 2811 2839 2840 2812 2229
9 2812 2840 2841 2813 2230
9 2813 2841 2842 2814 2231
9 2814 2842 133 134 2232
9 312 313 2843 2815 2233
9 2815 2843 2844 2816 2234
9 2816 2844 2845 2817 2235
9 2817 2845 2846 2818 2236
9 2818 2846 2847 2819 2237
9 2819 2847 2848 2820 2238
9 2820 2848 2849 2821 2239
9 2821 2849 2850 2822 2240
9 2822 2850 2851 2823 2241
9 2823 2851 2852 2824 2242
9 2824 2852 2853 2825 2243
9 2825 2853 2854 2826 2244
9 2826 2854 2855 2827 2245
9 2827 2855 2856 2828 2246
9 2828 2856 2857 2829 2247
9 2829 2857 2858 2830 2248
9 2830 2858 2859 2831 2249
9 2831 2859 2860 2832 2250
9 2832 2860 2861 2833 2251
9 2833 2861 2862 2834 2252
9 2834 2862 2863 2835 2253
9 2835 2863 2864 2836 2254
9 2836 2864 2865 2837 2255
9 2837 2865 2866 2838 2256
9 2838 2866 2867 2839 2257
9 2839 2867 2868 2840 2258
9 2840 2868 2869 2841 2259
9 2841 2869 2870 2842 2260
9 2842 2870 132 133 2261
9 313 314 2871 2843 2262
9 2843 2871 2872 2844 2263
9 2844 2872 2873 2845 2264
9 2845 2873 2874 2846 2265
9 2846 2874 2875 2847 2266
9 2847 2875 2876 2848 2267
9 2848 2876 2877 2849 2268
9 2849 2877 2878 2850 2269
9 2850 2878 2879 2851 2270
9 2851 2879 2880 2852 2271
9 2852 2880 2881 2853 2272
9 2853 2881 2882 2854 2273
9 2854 2882 2883 2855 2274
9 2855 2883 2884 2856 2275
9 2856 2884 2885 2857 2276
9 2857 2885 2886 2858 2277
9 2858 2886 2887 2859 2278
9 2859 2887 2888 2860 2279
9 2860 2888 2889 2861 2280
9 2861 2889 2890 2862 2281
9 2862 2890 2891 2863 2282
9 2863 2891 2892 2864 2283
9 2864 2892 2893 2865 2284
9 2865 2893 2894 2866 2285
9 2866 2894 2895 2867 2286
9 2867 2895 2896 2868 2287
9 2868 2896 2897 2869 2288
9 2869 2897 2898 2870 2289
9 2870 2898 131 132 2290
9 314 315 2899 2871 2291
9 2871 2899 2900 2872 2292
9 2872 2900 2901 2873 2293
9 2873 2901 2902 2874 2294
9 2874 2902 2903 2875 2295
9 2875 2903 2904 2876 2296
9 2876 2904 2905 2877 2297
9 2877 2905 2906 2878 2298
9 2878 2906 2907 2879 2299
9 2879 2907 2908 2880 2300
9 2880 2908 2909 2881 2301
9 2881 2909 2910 2882 2302
9 2882 2910 2911 2883 2303
9 2883 2911 2912 2884 2304
9 2884 2912 2913 2885 2305
9 2885 2913 2914 2886 2306
9 2886 2914 2915 2887 2307
9 2887 2915 2916 2888 2308
9 2888 2916 2917 2889 2309
9 2889 2917 2918 2890 2310
9 2890 2918 2919 2891 2311
9 2891 2919 2920 2892 2312
9 2892 2920 2921 2893 2313
9 2893 2921 2922 2894 2314
9 2894 2922 2923 2895 2315
9 2895 2923 2924 2896 2316
9 2896 2924 2925 2897 2317
9 2897 2925 2926 2898 2318
9 2898 2926 130 131 2319
9 315 316 2927 2899 2320
9 2899 2927 2928 2900 2321
9 2900 2928 2929 2901 2322
9 2901 2929 2930 2902 2323
9 2902 2930 2931 2903 2324
9 2903 2931 2932 2904 2325
9 2904 2932 2933 2905 2326
9 2905 2933 2934 2906 2327
9 2906 2934 2935 2907 2328
9 2907 2935 2936 2908 2329
9 2908 2936 2937 2909 2330
9 2909 2937 2938 2910 2331
9 2910 2938 2939 2911 2332
9 2911 2939 2940 2912 2333
9 2912 2940 2941 2913 2334
9 2913 2941 2942 2914 2335
9 2914 2942 2943 2915 2336
9 2915 2943 2944 2916 2337
9 2916 2944 2945 2917 2338
9 2917 2945 2946 2918 2339
9 2918 2946 2947 2919 2340
9 2919 2947 2948 2920 2341
9 2920 2948 2949 2921 2342
9 2921 2949 2950 2922 2343
9 2922 2950 2951 2923 2344
9 2923 2951 2952 2924 2345
9 2924 2952 2953 2925 2346
9 2925 2953 2954 2926 2347
9 2926 2954 129 130 2348
9 316 317 2955 2927 2349
9 2927 2955 2956 2928 2350
9 2928 2956 2957 2929 2351
9 2929 2957 2958 2930 2352
9 2930 2958 2959 2931 2353
9 2931 2959 2960 2932 2354
9 2932 2960 2961 2933 2355
9 2933 2961 2962 2934 2356
9 2934 2962 2963 2935 2357
9 2935 2963 2964 2936 2358
9 2936 2964 2965 2937 2359
9 2937 2965 2966 2938 2360
9 2938 2966 2967 2939 2361
9 2939 2967 2968 2940 2362
9 2940 2968 2969 2941 2363
9 2941 2969 2970 2942 2364
9 2942 2970 2971 2943 2365
9 2943 2971 2972 2944 2366
9 2944 2972 2973 2945 2367
9 2945 2973 2974 2946 2368
9 2946 2974 2975 2947 2369
9 2947 2975 2976 2948 2370
9 2948 2976 2977 2949 2371
9 2949 2977 2978 2950 2372
9 2950 2978 2979 2951 2373
9 2951 2979 2980 2952 2374
9 2952 2980 2981 2953 2375
9 2953 2981 2982 2954 2376
9 2954 2982 128 129 2377
9 317 318 2983 2955 2378
9 2955 2983 2984 2956 2379
9 2956 2984 2985 2957 2380
9 2957 2985 2986 2958 2381
9 2958 2986 2987 2959 2382
9 2959 2987 2988 2960 2383
9 2960 2988 2989 2961 2384
9 2961 2989 2990 2962 2385
9 2962 2990 2991 2963 2386
9 2963 2991 2992 2964 2387
9 2964 2992 2993 2965 2388
9 2965 2993 2994 2966 2389
9 2966 2994 2995 2967 2390
9 2967 2995 2996 2968 2391
9 2968 2996 2997 2969 2392
9 2969 2997 2998 2970 2393
9 2970 2998 2999 2971 2394
9 2971 2999 3000 2972 2395
9 2972 3000 3001 2973 2396
9 2973 3001 3002 2974 2397
9 2974 3002 3003 2975 2398
9 2975 3003 3004 2976 2399
9 2976 3004 3005 2977 2400
9 2977 3005 3006 2978 2401
9 2978 3006 3007 2979 2402
9 2979 3007 3008 2980 2403
9 2980 3008 3009 2981 2404
9 2981 3009 3010 2982 2405
9 2982 3010 127 128 2406
9 318 319 3011 2983 2407
9 2983 3011 3012 2984 2408
9 2984 3012 3013 2985 2409
9 2985 3013 3014 2986 2410
9 2986 3014 3015 2987 2411
9 2987 3015 3016 2988 2412
9 2988 3016 3017 2989 2413
9 2989 3017 3018 2990 2414
9 2990 3018 3019 2991 2415
9 2991 3019 3020 2992 2416
9 2992 3020 3021 2993 2417
9 2993 3021 3022 2994 2418
9 2994 3022 3023 2995 2419
9 2995 3023 3024 2996 2420
9 2996 3024 3025 2997 2421
9 2997 3025 3026 2998 2422
9 2998 3026 3027 2999 2423
9 2999 3027 3028 3000 2424
9 3000 3028 3029 3001 2425
9 3001 3029 3030 3002 2426
9 3002 3030 3031 3003 2427
9 3003 3031 3032 3004 2428
9 3004 3032 3033 3005 2429
9 3005 3033 3034 3006 2430
9 3006 3034 3035 3007 2431
9 3007 3035 3036 3008 2432
9 3008 3036 3037 3009 2433
9 3009 3037 3038 3010 2434
9 3010 3038 126 127 2435
9 319 320 3039 3011 2436
9 3011 3039 3040 3012 2437
9 3012 3040 3041 3013 2438
9 3013 3041 3042 3014 2439
9 3014 3042 3043 3015 2440
9 3015 3043 3044 3016 2441
9 3016 3044 3045 3017 2442
9 3017 3045 3046 3018 2443
9 3018 3046 3047 3019 2444
9 3019 3047 3048 3020 2445
9 3020 3048 3049 3021 2446
9 3021 3049 3050 3022 2447
9 3022 3050 3051 3023 2448
9 3023 3051 3052 3024 2449
9 3024 3052 3053 3025 2450
9 3025 3053 3054 3026 2451
9 3026 3054 3055 3027 2452
9 3027 3055 3056 3028 2453
9 3028 3056 3057 3029 2454
9 3029 3057 3058 3030 2455
9 3030 3058 3059 3031 2456
9 3031 3059 3060 3032 2457
9 3032 3060 3061 3033 2458
9 3033 3061 3062 3034 2459
9 3034 3062 3063 3035 2460
9 3035 3063 3064 3036 2461
9 3036 3064 3065 3037 2462
9 3037 3065 3066 3038 2463
9 3038 3066 125 126 2464
9 320 321 3067 3039 2465
9 3039 3067 3068 3040 2466
9 3040 3068 3069 3041 2467
9 3041 3069 3070 3042 2468
9 3042 3070 3071 3043 2469
9 3043 3071 3072 3044 2470
9 3044 3072 3073 3045 2471
9 3045 3073 3074 3046 2472
9 3046 3074 3075 3047 2473
9 3047 3075 3076 3048 2474
9 3048 3076 3077 3049 2475
9 3049 3077 3078 3050 2476
9 3050 3078 3079 3051 2477
9 3051 3079 3080 3052 2478
9 3052 3080 3081 3053 2479
9 3053 3081 3082 3054 2480
9 3054 3082 3083 3055 2481
9 3055 3083 3084 3056 2482
9 3056 3084 3085 3057 2483
9 3057 3085 3086 3058 2484
9 3058 3086 3087 3059 2485
9 3059 3087 3088 3060 2486
9 3060 3088 3089 3061 2487
9 3061 3089 3090 3062 2488
9 3062 3090 3091 3063 2489
9 3063 3091 3092 3064 2490
9 3064 3092 3093 3065 2491
9 3065 3093 3094 3066 2492
9 3066 3094 124 125 2493
9 321 322 3095 3067 2494
9 3067 3095 3096 3068 2495
9 3068 3096 3097 3069 2496
9 3069 3097 3098 3070 2497
9 3070 3098 3099 3071 2498
9 3071 3099 3100 3072 2499
9 3072 3100 3101 3073 2500
9 3073 3101 3102 3074 2501
9 3074 3102 3103 3075 2502
9 3075 3103 3104 3076 2503
9 3076 3104 3105 3077 2504
9 3077 3105 3106 3078 2505
9 3078 3106 3107 3079 2506
9 3079 3107 3108 3080 2507
9 3080 3108 3109 3081 2508
9 3081 3109 3110 3082 2509
9 3082 3110 3111 3083 2510
9 3083 3111 3112 3084 2511
9 3084 3112 3113 3085 2512
9 3085 3113 3114 3086 2513
9 3086 3114 3115 3087 2514
9 3087 3115 3116 3088 2515
9 3088 3116 3117 3089 2516
9 3089 3117 3118 3090 2517
9 3090 3118 3119 3091 2518
9 3091 3119 3120 3092 2519
9 3092 3120 3121 3093 2520
9 3093 3121 3122 3094 2521
9 3094 3122 123 124 2522
9 322 323 3123 3095 2523
9 3095 3123 3124 3096 2524
9 3096 3124 3125 3097 2525
9 3097 3125 3126 3098 2526
9 3098 3126 3127 3099 2527
9 3099 3127 3128 3100 2528
9 3100 3128 3129 3101 2529
9 3101 3129 3130 3102 2530
9 3102 3130 3131 3103 2531
9 3103 3131 3132 3104 2532
9 3104 3132 3133 3105 2533
9 3105 3133 3134 3106 2534
9 3106 3134 3135 3107 2535
9 3107 3135 3136 3108 2536
9 3108 3136 3137 3109 2537
9 3109 3137 3138 3110 2538
9 3110 3138 3139 3111 2539
9 3111 3139 3140 3112 2540
9 3112 3140 3141 3113 2541
9 3113 3141 3142 3114 2542
9 3114 3142 3143 3115 2543
9 3115 3143 3144 3116 2544
9 3116 3144 3145 3117 2545
9 3117 3145 3146 3118 2546
9 3118 3146 3147 3119 2547
9 3119 3147 3148 3120 2548
9 3120 3148 3149 3121 2549
9 3121 3149 3150 3122 2550
9 3122 3150 122 123 2551
9 323 324 3151 3123 2552
9 3123 3151 3152 3124 2553
9 3124 3152 3153 3125 2554
9 3125 3153 3154 3126 2555
9 3126 3154 3155 3127 2556
9 3127 3155 3156 3128 2557
9 3128 3156 3157 3129 2558
9 3129 3157 3158 3130 2559
9 3130 3158 3159 3131 2560
9 3131 3159 3160 3132 2561
9 3132 3160 3161 3133 2562
9 3133 3161 3162 3134 2563
9 3134 3162 3163 3135 2564
9 3135 3163 3164 3136 2565
9 3136 3164 3165 3137 2566
9 3137 3165 3166 3138 2567
9 3138 3166 3167 3139 2568
9 3139 3167 3168 3140 2569
9 3140 3168 3169 3141 2570
9 3141 3169 3170 3142 2571
9 3142 3170 3171 3143 2572
9 3143 3171 3172 3144 2573
9 3144 3172 3173 3145 2574
9 3145 3173 3174 3146 2575
9 3146 3174 3175 3147 2576
9 3147 3175 3176 3148 2577
9 3148 3176 3177 3149 2578
9 3149 3177 3178 3150 2579
9 3150 3178 121 122 2580
9 324 325 3179 3151 2581
9 3151 3179 3180 3152 2582
9 3152 3180 3181 3153 2583
9 3153 3181 3182 3154 2584
9 3154 3182 3183 3155 2585
9 3155 3183 3184 3156 2586
9 3156 3184 3185 3157 2587
9 3157 3185 3186 3158 2588
9 3158 3186 3187 3159 2589
9 3159 3187 3188 3160 2590
9 3160 3188 3189 3161 2591
9 3161 3189 3190 3162 2592
9 3162 3190 3191 3163 2593
9 3163 3191 3192 3164 2594
9 3164 3192 3193 3165 2595
9 3165 3193 3194 3166 2596
9 3166 3194 3195 3167 2597
9 3167 3195 3196 3168 2598
9 3168 3196 3197 3169 2599
9 3169 3197 3198 3170 2600
9 3170 3198 3199 3171 2601
9 3171 3199 3200 3172 2602
9 3172 3200 3201 3173 2603
9 3173 3201 3202 3174 2604
9 3174 3202 3203 3175 2605
9 3175 3203 3204 3176 2606
9 3176 3204 3205 3177 2607
9 3177 3205 3206 3178 2608
9 3178 3206 120 121 2609
9 325 326 3207 3179 2610
9 3179 3207 3208 3180 2611
9 3180 3208 3209 3181 2612
9 3181 3209 3210 3182 2613
9 3182 3210 3211 3183 2614
9 3183 3211 3212 3184 2615
9 3184 3212 3213 3185 2616
9 3185 3213 3214 3186 2617
9 3186 3214 3215 3187 2618
9 3187 3215 3216 3188 2619
9 3188 3216 3217 3189 2620
9 3189 3217 3218 3190 2621
9 3190 3218 3219 3191 2622
9 3191 3219 3220 3192 2623
9 3192 3220 3221 3193 2624
9 3193 3221 3222 3194 2625
9 3194 3222 3223 3195 2626
9 3195 3223 3224 3196 2627
9 3196 3224 3225 3197 2628
9 3197 3225 3226 3198 2629
9 3198 3226 3227 3199 2630
9 3199 3227 3228 3200 2631
9 3200 3228 3229 3201 2632
9 3201 3229 3230 3202 2633
9 3202 3230 3231 3203 2634
9 3203 3231 3232 3204 2635
9 3204 3232 3233 3205 2636
9 3205 3233 3234 3206 2637
9 3206 3234 119 120 2638
9 326 327 3235 3207 2639
9 3207 3235 3236 3208 2640
9 3208 3236 3237 3209 2641
9 3209 3237 3238 3210 2642
9 3210 3238 3239 3211 2643
9 3211 3239 3240 3212 2644
9 3212 3240 3241 3213 2645
9 3213 3241 3242 3214 2646
9 3214 3242 3243 3215 2647
9 3215 3243 3244 3216 2648
9 3216 3244 3245 3217 2649
9 3217 3245 3246 3218 2650
9 3218 3246 3247 3219 2651
9 3219 3247 3248 3220 2652
9 3220 3248 3249 3221 2653
9 3221 3249 3250 3222 2654
9 3222 3250 3251 3223 2655
9 3223 3251 3252 3224 2656
9 3224 3252 3253 3225 2657
9 3225 3253 3254 3226 2658
9 3226 3254 3255 3227 2659
9 3227 3255 3256 3228 2660
9 3228 3256 3257 3229 2661
9 3229 3257 3258 3230 2662
9 3230 3258 3259 3231 2663
9 3231 3259 3260 3232 2664
9 3232 3260 3261 3233 2665
9 3233 3261 3262 3234 2666
9 3234 3262 118 119 2667
9 327 5 72 3235 2668
9 3235 72 73 3236 2669
9 3236 73 74 3237 2670
9 3237 74 75 3238 2671
9 3238 75 76 3239 2672
9 3239 76 77 3240 2673
9 3240 77 78 3241 2674
9 3241 78 79 3242 2675
9 3242 79 80 3243 2676
9 3243 80 81 3244 2677
9 3244 81 82 3245 2678
9 3245 82 83 3246 2679
9 3246 83 84 3247 2680
9 3247 84 85 3248 2681
9 3248 85 86 3249 2682
9 3249 86 87 3250 2683
9 3250 87 88 3251 2684
9 3251 88 89 3252 2685
9 3252 89 90 3253 2686
9 3253 90 91 3254 2687
9 3254 91 92 3255 2688
9 3255 92 93 3256 2689
9 3256 93 94 3257 2690
9 3257 94 95 3258 2691
9 3258 95 96 3259 2692
9 3259 96 97 3260 2693
9 3260 97 98 3261 2694
9 3261 98 99 3262 2695
9 3262 99 6 118 2696
9 5 328 3263 72 2697
9 72 3263 3264 73 2698
9 73 3264 3265 74 2699
9 74 3265 3266 75 2700
9 75 3266 3267 76 2701
9 76 3267 3268 77 2702
9 77 3268 3269 78 2703
9 78 3269 3270 79 2704
9 79 3270 3271 80 2705
9 80 3271 3272 81 2706
9 81 3272 3273 82 2707
9 82 3273 3274 83 2708
9 83 3274 3275 84 2709
9 84 3275 3276 85 2710
9 85 3276 3277 86 2711
9 86 3277 3278 87 2712
9 87 3278 3279 88 2713
9 88 3279 3280 89 2714
9 89 3280 3281 90 2715
9 90 3281 3282 91 2716
9 91 3282 3283 92 2717
9 92 3283 3284 93 2718
9 93 3284 3285 94 2719
9 94 3285 3286 95 2720
9 95 3286 3287 96 2721
9 96 3287 3288 97 2722
9 97 3288 3289 98 2723
9 98 3289 3290 99 2724
9 99 3290 117 6 2725
9 328 329 3291 3263 2726
9 3263 3291 3292 3264 2727
9 3264 3292 3293 3265 2728
9 3265 3293 3294 3266 2729
9 3266 3294 3295 3267 2730
9 3267 3295 3296 3268 2731
9 3268 3296 3297 3269 2732
9 3269 3297 3298 3270 2733
9 3270 3298 3299 3271 2734
9 3271 3299 3300 3272 2735
9 3272 3300 3301 3273 2736
9 3273 3301 3302 3274 2737
9 3274 3302 3303 3275 2738
9 3275 3303 3304 3276 2739
9 3276 3304 3305 3277 2740
9 3277 3305 3306 3278 2741
9 3278 3306 3307 3279 2742
9 3279 3307 3308 3280 2743
9 3280 3308 3309 3281 2744
9 3281 3309 3310 3282 2745
9 3282 3310 3311 3283 2746
9 3283 3311 3312 3284 2747
9 3284 3312 3313 3285 2748
9 3285 3313 3314 3286 2749
9 3286 3314 3315 3287 2750
9 3287 3315 3316 3288 2751
9 3288 3316 3317 3289 2752
9 3289 3317 3318 3290 2753
9 3290 3318 116 117 2754
9 329 330 3319 3291 2755
9 3291 3319 3320 3292 2756
9 3292 3320 3321 3293 2757
9 3293 3321 3322 3294 2758
9 3294 3322 3323 3295 2759
9 3295 3323 3324 3296 2760
9 3296 3324 3325 3297 2761
9 3297 3325 3326 3298 2762
9 3298 3326 3327 3299 2763
9 3299 3327 3328 3300 2764
9 3300 3328 3329 3301 2765
9 3301 3329 3330 3302 2766
9 3302 3330 3331 3303 2767
9 3303 3331 3332 3304 2768
9 3304 3332 3333 3305 2769
9 3305 3333 3334 3306 2770
9 3306 3334 3335 3307 2771
9 3307 3335 3336 3308 2772
9 3308 3336 3337 3309 2773
9 3309 3337 3338 3310 2774
9 3310 3338 3339 3311 2775
9 3311 3339 3340 3312 2776
9 3312 3340 3341 3313 2777
9 3313 3341 3342 3314 2778
9 3314 3342 3343 3315 2779
9 3315 3343 3344 3316 2780
9 3316 3344 3345 3317 2781
9 3317 3345 3346 3318 2782
9 3318 3346 115 116 2783
9 330 331 3347 3319 2784
9 3319 3347 3348 3320 2785
9 3320 3348 3349 3321 2786
9 3321 3349 3350 3322 2787
9 3322 3350 3351 3323 2788
9 3323 3351 3352 3324 2789
9 3324 3352 3353 3325 2790
9 3325 3353 3354 3326 2791
9 3326 3354 3355 3327 2792
9 3327 3355 3356 3328 2793
9 3328 3356 3357 3329 2794
9 3329 3357 3358 3330 2795
9 3330 3358 3359 3331 2796
9 3331 3359 3360 3332 2797
9 3332 3360 3361 3333 2798
9 3333 3361 3362 3334 2799
9 3334 3362 3363 3335 2800
9 3335 3363 3364 3336 2801
9 3336 3364 3365 3337 2802
9 3337 3365 3366 3338 2803
9 3338 3366 3367 3339 2804
9 3339 3367 3368 3340 2805
9 3340 3368 3369 3341 2806
9 3341 3369 3370 3342 2807
9 3342 3370 3371 3343 2808
9 3343 3371 3372 3344 2809
9 3344 3372 3373 3345 2810
9 3345 3373 3374 3346 2811
9 3346 3374 114 115 2812
9 331 332 3375 3347 2813
9 3347 3375 3376 3348 2814
9 3348 3376 3377 3349 2815
9 3349 3377 3378 3350 2816
9 3350 3378 3379 3351 2817
9 3351 3379 3380 3352 2818
9 3352 3380 3381 3353 2819
9 3353 3381 3382 3354 2820
9 3354 3382 3383 3355 2821
9 3355 3383 3384 3356 2822
9 3356 3384 3385 3357 2823
9 3357 3385 3386 3358 2824
9 3358 3386 3387 3359 2825
9 3359 3387 3388 3360 2826
9 3360 3388 3389 3361 2827
9 3361 3389 3390 3362 2828
9 3362 3390 3391 3363 2829
9 3363 3391 3392 3364 2830
9 3364 3392 3393 3365 2831
9 3365 3393 3394 3366 2832
9 3366 3394 3395 3367 2833
9 3367 3395 3396 3368 2834
9 3368 3396 3397 3369 2835
9 3369 3397 3398 3370 2836
9 3370 3398 3399 3371 2837
9 3371 3399 3400 3372 2838
9 3372 3400 3401 3373 2839
9 3373 3401 3402 3374 2840
9 3374 3402 113 114 2841
9 332 333 3403 3375 2842
9 3375 3403 3404 3376 2843
9 3376 3404 3405 3377 2844
9 3377 3405 3406 3378 2845
9 3378 3406 3407 3379 2846
9 3379 3407 3408 3380 2847
9 3380 3408 3409 3381 2848
9 3381 3409 3410 3382 2849
9 3382 3410 3411 3383 2850
9 3383 3411 3412 3384 2851
9 3384 3412 3413 3385 2852
9 3385 3413 3414 3386 2853
9 3386 3414 3415 3387 2854
9 3387 3415 3416 3388 2855
9 3388 3416 3417 3389 2856
9 3389 3417 3418 3390 2857
9 3390 3418 3419 3391 2858
9 3391 3419 3420 3392 2859
9 3392 3420 3421 3393 2860
9 3393 3421 3422 3394 2861
9 3394 3422 3423 3395 2862
9 3395 3423 3424 3396 2863
9 3396 3424 3425 3397 2864
9 3397 3425 3426 3398 2865
9 3398 3426 3427 3399 2866
9 3399 3427 3428 3400 2867
9 3400 3428 3429 3401 2868
9 3401 3429 3430 3402 2869
9 3402 3430 112 113 2870
9 333 334 3431 3403 2871
9 3403 3431 3432 3404 2872
9 3404 3432 3433 3405 2873
9 3405 3433 3434 3406 2874
9 3406 3434 3435 3407 2875
9 3407 3435 3436 3408 2876
9 3408 3436 3437 3409 2877
9 3409 3437 3438 3410 2878
9 3410 3438 3439 3411 2879
9 3411 3439 3440 3412 2880
9 3412 3440 3441 3413 2881
9 3413 3441 3442 3414 2882
9 3414 3442 3443 3415 2883
9 3415 3443 3444 3416 2884
9 3416 3444 3445 3417 2885
9 3417 3445 3446 3418 2886
9 3418 3446 3447 3419 2887
9 3419 3447 3448 3420 2888
9 3420 3448 3449 3421 2889
9 3421 3449 3450 3422 2890
9 3422 3450 3451 3423 2891
9 3423 3451 3452 3424 2892
9 3424 3452 3453 3425 2893
9 3425 3453 3454 3426 2894
9 3426 3454 3455 3427 2895
9 3427 3455 3456 3428 2896
9 3428 3456 3457 3429 2897
9 3429 3457 3458 3430 2898
9 3430 3458 111 112 2899
9 334 335 3459 3431 2900
9 3431 3459 3460 3432 2901
9 3432 3460 3461 3433 2902
9 3433 3461 3462 3434 2903
9 3434 3462 3463 3435 2904
9 3435 3463 3464 3436 2905
9 3436 3464 3465 3437 2906
9 3437 3465 3466 3438 2907
9 3438 3466 3467 3439 2908
9 3439 3467 3468 3440 2909
9 3440 3468 3469 3441 2910
9 3441 3469 3470 3442 2911
9 3442 3470 3471 3443 2912
9 3443 3471 3472 3444 2913
9 3444 3472 3473 3445 2914
9 3445 3473 3474 3446 2915
9 3446 3474 3475 3447 2916
9 3447 3475 3476 3448 2917
9 3448 3476 3477 3449 2918
9 3449 3477 3478 3450 2919
9 3450 3478 3479 3451 2920
9 3451 3479 3480 3452 2921
9 3452 3480 3481 3453 2922
9 3453 3481 3482 3454 2923
9 3454 3482 3483 3455 2924
9 3455 3483 3484 3456 2925
9 3456 3484 3485 3457 2926
9 3457 3485 3486 3458 2927
9 3458 3486 110 111 2928
9 335 336 3487 3459 2929
9 3459 3487 3488 3460 2930
9 3460 3488 3489 3461 2931
9 3461 3489 3490 3462 2932
9 3462 3490 3491 3463 2933
9 3463 3491 3492 3464 2934
9 3464 3492 3493 3465 2935
9 3465 3493 3494 3466 2936
9 3466 3494 3495 3467 2937
9 3467 3495 3496 3468 2938
9 3468 3496 3497 3469 2939
9 3469 3497 3498 3470 2940
9 3470 3498 3499 3471 2941
9 3471 3499 3500 3472 2942
9 3472 3500 3501 3473 2943
9 3473 3501 3502 3474 2944
9 3474 3502 3503 3475 2945
9 3475 3503 3504 3476 2946
9 3476 3504 3505 3477 2947
9 3477 3505 3506 3478 2948
9 3478 3506 3507 3479 2949
9 3479 3507 3508 3480 2950
9 3480 3508 3509 3481 2951
9 3481 3509 3510 3482 2952
9 3482 3510 3511 3483 2953
9 3483 3511 3512 3484 2954
9 3484 3512 3513 3485 2955
9 3485 3513 3514 3486 2956
9 3486 3514 109 110 2957
9 336 337 3515 3487 2958
9 3487 3515 3516 3488 2959
9 3488 3516 3517 3489 2960
9 3489 3517 3518 3490 2961
9 3490 3518 3519 3491 2962
9 3491 3519 3520 3492 2963
9 3492 3520 3521 3493 2964
9 3493 3521 3522 3494 2965
9 3494 3522 3523 3495 2966
9 3495 3523 3524 3496 2967
9 3496 3524 3525 3497 2968
9 3497 3525 3526 3498 2969
9 3498 3526 3527 3499 2970
9 3499 3527 3528 3500 2971
9 3500 3528 3529 3501 2972
9 3501 3529 3530 3502 2973
9 3502 3530 3531 3503 2974
9 3503 3531 3532 3504 2975
9 3504 3532 3533 3505 2976
9 3505 3533 3534 3506 2977
9 3506 3534 3535 3507 2978
9 3507 3535 3536 3508 2979
9 3508 3536 3537 3509 2980
9 3509 3537 3538 3510 2981
9 3510 3538 3539 3511 2982
9 3511 3539 3540 3512 2983
9 3512 3540 3541 3513 2984
9 3513 3541 3542 3514 2985
9 3514 3542 108 109 2986
9 337 338 3543 3515 2987
9 3515 3543 3544 3516 2988
9 3516 3544 3545 3517 2989
9 3517 3545 3546 3518 2990
9 3518 3546 3547 3519 2991
9 3519 3547 3548 3520 2992
9 3520 3548 3549 3521 2993
9 3521 3549 3550 3522 2994
9 3522 3550 3551 3523 2995
9 3523 3551 3552 3524 2996
9 3524 3552 3553 3525 2997
9 3525 3553 3554 3526 2998
9 3526 3554 3555 3527 2999
9 3527 3555 3556 3528 3000
9 3528 3556 3557 3529 3001
9 3529 3557 3558 3530 3002
9 3530 3558 3559 3531 3003
9 3531 3559 3560 3532 3004
9 3532 3560 3561 3533 3005
9 3533 3561 3562 3534 3006
9 3534 3562 3563 3535 3007
9 3535 3563 3564 3536 3008
9 3536 3564 3565 3537 3009
9 3537 3565 3566 3538 3010
9 3538 3566 3567 3539 3011
9 3539 3567 3568 3540 3012
9 3540 3568 3569 3541 3013
9 3541 3569 3570 3542 3014
9 3542 3570 107 108 3015
9 338 339 3571 3543 3016
9 3543 3571 3572 3544 3017
9 3544 3572 3573 3545 3018
9 3545 3573 3574 3546 3019
9 3546 3574 3575 3547 3020
9 3547 3575 3576 3548 3021
9 3548 3576 3577 3549 3022
9 3549 3577 3578 3550 3023
9 3550 3578 3579 3551 3024
9 3551 3579 3580 3552 3025
9 3552 3580 3581 3553 3026
9 3553 3581 3582 3554 3027
9 3554 3582 3583 3555 3028
9 3555 3583 3584 3556 3029
9 3556 3584 3585 3557 3030
9 3557 3585 3586 3558 3031
9 3558 3586 3587 3559 3032
9 3559 3587 3588 3560 3033
9 3560 3588 3589 3561 3034
9 3561 3589 3590 3562 3035
9 3562 3590 3591 3563 3036
9 3563 3591 3592 3564 3037
9 3564 3592 3593 3565 3038
9 3565 3593 3594 3566 3039
9 3566 3594 3595 3567 3040
9 3567 3595 3596 3568 3041
9 3568 3596 3597 3569 3042
9 3569 3597 3598 3570 3043
9 3570 3598 106 107 3044
9 339 340 3599 3571 3045
9 3571 3599 3600 3572 3046
9 3572 3600 3601 3573 3047
9 3573 3601 3602 3574 3048
9 3574 3602 3603 3575 3049
9 3575 3603 3604 3576 3050
9 3576 3604 3605 3577 3051
9 3577 3605 3606 3578 3052
9 3578 3606 3607 3579 3053
9 3579 3607 3608 3580 3054
9 3580 3608 3609 3581 3055
9 3581 3609 3610 3582 3056
9 3582 3610 3611 3583 3057
9 3583 3611 3612 3584 3058
9 3584 3612 3613 3585 3059
9 3585 3613 3614 3586 3060
9 3586 3614 3615 3587 3061
9 3587 3615 3616 3588 3062
9 3588 3616 3617 3589 3063
9 3589 3617 3618 3590 3064
9 3590 3618 3619 3591 3065
9 3591 3619 3620 3592 3066
9 3592 3620 3621 3593 3067
9 3593 3621 3622 3594 3068
9 3594 3622 3623 3595 3069
9 3595 3623 3624 3596 3070
9 3596 3624 3625 3597 3071
9 3597 3625 3626 3598 3072
9 3598 3626 105 106 3073
9 340 341 3627 3599 3074
9 3599 3627 3628 3600 3075
9 3600 3628 3629 3601 3076
9 3601 3629 3630 3602 3077
9 3602 3630 3631 3603 3078
9 3603 3631 3632 3604 3079
9 3604 3632 3633 3605 3080
9 3605 3633 3634 3606 3081
9 3606 3634 3635 3607 3082
9 3607 3635 3636 3608 3083
9 3608 3636 3637 3609 3084
9 3609 3637 3638 3610 3085
9 3610 3638 3639 3611 3086
9 3611 3639 3640 3612 3087
9 3612 3640 3641 3613 3088
9 3613 3641 3642 3614 3089
9 3614 3642 3643 3615 3090
9 3615 3643 3644 3616 3091
9 3616 3644 3645 3617 3092
9 3617 3645 3646 3618 3093
9 3618 3646 3647 3619 3094
9 3619 3647 3648 3620 3095
9 3620 3648 3649 3621 3096
9 3621 3649 3650 3622 3097
9 3622 3650 3651 3623 3098
9 3623 3651 3652 3624 3099
9 3624 3652 3653 3625 3100
9 3625 3653 3654 3626 3101
9 3626 3654 104 105 3102
9 341 342 3655 3627 3103
9 3627 3655 3656 3628 3104
9 3628 3656 3657 3629 3105
9 3629 3657 3658 3630 3106
9 3630 3658 3659 3631 3107
9 3631 3659 3660 3632 3108
9 3632 3660 3661 3633 3109
9 3633 3661 3662 3634 3110
9 3634 3662 3663 3635 3111
9 3635 3663 3664 3636 3112
9 3636 3664 3665 3637 3113
9 3637 3665 3666 3638 3114
9 3638 3666 3667 3639 3115
9 3639 3667 3668 3640 3116
9 3640 3668 3669 3641 3117
9 3641 3669 3670 3642 3118
9 3642 3670 3671 3643 3119
9 3643 3671 3672 3644 3120
9 3644 3672 3673 3645 3121
9 3645 3673 3674 3646 3122
9 3646 3674 3675 3647 3123
9 3647 3675 3676 3648 3124
9 3648 3676 3677 3649 3125
9 3649 3677 3678 3650 3126
9 3650 3678 3679 3651 3127
9 3651 3679 3680 3652 3128
9 3652 3680 3681 3653 3129
9 3653 3681 3682 3654 3130
9 3654 3682 103 104 3131
9 342 343 3683 3655 3132
9 3655 3683 3684 3656 3133
9 3656 3684 3685 3657 3134
9 3657 3685 3686 3658 3135
9 3658 3686 3687 3659 3136
9 3659 3687 3688 3660 3137
9 3660 3688 3689 3661 3138
9 3661 3689 3690 3662 3139
9 3662 3690 3691 3663 3140
9 3663 3691 3692 3664 3141
9 3664 3692 3693 3665 3142
9 3665 3693 3694 3666 3143
9 3666 3694 3695 3667 3144
9 3667 3695 3696 3668 3145
9 3668 3696 3697 3669 3146
9 3669 3697 3698 3670 3147
9 3670 3698 3699 3671 3148
9 3671 3699 3700 3672 3149
9 3672 3700 3701 3673 3150
9 3673 3701 3702 3674 3151
9 3674 3702 3703 3675 3152
9 3675 3703 3704 3676 3153
9 3676 3704 3705 3677 3154
9 3677 3705 3706 3678 3155
9 3678 3706 3707 3679 3156
9 3679 3707 3708 3680 3157
9 3680 3708 3709 3681 3158
9 3681 3709 3710 3682 3159
9 3682 3710 102 103 3160
9 343 344 3711 3683 3161
9 3683 3711 3712 3684 3162
9 3684 3712 3713 3685 3163
9 3685 3713 3714 3686 3164
9 3686 3714 3715 3687 3165
9 3687 3715 3716 3688 3166
9 3688 3716 3717 3689 3167
9 3689 3717 3718 3690 3168
9 3690 3718 3719 3691 3169
9 3691 3719 3720 3692 3170
9 3692 3720 3721 3693 3171
9 3693 3721 3722 3694 3172
9 3694 3722 3723 3695 3173
9 3695 3723 3724 3696 3174
9 3696 3724 3725 3697 3175
9 3697 3725 3726 3698 3176
9 3698 3726 3727 3699 3177
9 3699 3727 3728 3700 3178
9 3700 3728 3729 3701 3179
9 3701 3729 3730 3702 3180
9 3702 3730 3731 3703 3181
9 3703 3731 3732 3704 3182
9 3704 3732 3733 3705 3183
9 3705 3733 3734 3706 3184
9 3706 3734 3735 3707 3185
9 3707 3735 3736 3708 3186
9 3708 3736 3737 3709 3187
9 3709 3737 3738 3710 3188
9 3710 3738 101 102 3189
9 344 345 3739 3711 3190
9 3711 3739 3740 3712 3191
9 3712 3740 3741 3713 3192
9 3713 3741 3742 3714 3193
9 3714 3742 3743 3715 3194
9 3715 3743 3744 3716 3195
9 3716 3744 3745 3717 3196
9 3717 3745 3746 3718 3197
9 3718 3746 3747 3719 3198
9 3719 3747 3748 3720 3199
9 3720 3748 3749 3721 3200
9 3721 3749 3750 3722 3201
9 3722 3750 3751 3723 3202
9 3723 3751 3752 3724 3203
9 3724 3752 3753 3725 3204
9 3725 3753 3754 3726 3205
9 3726 3754 3755 3727 3206
9 3727 3755 3756 3728 3207
9 3728 3756 3757 3729 3208
9 3729 3757 3758 3730 3209
9 3730 3758 3759 3731 3210
9 3731 3759 3760 3732 3211
9 3732 3760 3761 3733 3212
9 3733 3761 3762 3734 3213
9 3734 3762 3763 3735 3214
9 3735 3763 3764 3736 3215
9 3736 3764 3765 3737 3216
9 3737 3765 3766 3738 3217
9 3738 3766 100 101 3218
9 345 1 16 3739 3219
9 3739 16 17 3740 3220
9 3740 17 18 3741 3221
9 3741 18 19 3742 3222
9 3742 19 20 3743 3223
9 3743 20 21 3744 3224
9 3744 21 22 3745 3225
9 3745 22 23 3746 3226
9 3746 23 24 3747 3227
9 3747 24 25 3748 3228
9 3748 25 26 3749 3229
9 3749 26 27 3750 3230
9 3750 27 28 3751 3231
9 3751 28 29 3752 3232
9 3752 29 30 3753 3233
9 3753 30 31 3754 3234
9 3754 31 32 3755 3235
9 3755 32 33 3756 3236
9 3756 33 34 3757 3237
9 3757 34 35 3758 3238
9 3758 35 36 3759 3239
9 3759 36 37 3760 3240
9 3760 37 38 3761 3241
9 3761 38 39 3762 3242
9 3762 39 40 3763 3243
9 3763 40 41 3764 3244
9 3764 41 42 3765 3245
9 3765 42 43 3766 3246
9 3766 43 2 100 3247
9 2 346 3767 100 3248
9 100 3767 3768 101 3249
9 101 3768 3769 102 3250
9 102 3769 3770 103 3251
9 103 3770 3771 104 3252
9 104 3771 3772 105 3253
9 105 3772 3773 106 3254
9 106 3773 3774 107 3255
9 107 3774 3775 108 3256
9 108 3775 3776 109 3257
9 109 3776 3777 110 3258
9 110 3777 3778 111 3259
9 111 3778 3779 112 3260
9 112 3779 3780 113 3261
9 113 3780 3781 114 3262
9 114 3781 3782 115 3263
9 115 3782 3783 116 3264
9 116 3783 3784 117 3265
9 117 3784 539 6 3266
9 346 347 3785 3767 3267
9 3767 3785 3786 3768 3268
9 3768 3786 3787 3769 3269
9 3769 3787 3788 3770 3270
9 3770 3788 3789 3771 3271
9 3771 3789 3790 3772 3272
9 3772 3790 3791 3773 3273
9 3773 3791 3792 3774 3274
9 3774 3792 3793 3775 3275
9 3775 3793 3794 3776 3276
9 3776 3794 3795 3777 3277
9 3777 3795 3796 3778 3278
9 3778 3796 3797 3779 3279
9 3779 3797 3798 3780 3280
9 3780 3798 3799 3781 3281
9 3781 3799 3800 3782 3282
9 3782 3800 3801 3783 3283
9 3783 3801 3802 3784 3284
9 3784 3802 540 539 3285
9 347 348 3803 3785 3286
9 3785 3803 3804 3786 3287
9 3786 3804 3805 3787 3288
9 3787 3805 3806 3788 3289
9 3788 3806 3807 3789 3290
9 3789 3807 3808 3790 3291
9 3790 3808 3809 3791 3292
9 3791 3809 3810 3792 3293
9 3792 3810 3811 3793 3294
9 3793 3811 3812 3794 3295
9 3794 3812 3813 3795 3296
9 3795 3813 3814 3796 3297
9 3796 3814 3815 3797 3298
9 3797 3815 3816 3798 3299
9 3798 3816 3817 3799 3300
9 3799 3817 3818 3800 3301
9 3800 3818 3819 3801 3302
9 3801 3819 3820 3802 3303
9 3802 3820 541 540 3304
9 348 349 3821 3803 3305
9 3803 3821 3822 3804 3306
9 3804 3822 3823 3805 3307
9 3805 3823 3824 3806 3308
9 3806 3824 3825 3807 3309
9 3807 3825 3826 3808 3310
9 3808 3826 3827 3809 3311
9 3809 3827 3828 3810 3312
9 3810 3828 3829 3811 3313
9 3811 3829 3830 3812 3314
9 3812 3830 3831 3813 3315
9 3813 3831 3832 3814 3316
9 3814 3832 3833 3815 3317
9 3815 3833 3834 3816 3318
9 3816 3834 3835 3817 3319
9 3817 3835 3836 3818 3320
9 3818 3836 3837 3819 3321
9 3819 3837 3838 3820 3322
9 3820 3838 542 541 3323
9 349 350 3839 3821 3324
9 3821 3839 3840 3822 3325
9 3822 3840 3841 3823 3326
9 3823 3841 3842 3824 3327
9 3824 3842 3843 3825 3328
9 3825 3843 3844 3826 3329
9 3826 3844 3845 3827 3330
9 3827 3845 3846 3828 3331
9 3828 3846 3847 3829 3332
9 3829 3847 3848 3830 3333
9 3830 3848 3849 3831 3334
9 3831 3849 3850 3832 3335
9 3832 3850 3851 3833 3336
9 3833 3851 3852 3834 3337
9 3834 3852 3853 3835 3338
9 3835 3853 3854 3836 3339
9 3836 3854 3855 3837 3340
9 3837 3855 3856 3838 3341
9 3838 3856 543 542 3342
9 350 351 3857 3839 3343
9 3839 3857 3858 3840 3344
9 3840 3858 3859 3841 3345
9 3841 3859 3860 3842 3346
9 3842 3860 3861 3843 3347
9 3843 3861 3862 3844 3348
9 3844 3862 3863 3845 3349
9 3845 3863 3864 3846 3350
9 3846 3864 3865 3847 3351
9 3847 3865 3866 3848 3352
9 3848 3866 3867 3849 3353
9 3849 3867 3868 3850 3354
9 3850 3868 3869 3851 3355
9 3851 3869 3870 3852 3356
9 3852 3870 3871 3853 3357
9 3853 3871 3872 3854 3358
9 3854 3872 3873 3855 3359
9 3855 3873 3874 3856 3360
9 3856 3874 544 543 3361
9 351 352 3875 3857 3362
9 3857 3875 3876 3858 3363
9 3858 3876 3877 3859 3364
9 3859 3877 3878 3860 3365
9 3860 3878 3879 3861 3366
9 3861 3879 3880 3862 3367
9 3862 3880 3881 3863 3368
9 3863 3881 3882 3864 3369
9 3864 3882 3883 3865 3370
9 3865 3883 3884 3866 3371
9 3866 3884 3885 3867 3372
9 3867 3885 3886 3868 3373
9 3868 3886 3887 3869 3374
9 3869 3887 3888 3870 3375
9 3870 3888 3889 3871 3376
9 3871 3889 3890 3872 3377
9 3872 3890 3891 3873 3378
9 3873 3891 3892 3874 3379
9 3874 3892 545 544 3380
9 352 353 3893 3875 3381
9 3875 3893 3894 3876 3382
9 3876 3894 3895 3877 3383
9 3877 3895 3896 3878 3384
9 3878 3896 3897 3879 3385
9 3879 3897 3898 3880 3386
9 3880 3898 3899 3881 3387
9 3881 3899 3900 3882 3388
9 3882 3900 3901 3883 3389
9 3883 3901 3902 3884 3390
9 3884 3902 3903 3885 3391
9 3885 3903 3904 3886 3392
9 3886 3904 3905 3887 3393
9 3887 3905 3906 3888 3394
9 3888 3906 3907 3889 3395
9 3889 3907 3908 3890 3396
9 3890 3908 3909 3891 3397
9 3891 3909 3910 3892 3398
9 3892 3910 546 545 3399
9 353 354 3911 3893 3400
9 3893 3911 3912 3894 3401
9 3894 3912 3913 3895 3402
9 3895 3913 3914 3896 3403
9 3896 3914 3915 3897 3404
9 3897 3915 3916 3898 3405
9 3898 3916 3917 3899 3406
9 3899 3917 3918 3900 3407
9 3900 3918 3919 3901 3408
9 3901 3919 3920 3902 3409
9 3902 3920 3921 3903 3410
9 3903 3921 3922 3904 3411
9 3904 3922 3923 3905 3412
9 3905 3923 3924 3906 3413
9 3906 3924 3925 3907 3414
9 3907 3925 3926 3908 3415
9 3908 3926 3927 3909 3416
9 3909 3927 3928 3910 3417
9 3910 3928 547 546 3418
9 354 355 3929 3911 3419
9 3911 3929 3930 3912 3420
9 3912 3930 3931 3913 3421
9 3913 3931 3932 3914 3422
9 3914 3932 3933 3915 3423
9 3915 3933 3934 3916 3424
9 3916 3934 3935 3917 3425
9 3917 3935 3936 3918 3426
9 3918 3936 3937 3919 3427
9 3919 3937 3938 3920 3428
9 3920 3938 3939 3921 3429
9 3921 3939 3940 3922 3430
9 3922 3940 3941 3923 3431
9 3923 3941 3942 3924 3432
9 3924 3942 3943 3925 3433
9 3925 3943 3944 3926 3434
9 3926 3944 3945 3927 3435
9 3927 3945 3946 3928 3436
9 3928 3946 548 547 3437
9 355 356 3947 3929 3438
9 3929 3947 3948 3930 3439
9 3930 3948 3949 3931 3440
9 3931 3949 3950 3932 3441
9 3932 3950 3951 3933 3442
9 3933 3951 3952 3934 3443
9 3934 3952 3953 3935 3444
9 3935 3953 3954 3936 3445
9 3936 3954 3955 3937 3446
9 3937 3955 3956 3938 3447
9 3938 3956 3957 3939 3448
9 3939 3957 3958 3940 3449
9 3940 3958 3959 3941 3450
9 3941 3959 3960 3942 3451
9 3942 3960 3961 3943 3452
9 3943 3961 3962 3944 3453
9 3944 3962 3963 3945 3454
9 3945 3963 3964 3946 3455
9 3946 3964 549 548 3456
9 356 357 3965 3947 3457
9 3947 3965 3966 3948 3458
9 3948 3966 3967 3949 3459
9 3949 3967 3968 3950 3460
9 3950 3968 3969 3951 3461
9 3951 3969 3970 3952 3462
9 3952 3970 3971 3953 3463
9 3953 3971 3972 3954 3464
9 3954 3972 3973 3955 3465
9 3955 3973 3974 3956 3466
9 3956 3974 3975 3957 3467
9 3957 3975 3976 3958 3468
9 3958 3976 3977 3959 3469
9 3959 3977 3978 3960 3470
9 3960 3978 3979 3961 3471
9 3961 3979 3980 3962 3472
9 3962 3980 3981 3963 3473
9 3963 3981 3982 3964 3474
9 3964 3982 550 549 3475
9 357 358 3983 3965 3476
9 3965 3983 3984 3966 3477
9 3966 3984 3985 3967 3478
9 3967 3985 3986 3968 3479
9 3968 3986 3987 3969 3480
9 3969 3987 3988 3970 3481
9 3970 3988 3989 3971 3482
9 3971 3989 3990 3972 3483
9 3972 3990 3991 3973 3484
9 3973 3991 3992 3974 3485
9 3974 3992 3993 3975 3486
9 3975 3993 3994 3976 3487
9 3976 3994 3995 3977 3488
9 3977 3995 3996 3978 3489
9 3978 3996 3997 3979 3490
9 3979 3997 3998 3980 3491
9 3980 3998 3999 3981 3492
9 3981 3999 4000 3982 3493
9 3982 4000 551 550 3494
9 358 359 4001 3983 3495
9 3983 4001 4002 3984 3496
9 3984 4002 4003 3985 3497
9 3985 4003 4004 3986 3498
9 3986 4004 4005 3987 3499
9 3987 4005 4006 3988 3500
9 3988 4006 4007 3989 3501
9 3989 4007 4008 3990 3502
9 3990 4008 4009 3991 3503
9 3991 4009 4010 3992 3504
9 3992 4010 4011 3993 3505
9 3993 4011 4012 3994 3506
9 3994 4012 4013 3995 3507
9 3995 4013 4014 3996 3508
9 3996 4014 4015 3997 3509
9 3997 4015 4016 3998 3510
9 3998 4016 4017 3999 3511
9 3999 4017 4018 4000 3512
9 4000 4018 552 551 3513
9 359 360 4019 4001 3514
9 4001 4019 4020 4002 3515
9 4002 4020 4021 4003 3516
9 4003 4021 4022 4004 3517
9 4004 4022 4023 4005 3518
9 4005 4023 4024 4006 3519
9 4006 4024 4025 4007 3520
9 4007 4025 4026 4008 3521
9 4008 4026 4027 4009 3522
9 4009 4027 4028 4010 3523
9 4010 4028 4029 4011 3524
9 4011 4029 4030 4012 3525
9 4012 4030 4031 4013 3526
9 4013 4031 4032 4014 3527
9 4014 4032 4033 4015 3528
9 4015 4033 4034 4016 3529
9 4016 4034 4035 4017 3530
9 4017 4035 4036 4018 3531
9 4018 4036 553 552 3532
9 360 361 4037 4019 3533
9 4019 4037 4038 4020 3534
9 4020 4038 4039 4021 3535
9 4021 4039 4040 4022 3536
9 4022 4040 4041 4023 3537
9 4023 4041 4042 4024 3538
9 4024 4042 4043 4025 3539
9 4025 4043 4044 4026 3540
9 4026 4044 4045 4027 3541
9 4027 4045 4046 4028 3542
9 4028 4046 4047 4029 3543
9 4029 4047 4048 4030 3544
9 4030 4048 4049 4031 3545
9 4031 4049 4050 4032 3546
9 4032 4050 4051 4033 3547
9 4033 4051 4052 4034 3548
9 4034 4052 4053 4035 3549
9 4035 4053 4054 4036 3550
9 4036 4054 554 553 3551
9 361 362 4055 4037 3552
9 4037 4055 4056 4038 3553
9 4038 4056 4057 4039 3554
9 4039 4057 4058 4040 3555
9 4040 4058 4059 4041 3556
9 4041 4059 4060 4042 3557
9 4042 4060 4061 4043 3558
9 4043 4061 4062 4044 3559
9 4044 4062 4063 4045 3560
9 4045 4063 4064 4046 3561
9 4046 4064 4065 4047 3562
9 4047 4065 4066 4048 3563
9 4048 4066 4067 4049 3564
9 4049 4067 4068 4050 3565
9 4050 4068 4069 4051 3566
9 4051 4069 4070 4052 3567
9 4052 4070 4071 4053 3568
9 4053 4071 4072 4054 3569
9 4054 4072 555 554 3570
9 362 363 4073 4055 3571
9 4055 4073 4074 4056 3572
9 4056 4074 4075 4057 3573
9 4057 4075 4076 4058 3574
9 4058 4076 4077 4059 3575
9 4059 4077 4078 4060 3576
9 4060 4078 4079 4061 3577
9 4061 4079 4080 4062 3578
9 4062 4080 4081 4063 3579
9 4063 4081 4082 4064 3580
9 4064 4082 4083 4065 3581
9 4065 4083 4084 4066 3582
9 4066 4084 4085 4067 3583
9 4067 4085 4086 4068 3584
9 4068 4086 4087 4069 3585
9 4069 4087 4088 4070 3586
9 4070 4088 4089 4071 3587
9 4071 4089 4090 4072 3588
9 4072 4090 556 555 3589
9 363 364 4091 4073 3590
9 4073 4091 4092 4074 3591
9 4074 4092 4093 4075 3592
9 4075 4093 4094 4076 3593
9 4076 4094 4095 4077 3594
9 4077 4095 4096 4078 3595
9 4078 4096 4097 4079 3596
9 4079 4097 4098 4080 3597
9 4080 4098 4099 4081 3598
9 4081 4099 4100 4082 3599
9 4082 4100 4101 4083 3600
9 4083 4101 4102 4084 3601
9 4084 4102 4103 4085 3602
9 4085 4103 4104 4086 3603
9 4086 4104 4105 4087 3604
9 4087 4105 4106 4088 3605
9 4088 4106 4107 4089 3606
9 4089 4107 4108 4090 3607
9 4090 4108 557 556 3608
9 364 365 4109 4091 3609
9 4091 4109 4110 4092 3610
9 4092 4110 4111 4093 3611
9 4093 4111 4112 4094 3612
9 4094 4112 4113 4095 3613
9 4095 4113 4114 4096 3614
9 4096 4114 4115 4097 3615
9 4097 4115 4116 4098 3616
9 4098 4116 4117 4099 3617
9 4099 4117 4118 4100 3618
9 4100 4118 4119 4101 3619
9 4101 4119 4120 4102 3620
9 4102 4120 4121 4103 3621
9 4103 4121 4122 4104 3622
9 4104 4122 4123 4105 3623
9 4105 4123 4124 4106 3624
9 4106 4124 4125 4107 3625
9 4107 4125 4126 4108 3626
9 4108 4126 558 557 3627
9 365 366 4127 4109 3628
9 4109 4127 4128 4110 3629
9 4110 4128 4129 4111 3630
9 4111 4129 4130 4112 3631
9 4112 4130 4131 4113 3632
9 4113 4131 4132 4114 3633
9 4114 4132 4133 4115 3634
9 4115 4133 4134 4116 3635
9 4116 4134 4135 4117 3636
9 4117 4135 4136 4118 3637
9 4118 4136 4137 4119 3638
9 4119 4137 4138 4120 3639
9 4120 4138 4139 4121 3640
9 4121 4139 4140 4122 3641
9 4122 4140 4141 4123 3642
9 4123 4141 4142 4124 3643
9 4124 4142 4143 4125 3644
9 4125 4143 4144 4126 3645
9 4126 4144 559 558 3646
9 366 367 4145 4127 3647
9 4127 4145 4146 4128 3648
9 4128 4146 4147 4129 3649
9 4129 4147 4148 4130 3650
9 4130 4148 4149 4131 3651
9 4131 4149 4150 4132 3652
9 4132 4150 4151 4133 3653
9 4133 4151 4152 4134 3654
9 4134 4152 4153 4135 3655
9 4135 4153 4154 4136 3656
9 4136 4154 4155 4137 3657
9 4137 4155 4156 4138 3658
9 4138 4156 4157 4139 3659
9 4139 4157 4158 4140 3660
9 4140 4158 4159 4141 3661
9 4141 4159 4160 4142 3662
9 4142 4160 4161 4143 3663
9 4143 4161 4162 4144 3664
9 4144 4162 560 559 3665
9 367 368 4163 4145 3666
9 4145 4163 4164 4146 3667
9 4146 4164 4165 4147 3668
9 4147 4165 4166 4148 3669
9 4148 4166 4167 4149 3670
9 4149 4167 4168 4150 3671
9 4150 4168 4169 4151 3672
9 4151 4169 4170 4152 3673
9 4152 4170 4171 4153 3674
9 4153 4171 4172 4154 3675
9 4154 4172 4173 4155 3676
9 4155 4173 4174 4156 3677
9 4156 4174 4175 4157 3678
9 4157 4175 4176 4158 3679
9 4158 4176 4177 4159 3680
9 4159 4177 4178 4160 3681
9 4160 4178 4179 4161 3682
9 4161 4179 4180 4162 3683
9 4162 4180 561 560 3684
9 368 369 4181 4163 3685
9 4163 4181 4182 4164 3686
9 4164 4182 4183 4165 3687
9 4165 4183 4184 4166 3688
9 4166 4184 4185 4167 3689
9 4167 4185 4186 4168 3690
9 4168 4186 4187 4169 3691
9 4169 4187 4188 4170 3692
9 4170 4188 4189 4171 3693
9 4171 4189 4190 4172 3694
9 4172 4190 4191 4173 3695
9 4173 4191 4192 4174 3696
9 4174 4192 4193 4175 3697
9 4175 4193 4194 4176 3698
9 4176 4194 4195 4177 3699
9 4177 4195 4196 4178 3700
9 4178 4196 4197 4179 3701
9 4179 4197 4198 4180 3702
9 4180 4198 562 561 3703
9 369 370 4199 4181 3704
9 4181 4199 4200 4182 3705
9 4182 4200 4201 4183 3706
9 4183 4201 4202 4184 3707
9 4184 4202 4203 4185 3708
9 4185 4203 4204 4186 3709
9 4186 4204 4205 4187 3710
9 4187 4205 4206 4188 3711
9 4188 4206 4207 4189 3712
9 4189 4207 4208 4190 3713
9 4190 4208 4209 4191 3714
9 4191 4209 4210 4192 3715
9 4192 4210 4211 4193 3716
9 4193 4211 4212 4194 3717
9 4194 4212 4213 4195 3718
9 4195 4213 4214 4196 3719
9 4196 4214 4215 4197 3720
9 4197 4215 4216 4198 3721
9 4198 4216 563 562 3722
9 370 371 4217 4199 3723
9 4199 4217 4218 4200 3724
9 4200 4218 4219 4201 3725
9 4201 4219 4220 4202 3726
9 4202 4220 4221 4203 3727
9 4203 4221 4222 4204 3728
9 4204 4222 4223 4205 3729
9 4205 4223 4224 4206 3730
9 4206 4224 4225 4207 3731
9 4207 4225 4226 4208 3732
9 4208 4226 4227 4209 3733
9 4209 4227 4228 4210 3734
9 4210 4228 4229 4211 3735
9 4211 4229 4230 4212 3736
9 4212 4230 4231 4213 3737
9 4213 4231 4232 4214 3738
9 4214 4232 4233 4215 3739
9 4215 4233 4234 4216 3740
9 4216 4234 564 563 3741
9 371 372 4235 4217 3742
9 4217 4235 4236 4218 3743
9 4218 4236 4237 4219 3744
9 4219 4237 4238 4220 3745
9 4220 4238 4239 4221 3746
9 4221 4239 4240 4222 3747
9 4222 4240 4241 4223 3748
9 4223 4241 4242 4224 3749
9 4224 4242 4243 4225 3750
9 4225 4243 4244 4226 3751
9 4226 4244 4245 4227 3752
9 4227 4245 4246 4228 3753
9 4228 4246 4247 4229 3754
9 4229 4247 4248 4230 3755
9 4230 4248 4249 4231 3756
9 4231 4249 4250 4232 3757
9 4232 4250 4251 4233 3758
9 4233 4251 4252 4234 3759
9 4234 4252 565 564 3760
9 372 373 4253 4235 3761
9 4235 4253 4254 4236 3762
9 4236 4254 4255 4237 3763
9 4237 4255 4256 4238 3764
9 4238 4256 4257 4239 3765
9 4239 4257 4258 4240 3766
9 4240 4258 4259 4241 3767
9 4241 4259 4260 4242 3768
9 4242 4260 4261 4243 3769
9 4243 4261 4262 4244 3770
9 4244 4262 4263 4245 3771
9 4245 4263 4264 4246 3772
9 4246 4264 4265 4247 3773
9 4247 4265 4266 4248 3774
9 4248 4266 4267 4249 3775
9 4249 4267 4268 4250 3776
9 4250 4268 4269 4251 3777
9 4251 4269 4270 4252 3778
9 4252 4270 566 565 3779
9 373 9 402 4253 3780
9 4253 402 403 4254 3781
9 4254 403 404 4255 3782
9 4255 404 405 4256 3783
9 4256 405 406 4257 3784
9 4257 406 407 4258 3785
9 4258 407 408 4259 3786
9 4259 408 409 4260 3787
9 4260 409 410 4261 3788
9 4261 410 411 4262 3789
9 4262 411 412 4263 3790
9 4263 412 413 4264 3791
9 4264 413 414 4265 3792
9 4265 414 415 4266 3793
9 4266 415 416 4267 3794
9 4267 416 417 4268 3795
9 4268 417 418 4269 3796
9 4269 418 419 4270 3797
9 4270 419 11 566 3798
9 6 118 4271 539 3799
9 539 4271 4272 540 3800
9 540 4272 4273 541 3801
9 541 4273 4274 542 3802
9 542 4274 4275 543 3803
9 543 4275 4276 544 3804
9 544 4276 4277 545 3805
9 545 4277 4278 546 3806
9 546 4278 4279 547 3807
9 547 4279 4280 548 3808
9 548 4280 4281 549 3809
9 549 4281 4282 550 3810
9 550 4282 4283 551 3811
9 551 4283 4284 552 3812
9 552 4284 4285 553 3813
9 553 4285 4286 554 3814
9 554 4286 4287 555 3815
9 555 4287 4288 556 3816
9 556 4288 4289 557 3817
9 557 4289 4290 558 3818
9 558 4290 4291 559 3819
9 559 4291 4292 560 3820
9 560 4292 4293 561 3821
9 561 4293 4294 562 3822
9 562 4294 4295 563 3823
9 563 4295 4296 564 3824
9 564 4296 4297 565 3825
9 565 4297 4298 566 3826
9 566 4298 420 11 3827
9 118 119 4299 4271 3828
9 4271 4299 4300 4272 3829
9 4272 4300 4301 4273 3830
9 4273 4301 4302 4274 3831
9 4274 4302 4303 4275 3832
9 4275 4303 4304 4276 3833
9 4276 4304 4305 4277 3834
9 4277 4305 4306 4278 3835
9 4278 4306 4307 4279 3836
9 4279 4307 4308 4280 3837
9 4280 4308 4309 4281 3838
9 4281 4309 4310 4282 3839
9 4282 4310 4311 4283 3840
9 4283 4311 4312 4284 3841
9 4284 4312 4313 4285 3842
9 4285 4313 4314 4286 3843
9 4286 4314 4315 4287 3844
9 4287 4315 4316 4288 3845
9 4288 4316 4317 4289 3846
9 4289 4317 4318 4290 3847
9 4290 4318 4319 4291 3848
9 4291 4319 4320 4292 3849
9 4292 4320 4321 4293 3850
9 4293 4321 4322 4294 3851
9 4294 4322 4323 4295 3852
9 4295 4323 4324 4296 3853
9 4296 4324 4325 4297 3854
9 4297 4325 4326 4298 3855
9 4298 4326 421 420 3856
9 119 120 4327 4299 3857
9 4299 4327 4328 4300 3858
9 4300 4328 4329 4301 3859
9 4301 4329 4330 4302 3860
9 4302 4330 4331 4303 3861
9 4303 4331 4332 4304 3862
9 4304 4332 4333 4305 3863
9 4305 4333 4334 4306 3864
9 4306 4334 4335 4307 3865
9 4307 4335 4336 4308 3866
9 4308 4336 4337 4309 3867
9 4309 4337 4338 4310 3868
9 4310 4338 4339 4311 3869
9 4311 4339 4340 4312 3870
9 4312 4340 4341 4313 3871
9 4313 4341 4342 4314 3872
9 4314 4342 4343 4315 3873
9 4315 4343 4344 4316 3874
9 4316 4344 4345 4317 3875
9 4317 4345 4346 4318 3876
9 4318 4346 4347 4319 3877
9 4319 4347 4348 4320 3878
9 4320 4348 4349 4321 3879
9 4321 4349 4350 4322 3880
9 4322 4350 4351 4323 3881
9 4323 4351 4352 4324 3882
9 4324 4352 4353 4325 3883
9 4325 4353 4354 4326 3884
9 4326 4354 422 421 3885
9 120 121 4355 4327 3886
9 4327 4355 4356 4328 3887
9 4328 4356 4357 4329 3888
9 4329 4357 4358 4330 3889
9 4330 4358 4359 4331 3890
9 4331 4359 4360 4332 3891
9 4332 4360 4361 4333 3892
9 4333 4361 4362 4334 3893
9 4334 4362 4363 4335 3894
9 4335 4363 4364 4336 3895
9 4336 4364 4365 4337 3896
9 4337 4365 4366 4338 3897
9 4338 4366 4367 4339 3898
9 4339 4367 4368 4340 3899
9 4340 4368 4369 4341 3900
9 4341 4369 4370 4342 3901
9 4342 4370 4371 4343 3902
9 4343 4371 4372 4344 3903
9 4344 4372 4373 4345 3904
9 4345 4373 4374 4346 3905
9 4346 4374 4375 4347 3906
9 4347 4375 4376 4348 3907
9 4348 4376 4377 4349 3908
9 4349 4377 4378 4350 3909
9 4350 4378 4379 4351 3910
9 4351 4379 4380 4352 3911
9 4352 4380 4381 4353 3912
9 4353 4381 4382 4354 3913
9 4354 4382 423 422 3914
9 121 122 4383 4355 3915
9 4355 4383 4384 4356 3916
9 4356 4384 4385 4357 3917
9 4357 4385 4386 4358 3918
9 4358 4386 4387 4359 3919
9 4359 4387 4388 4360 3920
9 4360 4388 4389 4361 3921
9 4361 4389 4390 4362 3922
9 4362 4390 4391 4363 3923
9 4363 4391 4392 4364 3924
9 4364 4392 4393 4365 3925
9 4365 4393 4394 4366 3926
9 4366 4394 4395 4367 3927
9 4367 4395 4396 4368 3928
9 4368 4396 4397 4369 3929
9 4369 4397 4398 4370 3930
9 4370 4398 4399 4371 3931
9 4371 4399 4400 4372 3932
9 4372 4400 4401 4373 3933
9 4373 4401 4402 4374 3934
9 4374 4402 4403 4375 3935
9 4375 4403 4404 4376 3936
9 4376 4404 4405 4377 3937
9 4377 4405 4406 4378 3938
9 4378 4406 4407 4379 3939
9 4379 4407 4408 4380 3940
9 4380 4408 4409 4381 3941
9 4381 4409 4410 4382 3942
9 4382 4410 424 423 3943
9 122 123 4411 4383 3944
9 4383 4411 4412 4384 3945
9 4384 4412 4413 4385 3946
9 4385 4413 4414 4386 3947
9 4386 4414 4415 4387 3948
9 4387 4415 4416 4388 3949
9 4388 4416 4417 4389 3950
9 4389 4417 4418 4390 3951
9 4390 4418 4419 4391 3952
9 4391 4419 4420 4392 3953
9 4392 4420 4421 4393 3954
9 4393 4421 4422 4394 3955
9 4394 4422 4423 4395 3956
9 4395 4423 4424 4396 3957
9 4396 4424 4425 4397 3958
9 4397 4425 4426 4398 3959
9 4398 4426 4427 4399 3960
9 4399 4427 4428 4400 3961
9 4400 4428 4429 4401 3962
9 4401 4429 4430 4402 3963
9 4402 4430 4431 4403 3964
9 4403 4431 4432 4404 3965
9 4404 4432 4433 4405 3966
9 4405 4433 4434 4406 3967
9 4406 4434 4435 4407 3968
9 4407 4435 4436 4408 3969
9 4408 4436 4437 4409 3970
9 4409 4437 4438 4410 3971
9 4410 4438 425 424 3972
9 123 124 4439 4411 3973
9 4411 4439 4440 4412 3974
9 4412 4440 4441 4413 3975
9 4413 4441 4442 4414 3976
9 4414 4442 4443 4415 3977
9 4415 4443 4444 4416 3978
9 4416 4444 4445 4417 3979
9 4417 4445 4446 4418 3980
9 4418 4446 4447 4419 3981
9 4419 4447 4448 4420 3982
9 4420 4448 4449 4421 3983
9 4421 4449 4450 4422 3984
9 4422 4450 4451 4423 3985
9 4423 4451 4452 4424 3986
9 4424 4452 4453 4425 3987
9 4425 4453 4454 4426 3988
9 4426 4454 4455 4427 3989
9 4427 4455 4456 4428 3990
9 4428 4456 4457 4429 3991
9 4429 4457 4458 4430 3992
9 4430 4458 4459 4431 3993
9 4431 4459 4460 4432 3994
9 4432 4460 4461 4433 3995
9 4433 4461 4462 4434 3996
9 4434 4462 4463 4435 3997
9 4435 4463 4464 4436 3998
9 4436 4464 4465 4437 3999
9 4437 4465 4466 4438 4000
9 4438 4466 426 425 4001
9 124 125 4467 4439 4002
9 4439 4467 4468 4440 4003
9 4440 4468 4469 4441 4004
9 4441 4469 4470 4442 4005
9 4442 4470 4471 4443 4006
9 4443 4471 4472 4444 4007
9 4444 4472 4473 4445 4008
9 4445 4473 4474 4446 4009
9 4446 4474 4475 4447 4010
9 4447 4475 4476 4448 4011
9 4448 4476 4477 4449 4012
9 4449 4477 4478 4450 4013
9 4450 4478 4479 4451 4014
9 4451 4479 4480 4452 4015
9 4452 4480 4481 4453 4016
9 4453 4481 4482 4454 4017
9 4454 4482 4483 4455 4018
9 4455 4483 4484 4456 4019
9 4456 4484 4485 4457 4020
9 4457 4485 4486 4458 4021
9 4458 4486 4487 4459 4022
9 4459 4487 4488 4460 4023
9 4460 4488 4489 4461 4024
9 4461 4489 4490 4462 4025
9 4462 4490 4491 4463 4026
9 4463 4491 4492 4464 4027
9 4464 4492 4493 4465 4028
9 4465 4493 4494 4466 4029
9 4466 4494 427 426 4030
9 125 126 4495 4467 4031
9 4467 4495 4496 4468 4032
9 4468 4496 4497 4469 4033
9 4469 4497 4498 4470 4034
9 4470 4498 4499 4471 4035
9 4471 4499 4500 4472 4036
9 4472 4500 4501 4473 4037
9 4473 4501 4502 4474 4038
9 4474 4502 4503 4475 4039
9 4475 4503 4504 4476 4040
9 4476 4504 4505 4477 4041
9 4477 4505 4506 4478 4042
9 4478 4506 4507 4479 4043
9 4479 4507 4508 4480 4044
9 4480 4508 4509 4481 4045
9 4481 4509 4510 4482 4046
9 4482 4510 4511 4483 4047
9 4483 4511 4512 4484 4048
9 4484 4512 4513 4485 4049
9 4485 4513 4514 4486 4050
9 4486 4514 4515 4487 4051
9 4487 4515 4516 4488 4052
9 4488 4516 4517 4489 4053
9 4489 4517 4518 4490 4054
9 4490 4518 4519 4491 4055
9 4491 4519 4520 4492 4056
9 4492 4520 4521 4493 4057
9 4493 4521 4522 4494 4058
9 4494 4522 428 427 4059
9 126 127 4523 4495 4060
9 4495 4523 4524 4496 4061
9 4496 4524 4525 4497 4062
9 4497 4525 4526 4498 4063
9 4498 4526 4527 4499 4064
9 4499 4527 4528 4500 4065
9 4500 4528 4529 4501 4066
9 4501 4529 4530 4502 4067
9 4502 4530 4531 4503 4068
9 4503 4531 4532 4504 4069
9 4504 4532 4533 4505 4070
9 4505 4533 4534 4506 4071
9 4506 4534 4535 4507 4072
9 4507 4535 4536 4508 4073
9 4508 4536 4537 4509 4074
9 4509 4537 4538 4510 4075
9 4510 4538 4539 4511 4076
9 4511 4539 4540 4512 4077
9 4512 4540 4541 4513 4078
9 4513 4541 4542 4514 4079
9 4514 4542 4543 4515 4080
9 4515 4543 4544 4516 4081
9 4516 4544 4545 4517 4082
9 4517 4545 4546 4518 4083
9 4518 4546 4547 4519 4084
9 4519 4547 4548 4520 4085
9 4520 4548 4549 4521 4086
9 4521 4549 4550 4522 4087
9 4522 4550 429 428 4088
9 127 128 4551 4523 4089
9 4523 4551 4552 4524 4090
9 4524 4552 4553 4525 4091
9 4525 4553 4554 4526 4092
9 4526 4554 4555 4527 4093
9 4527 4555 4556 4528 4094
9 4528 4556 4557 4529 4095
9 4529 4557 4558 4530 4096
9 4530 4558 4559 4531 4097
9 4531 4559 4560 4532 4098
9 4532 4560 4561 4533 4099
9 4533 4561 4562 4534 4100
9 4534 4562 4563 4535 4101
9 4535 4563 4564 4536 4102
9 4536 4564 4565 4537 4103
9 4537 4565 4566 4538 4104
9 4538 4566 4567 4539 4105
9 4539 4567 4568 4540 4106
9 4540 4568 4569 4541 4107
9 4541 4569 4570 4542 4108
9 4542 4570 4571 4543 4109
9 4543 4571 4572 4544 4110
9 4544 4572 4573 4545 4111
9 4545 4573 4574 4546 4112
9 4546 4574 4575 4547 4113
9 4547 4575 4576 4548 4114
9 4548 4576 4577 4549 4115
9 4549 4577 4578 4550 4116
9 4550 4578 430 429 4117
9 128 129 4579 4551 4118
9 4551 4579 4580 4552 4119
9 4552 4580 4581 4553 4120
9 4553 4581 4582 4554 4121
9 4554 4582 4583 4555 4122
9 4555 4583 4584 4556 4123
9 4556 4584 4585 4557 4124
9 4557 4585 4586 4558 4125
9 4558 4586 4587 4559 4126
9 4559 4587 4588 4560 4127
9 4560 4588 4589 4561 4128
9 4561 4589 4590 4562 4129
9 4562 4590 4591 4563 4130
9 4563 4591 4592 4564 4131
9 4564 4592 4593 4565 4132
9 4565 4593 4594 4566 4133
9 4566 4594 4595 4567 4134
9 4567 4595 4596 4568 4135
9 4568 4596 4597 4569 4136
9 4569 4597 4598 4570 4137
9 4570 4598 4599 4571 4138
9 4571 4599 4600 4572 4139
9 4572 4600 4601 4573 4140
9 4573 4601 4602 4574 4141
9 4574 4602 4603 4575 4142
9 4575 4603 4604 4576 4143
9 4576 4604 4605 4577 4144
9 4577 4605 4606 4578 4145
9 4578 4606 431 430 4146
9 129 130 4607 4579 4147
9 4579 4607 4608 4580 4148
9 4580 4608 4609 4581 4149
9 4581 4609 4610 4582 4150
9 4582 4610 4611 4583 4151
9 4583 4611 4612 4584 4152
9 4584 4612 4613 4585 4153
9 4585 4613 4614 4586 4154
9 4586 4614 4615 4587 4155
9 4587 4615 4616 4588 4156
9 4588 4616 4617 4589 4157
9 4589 4617 4618 4590 4158
9 4590 4618 4619 4591 4159
9 4591 4619 4620 4592 4160
9 4592 4620 4621 4593 4161
9 4593 4621 4622 4594 4162
9 4594 4622 4623 4595 4163
9 4595 4623 4624 4596 4164
9 4596 4624 4625 4597 4165
9 4597 4625 4626 4598 4166
9 4598 4626 4627 4599 4167
9 4599 4627 4628 4600 4168
9 4600 4628 4629 4601 4169
9 4601 4629 4630 4602 4170
9 4602 4630 4631 4603 4171
9 4603 4631 4632 4604 4172
9 4604 4632 4633 4605 4173
9 4605 4633 4634 4606 4174
9 4606 4634 432 431 4175
9 130 131 4635 4607 4176
9 4607 4635 4636 4608 4177
9 4608 4636 4637 4609 4178
9 4609 4637 4638 4610 4179
9 4610 4638 4639 4611 4180
9 4611 4639 4640 4612 4181
9 4612 4640 4641 4613 4182
9 4613 4641 4642 4614 4183
9 4614 4642 4643 4615 4184
9 4615 4643 4644 4616 4185
9 4616 4644 4645 4617 4186
9 4617 4645 4646 4618 4187
9 4618 4646 4647 4619 4188
9 4619 4647 4648 4620 4189
9 4620 4648 4649 4621 4190
9 4621 4649 4650 4622 4191
9 4622 4650 4651 4623 4192
9 4623 4651 4652 4624 4193
9 4624 4652 4653 4625 4194
9 4625 4653 4654 4626 4195
9 4626 4654 4655 4627 4196
9 4627 4655 4656 4628 4197
9 4628 4656 4657 4629 4198
9 4629 4657 4658 4630 4199
9 4630 4658 4659 4631 4200
9 4631 4659 4660 4632 4201
9 4632 4660 4661 4633 4202
9 4633 4661 4662 4634 4203
9 4634 4662 433 432 4204
9 131 132 4663 4635 4205
9 4635 4663 4664 4636 4206
9 4636 4664 4665 4637 4207
9 4637 4665 4666 4638 4208
9 4638 4666 4667 4639 4209
9 4639 4667 4668 4640 4210
9 4640 4668 4669 4641 4211
9 4641 4669 4670 4642 4212
9 4642 4670 4671 4643 4213
9 4643 4671 4672 4644 4214
9 4644 4672 4673 4645 4215
9 4645 4673 4674 4646 4216
9 4646 4674 4675 4647 4217
9 4647 4675 4676 4648 4218
9 4648 4676 4677 4649 4219
9 4649 4677 4678 4650 4220
9 4650 4678 4679 4651 4221
9 4651 4679 4680 4652 4222
9 4652 4680 4681 4653 4223
9 4653 4681 4682 4654 4224
9 4654 4682 4683 4655 4225
9 4655 4683 4684 4656 4226
9 4656 4684 4685 4657 4227
9 4657 4685 4686 4658 4228
9 4658 4686 4687 4659 4229
9 4659 4687 4688 4660 4230
9 4660 4688 4689 4661 4231
9 4661 4689 4690 4662 4232
9 4662 4690 434 433 4233
9 132 133 4691 4663 4234
9 4663 4691 4692 4664 4235
9 4664 4692 4693 4665 4236
9 4665 4693 4694 4666 4237
9 4666 4694 4695 4667 4238
9 4667 4695 4696 4668 4239
9 4668 4696 4697 4669 4240
9 4669 4697 4698 4670 4241
9 4670 4698 4699 4671 4242
9 4671 4699 4700 4672 4243
9 4672 4700 4701 4673 4244
9 4673 4701 4702 4674 4245
9 4674 4702 4703 4675 4246
9 4675 4703 4704 4676 4247
9 4676 4704 4705 4677 4248
9 4677 4705 4706 4678 4249
9 4678 4706 4707 4679 4250
9 4679 4707 4708 4680 4251
9 4680 4708 4709 4681 4252
9 4681 4709 4710 4682 4253
9 4682 4710 4711 4683 4254
9 4683 4711 4712 4684 4255
9 4684 4712 4713 4685 4256
9 4685 4713 4714 4686 4257
9 4686 4714 4715 4687 4258
9 4687 4715 4716 4688 4259
9 4688 4716 4717 4689 4260
9 4689 4717 4718 4690 4261
9 4690 4718 435 434 4262
9 133 134 4719 4691 4263
9 4691 4719 4720 4692 4264
9 4692 4720 4721 4693 4265
9 4693 4721 4722 4694 4266
9 4694 4722 4723 4695 4267
9 4695 4723 4724 4696 4268
9 4696 4724 4725 4697 4269
9 4697 4725 4726 4698 4270
9 4698 4726 4727 4699 4271
9 4699 4727 4728 4700 4272
9 4700 4728 4729 4701 4273
9 4701 4729 4730 4702 4274
9 4702 4730 4731 4703 4275
9 4703 4731 4732 4704 4276
9 4704 4732 4733 4705 4277
9 4705 4733 4734 4706 4278
9 4706 4734 4735 4707 4279
9 4707 4735 4736 4708 4280
9 4708 4736 4737 4709 4281
9 4709 4737 4738 4710 4282
9 4710 4738 4739 4711 4283
9 4711 4739 4740 4712 4284
9 4712 4740 4741 4713 4285
9 4713 4741 4742 4714 4286
9 4714 4742 4743 4715 4287
9 4715 4743 4744 4716 4288
9 4716 4744 4745 4717 4289
9 4717 4745 4746 4718 4290
9 4718 4746 436 435 4291
9 134 135 4747 4719 4292
9 4719 4747 4748 4720 4293
9 4720 4748 4749 4721 4294
9 4721 4749 4750 4722 4295
9 4722 4750 4751 4723 4296
9 4723 4751 4752 4724 4297
9 4724 4752 4753 4725 4298
9 4725 4753 4754 4726 4299
9 4726 4754 4755 4727 4300
9 4727 4755 4756 4728 4301
9 4728 4756 4757 4729 4302
9 4729 4757 4758 4730 4303
9 4730 4758 4759 4731 4304
9 4731 4759 4760 4732 4305
9 4732 4760 4761 4733 4306
9 4733 4761 4762 4734 4307
9 4734 4762 4763 4735 4308
9 4735 4763 4764 4736 4309
9 4736 4764 4765 4737 4310
9 4737 4765 4766 4738 4311
9 4738 4766 4767 4739 4312
9 4739 4767 4768 4740 4313
9 4740 4768 4769 4741 4314
9 4741 4769 4770 4742 4315
9 4742 4770 4771 4743 4316
9 4743 4771 4772 4744 4317
9 4744 4772 4773 4745 4318
9 4745 4773 4774 4746 4319
9 4746 4774 437 436 4320
9 135 136 4775 4747 4321
9 4747 4775 4776 4748 4322
9 4748 4776 4777 4749 4323
9 4749 4777 4778 4750 4324
9 4750 4778 4779 4751 4325
9 4751 4779 4780 4752 4326
9 4752 4780 4781 4753 4327
9 4753 4781 4782 4754 4328
9 4754 4782 4783 4755 4329
9 4755 4783 4784 4756 4330
9 4756 4784 4785 4757 4331
9 4757 4785 4786 4758 4332
9 4758 4786 4787 4759 4333
9 4759 4787 4788 4760 4334
9 4760 4788 4789 4761 4335
9 4761 4789 4790 4762 4336
9 4762 4790 4791 4763 4337
9 4763 4791 4792 4764 4338
9 4764 4792 4793 4765 4339
9 4765 4793 4794 4766 4340
9 4766 4794 4795 4767 4341
9 4767 4795 4796 4768 4342
9 4768 4796 4797 4769 4343
9 4769 4797 4798 4770 4344
9 4770 4798 4799 4771 4345
9 4771 4799 4800 4772 4346
9 4772 4800 4801 4773 4347
9 4773 4801 4802 4774 4348
9 4774 4802 438 437 4349
9 136 137 4803 4775 4350
9 4775 4803 4804 4776 4351
9 4776 4804 4805 4777 4352
9 4777 4805 4806 4778 4353
9 4778 4806 4807 4779 4354
9 4779 4807 4808 4780 4355
9 4780 4808 4809 4781 4356
9 4781 4809 4810 4782 4357
9 4782 4810 4811 4783 4358
9 4783 4811 4812 4784 4359
9 4784 4812 4813 4785 4360
9 4785 4813 4814 4786 4361
9 4786 4814 4815 4787 4362
9 4787 4815 4816 4788 4363
9 4788 4816 4817 4789 4364
9 4789 4817 4818 4790 4365
9 4790 4818 4819 4791 4366
9 4791 4819 4820 4792 4367
9 4792 4820 4821 4793 4368
9 4793 4821 4822 4794 4369
9 4794 4822 4823 4795 4370
9 4795 4823 4824 4796 4371
9 4796 4824 4825 4797 4372
9 4797 4825 4826 4798 4373
9 4798 4826 4827 4799 4374
9 4799 4827 4828 4800 4375
9 4800 4828 4829 4801 4376
9 4801 4829 4830 4802 4377
9 4802 4830 439 438 4378
9 137 138 4831 4803 4379
9 4803 4831 4832 4804 4380
9 4804 4832 4833 4805 4381
9 4805 4833 4834 4806 4382
9 4806 4834 4835 4807 4383
9 4807 4835 4836 4808 4384
9 4808 4836 4837 4809 4385
9 4809 4837 4838 4810 4386
9 4810 4838 4839 4811 4387
9 4811 4839 4840 4812 4388
9 4812 4840 4841 4813 4389
9 4813 4841 4842 4814 4390
9 4814 4842 4843 4815 4391
9 4815 4843 4844 4816 4392
9 4816 4844 4845 4817 4393
9 4817 4845 4846 4818 4394
9 4818 4846 4847 4819 4395
9 4819 4847 4848 4820 4396
9 4820 4848 4849 4821 4397
9 4821 4849 4850 4822 4398
9 4822 4850 4851 4823 4399
9 4823 4851 4852 4824 4400
9 4824 4852 4853 4825 4401
9 4825 4853 4854 4826 4402
9 4826 4854 4855 4827 4403
9 4827 4855 4856 4828 4404
9 4828 4856 4857 4829 4405
9 4829 4857 4858 4830 4406
9 4830 4858 440 439 4407
9 138 139 4859 4831 4408
9 4831 4859 4860 4832 4409
9 4832 4860 4861 4833 4410
9 4833 4861 4862 4834 4411
9 4834 4862 4863 4835 4412
9 4835 4863 4864 4836 4413
9 4836 4864 4865 4837 4414
9 4837 4865 4866 4838 4415
9 4838 4866 4867 4839 4416
9 4839 4867 4868 4840 4417
9 4840 4868 4869 4841 4418
9 4841 4869 4870 4842 4419
9 4842 4870 4871 4843 4420
9 4843 4871 4872 4844 4421
9 4844 4872 4873 4845 4422
9 4845 4873 4874 4846 4423
9 4846 4874 4875 4847 4424
9 4847 4875 4876 4848 4425
9 4848 4876 4877 4849 4426
9 4849 4877 4878 4850 4427
9 4850 4878 4879 4851 4428
9 4851 4879 4880 4852 4429
9 4852 4880 4881 4853 4430
9 4853 4881 4882 4854 4431
9 4854 4882 4883 4855 4432
9 4855 4883 4884 4856 4433
9 4856 4884 4885 4857 4434
9 4857 4885 4886 4858 4435
9 4858 4886 441 440 4436
9 139 140 4887 4859 4437
9 4859 4887 4888 4860 4438
9 4860 4888 4889 4861 4439
9 4861 4889 4890 4862 4440
9 4862 4890 4891 4863 4441
9 4863 4891 4892 4864 4442
9 4864 4892 4893 4865 4443
9 4865 4893 4894 4866 4444
9 4866 4894 4895 4867 4445
9 4867 4895 4896 4868 4446
9 4868 4896 4897 4869 4447
9 4869 4897 4898 4870 4448
9 4870 4898 4899 4871 4449
9 4871 4899 4900 4872 4450
9 4872 4900 4901 4873 4451
9 4873 4901 4902 4874 4452
9 4874 4902 4903 4875 4453
9 4875 4903 4904 4876 4454
9 4876 4904 4905 4877 4455
9 4877 4905 4906 4878 4456
9 4878 4906 4907 4879 4457
9 4879 4907 4908 4880 4458
9 4880 4908 4909 4881 4459
9 4881 4909 4910 4882 4460
9 4882 4910 4911 4883 4461
9 4883 4911 4912 4884 4462
9 4884 4912 4913 4885 4463
9 4885 4913 4914 4886 4464
9 4886 4914 442 441 4465
9 140 141 4915 4887 4466
9 4887 4915 4916 4888 4467
9 4888 4916 4917 4889 4468
9 4889 4917 4918 4890 4469
9 4890 4918 4919 4891 4470
9 4891 4919 4920 4892 4471
9 4892 4920 4921 4893 4472
9 4893 4921 4922 4894 4473
9 4894 4922 4923 4895 4474
9 4895 4923 4924 4896 4475
9 4896 4924 4925 4897 4476
9 4897 4925 4926 4898 4477
9 4898 4926 4927 4899 4478
9 4899 4927 4928 4900 4479
9 4900 4928 4929 4901 4480
9 4901 4929 4930 4902 4481
9 4902 4930 4931 4903 4482
9 4903 4931 4932 4904 4483
9 4904 4932 4933 4905 4484
9 4905 4933 4934 4906 4485
9 4906 4934 4935 4907 4486
9 4907 4935 4936 4908 4487
9 4908 4936 4937 4909 4488
9 4909 4937 4938 4910 4489
9 4910 4938 4939 4911 4490
9 4911 4939 4940 4912 4491
9 4912 4940 4941 4913 4492
9 4913 4941 4942 4914 4493
9 4914 4942 443 442 4494
9 141 142 4943 4915 4495
9 4915 4943 4944 4916 4496
9 4916 4944 4945 4917 4497
9 4917 4945 4946 4918 4498
9 4918 4946 4947 4919 4499
9 4919 4947 4948 4920 4500
9 4920 4948 4949 4921 4501
9 4921 4949 4950 4922 4502
9 4922 4950 4951 4923 4503
9 4923 4951 4952 4924 4504
9 4924 4952 4953 4925 4505
9 4925 4953 4954 4926 4506
9 4926 4954 4955 4927 4507
9 4927 4955 4956 4928 4508
9 4928 4956 4957 4929 4509
9 4929 4957 4958 4930 4510
9 4930 4958 4959 4931 4511
9 4931 4959 4960 4932 4512
9 4932 4960 4961 4933 4513
9 4933 4961 4962 4934 4514
9 4934 4962 4963 4935 4515
9 4935 4963 4964 4936 4516
9 4936 4964 4965 4937 4517
9 4937 4965 4966 4938 4518
9 4938 4966 4967 4939 4519
9 4939 4967 4968 4940 4520
9 4940 4968 4969 4941 4521
9 4941 4969 4970 4942 4522
9 4942 4970 444 443 4523
9 142 143 4971 4943 4524
9 4943 4971 4972 4944 4525
9 4944 4972 4973 4945 4526
9 4945 4973 4974 4946 4527
9 4946 4974 4975 4947 4528
9 4947 4975 4976 4948 4529
9 4948 4976 4977 4949 4530
9 4949 4977 4978 4950 4531
9 4950 4978 4979 4951 4532
9 4951 4979 4980 4952 4533
9 4952 4980 4981 4953 4534
9 4953 4981 4982 4954 4535
9 4954 4982 4983 4955 4536
9 4955 4983 4984 4956 4537
9 4956 4984 4985 4957 4538
9 4957 4985 4986 4958 4539
9 4958 4986 4987 4959 4540
9 4959 4987 4988 4960 4541
9 4960 4988 4989 4961 4542
9 4961 4989 4990 4962 4543
9 4962 4990 4991 4963 4544
9 4963 4991 4992 4964 4545
9 4964 4992 4993 4965 4546
9 4965 4993 4994 4966 4547
9 4966 4994 4995 4967 4548
9 4967 4995 4996 4968 4549
9 4968 4996 4997 4969 4550
9 4969 4997 4998 4970 4551
9 4970 4998 445 444 4552
9 143 144 4999 4971 4553
9 4971 4999 5000 4972 4554
9 4972 5000 5001 4973 4555
9 4973 5001 5002 4974 4556
9 4974 5002 5003 4975 4557
9 4975 5003 5004 4976 4558
9 4976 5004 5005 4977 4559
9 4977 5005 5006 4978 4560
9 4978 5006 5007 4979 4561
9 4979 5007 5008 4980 4562
9 4980 5008 5009 4981 4563
9 4981 5009 5010 4982 4564
9 4982 5010 5011 4983 4565
9 4983 5011 5012 4984 4566
9 4984 5012 5013 4985 4567
9 4985 5013 5014 4986 4568
9 4986 5014 5015 4987 4569
9 4987 5015 5016 4988 4570
9 4988 5016 5017 4989 4571
9 4989 5017 5018 4990 4572
9 4990 5018 5019 4991 4573
9 4991 5019 5020 4992 4574
9 4992 5020 5021 4993 4575
9 4993 5021 5022 4994 4576
9 4994 5022 5023 4995 4577
9 4995 5023 5024 4996 4578
9 4996 5024 5025 4997 4579
9 4997 5025 5026 4998 4580
9 4998 5026 446 445 4581
9 144 145 5027 4999 4582
9 4999 5027 5028 5000 4583
9 5000 5028 5029 5001 4584
9 5001 5029 5030 5002 4585
9 5002 5030 5031 5003 4586
9 5003 5031 5032 5004 4587
9 5004 5032 5033 5005 4588
9 5005 5033 5034 5006 4589
9 5006 5034 5035 5007 4590
9 5007 5035 5036 5008 4591
9 5008 5036 5037 5009 4592
9 5009 5037 5038 5010 4593
9 5010 5038 5039 5011 4594
9 5011 5039 5040 5012 4595
9 5012 5040 5041 5013 4596
9 5013 5041 5042 5014 4597
9 5014 5042 5043 5015 4598
9 5015 5043 5044 5016 4599
9 5016 5044 5045 5017 4600
9 5017 5045 5046 5018 4601
9 5018 5046 5047 5019 4602
9 5019 5047 5048 5020 4603
9 5020 5048 5049 5021 4604
9 5021 5049 5050 5022 4605
9 5022 5050 5051 5023 4606
9 5023 5051 5052 5024 4607
9 5024 5052 5053 5025 4608
9 5025 5053 5054 5026 4609
9 5026 5054 447 446 4610
9 145 146 5055 5027 4611
9 5027 5055 5056 5028 4612
9 5028 5056 5057 5029 4613
9 5029 5057 5058 5030 4614
9 5030 5058 5059 5031 4615
9 5031 5059 5060 5032 4616
9 5032 5060 5061 5033 4617
9 5033 5061 5062 5034 4618
9 5034 5062 5063 5035 4619
9 5035 5063 5064 5036 4620
9 5036 5064 5065 5037 4621
9 5037 5065 5066 5038 4622
9 5038 5066 5067 5039 4623
9 5039 5067 5068 5040 4624
9 5040 5068 5069 5041 4625
9 5041 5069 5070 5042 4626
9 5042 5070 5071 5043 4627
9 5043 5071 5072 5044 4628
9 5044 5072 5073 5045 4629
9 5045 5073 5074 5046 4630
9 5046 5074 5075 5047 4631
9 5047 5075 5076 5048 4632
9 5048 5076 5077 5049 4633
9 5049 5077 5078 5050 4634
9 5050 5078 5079 5051 4635
9 5051 5079 5080 5052 4636
9 5052 5080 5081 5053 4637
9 5053 5081 5082 5054 4638
9 5054 5082 448 447 4639
9 146 147 5083 5055 4640
9 5055 5083 5084 5056 4641
9 5056 5084 5085 5057 4642
9 5057 5085 5086 5058 4643
9 5058 5086 5087 5059 4644
9 5059 5087 5088 5060 4645
9 5060 5088 5089 5061 4646
9 5061 5089 5090 5062 4647
9 5062 5090 5091 5063 4648
9 5063 5091 5092 5064 4649
9 5064 5092 5093 5065 4650
9 5065 5093 5094 5066 4651
9 5066 5094 5095 5067 4652
9 5067 5095 5096 5068 4653
9 5068 5096 5097 5069 4654
9 5069 5097 5098 5070 4655
9 5070 5098 5099 5071 4656
9 5071 5099 5100 5072 4657
9 5072 5100 5101 5073 4658
9 5073 5101 5102 5074 4659
9 5074 5102 5103 5075 4660
9 5075 5103 5104 5076 4661
9 5076 5104 5105 5077 4662
9 5077 5105 5106 5078 4663
9 5078 5106 5107 5079 4664
9 5079 5107 5108 5080 4665
9 5080 5108 5109 5081 4666
9 5081 5109 5110 5082 4667
9 5082 5110 449 448 4668
9 147 148 5111 5083 4669
9 5083 5111 5112 5084 4670
9 5084 5112 5113 5085 4671
9 5085 5113 5114 5086 4672
9 5086 5114 5115 5087 4673
9 5087 5115 5116 5088 4674
9 5088 5116 5117 5089 4675
9 5089 5117 5118 5090 4676
9 5090 5118 5119 5091 4677
9 5091 5119 5120 5092 4678
9 5092 5120 5121 5093 4679
9 5093 5121 5122 5094 4680
9 5094 5122 5123 5095 4681
9 5095 5123 5124 5096 4682
9 5096 5124 5125 5097 4683
9 5097 5125 5126 5098 4684
9 5098 5126 5127 5099 4685
9 5099 5127 5128 5100 4686
9 5100 5128 5129 5101 4687
9 5101 5129 5130 5102 4688
9 5102 5130 5131 5103 4689
9 5103 5131 5132 5104 4690
9 5104 5132 5133 5105 4691
9 5105 5133 5134 5106 4692
9 5106 5134 5135 5107 4693
9 5107 5135 5136 5108 4694
9 5108 5136 5137 5109 4695
9 5109 5137 5138 5110 4696
9 5110 5138 450 449 4697
9 148 149 5139 5111 4698
9 5111 5139 5140 5112 4699
9 5112 5140 5141 5113 4700
9 5113 5141 5142 5114 4701
9 5114 5142 5143 5115 4702
9 5115 5143 5144 5116 4703
9 5116 5144 5145 5117 4704
9 5117 5145 5146 5118 4705
9 5118 5146 5147 5119 4706
9 5119 5147 5148 5120 4707
9 5120 5148 5149 5121 4708
9 5121 5149 5150 5122 4709
9 5122 5150 5151 5123 4710
9 5123 5151 5152 5124 4711
9 5124 5152 5153 5125 4712
9 5125 5153 5154 5126 4713
9 5126 5154 5155 5127 4714
9 5127 5155 5156 5128 4715
9 5128 5156 5157 5129 4716
9 5129 5157 5158 5130 4717
9 5130 5158 5159 5131 4718
9 5131 5159 5160 5132 4719
9 5132 5160 5161 5133 4720
9 5133 5161 5162 5134 4721
9 5134 5162 5163 5135 4722
9 5135 5163 5164 5136 4723
9 5136 5164 5165 5137 4724
9 5137 5165 5166 5138 4725
9 5138 5166 451 450 4726
9 149 150 5167 5139 4727
9 5139 5167 5168 5140 4728
9 5140 5168 5169 5141 4729
9 5141 5169 5170 5142 4730
9 5142 5170 5171 5143 4731
9 5143 5171 5172 5144 4732
9 5144 5172 5173 5145 4733
9 5145 5173 5174 5146 4734
9 5146 5174 5175 5147 4735
9 5147 5175 5176 5148 4736
9 5148 5176 5177 5149 4737
9 5149 5177 5178 5150 4738
9 5150 5178 5179 5151 4739
9 5151 5179 5180 5152 4740
9 5152 5180 5181 5153 4741
9 5153 5181 5182 5154 4742
9 5154 5182 5183 5155 4743
9 5155 5183 5184 5156 4744
9 5156 5184 5185 5157 4745
9 5157 5185 5186 5158 4746
9 5158 5186 5187 5159 4747
9 5159 5187 5188 5160 4748
9 5160 5188 5189 5161 4749
9 5161 5189 5190 5162 4750
9 5162 5190 5191 5163 4751
9 5163 5191 5192 5164 4752
9 5164 5192 5193 5165 4753
9 5165 5193 5194 5166 4754
9 5166 5194 452 451 4755
9 150 151 5195 5167 4756
9 5167 5195 5196 5168 4757
9 5168 5196 5197 5169 4758
9 5169 5197 5198 5170 4759
9 5170 5198 5199 5171 4760
9 5171 5199 5200 5172 4761
9 5172 5200 5201 5173 4762
9 5173 5201 5202 5174 4763
9 5174 5202 5203 5175 4764
9 5175 5203 5204 5176 4765
9 5176 5204 5205 5177 4766
9 5177 5205 5206 5178 4767
9 5178 5206 5207 5179 4768
9 5179 5207 5208 5180 4769
9 5180 5208 5209 5181 4770
9 5181 5209 5210 5182 4771
9 5182 5210 5211 5183 4772
9 5183 5211 5212 5184 4773
9 5184 5212 5213 5185 4774
9 5185 5213 5214 5186 4775
9 5186 5214 5215 5187 4776
9 5187 5215 5216 5188 4777
9 5188 5216 5217 5189 4778
9 5189 5217 5218 5190 4779
9 5190 5218 5219 5191 4780
9 5191 5219 5220 5192 4781
9 5192 5220 5221 5193 4782
9 5193 5221 5222 5194 4783
9 5194 5222 453 452 4784
9 151 152 5223 5195 4785
9 5195 5223 5224 5196 4786
9 5196 5224 5225 5197 4787
9 5197 5225 5226 5198 4788
9 5198 5226 5227 5199 4789
9 5199 5227 5228 5200 4790
9 5200 5228 5229 5201 4791
9 5201 5229 5230 5202 4792
9 5202 5230 5231 5203 4793
9 5203 5231 5232 5204 4794
9 5204 5232 5233 5205 4795
9 5205 5233 5234 5206 4796
9 5206 5234 5235 5207 4797
9 5207 5235 5236 5208 4798
9 5208 5236 5237 5209 4799
9 5209 5237 5238 5210 4800
9 5210 5238 5239 5211 4801
9 5211 5239 5240 5212 4802
9 5212 5240 5241 5213 4803
9 5213 5241 5242 5214 4804
9 5214 5242 5243 5215 4805
9 5215 5243 5244 5216 4806
9 5216 5244 5245 5217 4807
9 5217 5245 5246 5218 4808
9 5218 5246 5247 5219 4809
9 5219 5247 5248 5220 4810
9 5220 5248 5249 5221 4811
9 5221 5249 5250 5222 4812
9 5222 5250 454 453 4813
9 152 153 5251 5223 4814
9 5223 5251 5252 5224 4815
9 5224 5252 5253 5225 4816
9 5225 5253 5254 5226 4817
9 5226 5254 5255 5227 4818
9 5227 5255 5256 5228 4819
9 5228 5256 5257 5229 4820
9 5229 5257 5258 5230 4821
9 5230 5258 5259 5231 4822
9 5231 5259 5260 5232 4823
9 5232 5260 5261 5233 4824
9 5233 5261 5262 5234 4825
9 5234 5262 5263 5235 4826
9 5235 5263 5264 5236 4827
9 5236 5264 5265 5237 4828
9 5237 5265 5266 5238 4829
9 5238 5266 5267 5239 4830
9 5239 5267 5268 5240 4831
9 5240 5268 5269 5241 4832
9 5241 5269 5270 5242 4833
9 5242 5270 5271 5243 4834
9 5243 5271 5272 5244 4835
9 5244 5272 5273 5245 4836
9 5245 5273 5274 5246 4837
9 5246 5274 5275 5247 4838
9 5247 5275 5276 5248 4839
9 5248 5276 5277 5249 4840
9 5249 5277 5278 5250 4841
9 5250 5278 455 454 4842
9 153 154 5279 5251 4843
9 5251 5279 5280 5252 4844
9 5252 5280 5281 5253 4845
9 5253 5281 5282 5254 4846
9 5254 5282 5283 5255 4847
9 5255 5283 5284 5256 4848
9 5256 5284 5285 5257 4849
9 5257 5285 5286 5258 4850
9 5258 5286 5287 5259 4851
9 5259 5287 5288 5260 4852
9 5260 5288 5289 5261 4853
9 5261 5289 5290 5262 4854
9 5262 5290 5291 5263 4855
9 5263 5291 5292 5264 4856
9 5264 5292 5293 5265 4857
9 5265 5293 5294 5266 4858
9 5266 5294 5295 5267 4859
9 5267 5295 5296 5268 4860
9 5268 5296 5297 5269 4861
9 5269 5297 5298 5270 4862
9 5270 5298 5299 5271 4863
9 5271 5299 5300 5272 4864
9 5272 5300 5301 5273 4865
9 5273 5301 5302 5274 4866
9 5274 5302 5303 5275 4867
9 5275 5303 5304 5276 4868
9 5276 5304 5305 5277 4869
9 5277 5305 5306 5278 4870
9 5278 5306 456 455 4871
9 154 155 5307 5279 4872
9 5279 5307 5308 5280 4873
9 5280 5308 5309 5281 4874
9 5281 5309 5310 5282 4875
9 5282 5310 5311 5283 4876
9 5283 5311 5312 5284 4877
9 5284 5312 5313 5285 4878
9 5285 5313 5314 5286 4879
9 5286 5314 5315 5287 4880
9 5287 5315 5316 5288 4881
9 5288 5316 5317 5289 4882
9 5289 5317 5318 5290 4883
9 5290 5318 5319 5291 4884
9 5291 5319 5320 5292 4885
9 5292 5320 5321 5293 4886
9 5293 5321 5322 5294 4887
9 5294 5322 5323 5295 4888
9 5295 5323 5324 5296 4889
9 5296 5324 5325 5297 4890
9 5297 5325 5326 5298 4891
9 5298 5326 5327 5299 4892
9 5299 5327 5328 5300 4893
9 5300 5328 5329 5301 4894
9 5301 5329 5330 5302 4895
9 5302 5330 5331 5303 4896
9 5303 5331 5332 5304 4897
9 5304 5332 5333 5305 4898
9 5305 5333 5334 5306 4899
9 5306 5334 457 456 4900
9 155 156 5335 5307 4901
9 5307 5335 5336 5308 4902
9 5308 5336 5337 5309 4903
9 5309 5337 5338 5310 4904
9 5310 5338 5339 5311 4905
9 5311 5339 5340 5312 4906
9 5312 5340 5341 5313 4907
9 5313 5341 5342 5314 4908
9 5314 5342 5343 5315 4909
9 5315 5343 5344 5316 4910
9 5316 5344 5345 5317 4911
9 5317 5345 5346 5318 4912
9 5318 5346 5347 5319 4913
9 5319 5347 5348 5320 4914
9 5320 5348 5349 5321 4915
9 5321 5349 5350 5322 4916
9 5322 5350 5351 5323 4917
9 5323 5351 5352 5324 4918
9 5324 5352 5353 5325 4919
9 5325 5353 5354 5326 4920
9 5326 5354 5355 5327 4921
9 5327 5355 5356 5328 4922
9 5328 5356 5357 5329 4923
9 5329 5357 5358 5330 4924
9 5330 5358 5359 5331 4925
9 5331 5359 5360 5332 4926
9 5332 5360 5361 5333 4927
9 5333 5361 5362 5334 4928
9 5334 5362 458 457 4929
9 156 157 5363 5335 4930
9 5335 5363 5364 5336 4931
9 5336 5364 5365 5337 4932
9 5337 5365 5366 5338 4933
9 5338 5366 5367 5339 4934
9 5339 5367 5368 5340 4935
9 5340 5368 5369 5341 4936
9 5341 5369 5370 5342 4937
9 5342 5370 5371 5343 4938
9 5343 5371 5372 5344 4939
9 5344 5372 5373 5345 4940
9 5345 5373 5374 5346 4941
9 5346 5374 5375 5347 4942
9 5347 5375 5376 5348 4943
9 5348 5376 5377 5349 4944
9 5349 5377 5378 5350 4945
9 5350 5378 5379 5351 4946
9 5351 5379 5380 5352 4947
9 5352 5380 5381 5353 4948
9 5353 5381 5382 5354 4949
9 5354 5382 5383 5355 4950
9 5355 5383 5384 5356 4951
9 5356 5384 5385 5357 4952
9 5357 5385 5386 5358 4953
9 5358 5386 5387 5359 4954
9 5359 5387 5388 5360 4955
9 5360 5388 5389 5361 4956
9 5361 5389 5390 5362 4957
9 5362 5390 459 458 4958
9 157 158 5391 5363 4959
9 5363 5391 5392 5364 4960
9 5364 5392 5393 5365 4961
9 5365 5393 5394 5366 4962
9 5366 5394 5395 5367 4963
9 5367 5395 5396 5368 4964
9 5368 5396 5397 5369 4965
9 5369 5397 5398 5370 4966
9 5370 5398 5399 5371 4967
9 5371 5399 5400 5372 4968
9 5372 5400 5401 5373 4969
9 5373 5401 5402 5374 4970
9 5374 5402 5403 5375 4971
9 5375 5403 5404 5376 4972
9 5376 5404 5405 5377 4973
9 5377 5405 5406 5378 4974
9 5378 5406 5407 5379 4975
9 5379 5407 5408 5380 4976
9 5380 5408 5409 5381 4977
9 5381 5409 5410 5382 4978
9 5382 5410 5411 5383 4979
9 5383 5411 5412 5384 4980
9 5384 5412 5413 5385 4981
9 5385 5413 5414 5386 4982
9 5386 5414 5415 5387 4983
9 5387 5415 5416 5388 4984
9 5388 5416 5417 5389 4985
9 5389 5417 5418 5390 4986
9 5390 5418 460 459 4987
9 158 159 5419 5391 4988
9 5391 5419 5420 5392 4989
9 5392 5420 5421 5393 4990
9 5393 5421 5422 5394 4991
9 5394 5422 5423 5395 4992
9 5395 5423 5424 5396 4993
9 5396 5424 5425 5397 4994
9 5397 5425 5426 5398 4995
9 5398 5426 5427 5399 4996
9 5399 5427 5428 5400 4997
9 5400 5428 5429 5401 4998
9 5401 5429 5430 5402 4999
9 5402 5430 5431 5403 5000
9 5403 5431 5432 5404 5001
9 5404 5432 5433 5405 5002
9 5405 5433 5434 5406 5003
9 5406 5434 5435 5407 5004
9 5407 5435 5436 5408 5005
9 5408 5436 5437 5409 5006
9 5409 5437 5438 5410 5007
9 5410 5438 5439 5411 5008
9 5411 5439 5440 5412 5009
9 5412 5440 5441 5413 5010
9 5413 5441 5442 5414 5011
9 5414 5442 5443 5415 5012
9 5415 5443 5444 5416 5013
9 5416 5444 5445 5417 5014
9 5417 5445 5446 5418 5015
9 5418 5446 461 460 5016
9 159 160 5447 5419 5017
9 5419 5447 5448 5420 5018
9 5420 5448 5449 5421 5019
9 5421 5449 5450 5422 5020
9 5422 5450 5451 5423 5021
9 5423 5451 5452 5424 5022
9 5424 5452 5453 5425 5023
9 5425 5453 5454 5426 5024
9 5426 5454 5455 5427 5025
9 5427 5455 5456 5428 5026
9 5428 5456 5457 5429 5027
9 5429 5457 5458 5430 5028
9 5430 5458 5459 5431 5029
9 5431 5459 5460 5432 5030
9 5432 5460 5461 5433 5031
9 5433 5461 5462 5434 5032
9 5434 5462 5463 5435 5033
9 5435 5463 5464 5436 5034
9 5436 5464 5465 5437 5035
9 5437 5465 5466 5438 5036
9 5438 5466 5467 5439 5037
9 5439 5467 5468 5440 5038
9 5440 5468 5469 5441 5039
9 5441 5469 5470 5442 5040
9 5442 5470 5471 5443 5041
9 5443 5471 5472 5444 5042
9 5444 5472 5473 5445 5043
9 5445 5473 5474 5446 5044
9 5446 5474 462 461 5045
9 160 161 5475 5447 5046
9 5447 5475 5476 5448 5047
9 5448 5476 5477 5449 5048
9 5449 5477 5478 5450 5049
9 5450 5478 5479 5451 5050
9 5451 5479 5480 5452 5051
9 5452 5480 5481 5453 5052
9 5453 5481 5482 5454 5053
9 5454 5482 5483 5455 5054
9 5455 5483 5484 5456 5055
9 5456 5484 5485 5457 5056
9 5457 5485 5486 5458 5057
9 5458 5486 5487 5459 5058
9 5459 5487 5488 5460 5059
9 5460 5488 5489 5461 5060
9 5461 5489 5490 5462 5061
9 5462 5490 5491 5463 5062
9 5463 5491 5492 5464 5063
9 5464 5492 5493 5465 5064
9 5465 5493 5494 5466 5065
9 5466 5494 5495 5467 5066
9 5467 5495 5496 5468 5067
9 5468 5496 5497 5469 5068
9 5469 5497 5498 5470 5069
9 5470 5498 5499 5471 5070
9 5471 5499 5500 5472 5071
9 5472 5500 5501 5473 5072
9 5473 5501 5502 5474 5073
9 5474 5502 463 462 5074
9 161 162 5503 5475 5075
9 5475 5503 5504 5476 5076
9 5476 5504 5505 5477 5077
9 5477 5505 5506 5478 5078
9 5478 5506 5507 5479 5079
9 5479 5507 5508 5480 5080
9 5480 5508 5509 5481 5081
9 5481 5509 5510 5482 5082
9 5482 5510 5511 5483 5083
9 5483 5511 5512 5484 5084
9 5484 5512 5513 5485 5085
9 5485 5513 5514 5486 5086
9 5486 5514 5515 5487 5087
9 5487 5515 5516 5488 5088
9 5488 5516 5517 5489 5089
9 5489 5517 5518 5490 5090
9 5490 5518 5519 5491 5091
9 5491 5519 5520 5492 5092
9 5492 5520 5521 5493 5093
9 5493 5521 5522 5494 5094
9 5494 5522 5523 5495 5095
9 5495 5523 5524 5496 5096
9 5496 5524 5525 5497 5097
9 5497 5525 5526 5498 5098
9 5498 5526 5527 5499 5099
9 5499 5527 5528 5500 5100
9 5500 5528 5529 5501 5101
9 5501 5529 5530 5502 5102
9 5502 5530 464 463 5103
9 162 163 5531 5503 5104
9 5503 5531 5532 5504 5105
9 5504 5532 5533 5505 5106
9 5505 5533 5534 5506 5107
9 5506 5534 5535 5507 5108
9 5507 5535 5536 5508 5109
9 5508 5536 5537 5509 5110
9 5509 5537 5538 5510 5111
9 5510 5538 5539 5511 5112
9 5511 5539 5540 5512 5113
9 5512 5540 5541 5513 5114
9 5513 5541 5542 5514 5115
9 5514 5542 5543 5515 5116
9 5515 5543 5544 5516 5117
9 5516 5544 5545 5517 5118
9 5517 5545 5546 5518 5119
9 5518 5546 5547 5519 5120
9 5519 5547 5548 5520 5121
9 5520 5548 5549 5521 5122
9 5521 5549 5550 5522 5123
9 5522 5550 5551 5523 5124
9 5523 5551 5552 5524 5125
9 5524 5552 5553 5525 5126
9 5525 5553 5554 5526 5127
9 5526 5554 5555 5527 5128
9 5527 5555 5556 5528 5129
9 5528 5556 5557 5529 5130
9 5529 5557 5558 5530 5131
9 5530 5558 465 464 5132
9 163 164 5559 5531 5133
9 5531 5559 5560 5532 5134
9 5532 5560 5561 5533 5135
9 5533 5561 5562 5534 5136
9 5534 5562 5563 5535 5137
9 5535 5563 5564 5536 5138
9 5536 5564 5565 5537 5139
9 5537 5565 5566 5538 5140
9 5538 5566 5567 5539 5141
9 5539 5567 5568 5540 5142
9 5540 5568 5569 5541 5143
9 5541 5569 5570 5542 5144
9 5542 5570 5571 5543 5145
9 5543 5571 5572 5544 5146
9 5544 5572 5573 5545 5147
9 5545 5573 5574 5546 5148
9 5546 5574 5575 5547 5149
9 5547 5575 5576 5548 5150
9 5548 5576 5577 5549 5151
9 5549 5577 5578 5550 5152
9 5550 5578 5579 5551 5153
9 5551 5579 5580 5552 5154
9 5552 5580 5581 5553 5155
9 5553 5581 5582 5554 5156
9 5554 5582 5583 5555 5157
9 5555 5583 5584 5556 5158
9 5556 5584 5585 5557 5159
9 5557 5585 5586 5558 5160
9 5558 5586 466 465 5161
9 164 165 5587 5559 5162
9 5559 5587 5588 5560 5163
9 5560 5588 5589 5561 5164
9 5561 5589 5590 5562 5165
9 5562 5590 5591 5563 5166
9 5563 5591 5592 5564 5167
9 5564 5592 5593 5565 5168
9 5565 5593 5594 5566 5169
9 5566 5594 5595 5567 5170
9 5567 5595 5596 5568 5171
9 5568 5596 5597 5569 5172
9 5569 5597 5598 5570 5173
9 5570 5598 5599 5571 5174
9 5571 5599 5600 5572 5175
9 5572 5600 5601 5573 5176
9 5573 5601 5602 5574 5177
9 5574 5602 5603 5575 5178
9 5575 5603 5604 5576 5179
9 5576 5604 5605 5577 5180
9 5577 5605 5606 5578 5181
9 5578 5606 5607 5579 5182
9 5579 5607 5608 5580 5183
9 5580 5608 5609 5581 5184
9 5581 5609 5610 5582 5185
9 5582 5610 5611 5583 5186
9 5583 5611 5612 5584 5187
9 5584 5612 5613 5585 5188
9 5585 5613 5614 5586 5189
9 5586 5614 467 466 5190
9 165 166 5615 5587 5191
9 5587 5615 5616 5588 5192
9 5588 5616 5617 5589 5193
9 5589 5617 5618 5590 5194
9 5590 5618 5619 5591 5195
9 5591 5619 5620 5592 5196
9 5592 5620 5621 5593 5197
9 5593 5621 5622 5594 5198
9 5594 5622 5623 5595 5199
9 5595 5623 5624 5596 5200
9 5596 5624 5625 5597 5201
9 5597 5625 5626 5598 5202
9 5598 5626 5627 5599 5203
9 5599 5627 5628 5600 5204
9 5600 5628 5629 5601 5205
9 5601 5629 5630 5602 5206
9 5602 5630 5631 5603 5207
9 5603 5631 5632 5604 5208
9 5604 5632 5633 5605 5209
9 5605 5633 5634 5606 5210
9 5606 5634 5635 5607 5211
9 5607 5635 5636 5608 5212
9 5608 5636 5637 5609 5213
9 5609 5637 5638 5610 5214
9 5610 5638 5639 5611 5215
9 5611 5639 5640 5612 5216
9 5612 5640 5641 5613 5217
9 5613 5641 5642 5614 5218
9 5614 5642 468 467 5219
9 166 167 5643 5615 5220
9 5615 5643 5644 5616 5221
9 5616 5644 5645 5617 5222
9 5617 5645 5646 5618 5223
9 5618 5646 5647 5619 5224
9 5619 5647 5648 5620 5225
9 5620 5648 5649 5621 5226
9 5621 5649 5650 5622 5227
9 5622 5650 5651 5623 5228
9 5623 5651 5652 5624 5229
9 5624 5652 5653 5625 5230
9 5625 5653 5654 5626 5231
9 5626 5654 5655 5627 5232
9 5627 5655 5656 5628 5233
9 5628 5656 5657 5629 5234
9 5629 5657 5658 5630 5235
9 5630 5658 5659 5631 5236
9 5631 5659 5660 5632 5237
9 5632 5660 5661 5633 5238
9 5633 5661 5662 5634 5239
9 5634 5662 5663 5635 5240
9 5635 5663 5664 5636 5241
9 5636 5664 5665 5637 5242
9 5637 5665 5666 5638 5243
9 5638 5666 5667 5639 5244
9 5639 5667 5668 5640 5245
9 5640 5668 5669 5641 5246
9 5641 5669 5670 5642 5247
9 5642 5670 469 468 5248
9 167 168 5671 5643 5249
9 5643 5671 5672 5644 5250
9 5644 5672 5673 5645 5251
9 5645 5673 5674 5646 5252
9 5646 5674 5675 5647 5253
9 5647 5675 5676 5648 5254
9 5648 5676 5677 5649 5255
9 5649 5677 5678 5650 5256
9 5650 5678 5679 5651 5257
9 5651 5679 5680 5652 5258
9 5652 5680 5681 5653 5259
9 5653 5681 5682 5654 5260
9 5654 5682 5683 5655 5261
9 5655 5683 5684 5656 5262
9 5656 5684 5685 5657 5263
9 5657 5685 5686 5658 5264
9 5658 5686 5687 5659 5265
9 5659 5687 5688 5660 5266
9 5660 5688 5689 5661 5267
9 5661 5689 5690 5662 5268
9 5662 5690 5691 5663 5269
9 5663 5691 5692 5664 5270
9 5664 5692 5693 5665 5271
9 5665 5693 5694 5666 5272
9 5666 5694 5695 5667 5273
9 5667 5695 5696 5668 5274
9 5668 5696 5697 5669 5275
9 5669 5697 5698 5670 5276
9 5670 5698 470 469 5277
9 168 169 5699 5671 5278
9 5671 5699 5700 5672 5279
9 5672 5700 5701 5673 5280
9 5673 5701 5702 5674 5281
9 5674 5702 5703 5675 5282
9 5675 5703 5704 5676 5283
9 5676 5704 5705 5677 5284
9 5677 5705 5706 5678 5285
9 5678 5706 5707 5679 5286
9 5679 5707 5708 5680 5287
9 5680 5708 5709 5681 5288
9 5681 5709 5710 5682 5289
9 5682 5710 5711 5683 5290
9 5683 5711 5712 5684 5291
9 5684 5712 5713 5685 5292
9 5685 5713 5714 5686 5293
9 5686 5714 5715 5687 5294
9 5687 5715 5716 5688 5295
9 5688 5716 5717 5689 5296
9 5689 5717 5718 5690 5297
9 5690 5718 5719 5691 5298
9 5691 5719 5720 5692 5299
9 5692 5720 5721 5693 5300
9 5693 5721 5722 5694 5301
9 5694 5722 5723 5695 5302
9 5695 5723 5724 5696 5303
9 5696 5724 5725 5697 5304
9 5697 5725 5726 5698 5305
9 5698 5726 471 470 5306
9 169 170 5727 5699 5307
9 5699 5727 5728 5700 5308
9 5700 5728 5729 5701 5309
9 5701 5729 5730 5702 5310
9 5702 5730 5731 5703 5311
9 5703 5731 5732 5704 5312
9 5704 5732 5733 5705 5313
9 5705 5733 5734 5706 5314
9 5706 5734 5735 5707 5315
9 5707 5735 5736 5708 5316
9 5708 5736 5737 5709 5317
9 5709 5737 5738 5710 5318
9 5710 5738 5739 5711 5319
9 5711 5739 5740 5712 5320
9 5712 5740 5741 5713 5321
9 5713 5741 5742 5714 5322
9 5714 5742 5743 5715 5323
9 5715 5743 5744 5716 5324
9 5716 5744 5745 5717 5325
9 5717 5745 5746 5718 5326
9 5718 5746 5747 5719 5327
9 5719 5747 5748 5720 5328
9 5720 5748 5749 5721 5329
9 5721 5749 5750 5722 5330
9 5722 5750 5751 5723 5331
9 5723 5751 5752 5724 5332
9 5724 5752 5753 5725 5333
9 5725 5753 5754 5726 5334
9 5726 5754 472 471 5335
9 170 171 5755 5727 5336
9 5727 5755 5756 5728 5337
9 5728 5756 5757 5729 5338
9 5729 5757 5758 5730 5339
9 5730 5758 5759 5731 5340
9 5731 5759 5760 5732 5341
9 5732 5760 5761 5733 5342
9 5733 5761 5762 5734 5343
9 5734 5762 5763 5735 5344
9 5735 5763 5764 5736 5345
9 5736 5764 5765 5737 5346
9 5737 5765 5766 5738 5347
9 5738 5766 5767 5739 5348
9 5739 5767 5768 5740 5349
9 5740 5768 5769 5741 5350
9 5741 5769 5770 5742 5351
9 5742 5770 5771 5743 5352
9 5743 5771 5772 5744 5353
9 5744 5772 5773 5745 5354
9 5745 5773 5774 5746 5355
9 5746 5774 5775 5747 5356
9 5747 5775 5776 5748 5357
9 5748 5776 5777 5749 5358
9 5749 5777 5778 5750 5359
9 5750 5778 5779 5751 5360
9 5751 5779 5780 5752 5361
9 5752 5780 5781 5753 5362
9 5753 5781 5782 5754 5363
9 5754 5782 473 472 5364
9 171 172 5783 5755 5365
9 5755 5783 5784 5756 5366
9 5756 5784 5785 5757 5367
9 5757 5785 5786 5758 5368
9 5758 5786 5787 5759 5369
9 5759 5787 5788 5760 5370
9 5760 5788 5789 5761 5371
9 5761 5789 5790 5762 5372
9 5762 5790 5791 5763 5373
9 5763 5791 5792 5764 5374
9 5764 5792 5793 5765 5375
9 5765 5793 5794 5766 5376
9 5766 5794 5795 5767 5377
9 5767 5795 5796 5768 5378
9 5768 5796 5797 5769 5379
9 5769 5797 5798 5770 5380
9 5770 5798 5799 5771 5381
9 5771 5799 5800 5772 5382
9 5772 5800 5801 5773 5383
9 5773 5801 5802 5774 5384
9 5774 5802 5803 5775 5385
9 5775 5803 5804 5776 5386
9 5776 5804 5805 5777 5387
9 5777 5805 5806 5778 5388
9 5778 5806 5807 5779 5389
9 5779 5807 5808 5780 5390
9 5780 5808 5809 5781 5391
9 5781 5809 5810 5782 5392
9 5782 5810 474 473 5393
9 172 173 5811 5783 5394
9 5783 5811 5812 5784 5395
9 5784 5812 5813 5785 5396
9 5785 5813 5814 5786 5397
9 5786 5814 5815 5787 5398
9 5787 5815 5816 5788 5399
9 5788 5816 5817 5789 5400
9 5789 5817 5818 5790 5401
9 5790 5818 5819 5791 5402
9 5791 5819 5820 5792 5403
9 5792 5820 5821 5793 5404
9 5793 5821 5822 5794 5405
9 5794 5822 5823 5795 5406
9 5795 5823 5824 5796 5407
9 5796 5824 5825 5797 5408
9 5797 5825 5826 5798 5409
9 5798 5826 5827 5799 5410
9 5799 5827 5828 5800 5411
9 5800 5828 5829 5801 5412
9 5801 5829 5830 5802 5413
9 5802 5830 5831 5803 5414
9 5803 5831 5832 5804 5415
9 5804 5832 5833 5805 5416
9 5805 5833 5834 5806 5417
9 5806 5834 5835 5807 5418
9 5807 5835 5836 5808 5419
9 5808 5836 5837 5809 5420
9 5809 5837 5838 5810 5421
9 5810 5838 475 474 5422
9 173 174 5839 5811 5423
9 5811 5839 5840 5812 5424
9 5812 5840 5841 5813 5425
9 5813 5841 5842 5814 5426
9 5814 5842 5843 5815 5427
9 5815 5843 5844 5816 5428
9 5816 5844 5845 5817 5429
9 5817 5845 5846 5818 5430
9 5818 5846 5847 5819 5431
9 5819 5847 5848 5820 5432
9 5820 5848 5849 5821 5433
9 5821 5849 5850 5822 5434
9 5822 5850 5851 5823 5435
9 5823 5851 5852 5824 5436
9 5824 5852 5853 5825 5437
9 5825 5853 5854 5826 5438
9 5826 5854 5855 5827 5439
9 5827 5855 5856 5828 5440
9 5828 5856 5857 5829 5441
9 5829 5857 5858 5830 5442
9 5830 5858 5859 5831 5443
9 5831 5859 5860 5832 5444
9 5832 5860 5861 5833 5445
9 5833 5861 5862 5834 5446
9 5834 5862 5863 5835 5447
9 5835 5863 5864 5836 5448
9 5836 5864 5865 5837 5449
9 5837 5865 5866 5838 5450
9 5838 5866 476 475 5451
9 174 175 5867 5839 5452
9 5839 5867 5868 5840 5453
9 5840 5868 5869 5841 5454
9 5841 5869 5870 5842 5455
9 5842 5870 5871 5843 5456
9 5843 5871 5872 5844 5457
9 5844 5872 5873 5845 5458
9 5845 5873 5874 5846 5459
9 5846 5874 5875 5847 5460
9 5847 5875 5876 5848 5461
9 5848 5876 5877 5849 5462
9 5849 5877 5878 5850 5463
9 5850 5878 5879 5851 5464
9 5851 5879 5880 5852 5465
9 5852 5880 5881 5853 5466
9 5853 5881 5882 5854 5467
9 5854 5882 5883 5855 5468
9 5855 5883 5884 5856 5469
9 5856 5884 5885 5857 5470
9 5857 5885 5886 5858 5471
9 5858 5886 5887 5859 5472
9 5859 5887 5888 5860 5473
9 5860 5888 5889 5861 5474
9 5861 5889 5890 5862 5475
9 5862 5890 5891 5863 5476
9 5863 5891 5892 5864 5477
9 5864 5892 5893 5865 5478
9 5865 5893 5894 5866 5479
9 5866 5894 477 476 5480
9 175 176 5895 5867 5481
9 5867 5895 5896 5868 5482
9 5868 5896 5897 5869 5483
9 5869 5897 5898 5870 5484
9 5870 5898 5899 5871 5485
9 5871 5899 5900 5872 5486
9 5872 5900 5901 5873 5487
9 5873 5901 5902 5874 5488
9 5874 5902 5903 5875 5489
9 5875 5903 5904 5876 5490
9 5876 5904 5905 5877 5491
9 5877 5905 5906 5878 5492
9 5878 5906 5907 5879 5493
9 5879 5907 5908 5880 5494
9 5880 5908 5909 5881 5495
9 5881 5909 5910 5882 5496
9 5882 5910 5911 5883 5497
9 5883 5911 5912 5884 5498
9 5884 5912 5913 5885 5499
9 5885 5913 5914 5886 5500
9 5886 5914 5915 5887 5501
9 5887 5915 5916 5888 5502
9 5888 5916 5917 5889 5503
9 5889 5917 5918 5890 5504
9 5890 5918 5919 5891 5505
9 5891 5919 5920 5892 5506
9 5892 5920 5921 5893 5507
9 5893 5921 5922 5894 5508
9 5894 5922 478 477 5509
9 176 177 5923 5895 5510
9 5895 5923 5924 5896 5511
9 5896 5924 5925 5897 5512
9 5897 5925 5926 5898 5513
9 5898 5926 5927 5899 5514
9 5899 5927 5928 5900 5515
9 5900 5928 5929 5901 5516
9 5901 5929 5930 5902 5517
9 5902 5930 5931 5903 5518
9 5903 5931 5932 5904 5519
9 5904 5932 5933 5905 5520
9 5905 5933 5934 5906 5521
9 5906 5934 5935 5907 5522
9 5907 5935 5936 5908 5523
9 5908 5936 5937 5909 5524
9 5909 5937 5938 5910 5525
9 5910 5938 5939 5911 5526
9 5911 5939 5940 5912 5527
9 5912 5940 5941 5913 5528
9 5913 5941 5942 5914 5529
9 5914 5942 5943 5915 5530
9 5915 5943 5944 5916 5531
9 5916 5944 5945 5917 5532
9 5917 5945 5946 5918 5533
9 5918 5946 5947 5919 5534
9 5919 5947 5948 5920 5535
9 5920 5948 5949 5921 5536
9 5921 5949 5950 5922 5537
9 5922 5950 479 478 5538
9 177 178 5951 5923 5539
9 5923 5951 5952 5924 5540
9 5924 5952 5953 5925 5541
9 5925 5953 5954 5926 5542
9 5926 5954 5955 5927 5543
9 5927 5955 5956 5928 5544
9 5928 5956 5957 5929 5545
9 5929 5957 5958 5930 5546
9 5930 5958 5959 5931 5547
9 5931 5959 5960 5932 5548
9 5932 5960 5961 5933 5549
9 5933 5961 5962 5934 5550
9 5934 5962 5963 5935 5551
9 5935 5963 5964 5936 5552
9 5936 5964 5965 5937 5553
9 5937 5965 5966 5938 5554
9 5938 5966 5967 5939 5555
9 5939 5967 5968 5940 5556
9 5940 5968 5969 5941 5557
9 5941 5969 5970 5942 5558
9 5942 5970 5971 5943 5559
9 5943 5971 5972 5944 5560
9 5944 5972 5973 5945 5561
9 5945 5973 5974 5946 5562
9 5946 5974 5975 5947 5563
9 5947 5975 5976 5948 5564
9 5948 5976 5977 5949 5565
9 5949 5977 5978 5950 5566
9 5950 5978 480 479 5567
9 178 179 5979 5951 5568
9 5951 5979 5980 5952 5569
9 5952 5980 5981 5953 5570
9 5953 5981 5982 5954 5571
9 5954 5982 5983 5955 5572
9 5955 5983 5984 5956 5573
9 5956 5984 5985 5957 5574
9 5957 5985 5986 5958 5575
9 5958 5986 5987 5959 5576
9 5959 5987 5988 5960 5577
9 5960 5988 5989 5961 5578
9 5961 5989 5990 5962 5579
9 5962 5990 5991 5963 5580
9 5963 5991 5992 5964 5581
9 5964 5992 5993 5965 5582
9 5965 5993 5994 5966 5583
9 5966 5994 5995 5967 5584
9 5967 5995 5996 5968 5585
9 5968 5996 5997 5969 5586
9 5969 5997 5998 5970 5587
9 5970 5998 5999 5971 5588
9 5971 5999 6000 5972 5589
9 5972 6000 6001 5973 5590
9 5973 6001 6002 5974 5591
9 5974 6002 6003 5975 5592
9 5975 6003 6004 5976 5593
9 5976 6004 6005 5977 5594
9 5977 6005 6006 5978 5595
9 5978 6006 481 480 5596
9 179 180 6007 5979 5597
9 5979 6007 6008 5980 5598
9 5980 6008 6009 5981 5599
9 5981 6009 6010 5982 5600
9 5982 6010 6011 5983 5601
9 5983 6011 6012 5984 5602
9 5984 6012 6013 5985 5603
9 5985 6013 6014 5986 5604
9 5986 6014 6015 5987 5605
9 5987 6015 6016 5988 5606
9 5988 6016 6017 5989 5607
9 5989 6017 6018 5990 5608
9 5990 6018 6019 5991 5609
9 5991 6019 6020 5992 5610
9 5992 6020 6021 5993 5611
9 5993 6021 6022 5994 5612
9 5994 6022 6023 5995 5613
9 5995 6023 6024 5996 5614
9 5996 6024 6025 5997 5615
9 5997 6025 6026 5998 5616
9 5998 6026 6027 5999 5617
9 5999 6027 6028 6000 5618
9 6000 6028 6029 6001 5619
9 6001 6029 6030 6002 5620
9 6002 6030 6031 6003 5621
9 6003 6031 6032 6004 5622
9 6004 6032 6033 6005 5623
9 6005 6033 6034 6006 5624
9 6006 6034 482 481 5625
9 180 181 6035 6007 5626
9 6007 6035 6036 6008 5627
9 6008 6036 6037 6009 5628
9 6009 6037 6038 6010 5629
9 6010 6038 6039 6011 5630
9 6011 6039 6040 6012 5631
9 6012 6040 6041 6013 5632
9 6013 6041 6042 6014 5633
9 6014 6042 6043 6015 5634
9 6015 6043 6044 6016 5635
9 6016 6044 6045 6017 5636
9 6017 6045 6046 6018 5637
9 6018 6046 6047 6019 5638
9 6019 6047 6048 6020 5639
9 6020 6048 6049 6021 5640
9 6021 6049 6050 6022 5641
9 6022 6050 6051 6023 5642
9 6023 6051 6052 6024 5643
9 6024 6052 6053 6025 5644
9 6025 6053 6054 6026 5645
9 6026 6054 6055 6027 5646
9 6027 6055 6056 6028 5647
9 6028 6056 6057 6029 5648
9 6029 6057 6058 6030 5649
9 6030 6058 6059 6031 5650
9 6031 6059 6060 6032 5651
9 6032 6060 6061 6033 5652
9 6033 6061 6062 6034 5653
9 6034 6062 483 482 5654
9 181 182 6063 6035 5655
9 6035 6063 6064 6036 5656
9 6036 6064 6065 6037 5657
9 6037 6065 6066 6038 5658
9 6038 6066 6067 6039 5659
9 6039 6067 6068 6040 5660
9 6040 6068 6069 6041 5661
9 6041 6069 6070 6042 5662
9 6042 6070 6071 6043 5663
9 6043 6071 6072 6044 5664
9 6044 6072 6073 6045 5665
9 6045 6073 6074 6046 5666
9 6046 6074 6075 6047 5667
9 6047 6075 6076 6048 5668
9 6048 6076 6077 6049 5669
9 6049 6077 6078 6050 5670
9 6050 6078 6079 6051 5671
9 6051 6079 6080 6052 5672
9 6052 6080 6081 6053 5673
9 6053 6081 6082 6054 5674
9 6054 6082 6083 6055 5675
9 6055 6083 6084 6056 5676
9 6056 6084 6085 6057 5677
9 6057 6085 6086 6058 5678
9 6058 6086 6087 6059 5679
9 6059 6087 6088 6060 5680
9 6060 6088 6089 6061 5681
9 6061 6089 6090 6062 5682
9 6062 6090 484 483 5683
9 182 183 6091 6063 5684
9 6063 6091 6092 6064 5685
9 6064 6092 6093 6065 5686
9 6065 6093 6094 6066 5687
9 6066 6094 6095 6067 5688
9 6067 6095 6096 6068 5689
9 6068 6096 6097 6069 5690
9 6069 6097 6098 6070 5691
9 6070 6098 6099 6071 5692
9 6071 6099 6100 6072 5693
9 6072 6100 6101 6073 5694
9 6073 6101 6102 6074 5695
9 6074 6102 6103 6075 5696
9 6075 6103 6104 6076 5697
9 6076 6104 6105 6077 5698
9 6077 6105 6106 6078 5699
9 6078 6106 6107 6079 5700
9 6079 6107 6108 6080 5701
9 6080 6108 6109 6081 5702
9 6081 6109 6110 6082 5703
9 6082 6110 6111 6083 5704
9 6083 6111 6112 6084 5705
9 6084 6112 6113 6085 5706
9 6085 6113 6114 6086 5707
9 6086 6114 6115 6087 5708
9 6087 6115 6116 6088 5709
9 6088 6116 6117 6089 5710
9 6089 6117 6118 6090 5711
9 6090 6118 485 484 5712
9 183 184 6119 6091 5713
9 6091 6119 6120 6092 5714
9 6092 6120 6121 6093 5715
9 6093 6121 6122 6094 5716
9 6094 6122 6123 6095 5717
9 6095 6123 6124 6096 5718
9 6096 6124 6125 6097 5719
9 6097 6125 6126 6098 5720
9 6098 6126 6127 6099 5721
9 6099 6127 6128 6100 5722
9 6100 6128 6129 6101 5723
9 6101 6129 6130 6102 5724
9 6102 6130 6131 6103 5725
9 6103 6131 6132 6104 5726
9 6104 6132 6133 6105 5727
9 6105 6133 6134 6106 5728
9 6106 6134 6135 6107 5729
9 6107 6135 6136 6108 5730
9 6108 6136 6137 6109 5731
9 6109 6137 6138 6110 5732
9 6110 6138 6139 6111 5733
9 6111 6139 6140 6112 5734
9 6112 6140 6141 6113 5735
9 6113 6141 6142 6114 5736
9 6114 6142 6143 6115 5737
9 6115 6143 6144 6116 5738
9 6116 6144 6145 6117 5739
9 6117 6145 6146 6118 5740
9 6118 6146 486 485 5741
9 184 185 6147 6119 5742
9 6119 6147 6148 6120 5743
9 6120 6148 6149 6121 5744
9 6121 6149 6150 6122 5745
9 6122 6150 6151 6123 5746
9 6123 6151 6152 6124 5747
9 6124 6152 6153 6125 5748
9 6125 6153 6154 6126 5749
9 6126 6154 6155 6127 5750
9 6127 6155 6156 6128 5751
9 6128 6156 6157 6129 5752
9 6129 6157 6158 6130 5753
9 6130 6158 6159 6131 5754
9 6131 6159 6160 6132 5755
9 6132 6160 6161 6133 5756
9 6133 6161 6162 6134 5757
9 6134 6162 6163 6135 5758
9 6135 6163 6164 6136 5759
9 6136 6164 6165 6137 5760
9 6137 6165 6166 6138 5761
9 6138 6166 6167 6139 5762
9 6139 6167 6168 6140 5763
9 6140 6168 6169 6141 5764
9 6141 6169 6170 6142 5765
9 6142 6170 6171 6143 5766
9 6143 6171 6172 6144 5767
9 6144 6172 6173 6145 5768
9 6145 6173 6174 6146 5769
9 6146 6174 487 486 5770
9 185 186 6175 6147 5771
9 6147 6175 6176 6148 5772
9 6148 6176 6177 6149 5773
9 6149 6177 6178 6150 5774
9 6150 6178 6179 6151 5775
9 6151 6179 6180 6152 5776
9 6152 6180 6181 6153 5777
9 6153 6181 6182 6154 5778
9 6154 6182 6183 6155 5779
9 6155 6183 6184 6156 5780
9 6156 6184 6185 6157 5781
9 6157 6185 6186 6158 5782
9 6158 6186 6187 6159 5783
9 6159 6187 6188 6160 5784
9 6160 6188 6189 6161 5785
9 6161 6189 6190 6162 5786
9 6162 6190 6191 6163 5787
9 6163 6191 6192 6164 5788
9 6164 6192 6193 6165 5789
9 6165 6193 6194 6166 5790
9 6166 6194 6195 6167 5791
9 6167 6195 6196 6168 5792
9 6168 6196 6197 6169 5793
9 6169 6197 6198 6170 5794
9 6170 6198 6199 6171 5795
9 6171 6199 6200 6172 5796
9 6172 6200 6201 6173 5797
9 6173 6201 6202 6174 5798
9 6174 6202 488 487 5799
9 186 187 6203 6175 5800
9 6175 6203 6204 6176 5801
9 6176 6204 6205 6177 5802
9 6177 6205 6206 6178 5803
9 6178 6206 6207 6179 5804
9 6179 6207 6208 6180 5805
9 6180 6208 6209 6181 5806
9 6181 6209 6210 6182 5807
9 6182 6210 6211 6183 5808
9 6183 6211 6212 6184 5809
9 6184 6212 6213 6185 5810
9 6185 6213 6214 6186 5811
9 6186 6214 6215 6187 5812
9 6187 6215 6216 6188 5813
9 6188 6216 6217 6189 5814
9 6189 6217 6218 6190 5815
9 6190 6218 6219 6191 5816
9 6191 6219 6220 6192 5817
9 6192 6220 6221 6193 5818
9 6193 6221 6222 6194 5819
9 6194 6222 6223 6195 5820
9 6195 6223 6224 6196 5821
9 6196 6224 6225 6197 5822
9 6197 6225 6226 6198 5823
9 6198 6226 6227 6199 5824
9 6199 6227 6228 6200 5825
9 6200 6228 6229 6201 5826
9 6201 6229 6230 6202 5827
9 6202 6230 489 488 5828
9 187 188 6231 6203 5829
9 6203 6231 6232 6204 5830
9 6204 6232 6233 6205 5831
9 6205 6233 6234 6206 5832
9 6206 6234 6235 6207 5833
9 6207 6235 6236 6208 5834
9 6208 6236 6237 6209 5835
9 6209 6237 6238 6210 5836
9 6210 6238 6239 6211 5837
9 6211 6239 6240 6212 5838
9 6212 6240 6241 6213 5839
9 6213 6241 6242 6214 5840
9 6214 6242 6243 6215 5841
9 6215 6243 6244 6216 5842
9 6216 6244 6245 6217 5843
9 6217 6245 6246 6218 5844
9 6218 6246 6247 6219 5845
9 6219 6247 6248 6220 5846
9 6220 6248 6249 6221 5847
9 6221 6249 6250 6222 5848
9 6222 6250 6251 6223 5849
9 6223 6251 6252 6224 5850
9 6224 6252 6253 6225 5851
9 6225 6253 6254 6226 5852
9 6226 6254 6255 6227 5853
9 6227 6255 6256 6228 5854
9 6228 6256 6257 6229 5855
9 6229 6257 6258 6230 5856
9 6230 6258 490 489 5857
9 188 189 6259 6231 5858
9 6231 6259 6260 6232 5859
9 6232 6260 6261 6233 5860
9 6233 6261 6262 6234 5861
9 6234 6262 6263 6235 5862
9 6235 6263 6264 6236 5863
9 6236 6264 6265 6237 5864
9 6237 6265 6266 6238 5865
9 6238 6266 6267 6239 5866
9 6239 6267 6268 6240 5867
9 6240 6268 6269 6241 5868
9 6241 6269 6270 6242 5869
9 6242 6270 6271 6243 5870
9 6243 6271 6272 6244 5871
9 6244 6272 6273 6245 5872
9 6245 6273 6274 6246 5873
9 6246 6274 6275 6247 5874
9 6247 6275 6276 6248 5875
9 6248 6276 6277 6249 5876
9 6249 6277 6278 6250 5877
9 6250 6278 6279 6251 5878
9 6251 6279 6280 6252 5879
9 6252 6280 6281 6253 5880
9 6253 6281 6282 6254 5881
9 6254 6282 6283 6255 5882
9 6255 6283 6284 6256 5883
9 6256 6284 6285 6257 5884
9 6257 6285 6286 6258 5885
9 6258 6286 491 490 5886
9 189 190 6287 6259 5887
9 6259 6287 6288 6260 5888
9 6260 6288 6289 6261 5889
9 6261 6289 6290 6262 5890
9 6262 6290 6291 6263 5891
9 6263 6291 6292 6264 5892
9 6264 6292 6293 6265 5893
9 6265 6293 6294 6266 5894
9 6266 6294 6295 6267 5895
9 6267 6295 6296 6268 5896
9 6268 6296 6297 6269 5897
9 6269 6297 6298 6270 5898
9 6270 6298 6299 6271 5899
9 6271 6299 6300 6272 5900
9 6272 6300 6301 6273 5901
9 6273 6301 6302 6274 5902
9 6274 6302 6303 6275 5903
9 6275 6303 6304 6276 5904
9 6276 6304 6305 6277 5905
9 6277 6305 6306 6278 5906
9 6278 6306 6307 6279 5907
9 6279 6307 6308 6280 5908
9 6280 6308 6309 6281 5909
9 6281 6309 6310 6282 5910
9 6282 6310 6311 6283 5911
9 6283 6311 6312 6284 5912
9 6284 6312 6313 6285 5913
9 6285 6313 6314 6286 5914
9 6286 6314 492 491 5915
9 190 7 511 6287 5916
9 6287 511 512 6288 5917
9 6288 512 513 6289 5918
9 6289 513 514 6290 5919
9 6290 514 515 6291 5920
9 6291 515 516 6292 5921
9 6292 516 517 6293 5922
9 6293 517 518 6294 5923
9 6294 518 519 6295 5924
9 6295 519 520 6296 5925
9 6296 520 521 6297 5926
9 6297 521 522 6298 5927
9 6298 522 523 6299 5928
9 6299 523 524 6300 5929
9 6300 524 525 6301 5930
9 6301 525 526 6302 5931
9 6302 526 527 6303 5932
9 6303 527 528 6304 5933
9 6304 528 529 6305 5934
9 6305 529 530 6306 5935
9 6306 530 531 6307 5936
9 6307 531 532 6308 5937
9 6308 532 533 6309 5938
9 6309 533 534 6310 5939
9 6310 534 535 6311 5940
9 6311 535 536 6312 5941
9 6312 536 537 6313 5942
9 6313 537 538 6314 5943
9 6314 538 10 492 5944
9 7 191 6315 511 5945
9 511 6315 6316 512 5946
9 512 6316 6317 513 5947
9 513 6317 6318 514 5948
9 514 6318 6319 515 5949
9 515 6319 6320 516 5950
9 516 6320 6321 517 5951
9 517 6321 6322 518 5952
9 518 6322 6323 519 5953
9 519 6323 6324 520 5954
9 520 6324 6325 521 5955
9 521 6325 6326 522 5956
9 522 6326 6327 523 5957
9 523 6327 6328 524 5958
9 524 6328 6329 525 5959
9 525 6329 6330 526 5960
9 526 6330 6331 527 5961
9 527 6331 6332 528 5962
9 528 6332 6333 529 5963
9 529 6333 6334 530 5964
9 530 6334 6335 531 5965
9 531 6335 6336 532 5966
9 532 6336 6337 533 5967
9 533 6337 6338 534 5968
9 534 6338 6339 535 5969
9 535 6339 6340 536 5970
9 536 6340 6341 537 5971
9 537 6341 6342 538 5972
9 538 6342 493 10 5973
9 191 192 6343 6315 5974
9 6315 6343 6344 6316 5975
9 6316 6344 6345 6317 5976
9 6317 6345 6346 6318 5977
9 6318 6346 6347 6319 5978
9 6319 6347 6348 6320 5979
9 6320 6348 6349 6321 5980
9 6321 6349 6350 6322 5981
9 6322 6350 6351 6323 5982
9 6323 6351 6352 6324 5983
9 6324 6352 6353 6325 5984
9 6325 6353 6354 6326 5985
9 6326 6354 6355 6327 5986
9 6327 6355 6356 6328 5987
9 6328 6356 6357 6329 5988
9 6329 6357 6358 6330 5989
9 6330 6358 6359 6331 5990
9 6331 6359 6360 6332 5991
9 6332 6360 6361 6333 5992
9 6333 6361 6362 6334 5993
9 6334 6362 6363 6335 5994
9 6335 6363 6364 6336 5995
9 6336 6364 6365 6337 5996
9 6337 6365 6366 6338 5997
9 6338 6366 6367 6339 5998
9 6339 6367 6368 6340 5999
9 6340 6368 6369 6341 6000
9 6341 6369 6370 6342 6001
9 6342 6370 494 493 6002
9 192 193 6371 6343 6003
9 6343 6371 6372 6344 6004
9 6344 6372 6373 6345 6005
9 6345 6373 6374 6346 6006
9 6346 6374 6375 6347 6007
9 6347 6375 6376 6348 6008
9 6348 6376 6377 6349 6009
9 6349 6377 6378 6350 6010
9 6350 6378 6379 6351 6011
9 6351 6379 6380 6352 6012
9 6352 6380 6381 6353 6013
9 6353 6381 6382 6354 6014
9 6354 6382 6383 6355 6015
9 6355 6383 6384 6356 6016
9 6356 6384 6385 6357 6017
9 6357 6385 6386 6358 6018
9 6358 6386 6387 6359 6019
9 6359 6387 6388 6360 6020
9 6360 6388 6389 6361 6021
9 6361 6389 6390 6362 6022
9 6362 6390 6391 6363 6023
9 6363 6391 6392 6364 6024
9 6364 6392 6393 6365 6025
9 6365 6393 6394 6366 6026
9 6366 6394 6395 6367 6027
9 6367 6395 6396 6368 6028
9 6368 6396 6397 6369 6029
9 6369 6397 6398 6370 6030
9 6370 6398 495 494 6031
9 193 194 6399 6371 6032
9 6371 6399 6400 6372 6033
9 6372 6400 6401 6373 6034
9 6373 6401 6402 6374 6035
9 6374 6402 6403 6375 6036
9 6375 6403 6404 6376 6037
9 6376 6404 6405 6377 6038
9 6377 6405 6406 6378 6039
9 6378 6406 6407 6379 6040
9 6379 6407 6408 6380 6041
9 6380 6408 6409 6381 6042
9 6381 6409 6410 6382 6043
9 6382 6410 6411 6383 6044
9 6383 6411 6412 6384 6045
9 6384 6412 6413 6385 6046
9 6385 6413 6414 6386 6047
9 6386 6414 6415 6387 6048
9 6387 6415 6416 6388 6049
9 6388 6416 6417 6389 6050
9 6389 6417 6418 6390 6051
9 6390 6418 6419 6391 6052
9 6391 6419 6420 6392 6053
9 6392 6420 6421 6393 6054
9 6393 6421 6422 6394 6055
9 6394 6422 6423 6395 6056
9 6395 6423 6424 6396 6057
9 6396 6424 6425 6397 6058
9 6397 6425 6426 6398 6059
9 6398 6426 496 495 6060
9 194 195 6427 6399 6061
9 6399 6427 6428 6400 6062
9 6400 6428 6429 6401 6063
9 6401 6429 6430 6402 6064
9 6402 6430 6431 6403 6065
9 6403 6431 6432 6404 6066
9 6404 6432 6433 6405 6067
9 6405 6433 6434 6406 6068
9 6406 6434 6435 6407 6069
9 6407 6435 6436 6408 6070
9 6408 6436 6437 6409 6071
9 6409 6437 6438 6410 6072
9 6410 6438 6439 6411 6073
9 6411 6439 6440 6412 6074
9 6412 6440 6441 6413 6075
9 6413 6441 6442 6414 6076
9 6414 6442 6443 6415 6077
9 6415 6443 6444 6416 6078
9 6416 6444 6445 6417 6079
9 6417 6445 6446 6418 6080
9 6418 6446 6447 6419 6081
9 6419 6447 6448 6420 6082
9 6420 6448 6449 6421 6083
9 6421 6449 6450 6422 6084
9 6422 6450 6451 6423 6085
9 6423 6451 6452 6424 6086
9 6424 6452 6453 6425 6087
9 6425 6453 6454 6426 6088
9 6426 6454 497 496 6089
9 195 196 6455 6427 6090
9 6427 6455 6456 6428 6091
9 6428 6456 6457 6429 6092
9 6429 6457 6458 6430 6093
9 6430 6458 6459 6431 6094
9 6431 6459 6460 6432 6095
9 6432 6460 6461 6433 6096
9 6433 6461 6462 6434 6097
9 6434 6462 6463 6435 6098
9 6435 6463 6464 6436 6099
9 6436 6464 6465 6437 6100
9 6437 6465 6466 6438 6101
9 6438 6466 6467 6439 6102
9 6439 6467 6468 6440 6103
9 6440 6468 6469 6441 6104
9 6441 6469 6470 6442 6105
9 6442 6470 6471 6443 6106
9 6443 6471 6472 6444 6107
9 6444 6472 6473 6445 6108
9 6445 6473 6474 6446 6109
9 6446 6474 6475 6447 6110
9 6447 6475 6476 6448 6111
9 6448 6476 6477 6449 6112
9 6449 6477 6478 6450 6113
9 6450 6478 6479 6451 6114
9 6451 6479 6480 6452 6115
9 6452 6480 6481 6453 6116
9 6453 6481 6482 6454 6117
9 6454 6482 498 497 6118
9 196 197 6483 6455 6119
9 6455 6483 6484 6456 6120
9 6456 6484 6485 6457 6121
9 6457 6485 6486 6458 6122
9 6458 6486 6487 6459 6123
9 6459 6487 6488 6460 6124
9 6460 6488 6489 6461 6125
9 6461 6489 6490 6462 6126
9 6462 6490 6491 6463 6127
9 6463 6491 6492 6464 6128
9 6464 6492 6493 6465 6129
9 6465 6493 6494 6466 6130
9 6466 6494 6495 6467 6131
9 6467 6495 6496 6468 6132
9 6468 6496 6497 6469 6133
9 6469 6497 6498 6470 6134
9 6470 6498 6499 6471 6135
9 6471 6499 6500 6472 6136
9 6472 6500 6501 6473 6137
9 6473 6501 6502 6474 6138
9 6474 6502 6503 6475 6139
9 6475 6503 6504 6476 6140
9 6476 6504 6505 6477 6141
9 6477 6505 6506 6478 6142
9 6478 6506 6507 6479 6143
9 6479 6507 6508 6480 6144
9 6480 6508 6509 6481 6145
9 6481 6509 6510 6482 6146
9 6482 6510 499 498 6147
9 197 198 6511 6483 6148
9 6483 6511 6512 6484 6149
9 6484 6512 6513 6485 6150
9 6485 6513 6514 6486 6151
9 6486 6514 6515 6487 6152
9 6487 6515 6516 6488 6153
9 6488 6516 6517 6489 6154
9 6489 6517 6518 6490 6155
9 6490 6518 6519 6491 6156
9 6491 6519 6520 6492 6157
9 6492 6520 6521 6493 6158
9 6493 6521 6522 6494 6159
9 6494 6522 6523 6495 6160
9 6495 6523 6524 6496 6161
9 6496 6524 6525 6497 6162
9 6497 6525 6526 6498 6163
9 6498 6526 6527 6499 6164
9 6499 6527 6528 6500 6165
9 6500 6528 6529 6501 6166
9 6501 6529 6530 6502 6167
9 6502 6530 6531 6503 6168
9 6503 6531 6532 6504 6169
9 6504 6532 6533 6505 6170
9 6505 6533 6534 6506 6171
9 6506 6534 6535 6507 6172
9 6507 6535 6536 6508 6173
9 6508 6536 6537 6509 6174
9 6509 6537 6538 6510 6175
9 6510 6538 500 499 6176
9 198 199 6539 6511 6177
9 6511 6539 6540 6512 6178
9 6512 6540 6541 6513 6179
9 6513 6541 6542 6514 6180
9 6514 6542 6543 6515 6181
9 6515 6543 6544 6516 6182
9 6516 6544 6545 6517 6183
9 6517 6545 6546 6518 6184
9 6518 6546 6547 6519 6185
9 6519 6547 6548 6520 6186
9 6520 6548 6549 6521 6187
9 6521 6549 6550 6522 6188
9 6522 6550 6551 6523 6189
9 6523 6551 6552 6524 6190
9 6524 6552 6553 6525 6191
9 6525 6553 6554 6526 6192
9 6526 6554 6555 6527 6193
9 6527 6555 6556 6528 6194
9 6528 6556 6557 6529 6195
9 6529 6557 6558 6530 6196
9 6530 6558 6559 6531 6197
9 6531 6559 6560 6532 6198
9 6532 6560 6561 6533 6199
9 6533 6561 6562 6534 6200
9 6534 6562 6563 6535 6201
9 6535 6563 6564 6536 6202
9 6536 6564 6565 6537 6203
9 6537 6565 6566 6538 6204
9 6538 6566 501 500 6205
9 199 200 6567 6539 6206
9 6539 6567 6568 6540 6207
9 6540 6568 6569 6541 6208
9 6541 6569 6570 6542 6209
9 6542 6570 6571 6543 6210
9 6543 6571 6572 6544 6211
9 6544 6572 6573 6545 6212
9 6545 6573 6574 6546 6213
9 6546 6574 6575 6547 6214
9 6547 6575 6576 6548 6215
9 6548 6576 6577 6549 6216
9 6549 6577 6578 6550 6217
9 6550 6578 6579 6551 6218
9 6551 6579 6580 6552 6219
9 6552 6580 6581 6553 6220
9 6553 6581 6582 6554 6221
9 6554 6582 6583 6555 6222
9 6555 6583 6584 6556 6223
9 6556 6584 6585 6557 6224
9 6557 6585 6586 6558 6225
9 6558 6586 6587 6559 6226
9 6559 6587 6588 6560 6227
9 6560 6588 6589 6561 6228
9 6561 6589 6590 6562 6229
9 6562 6590 6591 6563 6230
9 6563 6591 6592 6564 6231
9 6564 6592 6593 6565 6232
9 6565 6593 6594 6566 6233
9 6566 6594 502 501 6234
9 200 201 6595 6567 6235
9 6567 6595 6596 6568 6236
9 6568 6596 6597 6569 6237
9 6569 6597 6598 6570 6238
9 6570 6598 6599 6571 6239
9 6571 6599 6600 6572 6240
9 6572 6600 6601 6573 6241
9 6573 6601 6602 6574 6242
9 6574 6602 6603 6575 6243
9 6575 6603 6604 6576 6244
9 6576 6604 6605 6577 6245
9 6577 6605 6606 6578 6246
9 6578 6606 6607 6579 6247
9 6579 6607 6608 6580 6248
9 6580 6608 6609 6581 6249
9 6581 6609 6610 6582 6250
9 6582 6610 6611 6583 6251
9 6583 6611 6612 6584 6252
9 6584 6612 6613 6585 6253
9 6585 6613 6614 6586 6254
9 6586 6614 6615 6587 6255
9 6587 6615 6616 6588 6256
9 6588 6616 6617 6589 6257
9 6589 6617 6618 6590 6258
9 6590 6618 6619 6591 6259
9 6591 6619 6620 6592 6260
9 6592 6620 6621 6593 6261
9 6593 6621 6622 6594 6262
9 6594 6622 503 502 6263
9 201 202 6623 6595 6264
9 6595 6623 6624 6596 6265
9 6596 6624 6625 6597 6266
9 6597 6625 6626 6598 6267
9 6598 6626 6627 6599 6268
9 6599 6627 6628 6600 6269
9 6600 6628 6629 6601 6270
9 6601 6629 6630 6602 6271
9 6602 6630 6631 6603 6272
9 6603 6631 6632 6604 6273
9 6604 6632 6633 6605 6274
9 6605 6633 6634 6606 6275
9 6606 6634 6635 6607 6276
9 6607 6635 6636 6608 6277
9 6608 6636 6637 6609 6278
9 6609 6637 6638 6610 6279
9 6610 6638 6639 6611 6280
9 6611 6639 6640 6612 6281
9 6612 6640 6641 6613 6282
9 6613 6641 6642 6614 6283
9 6614 6642 6643 6615 6284
9 6615 6643 6644 6616 6285
9 6616 6644 6645 6617 6286
9 6617 6645 6646 6618 6287
9 6618 6646 6647 6619 6288
9 6619 6647 6648 6620 6289
9 6620 6648 6649 6621 6290
9 6621 6649 6650 6622 6291
9 6622 6650 504 503 6292
9 202 203 6651 6623 6293
9 6623 6651 6652 6624 6294
9 6624 6652 6653 6625 6295
9 6625 6653 6654 6626 6296
9 6626 6654 6655 6627 6297
9 6627 6655 6656 6628 6298
9 6628 6656 6657 6629 6299
9 6629 6657 6658 6630 6300
9 6630 6658 6659 6631 6301
9 6631 6659 6660 6632 6302
9 6632 6660 6661 6633 6303
9 6633 6661 6662 6634 6304
9 6634 6662 6663 6635 6305
9 6635 6663 6664 6636 6306
9 6636 6664 6665 6637 6307
9 6637 6665 6666 6638 6308
9 6638 6666 6667 6639 6309
9 6639 6667 6668 6640 6310
9 6640 6668 6669 6641 6311
9 6641 6669 6670 6642 6312
9 6642 6670 6671 6643 6313
9 6643 6671 6672 6644 6314
9 6644 6672 6673 6645 6315
9 6645 6673 6674 6646 6316
9 6646 6674 6675 6647 6317
9 6647 6675 6676 6648 6318
9 6648 6676 6677 6649 6319
9 6649 6677 6678 6650 6320
9 6650 6678 505 504 6321
9 203 204 6679 6651 6322
9 6651 6679 6680 6652 6323
9 6652 6680 6681 6653 6324
9 6653 6681 6682 6654 6325
9 6654 6682 6683 6655 6326
9 6655 6683 6684 6656 6327
9 6656 6684 6685 6657 6328
9 6657 6685 6686 6658 6329
9 6658 6686 6687 6659 6330
9 6659 6687 6688 6660 6331
9 6660 6688 6689 6661 6332
9 6661 6689 6690 6662 6333
9 6662 6690 6691 6663 6334
9 6663 6691 6692 6664 6335
9 6664 6692 6693 6665 6336
9 6665 6693 6694 6666 6337
9 6666 6694 6695 6667 6338
9 6667 6695 6696 6668 6339
9 6668 6696 6697 6669 6340
9 6669 6697 6698 6670 6341
9 6670 6698 6699 6671 6342
9 6671 6699 6700 6672 6343
9 6672 6700 6701 6673 6344
9 6673 6701 6702 6674 6345
9 6674 6702 6703 6675 6346
9 6675 6703 6704 6676 6347
9 6676 6704 6705 6677 6348
9 6677 6705 6706 6678 6349
9 6678 6706 506 505 6350
9 204 205 6707 6679 6351
9 6679 6707 6708 6680 6352
9 6680 6708 6709 6681 6353
9 6681 6709 6710 6682 6354
9 6682 6710 6711 6683 6355
9 6683 6711 6712 6684 6356
9 6684 6712 6713 6685 6357
9 6685 6713 6714 6686 6358
9 6686 6714 6715 6687 6359
9 6687 6715 6716 6688 6360
9 6688 6716 6717 6689 6361
9 6689 6717 6718 6690 6362
9 6690 6718 6719 6691 6363
9 6691 6719 6720 6692 6364
9 6692 6720 6721 6693 6365
9 6693 6721 6722 6694 6366
9 6694 6722 6723 6695 6367
9 6695 6723 6724 6696 6368
9 6696 6724 6725 6697 6369
9 6697 6725 6726 6698 6370
9 6698 6726 6727 6699 6371
9 6699 6727 6728 6700 6372
9 6700 6728 6729 6701 6373
9 6701 6729 6730 6702 6374
9 6702 6730 6731 6703 6375
9 6703 6731 6732 6704 6376
9 6704 6732 6733 6705 6377
9 6705 6733 6734 6706 6378
9 6706 6734 507 506 6379
9 205 206 6735 6707 6380
9 6707 6735 6736 6708 6381
9 6708 6736 6737 6709 6382
9 6709 6737 6738 6710 6383
9 6710 6738 6739 6711 6384
9 6711 6739 6740 6712 6385
9 6712 6740 6741 6713 6386
9 6713 6741 6742 6714 6387
9 6714 6742 6743 6715 6388
9 6715 6743 6744 6716 6389
9 6716 6744 6745 6717 6390
9 6717 6745 6746 6718 6391
9 6718 6746 6747 6719 6392
9 6719 6747 6748 6720 6393
9 6720 6748 6749 6721 6394
9 6721 6749 6750 6722 6395
9 6722 6750 6751 6723 6396
9 6723 6751 6752 6724 6397
9 6724 6752 6753 6725 6398
9 6725 6753 6754 6726 6399
9 6726 6754 6755 6727 6400
9 6727 6755 6756 6728 6401
9 6728 6756 6757 6729 6402
9 6729 6757 6758 6730 6403
9 6730 6758 6759 6731 6404
9 6731 6759 6760 6732 6405
9 6732 6760 6761 6733 6406
9 6733 6761 6762 6734 6407
9 6734 6762 508 507 6408
9 206 207 6763 6735 6409
9 6735 6763 6764 6736 6410
9 6736 6764 6765 6737 6411
9 6737 6765 6766 6738 6412
9 6738 6766 6767 6739 6413
9 6739 6767 6768 6740 6414
9 6740 6768 6769 6741 6415
9 6741 6769 6770 6742 6416
9 6742 6770 6771 6743 6417
9 6743 6771 6772 6744 6418
9 6744 6772 6773 6745 6419
9 6745 6773 6774 6746 6420
9 6746 6774 6775 6747 6421
9 6747 6775 6776 6748 6422
9 6748 6776 6777 6749 6423
9 6749 6777 6778 6750 6424
9 6750 6778 6779 6751 6425
9 6751 6779 6780 6752 6426
9 6752 6780 6781 6753 6427
9 6753 6781 6782 6754 6428
9 6754 6782 6783 6755 6429
9 6755 6783 6784 6756 6430
9 6756 6784 6785 6757 6431
9 6757 6785 6786 6758 6432
9 6758 6786 6787 6759 6433
9 6759 6787 6788 6760 6434
9 6760 6788 6789 6761 6435
9 6761 6789 6790 6762 6436
9 6762 6790 509 508 6437
9 207 208 6791 6763 6438
9 6763 6791 6792 6764 6439
9 6764 6792 6793 6765 6440
9 6765 6793 6794 6766 6441
9 6766 6794 6795 6767 6442
9 6767 6795 6796 6768 6443
9 6768 6796 6797 6769 6444
9 6769 6797 6798 6770 6445
9 6770 6798 6799 6771 6446
9 6771 6799 6800 6772 6447
9 6772 6800 6801 6773 6448
9 6773 6801 6802 6774 6449
9 6774 6802 6803 6775 6450
9 6775 6803 6804 6776 6451
9 6776 6804 6805 6777 6452
9 6777 6805 6806 6778 6453
9 6778 6806 6807 6779 6454
9 6779 6807 6808 6780 6455
9 6780 6808 6809 6781 6456
9 6781 6809 6810 6782 6457
9 6782 6810 6811 6783 6458
9 6783 6811 6812 6784 6459
9 6784 6812 6813 6785 6460
9 6785 6813 6814 6786 6461
9 6786 6814 6815 6787 6462
9 6787 6815 6816 6788 6463
9 6788 6816 6817 6789 6464
9 6789 6817 6818 6790 6465
9 6790 6818 510 509 6466
9 208 3 374 6791 6467
9 6791 374 375 6792 6468
9 6792 375 376 6793 6469
9 6793 376 377 6794 6470
9 6794 377 378 6795 6471
9 6795 378 379 6796 6472
9 6796 379 380 6797 6473
9 6797 380 381 6798 6474
9 6798 381 382 6799 6475
9 6799 382 383 6800 6476
9 6800 383 384 6801 6477
9 6801 384 385 6802 6478
9 6802 385 386 6803 6479
9 6803 386 387 6804 6480
9 6804 387 388 6805 6481
9 6805 388 389 6806 6482
9 6806 389 390 6807 6483
9 6807 390 391 6808 6484
9 6808 391 392 6809 6485
9 6809 392 393 6810 6486
9 6810 393 394 6811 6487
9 6811 394 395 6812 6488
9 6812 395 396 6813 6489
9 6813 396 397 6814 6490
9 6814 397 398 6815 6491
9 6815 398 399 6816 6492
9 6816 399 400 6817 6493
9 6817 400 401 6818 6494
9 6818 401 8 510 6495
9 14 687 6819 613 6496
9 613 6819 6820 614 6497
9 614 6820 6821 615 6498
9 615 6821 6822 616 6499
9 616 6822 6823 617 6500
9 617 6823 6824 618 6501
9 618 6824 6825 619 6502
9 619 6825 6826 620 6503
9 620 6826 6827 621 6504
9 621 6827 6828 622 6505
9 622 6828 6829 623 6506
9 623 6829 6830 624 6507
9 624 6830 6831 625 6508
9 625 6831 6832 626 6509
9 626 6832 6833 627 6510
9 627 6833 6834 628 6511
9 628 6834 6835 629 6512
9 629 6835 6836 630 6513
9 630 6836 6837 631 6514
9 631 6837 6838 632 6515
9 632 6838 6839 633 6516
9 633 6839 6840 634 6517
9 634 6840 6841 635 6518
9 635 6841 16 1 6519
9 687 688 6842 6819 6520
9 6819 6842 6843 6820 6521
9 6820 6843 6844 6821 6522
9 6821 6844 6845 6822 6523
9 6822 6845 6846 6823 6524
9 6823 6846 6847 6824 6525
9 6824 6847 6848 6825 6526
9 6825 6848 6849 6826 6527
9 6826 6849 6850 6827 6528
9 6827 6850 6851 6828 6529
9 6828 6851 6852 6829 6530
9 6829 6852 6853 6830 6531
9 6830 6853 6854 6831 6532
9 6831 6854 6855 6832 6533
9 6832 6855 6856 6833 6534
9 6833 6856 6857 6834 6535
9 6834 6857 6858 6835 6536
9 6835 6858 6859 6836 6537
9 6836 6859 6860 6837 6538
9 6837 6860 6861 6838 6539
9 6838 6861 6862 6839 6540
9 6839 6862 6863 6840 6541
9 6840 6863 6864 6841 6542
9 6841 6864 17 16 6543
9 688 689 6865 6842 6544
9 6842 6865 6866 6843 6545
9 6843 6866 6867 6844 6546
9 6844 6867 6868 6845 6547
9 6845 6868 6869 6846 6548
9 6846 6869 6870 6847 6549
9 6847 6870 6871 6848 6550
9 6848 6871 6872 6849 6551
9 6849 6872 6873 6850 6552
9 6850 6873 6874 6851 6553
9 6851 6874 6875 6852 6554
9 6852 6875 6876 6853 6555
9 6853 6876 6877 6854 6556
9 6854 6877 6878 6855 6557
9 6855 6878 6879 6856 6558
9 6856 6879 6880 6857 6559
9 6857 6880 6881 6858 6560
9 6858 6881 6882 6859 6561
9 6859 6882 6883 6860 6562
9 6860 6883 6884 6861 6563
9 6861 6884 6885 6862 6564
9 6862 6885 6886 6863 6565
9 6863 6886 6887 6864 6566
9 6864 6887 18 17 6567
9 689 690 6888 6865 6568
9 6865 6888 6889 6866 6569
9 6866 6889 6890 6867 6570
9 6867 6890 6891 6868 6571
9 6868 6891 6892 6869 6572
9 6869 6892 6893 6870 6573
9 6870 6893 6894 6871 6574
9 6871 6894 6895 6872 6575
9 6872 6895 6896 6873 6576
9 6873 6896 6897 6874 6577
9 6874 6897 6898 6875 6578
9 6875 6898 6899 6876 6579
9 6876 6899 6900 6877 6580
9 6877 6900 6901 6878 6581
9 6878 6901 6902 6879 6582
9 6879 6902 6903 6880 6583
9 6880 6903 6904 6881 6584
9 6881 6904 6905 6882 6585
9 6882 6905 6906 6883 6586
9 6883 6906 6907 6884 6587
9 6884 6907 6908 6885 6588
9 6885 6908 6909 6886 6589
9 6886 6909 6910 6887 6590
9 6887 6910 19 18 6591
9 690 691 6911 6888 6592
9 6888 6911 6912 6889 6593
9 6889 6912 6913 6890 6594
9 6890 6913 6914 6891 6595
9 6891 6914 6915 6892 6596
9 6892 6915 6916 6893 6597
9 6893 6916 6917 6894 6598
9 6894 6917 6918 6895 6599
9 6895 6918 6919 6896 6600
9 6896 6919 6920 6897 6601
9 6897 6920 6921 6898 6602
9 6898 6921 6922 6899 6603
9 6899 6922 6923 6900 6604
9 6900 6923 6924 6901 6605
9 6901 6924 6925 6902 6606
9 6902 6925 6926 6903 6607
9 6903 6926 6927 6904 6608
9 6904 6927 6928 6905 6609
9 6905 6928 6929 6906 6610
9 6906 6929 6930 6907 6611
9 6907 6930 6931 6908 6612
9 6908 6931 6932 6909 6613
9 6909 6932 6933 6910 6614
9 6910 6933 20 19 6615
9 691 692 6934 6911 6616
9 6911 6934 6935 6912 6617
9 6912 6935 6936 6913 6618
9 6913 6936 6937 6914 6619
9 6914 6937 6938 6915 6620
9 6915 6938 6939 6916 6621
9 6916 6939 6940 6917 6622
9 6917 6940 6941 6918 6623
9 6918 6941 6942 6919 6624
9 6919 6942 6943 6920 6625
9 6920 6943 6944 6921 6626
9 6921 6944 6945 6922 6627
9 6922 6945 6946 6923 6628
9 6923 6946 6947 6924 6629
9 6924 6947 6948 6925 6630
9 6925 6948 6949 6926 6631
9 6926 6949 6950 6927 6632
9 6927 6950 6951 6928 6633
9 6928 6951 6952 6929 6634
9 6929 6952 6953 6930 6635
9 6930 6953 6954 6931 6636
9 6931 6954 6955 6932 6637
9 6932 6955 6956 6933 6638
9 6933 6956 21 20 6639
9 692 693 6957 6934 6640
9 6934 6957 6958 6935 6641
9 6935 6958 6959 6936 6642
9 6936 6959 6960 6937 6643
9 6937 6960 6961 6938 6644
9 6938 6961 6962 6939 6645
9 6939 6962 6963 6940 6646
9 6940 6963 6964 6941 6647
9 6941 6964 6965 6942 6648
9 6942 6965 6966 6943 6649
9 6943 6966 6967 6944 6650
9 6944 6967 6968 6945 6651
9 6945 6968 6969 6946 6652
9 6946 6969 6970 6947 6653
9 6947 6970 6971 6948 6654
9 6948 6971 6972 6949 6655
9 6949 6972 6973 6950 6656
9 6950 6973 6974 6951 6657
9 6951 6974 6975 6952 6658
9 6952 6975 6976 6953 6659
9 6953 6976 6977 6954 6660
9 6954 6977 6978 6955 6661
9 6955 6978 6979 6956 6662
9 6956 6979 22 21 6663
9 693 694 6980 6957 6664
9 6957 6980 6981 6958 6665
9 6958 6981 6982 6959 6666
9 6959 6982 6983 6960 6667
9 6960 6983 6984 6961 6668
9 6961 6984 6985 6962 6669
9 6962 6985 6986 6963 6670
9 6963 6986 6987 6964 6671
9 6964 6987 6988 6965 6672
9 6965 6988 6989 6966 6673
9 6966 6989 6990 6967 6674
9 6967 6990 6991 6968 6675
9 6968 6991 6992 6969 6676
9 6969 6992 6993 6970 6677
9 6970 6993 6994 6971 6678
9 6971 6994 6995 6972 6679
9 6972 6995 6996 6973 6680
9 6973 6996 6997 6974 6681
9 6974 6997 6998 6975 6682
9 6975 6998 6999 6976 6683
9 6976 6999 7000 6977 6684
9 6977 7000 7001 6978 6685
9 6978 7001 7002 6979 6686
9 6979 7002 23 22 6687
9 694 695 7003 6980 6688
9 6980 7003 7004 6981 6689
9 6981 7004 7005 6982 6690
9 6982 7005 7006 6983 6691
9 6983 7006 7007 6984 6692
9 6984 7007 7008 6985 6693
9 6985 7008 7009 6986 6694
9 6986 7009 7010 6987 6695
9 6987 7010 7011 6988 6696
9 6988 7011 7012 6989 6697
9 6989 7012 7013 6990 6698
9 6990 7013 7014 6991 6699
9 6991 7014 7015 6992 6700
9 6992 7015 7016 6993 6701
9 6993 7016 7017 6994 6702
9 6994 7017 7018 6995 6703
9 6995 7018 7019 6996 6704
9 6996 7019 7020 6997 6705
9 6997 7020 7021 6998 6706
9 6998 7021 7022 6999 6707
9 6999 7022 7023 7000 6708
9 7000 7023 7024 7001 6709
9 7001 7024 7025 7002 6710
9 7002 7025 24 23 6711
9 695 696 7026 7003 6712
9 7003 7026 7027 7004 6713
9 7004 7027 7028 7005 6714
9 7005 7028 7029 7006 6715
9 7006 7029 7030 7007 6716
9 7007 7030 7031 7008 6717
9 7008 7031 7032 7009 6718
9 7009 7032 7033 7010 6719
9 7010 7033 7034 7011 6720
9 7011 7034 7035 7012 6721
9 7012 7035 7036 7013 6722
9 7013 7036 7037 7014 6723
9 7014 7037 7038 7015 6724
9 7015 7038 7039 7016 6725
9 7016 7039 7040 7017 6726
9 7017 7040 7041 7018 6727
9 7018 7041 7042 7019 6728
9 7019 7042 7043 7020 6729
9 7020 7043 7044 7021 6730
9 7021 7044 7045 7022 6731
9 7022 7045 7046 7023 6732
9 7023 7046 7047 7024 6733
9 7024 7047 7048 7025 6734
9 7025 7048 25 24 6735
9 696 697 7049 7026 6736
9 7026 7049 7050 7027 6737
9 7027 7050 7051 7028 6738
9 7028 7051 7052 7029 6739
9 7029 7052 7053 7030 6740
9 7030 7053 7054 7031 6741
9 7031 7054 7055 7032 6742
9 7032 7055 7056 7033 6743
9 7033 7056 7057 7034 6744
9 7034 7057 7058 7035 6745
9 7035 7058 7059 7036 6746
9 7036 7059 7060 7037 6747
9 7037 7060 7061 7038 6748
9 7038 7061 7062 7039 6749
9 7039 7062 7063 7040 6750
9 7040 7063 7064 7041 6751
9 7041 7064 7065 7042 6752
9 7042 7065 7066 7043 6753
9 7043 7066 7067 7044 6754
9 7044 7067 7068 7045 6755
9 7045 7068 7069 7046 6756
9 7046 7069 7070 7047 6757
9 7047 7070 7071 7048 6758
9 7048 7071 26 25 6759
9 697 698 7072 7049 6760
9 7049 7072 7073 7050 6761
9 7050 7073 7074 7051 6762
9 7051 7074 7075 7052 6763
9 7052 7075 7076 7053 6764
9 7053 7076 7077 7054 6765
9 7054 7077 7078 7055 6766
9 7055 7078 7079 7056 6767
9 7056 7079 7080 7057 6768
9 7057 7080 7081 7058 6769
9 7058 7081 7082 7059 6770
9 7059 7082 7083 7060 6771
9 7060 7083 7084 7061 6772
9 7061 7084 7085 7062 6773
9 7062 7085 7086 7063 6774
9 7063 7086 7087 7064 6775
9 7064 7087 7088 7065 6776
9 7065 7088 7089 7066 6777
9 7066 7089 7090 7067 6778
9 7067 7090 7091 7068 6779
9 7068 7091 7092 7069 6780
9 7069 7092 7093 7070 6781
9 7070 7093 7094 7071 6782
9 7071 7094 27 26 6783
9 698 699 7095 7072 6784
9 7072 7095 7096 7073 6785
9 7073 7096 7097 7074 6786
9 7074 7097 7098 7075 6787
9 7075 7098 7099 7076 6788
9 7076 7099 7100 7077 6789
9 7077 7100 7101 7078 6790
9 7078 7101 7102 7079 6791
9 7079 7102 7103 7080 6792
9 7080 7103 7104 7081 6793
9 7081 7104 7105 7082 6794
9 7082 7105 7106 7083 6795
9 7083 7106 7107 7084 6796
9 7084 7107 7108 7085 6797
9 7085 7108 7109 7086 6798
9 7086 7109 7110 7087 6799
9 7087 7110 7111 7088 6800
9 7088 7111 7112 7089 6801
9 7089 7112 7113 7090 6802
9 7090 7113 7114 7091 6803
9 7091 7114 7115 7092 6804
9 7092 7115 7116 7093 6805
9 7093 7116 7117 7094 6806
9 7094 7117 28 27 6807
9 699 700 7118 7095 6808
9 7095 7118 7119 7096 6809
9 7096 7119 7120 7097 6810
9 7097 7120 7121 7098 6811
9 7098 7121 7122 7099 6812
9 7099 7122 7123 7100 6813
9 7100 7123 7124 7101 6814
9 7101 7124 7125 7102 6815
9 7102 7125 7126 7103 6816
9 7103 7126 7127 7104 6817
9 7104 7127 7128 7105 6818
9 7105 7128 7129 7106 6819
9 7106 7129 7130 7107 6820
9 7107 7130 7131 7108 6821
9 7108 7131 7132 7109 6822
9 7109 7132 7133 7110 6823
9 7110 7133 7134 7111 6824
9 7111 7134 7135 7112 6825
9 7112 7135 7136 7113 6826
9 7113 7136 7137 7114 6827
9 7114 7137 7138 7115 6828
9 7115 7138 7139 7116 6829
9 7116 7139 7140 7117 6830
9 7117 7140 29 28 6831
9 700 701 7141 7118 6832
9 7118 7141 7142 7119 6833
9 7119 7142 7143 7120 6834
9 7120 7143 7144 7121 6835
9 7121 7144 7145 7122 6836
9 7122 7145 7146 7123 6837
9 7123 7146 7147 7124 6838
9 7124 7147 7148 7125 6839
9 7125 7148 7149 7126 6840
9 7126 7149 7150 7127 6841
9 7127 7150 7151 7128 6842
9 7128 7151 7152 7129 6843
9 7129 7152 7153 7130 6844
9 7130 7153 7154 7131 6845
9 7131 7154 7155 7132 6846
9 7132 7155 7156 7133 6847
9 7133 7156 7157 7134 6848
9 7134 7157 7158 7135 6849
9 7135 7158 7159 7136 6850
9 7136 7159 7160 7137 6851
9 7137 7160 7161 7138 6852
9 7138 7161 7162 7139 6853
9 7139 7162 7163 7140 6854
9 7140 7163 30 29 6855
9 701 702 7164 7141 6856
9 7141 7164 7165 7142 6857
9 7142 7165 7166 7143 6858
9 7143 7166 7167 7144 6859
9 7144 7167 7168 7145 6860
9 7145 7168 7169 7146 6861
9 7146 7169 7170 7147 6862
9 7147 7170 7171 7148 6863
9 7148 7171 7172 7149 6864
9 7149 7172 7173 7150 6865
9 7150 7173 7174 7151 6866
9 7151 7174 7175 7152 6867
9 7152 7175 7176 7153 6868
9 7153 7176 7177 7154 6869
9 7154 7177 7178 7155 6870
9 7155 7178 7179 7156 6871
9 7156 7179 7180 7157 6872
9 7157 7180 7181 7158 6873
9 7158 7181 7182 7159 6874
9 7159 7182 7183 7160 6875
9 7160 7183 7184 7161 6876
9 7161 7184 7185 7162 6877
9 7162 7185 7186 7163 6878
9 7163 7186 31 30 6879
9 702 703 7187 7164 6880
9 7164 7187 7188 7165 6881
9 7165 7188 7189 7166 6882
9 7166 7189 7190 7167 6883
9 7167 7190 7191 7168 6884
9 7168 7191 7192 7169 6885
9 7169 7192 7193 7170 6886
9 7170 7193 7194 7171 6887
9 7171 7194 7195 7172 6888
9 7172 7195 7196 7173 6889
9 7173 7196 7197 7174 6890
9 7174 7197 7198 7175 6891
9 7175 7198 7199 7176 6892
9 7176 7199 7200 7177 6893
9 7177 7200 7201 7178 6894
9 7178 7201 7202 7179 6895
9 7179 7202 7203 7180 6896
9 7180 7203 7204 7181 6897
9 7181 7204 7205 7182 6898
9 7182 7205 7206 7183 6899
9 7183 7206 7207 7184 6900
9 7184 7207 7208 7185 6901
9 7185 7208 7209 7186 6902
9 7186 7209 32 31 6903
9 703 704 7210 7187 6904
9 7187 7210 7211 7188 6905
9 7188 7211 7212 7189 6906
9 7189 7212 7213 7190 6907
9 7190 7213 7214 7191 6908
9 7191 7214 7215 7192 6909
9 7192 7215 7216 7193 6910
9 7193 7216 7217 7194 6911
9 7194 7217 7218 7195 6912
9 7195 7218 7219 7196 6913
9 7196 7219 7220 7197 6914
9 7197 7220 7221 7198 6915
9 7198 7221 7222 7199 6916
9 7199 7222 7223 7200 6917
9 7200 7223 7224 7201 6918
9 7201 7224 7225 7202 6919
9 7202 7225 7226 7203 6920
9 7203 7226 7227 7204 6921
9 7204 7227 7228 7205 6922
9 7205 7228 7229 7206 6923
9 7206 7229 7230 7207 6924
9 7207 7230 7231 7208 6925
9 7208 7231 7232 7209 6926
9 7209 7232 33 32 6927
9 704 705 7233 7210 6928
9 7210 7233 7234 7211 6929
9 7211 7234 7235 7212 6930
9 7212 7235 7236 7213 6931
9 7213 7236 7237 7214 6932
9 7214 7237 7238 7215 6933
9 7215 7238 7239 7216 6934
9 7216 7239 7240 7217 6935
9 7217 7240 7241 7218 6936
9 7218 7241 7242 7219 6937
9 7219 7242 7243 7220 6938
9 7220 7243 7244 7221 6939
9 7221 7244 7245 7222 6940
9 7222 7245 7246 7223 6941
9 7223 7246 7247 7224 6942
9 7224 7247 7248 7225 6943
9 7225 7248 7249 7226 6944
9 7226 7249 7250 7227 6945
9 7227 7250 7251 7228 6946
9 7228 7251 7252 7229 6947
9 7229 7252 7253 7230 6948
9 7230 7253 7254 7231 6949
9 7231 7254 7255 7232 6950
9 7232 7255 34 33 6951
9 705 706 7256 7233 6952
9 7233 7256 7257 7234 6953
9 7234 7257 7258 7235 6954
9 7235 7258 7259 7236 6955
9 7236 7259 7260 7237 6956
9 7237 7260 7261 7238 6957
9 7238 7261 7262 7239 6958
9 7239 7262 7263 7240 6959
9 7240 7263 7264 7241 6960
9 7241 7264 7265 7242 6961
9 7242 7265 7266 7243 6962
9 7243 7266 7267 7244 6963
9 7244 7267 7268 7245 6964
9 7245 7268 7269 7246 6965
9 7246 7269 7270 7247 6966
9 7247 7270 7271 7248 6967
9 7248 7271 7272 7249 6968
9 7249 7272 7273 7250 6969
9 7250 7273 7274 7251 6970
9 7251 7274 7275 7252 6971
9 7252 7275 7276 7253 6972
9 7253 7276 7277 7254 6973
9 7254 7277 7278 7255 6974
9 7255 7278 35 34 6975
9 706 707 7279 7256 6976
9 7256 7279 7280 7257 6977
9 7257 7280 7281 7258 6978
9 7258 7281 7282 7259 6979
9 7259 7282 7283 7260 6980
9 7260 7283 7284 7261 6981
9 7261 7284 7285 7262 6982
9 7262 7285 7286 7263 6983
9 7263 7286 7287 7264 6984
9 7264 7287 7288 7265 6985
9 7265 7288 7289 7266 6986
9 7266 7289 7290 7267 6987
9 7267 7290 7291 7268 6988
9 7268 7291 7292 7269 6989
9 7269 7292 7293 7270 6990
9 7270 7293 7294 7271 6991
9 7271 7294 7295 7272 6992
9 7272 7295 7296 7273 6993
9 7273 7296 7297 7274 6994
9 7274 7297 7298 7275 6995
9 7275 7298 7299 7276 6996
9 7276 7299 7300 7277 6997
9 7277 7300 7301 7278 6998
9 7278 7301 36 35 6999
9 707 708 7302 7279 7000
9 7279 7302 7303 7280 7001
9 7280 7303 7304 7281 7002
9 7281 7304 7305 7282 7003
9 7282 7305 7306 7283 7004
9 7283 7306 7307 7284 7005
9 7284 7307 7308 7285 7006
9 7285 7308 7309 7286 7007
9 7286 7309 7310 7287 7008
9 7287 7310 7311 7288 7009
9 7288 7311 7312 7289 7010
9 7289 7312 7313 7290 7011
9 7290 7313 7314 7291 7012
9 7291 7314 7315 7292 7013
9 7292 7315 7316 7293 7014
9 7293 7316 7317 7294 7015
9 7294 7317 7318 7295 7016
9 7295 7318 7319 7296 7017
9 7296 7319 7320 7297 7018
9 7297 7320 7321 7298 7019
9 7298 7321 7322 7299 7020
9 7299 7322 7323 7300 7021
9 7300 7323 7324 7301 7022
9 7301 7324 37 36 7023
9 708 709 7325 7302 7024
9 7302 7325 7326 7303 7025
9 7303 7326 7327 7304 7026
9 7304 7327 7328 7305 7027
9 7305 7328 7329 7306 7028
9 7306 7329 7330 7307 7029
9 7307 7330 7331 7308 7030
9 7308 7331 7332 7309 7031
9 7309 7332 7333 7310 7032
9 7310 7333 7334 7311 7033
9 7311 7334 7335 7312 7034
9 7312 7335 7336 7313 7035
9 7313 7336 7337 7314 7036
9 7314 7337 7338 7315 7037
9 7315 7338 7339 7316 7038
9 7316 7339 7340 7317 7039
9 7317 7340 7341 7318 7040
9 7318 7341 7342 7319 7041
9 7319 7342 7343 7320 7042
9 7320 7343 7344 7321 7043
9 7321 7344 7345 7322 7044
9 7322 7345 7346 7323 7045
9 7323 7346 7347 7324 7046
9 7324 7347 38 37 7047
9 709 710 7348 7325 7048
9 7325 7348 7349 7326 7049
9 7326 7349 7350 7327 7050
9 7327 7350 7351 7328 7051
9 7328 7351 7352 7329 7052
9 7329 7352 7353 7330 7053
9 7330 7353 7354 7331 7054
9 7331 7354 7355 7332 7055
9 7332 7355 7356 7333 7056
9 7333 7356 7357 7334 7057
9 7334 7357 7358 7335 7058
9 7335 7358 7359 7336 7059
9 7336 7359 7360 7337 7060
9 7337 7360 7361 7338 7061
9 7338 7361 7362 7339 7062
9 7339 7362 7363 7340 7063
9 7340 7363 7364 7341 7064
9 7341 7364 7365 7342 7065
9 7342 7365 7366 7343 7066
9 7343 7366 7367 7344 7067
9 7344 7367 7368 7345 7068
9 7345 7368 7369 7346 7069
9 7346 7369 7370 7347 7070
9 7347 7370 39 38 7071
9 710 711 7371 7348 7072
9 7348 7371 7372 7349 7073
9 7349 7372 7373 7350 7074
9 7350 7373 7374 7351 7075
9 7351 7374 7375 7352 7076
9 7352 7375 7376 7353 7077
9 7353 7376 7377 7354 7078
9 7354 7377 7378 7355 7079
9 7355 7378 7379 7356 7080
9 7356 7379 7380 7357 7081
9 7357 7380 7381 7358 7082
9 7358 7381 7382 7359 7083
9 7359 7382 7383 7360 7084
9 7360 7383 7384 7361 7085
9 7361 7384 7385 7362 7086
9 7362 7385 7386 7363 7087
9 7363 7386 7387 7364 7088
9 7364 7387 7388 7365 7089
9 7365 7388 7389 7366 7090
9 7366 7389 7390 7367 7091
9 7367 7390 7391 7368 7092
9 7368 7391 7392 7369 7093
9 7369 7392 7393 7370 7094
9 7370 7393 40 39 7095
9 711 712 7394 7371 7096
9 7371 7394 7395 7372 7097
9 7372 7395 7396 7373 7098
9 7373 7396 7397 7374 7099
9 7374 7397 7398 7375 7100
9 7375 7398 7399 7376 7101
9 7376 7399 7400 7377 7102
9 7377 7400 7401 7378 7103
9 7378 7401 7402 7379 7104
9 7379 7402 7403 7380 7105
9 7380 7403 7404 7381 7106
9 7381 7404 7405 7382 7107
9 7382 7405 7406 7383 7108
9 7383 7406 7407 7384 7109
9 7384 7407 7408 7385 7110
9 7385 7408 7409 7386 7111
9 7386 7409 7410 7387 7112
9 7387 7410 7411 7388 7113
9 7388 7411 7412 7389 7114
9 7389 7412 7413 7390 7115
9 7390 7413 7414 7391 7116
9 7391 7414 7415 7392 7117
9 7392 7415 7416 7393 7118
9 7393 7416 41 40 7119
9 712 713 7417 7394 7120
9 7394 7417 7418 7395 7121
9 7395 7418 7419 7396 7122
9 7396 7419 7420 7397 7123
9 7397 7420 7421 7398 7124
9 7398 7421 7422 7399 7125
9 7399 7422 7423 7400 7126
9 7400 7423 7424 7401 7127
9 7401 7424 7425 7402 7128
9 7402 7425 7426 7403 7129
9 7403 7426 7427 7404 7130
9 7404 7427 7428 7405 7131
9 7405 7428 7429 7406 7132
9 7406 7429 7430 7407 7133
9 7407 7430 7431 7408 7134
9 7408 7431 7432 7409 7135
9 7409 7432 7433 7410 7136
9 7410 7433 7434 7411 7137
9 7411 7434 7435 7412 7138
9 7412 7435 7436 7413 7139
9 7413 7436 7437 7414 7140
9 7414 7437 7438 7415 7141
9 7415 7438 7439 7416 7142
9 7416 7439 42 41 7143
9 713 714 7440 7417 7144
9 7417 7440 7441 7418 7145
9 7418 7441 7442 7419 7146
9 7419 7442 7443 7420 7147
9 7420 7443 7444 7421 7148
9 7421 7444 7445 7422 7149
9 7422 7445 7446 7423 7150
9 7423 7446 7447 7424 7151
9 7424 7447 7448 7425 7152
9 7425 7448 7449 7426 7153
9 7426 7449 7450 7427 7154
9 7427 7450 7451 7428 7155
9 7428 7451 7452 7429 7156
9 7429 7452 7453 7430 7157
9 7430 7453 7454 7431 7158
9 7431 7454 7455 7432 7159
9 7432 7455 7456 7433 7160
9 7433 7456 7457 7434 7161
9 7434 7457 7458 7435 7162
9 7435 7458 7459 7436 7163
9 7436 7459 7460 7437 7164
9 7437 7460 7461 7438 7165
9 7438 7461 7462 7439 7166
9 7439 7462 43 42 7167
9 714 15 636 7440 7168
9 7440 636 637 7441 7169
9 7441 637 638 7442 7170
9 7442 638 639 7443 7171
9 7443 639 640 7444 7172
9 7444 640 641 7445 7173
9 7445 641 642 7446 7174
9 7446 642 643 7447 7175
9 7447 643 644 7448 7176
9 7448 644 645 7449 7177
9 7449 645 646 7450 7178
9 7450 646 647 7451 7179
9 7451 647 648 7452 7180
9 7452 648 649 7453 7181
9 7453 649 650 7454 7182
9 7454 650 651 7455 7183
9 7455 651 652 7456 7184
9 7456 652 653 7457 7185
9 7457 653 654 7458 7186
9 7458 654 655 7459 7187
9 7459 655 656 7460 7188
9 7460 656 657 7461 7189
9 7461 657 658 7462 7190
9 7462 658 2 43 7191
9 0 567 7463 44 7192
9 44 7463 7464 45 7193
9 45 7464 7465 46 7194
9 46 7465 7466 47 7195
9 47 7466 7467 48 7196
9 48 7467 7468 49 7197
9 49 7468 7469 50 7198
9 50 7469 7470 51 7199
9 51 7470 7471 52 7200
9 52 7471 7472 53 7201
9 53 7472 7473 54 7202
9 54 7473 7474 55 7203
9 55 7474 7475 56 7204
9 56 7475 7476 57 7205
9 57 7476 7477 58 7206
9 58 7477 7478 59 7207
9 59 7478 7479 60 7208
9 60 7479 7480 61 7209
9 61 7480 7481 62 7210
9 62 7481 7482 63 7211
9 63 7482 7483 64 7212
9 64 7483 7484 65 7213
9 65 7484 7485 66 7214
9 66 7485 7486 67 7215
9 67 7486 7487 68 7216
9 68 7487 7488 69 7217
9 69 7488 7489 70 7218
9 70 7489 7490 71 7219
9 71 7490 590 3 7220
9 567 568 7491 7463 7221
9 7463 7491 7492 7464 7222
9 7464 7492 7493 7465 7223
9 7465 7493 7494 7466 7224
9 7466 7494 7495 7467 7225
9 7467 7495 7496 7468 7226
9 7468 7496 7497 7469 7227
9 7469 7497 7498 7470 7228
9 7470 7498 7499 7471 7229
9 7471 7499 7500 7472 7230
9 7472 7500 7501 7473 7231
9 7473 7501 7502 7474 7232
9 7474 7502 7503 7475 7233
9 7475 7503 7504 7476 7234
9 7476 7504 7505 7477 7235
9 7477 7505 7506 7478 7236
9 7478 7506 7507 7479 7237
9 7479 7507 7508 7480 7238
9 7480 7508 7509 7481 7239
9 7481 7509 7510 7482 7240
9 7482 7510 7511 7483 7241
9 7483 7511 7512 7484 7242
9 7484 7512 7513 7485 7243
9 7485 7513 7514 7486 7244
9 7486 7514 7515 7487 7245
9 7487 7515 7516 7488 7246
9 7488 7516 7517 7489 7247
9 7489 7517 7518 7490 7248
9 7490 7518 591 590 7249
9 568 569 7519 7491 7250
9 7491 7519 7520 7492 7251
9 7492 7520 7521 7493 7252
9 7493 7521 7522 7494 7253
9 7494 7522 7523 7495 7254
9 7495 7523 7524 7496 7255
9 7496 7524 7525 7497 7256
9 7497 7525 7526 7498 7257
9 7498 7526 7527 7499 7258
9 7499 7527 7528 7500 7259
9 7500 7528 7529 7501 7260
9 7501 7529 7530 7502 7261
9 7502 7530 7531 7503 7262
9 7503 7531 7532 7504 7263
9 7504 7532 7533 7505 7264
9 7505 7533 7534 7506 7265
9 7506 7534 7535 7507 7266
9 7507 7535 7536 7508 7267
9 7508 7536 7537 7509 7268
9 7509 7537 7538 7510 7269
9 7510 7538 7539 7511 7270
9 7511 7539 7540 7512 7271
9 7512 7540 7541 7513 7272
9 7513 7541 7542 7514 7273
9 7514 7542 7543 7515 7274
9 7515 7543 7544 7516 7275
9 7516 7544 7545 7517 7276
9 7517 7545 7546 7518 7277
9 7518 7546 592 591 7278
9 569 570 7547 7519 7279
9 7519 7547 7548 7520 7280
9 7520 7548 7549 7521 7281
9 7521 7549 7550 7522 7282
9 7522 7550 7551 7523 7283
9 7523 7551 7552 7524 7284
9 7524 7552 7553 7525 7285
9 7525 7553 7554 7526 7286
9 7526 7554 7555 7527 7287
9 7527 7555 7556 7528 7288
9 7528 7556 7557 7529 7289
9 7529 7557 7558 7530 7290
9 7530 7558 7559 7531 7291
9 7531 7559 7560 7532 7292
9 7532 7560 7561 7533 7293
9 7533 7561 7562 7534 7294
9 7534 7562 7563 7535 7295
9 7535 7563 7564 7536 7296
9 7536 7564 7565 7537 7297
9 7537 7565 7566 7538 7298
9 7538 7566 7567 7539 7299
9 7539 7567 7568 7540 7300
9 7540 7568 7569 7541 7301
9 7541 7569 7570 7542 7302
9 7542 7570 7571 7543 7303
9 7543 7571 7572 7544 7304
9 7544 7572 7573 7545 7305
9 7545 7573 7574 7546 7306
9 7546 7574 593 592 7307
9 570 571 7575 7547 7308
9 7547 7575 7576 7548 7309
9 7548 7576 7577 7549 7310
9 7549 7577 7578 7550 7311
9 7550 7578 7579 7551 7312
9 7551 7579 7580 7552 7313
9 7552 7580 7581 7553 7314
9 7553 7581 7582 7554 7315
9 7554 7582 7583 7555 7316
9 7555 7583 7584 7556 7317
9 7556 7584 7585 7557 7318
9 7557 7585 7586 7558 7319
9 7558 7586 7587 7559 7320
9 7559 7587 7588 7560 7321
9 7560 7588 7589 7561 7322
9 7561 7589 7590 7562 7323
9 7562 7590 7591 7563 7324
9 7563 7591 7592 7564 7325
9 7564 7592 7593 7565 7326
9 7565 7593 7594 7566 7327
9 7566 7594 7595 7567 7328
9 7567 7595 7596 7568 7329
9 7568 7596 7597 7569 7330
9 7569 7597 7598 7570 7331
9 7570 7598 7599 7571 7332
9 7571 7599 7600 7572 7333
9 7572 7600 7601 7573 7334
9 7573 7601 7602 7574 7335
9 7574 7602 594 593 7336
9 571 572 7603 7575 7337
9 7575 7603 7604 7576 7338
9 7576 7604 7605 7577 7339
9 7577 7605 7606 7578 7340
9 7578 7606 7607 7579 7341
9 7579 7607 7608 7580 7342
9 7580 7608 7609 7581 7343
9 7581 7609 7610 7582 7344
9 7582 7610 7611 7583 7345
9 7583 7611 7612 7584 7346
9 7584 7612 7613 7585 7347
9 7585 7613 7614 7586 7348
9 7586 7614 7615 7587 7349
9 7587 7615 7616 7588 7350
9 7588 7616 7617 7589 7351
9 7589 7617 7618 7590 7352
9 7590 7618 7619 7591 7353
9 7591 7619 7620 7592 7354
9 7592 7620 7621 7593 7355
9 7593 7621 7622 7594 7356
9 7594 7622 7623 7595 7357
9 7595 7623 7624 7596 7358
9 7596 7624 7625 7597 7359
9 7597 7625 7626 7598 7360
9 7598 7626 7627 7599 7361
9 7599 7627 7628 7600 7362
9 7600 7628 7629 7601 7363
9 7601 7629 7630 7602 7364
9 7602 7630 595 594 7365
9 572 573 7631 7603 7366
9 7603 7631 7632 7604 7367
9 7604 7632 7633 7605 7368
9 7605 7633 7634 7606 7369
9 7606 7634 7635 7607 7370
9 7607 7635 7636 7608 7371
9 7608 7636 7637 7609 7372
9 7609 7637 7638 7610 7373
9 7610 7638 7639 7611 7374
9 7611 7639 7640 7612 7375
9 7612 7640 7641 7613 7376
9 7613 7641 7642 7614 7377
9 7614 7642 7643 7615 7378
9 7615 7643 7644 7616 7379
9 7616 7644 7645 7617 7380
9 7617 7645 7646 7618 7381
9 7618 7646 7647 7619 7382
9 7619 7647 7648 7620 7383
9 7620 7648 7649 7621 7384
9 7621 7649 7650 7622 7385
9 7622 7650 7651 7623 7386
9 7623 7651 7652 7624 7387
9 7624 7652 7653 7625 7388
9 7625 7653 7654 7626 7389
9 7626 7654 7655 7627 7390
9 7627 7655 7656 7628 7391
9 7628 7656 7657 7629 7392
9 7629 7657 7658 7630 7393
9 7630 7658 596 595 7394
9 573 574 7659 7631 7395
9 7631 7659 7660 7632 7396
9 7632 7660 7661 7633 7397
9 7633 7661 7662 7634 7398
9 7634 7662 7663 7635 7399
9 7635 7663 7664 7636 7400
9 7636 7664 7665 7637 7401
9 7637 7665 7666 7638 7402
9 7638 7666 7667 7639 7403
9 7639 7667 7668 7640 7404
9 7640 7668 7669 7641 7405
9 7641 7669 7670 7642 7406
9 7642 7670 7671 7643 7407
9 7643 7671 7672 7644 7408
9 7644 7672 7673 7645 7409
9 7645 7673 7674 7646 7410
9 7646 7674 7675 7647 7411
9 7647 7675 7676 7648 7412
9 7648 7676 7677 7649 7413
9 7649 7677 7678 7650 7414
9 7650 7678 7679 7651 7415
9 7651 7679 7680 7652 7416
9 7652 7680 7681 7653 7417
9 7653 7681 7682 7654 7418
9 7654 7682 7683 7655 7419
9 7655 7683 7684 7656 7420
9 7656 7684 7685 7657 7421
9 7657 7685 7686 7658 7422
9 7658 7686 597 596 7423
9 574 575 7687 7659 7424
9 7659 7687 7688 7660 7425
9 7660 7688 7689 7661 7426
9 7661 7689 7690 7662 7427
9 7662 7690 7691 7663 7428
9 7663 7691 7692 7664 7429
9 7664 7692 7693 7665 7430
9 7665 7693 7694 7666 7431
9 7666 7694 7695 7667 7432
9 7667 7695 7696 7668 7433
9 7668 7696 7697 7669 7434
9 7669 7697 7698 7670 7435
9 7670 7698 7699 7671 7436
9 7671 7699 7700 7672 7437
9 7672 7700 7701 7673 7438
9 7673 7701 7702 7674 7439
9 7674 7702 7703 7675 7440
9 7675 7703 7704 7676 7441
9 7676 7704 7705 7677 7442
9 7677 7705 7706 7678 7443
9 7678 7706 7707 7679 7444
9 7679 7707 7708 7680 7445
9 7680 7708 7709 7681 7446
9 7681 7709 7710 7682 7447
9 7682 7710 7711 7683 7448
9 7683 7711 7712 7684 7449
9 7684 7712 7713 7685 7450
9 7685 7713 7714 7686 7451
9 7686 7714 598 597 7452
9 575 576 7715 7687 7453
9 7687 7715 7716 7688 7454
9 7688 7716 7717 7689 7455
9 7689 7717 7718 7690 7456
9 7690 7718 7719 7691 7457
9 7691 7719 7720 7692 7458
9 7692 7720 7721 7693 7459
9 7693 7721 7722 7694 7460
9 7694 7722 7723 7695 7461
9 7695 7723 7724 7696 7462
9 7696 7724 7725 7697 7463
9 7697 7725 7726 7698 7464
9 7698 7726 7727 7699 7465
9 7699 7727 7728 7700 7466
9 7700 7728 7729 7701 7467
9 7701 7729 7730 7702 7468
9 7702 7730 7731 7703 7469
9 7703 7731 7732 7704 7470
9 7704 7732 7733 7705 7471
9 7705 7733 7734 7706 7472
9 7706 7734 7735 7707 7473
9 7707 7735 7736 7708 7474
9 7708 7736 7737 7709 7475
9 7709 7737 7738 7710 7476
9 7710 7738 7739 7711 7477
9 7711 7739 7740 7712 7478
9 7712 7740 7741 7713 7479
9 7713 7741 7742 7714 7480
9 7714 7742 599 598 7481
9 576 577 7743 7715 7482
9 7715 7743 7744 7716 7483
9 7716 7744 7745 7717 7484
9 7717 7745 7746 7718 7485
9 7718 7746 7747 7719 7486
9 7719 7747 7748 7720 7487
9 7720 7748 7749 7721 7488
9 7721 7749 7750 7722 7489
9 7722 7750 7751 7723 7490
9 7723 7751 7752 7724 7491
9 7724 7752 7753 7725 7492
9 7725 7753 7754 7726 7493
9 7726 7754 7755 7727 7494
9 7727 7755 7756 7728 7495
9 7728 7756 7757 7729 7496
9 7729 7757 7758 7730 7497
9 7730 7758 7759 7731 7498
9 7731 7759 7760 7732 7499
9 7732 7760 7761 7733 7500
9 7733 7761 7762 7734 7501
9 7734 7762 7763 7735 7502
9 7735 7763 7764 7736 7503
9 7736 7764 7765 7737 7504
9 7737 7765 7766 7738 7505
9 7738 7766 7767 7739 7506
9 7739 7767 7768 7740 7507
9 7740 7768 7769 7741 7508
9 7741 7769 7770 7742 7509
9 7742 7770 600 599 7510
9 577 578 7771 7743 7511
9 7743 7771 7772 7744 7512
9 7744 7772 7773 7745 7513
9 7745 7773 7774 7746 7514
9 7746 7774 7775 7747 7515
9 7747 7775 7776 7748 7516
9 7748 7776 7777 7749 7517
9 7749 7777 7778 7750 7518
9 7750 7778 7779 7751 7519
9 7751 7779 7780 7752 7520
9 7752 7780 7781 7753 7521
9 7753 7781 7782 7754 7522
9 7754 7782 7783 7755 7523
9 7755 7783 7784 7756 7524
9 7756 7784 7785 7757 7525
9 7757 7785 7786 7758 7526
9 7758 7786 7787 7759 7527
9 7759 7787 7788 7760 7528
9 7760 7788 7789 7761 7529
9 7761 7789 7790 7762 7530
9 7762 7790 7791 7763 7531
9 7763 7791 7792 7764 7532
9 7764 7792 7793 7765 7533
9 7765 7793 7794 7766 7534
9 7766 7794 7795 7767 7535
9 7767 7795 7796 7768 7536
9 7768 7796 7797 7769 7537
9 7769 7797 7798 7770 7538
9 7770 7798 601 600 7539
9 578 579 7799 7771 7540
9 7771 7799 7800 7772 7541
9 7772 7800 7801 7773 7542
9 7773 7801 7802 7774 7543
9 7774 7802 7803 7775 7544
9 7775 7803 7804 7776 7545
9 7776 7804 7805 7777 7546
9 7777 7805 7806 7778 7547
9 7778 7806 7807 7779 7548
9 7779 7807 7808 7780 7549
9 7780 7808 7809 7781 7550
9 7781 7809 7810 7782 7551
9 7782 7810 7811 7783 7552
9 7783 7811 7812 7784 7553
9 7784 7812 7813 7785 7554
9 7785 7813 7814 7786 7555
9 7786 7814 7815 7787 7556
9 7787 7815 7816 7788 7557
9 7788 7816 7817 7789 7558
9 7789 7817 7818 7790 7559
9 7790 7818 7819 7791 7560
9 7791 7819 7820 7792 7561
9 7792 7820 7821 7793 7562
9 7793 7821 7822 7794 7563
9 7794 7822 7823 7795 7564
9 7795 7823 7824 7796 7565
9 7796 7824 7825 7797 7566
9 7797 7825 7826 7798 7567
9 7798 7826 602 601 7568
9 579 580 7827 7799 7569
9 7799 7827 7828 7800 7570
9 7800 7828 7829 7801 7571
9 7801 7829 7830 7802 7572
9 7802 7830 7831 7803 7573
9 7803 7831 7832 7804 7574
9 7804 7832 7833 7805 7575
9 7805 7833 7834 7806 7576
9 7806 7834 7835 7807 7577
9 7807 7835 7836 7808 7578
9 7808 7836 7837 7809 7579
9 7809 7837 7838 7810 7580
9 7810 7838 7839 7811 7581
9 7811 7839 7840 7812 7582
9 7812 7840 7841 7813 7583
9 7813 7841 7842 7814 7584
9 7814 7842 7843 7815 7585
9 7815 7843 7844 7816 7586
9 7816 7844 7845 7817 7587
9 7817 7845 7846 7818 7588
9 7818 7846 7847 7819 7589
9 7819 7847 7848 7820 7590
9 7820 7848 7849 7821 7591
9 7821 7849 7850 7822 7592
9 7822 7850 7851 7823 7593
9 7823 7851 7852 7824 7594
9 7824 7852 7853 7825 7595
9 7825 7853 7854 7826 7596
9 7826 7854 603 602 7597
9 580 581 7855 7827 7598
9 7827 7855 7856 7828 7599
9 7828 7856 7857 7829 7600
9 7829 7857 7858 7830 7601
9 7830 7858 7859 7831 7602
9 7831 7859 7860 7832 7603
9 7832 7860 7861 7833 7604
9 7833 7861 7862 7834 7605
9 7834 7862 7863 7835 7606
9 7835 7863 7864 7836 7607
9 7836 7864 7865 7837 7608
9 7837 7865 7866 7838 7609
9 7838 7866 7867 7839 7610
9 7839 7867 7868 7840 7611
9 7840 7868 7869 7841 7612
9 7841 7869 7870 7842 7613
9 7842 7870 7871 7843 7614
9 7843 7871 7872 7844 7615
9 7844 7872 7873 7845 7616
9 7845 7873 7874 7846 7617
9 7846 7874 7875 7847 7618
9 7847 7875 7876 7848 7619
9 7848 7876 7877 7849 7620
9 7849 7877 7878 7850 7621
9 7850 7878 7879 7851 7622
9 7851 7879 7880 7852 7623
9 7852 7880 7881 7853 7624
9 7853 7881 7882 7854 7625
9 7854 7882 604 603 7626
9 581 582 7883 7855 7627
9 7855 7883 7884 7856 7628
9 7856 7884 7885 7857 7629
9 7857 7885 7886 7858 7630
9 7858 7886 7887 7859 7631
9 7859 7887 7888 7860 7632
9 7860 7888 7889 7861 7633
9 7861 7889 7890 7862 7634
9 7862 7890 7891 7863 7635
9 7863 7891 7892 7864 7636
9 7864 7892 7893 7865 7637
9 7865 7893 7894 7866 7638
9 7866 7894 7895 7867 7639
9 7867 7895 7896 7868 7640
9 7868 7896 7897 7869 7641
9 7869 7897 7898 7870 7642
9 7870 7898 7899 7871 7643
9 7871 7899 7900 7872 7644
9 7872 7900 7901 7873 7645
9 7873 7901 7902 7874 7646
9 7874 7902 7903 7875 7647
9 7875 7903 7904 7876 7648
9 7876 7904 7905 7877 7649
9 7877 7905 7906 7878 7650
9 7878 7906 7907 7879 7651
9 7879 7907 7908 7880 7652
9 7880 7908 7909 7881 7653
9 7881 7909 7910 7882 7654
9 7882 7910 605 604 7655
9 582 583 7911 7883 7656
9 7883 7911 7912 7884 7657
9 7884 7912 7913 7885 7658
9 7885 7913 7914 7886 7659
9 7886 7914 7915 7887 7660
9 7887 7915 7916 7888 7661
9 7888 7916 7917 7889 7662
9 7889 7917 7918 7890 7663
9 7890 7918 7919 7891 7664
9 7891 7919 7920 7892 7665
9 7892 7920 7921 7893 7666
9 7893 7921 7922 7894 7667
9 7894 7922 7923 7895 7668
9 7895 7923 7924 7896 7669
9 7896 7924 7925 7897 7670
9 7897 7925 7926 7898 7671
9 7898 7926 7927 7899 7672
9 7899 7927 7928 7900 7673
9 7900 7928 7929 7901 7674
9 7901 7929 7930 7902 7675
9 7902 7930 7931 7903 7676
9 7903 7931 7932 7904 7677
9 7904 7932 7933 7905 7678
9 7905 7933 7934 7906 7679
9 7906 7934 7935 7907 7680
9 7907 7935 7936 7908 7681
9 7908 7936 7937 7909 7682
9 7909 7937 7938 7910 7683
9 7910 7938 606 605 7684
9 583 584 7939 7911 7685
9 7911 7939 7940 7912 7686
9 7912 7940 7941 7913 7687
9 7913 7941 7942 7914 7688
9 7914 7942 7943 7915 7689
9 7915 7943 7944 7916 7690
9 7916 7944 7945 7917 7691
9 7917 7945 7946 7918 7692
9 7918 7946 7947 7919 7693
9 7919 7947 7948 7920 7694
9 7920 7948 7949 7921 7695
9 7921 7949 7950 7922 7696
9 7922 7950 7951 7923 7697
9 7923 7951 7952 7924 7698
9 7924 7952 7953 7925 7699
9 7925 7953 7954 7926 7700
9 7926 7954 7955 7927 7701
9 7927 7955 7956 7928 7702
9 7928 7956 7957 7929 7703
9 7929 7957 7958 7930 7704
9 7930 7958 7959 7931 7705
9 7931 7959 7960 7932 7706
9 7932 7960 7961 7933 7707
9 7933 7961 7962 7934 7708
9 7934 7962 7963 7935 7709
9 7935 7963 7964 7936 7710
9 7936 7964 7965 7937 7711
9 7937 7965 7966 7938 7712
9 7938 7966 607 606 7713
9 584 585 7967 7939 7714
9 7939 7967 7968 7940 7715
9 7940 7968 7969 7941 7716
9 7941 7969 7970 7942 7717
9 7942 7970 7971 7943 7718
9 7943 7971 7972 7944 7719
9 7944 7972 7973 7945 7720
9 7945 7973 7974 7946 7721
9 7946 7974 7975 7947 7722
9 7947 7975 7976 7948 7723
9 7948 7976 7977 7949 7724
9 7949 7977 7978 7950 7725
9 7950 7978 7979 7951 7726
9 7951 7979 7980 7952 7727
9 7952 7980 7981 7953 7728
9 7953 7981 7982 7954 7729
9 7954 7982 7983 7955 7730
9 7955 7983 7984 7956 7731
9 7956 7984 7985 7957 7732
9 7957 7985 7986 7958 7733
9 7958 7986 7987 7959 7734
9 7959 7987 7988 7960 7735
9 7960 7988 7989 7961 7736
9 7961 7989 7990 7962 7737
9 7962 7990 7991 7963 7738
9 7963 7991 7992 7964 7739
9 7964 7992 7993 7965 7740
9 7965 7993 7994 7966 7741
9 7966 7994 608 607 7742
9 585 586 7995 7967 7743
9 7967 7995 7996 7968 7744
9 7968 7996 7997 7969 7745
9 7969 7997 7998 7970 7746
9 7970 7998 7999 7971 7747
9 7971 7999 8000 7972 7748
9 7972 8000 8001 7973 7749
9 7973 8001 8002 7974 7750
9 7974 8002 8003 7975 7751
9 7975 8003 8004 7976 7752
9 7976 8004 8005 7977 7753
9 7977 8005 8006 7978 7754
9 7978 8006 8007 7979 7755
9 7979 8007 8008 7980 7756
9 7980 8008 8009 7981 7757
9 7981 8009 8010 7982 7758
9 7982 8010 8011 7983 7759
9 7983 8011 8012 7984 7760
9 7984 8012 8013 7985 7761
9 7985 8013 8014 7986 7762
9 7986 8014 8015 7987 7763
9 7987 8015 8016 7988 7764
9 7988 8016 8017 7989 7765
9 7989 8017 8018 7990 7766
9 7990 8018 8019 7991 7767
9 7991 8019 8020 7992 7768
9 7992 8020 8021 7993 7769
9 7993 8021 8022 7994 7770
9 7994 8022 609 608 7771
9 586 587 8023 7995 7772
9 7995 8023 8024 7996 7773
9 7996 8024 8025 7997 7774
9 7997 8025 8026 7998 7775
9 7998 8026 8027 7999 7776
9 7999 8027 8028 8000 7777
9 8000 8028 8029 8001 7778
9 8001 8029 8030 8002 7779
9 8002 8030 8031 8003 7780
9 8003 8031 8032 8004 7781
9 8004 8032 8033 8005 7782
9 8005 8033 8034 8006 7783
9 8006 8034 8035 8007 7784
9 8007 8035 8036 8008 7785
9 8008 8036 8037 8009 7786
9 8009 8037 8038 8010 7787
9 8010 8038 8039 8011 7788
9 8011 8039 8040 8012 7789
9 8012 8040 8041 8013 7790
9 8013 8041 8042 8014 7791
9 8014 8042 8043 8015 7792
9 8015 8043 8044 8016 7793
9 8016 8044 8045 8017 7794
9 8017 8045 8046 8018 7795
9 8018 8046 8047 8019 7796
9 8019 8047 8048 8020 7797
9 8020 8048 8049 8021 7798
9 8021 8049 8050 8022 7799
9 8022 8050 610 609 7800
9 587 588 8051 8023 7801
9 8023 8051 8052 8024 7802
9 8024 8052 8053 8025 7803
9 8025 8053 8054 8026 7804
9 8026 8054 8055 8027 7805
9 8027 8055 8056 8028 7806
9 8028 8056 8057 8029 7807
9 8029 8057 8058 8030 7808
9 8030 8058 8059 8031 7809
9 8031 8059 8060 8032 7810
9 8032 8060 8061 8033 7811
9 8033 8061 8062 8034 7812
9 8034 8062 8063 8035 7813
9 8035 8063 8064 8036 7814
9 8036 8064 8065 8037 7815
9 8037 8065 8066 8038 7816
9 8038 8066 8067 8039 7817
9 8039 8067 8068 8040 7818
9 8040 8068 8069 8041 7819
9 8041 8069 8070 8042 7820
9 8042 8070 8071 8043 7821
9 8043 8071 8072 8044 7822
9 8044 8072 8073 8045 7823
9 8045 8073 8074 8046 7824
9 8046 8074 8075 8047 7825
9 8047 8075 8076 8048 7826
9 8048 8076 8077 8049 7827
9 8049 8077 8078 8050 7828
9 8050 8078 611 610 7829
9 588 589 8079 8051 7830
9 8051 8079 8080 8052 7831
9 8052 8080 8081 8053 7832
9 8053 8081 8082 8054 7833
9 8054 8082 8083 8055 7834
9 8055 8083 8084 8056 7835
9 8056 8084 8085 8057 7836
9 8057 8085 8086 8058 7837
9 8058 8086 8087 8059 7838
9 8059 8087 8088 8060 7839
9 8060 8088 8089 8061 7840
9 8061 8089 8090 8062 7841
9 8062 8090 8091 8063 7842
9 8063 8091 8092 8064 7843
9 8064 8092 8093 8065 7844
9 8065 8093 8094 8066 7845
9 8066 8094 8095 8067 7846
9 8067 8095 8096 8068 7847
9 8068 8096 8097 8069 7848
9 8069 8097 8098 8070 7849
9 8070 8098 8099 8071 7850
9 8071 8099 8100 8072 7851
9 8072 8100 8101 8073 7852
9 8073 8101 8102 8074 7853
9 8074 8102 8103 8075 7854
9 8075 8103 8104 8076 7855
9 8076 8104 8105 8077 7856
9 8077 8105 8106 8078 7857
9 8078 8106 612 611 7858
9 589 12 659 8079 7859
9 8079 659 660 8080 7860
9 8080 660 661 8081 7861
9 8081 661 662 8082 7862
9 8082 662 663 8083 7863
9 8083 663 664 8084 7864
9 8084 664 665 8085 7865
9 8085 665 666 8086 7866
9 8086 666 667 8087 7867
9 8087 667 668 8088 7868
9 8088 668 669 8089 7869
9 8089 669 670 8090 7870
9 8090 670 671 8091 7871
9 8091 671 672 8092 7872
9 8092 672 673 8093 7873
9 8093 673 674 8094 7874
9 8094 674 675 8095 7875
9 8095 675 676 8096 7876
9 8096 676 677 8097 7877
9 8097 677 678 8098 7878
9 8098 678 679 8099 7879
9 8099 679 680 8100 7880
9 8100 680 681 8101 7881
9 8101 681 682 8102 7882
9 8102 682 683 8103 7883
9 8103 683 684 8104 7884
9 8104 684 685 8105 7885
9 8105 685 686 8106 7886
9 8106 686 13 612 7887
NPOIN= 8107
0 0 0
-0.013 7.960204194457796e-19 1
-0.013 0.007000000000000001 2
4.286263797015736e-19 0.007 3
-0.003 1.83697019872103e-19 4
-0.01 6.123233995736766e-19 5
-0.01 0.007000000000000001 6
-0.003 0.007 7
1.224646799147353e-18 0.02 8
-0.013 0.02 9
-0.003999999999999999 0.02 10
-0.008999999999999998 0.02 11
0.005 -3.061616997868383e-19 12
0.005 0.007 13
-0.018 1.102182119232618e-18 14
-0.018 0.007000000000000001 15
-0.013 0.0002413793103443654 16
-0.013 0.0004827586206886797 17
-0.013 0.000724137931033132 18
-0.013 0.0009655172413774846 19
-0.013 0.0012068965517216 20
-0.013 0.001448275862065745 21
-0.013 0.00168965517240985 22
-0.013 0.001931034482753997 23
-0.013 0.00217241379309826 24
-0.013 0.002413793103442213 25
-0.013 0.002655172413786505 26
-0.013 0.002896551724130459 27
-0.013 0.003137931034474751 28
-0.013 0.003379310344818704 29
-0.013 0.003620689655163725 30
-0.013 0.003862068965508883 31
-0.013 0.004103448275854637 32
-0.013 0.004344827586200422 33
-0.013 0.00458620689654507 34
-0.013 0.004827586206890639 35
-0.013 0.005068965517236425 36
-0.013 0.005310344827582211 37
-0.013 0.005551724137926975 38
-0.013 0.005793103448272428 39
-0.013 0.006034482758618213 40
-0.013 0.006275862068964 41
-0.013 0.00651724137930888 42
-0.013 0.006758620689654216 43
1.478021998968109e-20 0.0002413793103443646 44
2.956043997935909e-20 0.0004827586206886789 45
4.434065996904555e-20 0.0007241379310331313 46
5.91208799587259e-20 0.0009655172413774838 47
7.390109994839173e-20 0.001206896551721599 48
8.868131993805935e-20 0.001448275862065744 49
1.034615399277245e-19 0.001689655172409849 50
1.182417599173923e-19 0.001931034482753996 51
1.330219799070672e-19 0.002172413793098259 52
1.478021998967231e-19 0.002413793103442212 53
1.625824198863997e-19 0.002655172413786504 54
1.773626398760556e-19 0.002896551724130458 55
1.921428598657323e-19 0.00313793103447475 56
2.069230798553882e-19 0.003379310344818703 57
2.217032998451095e-19 0.003620689655163724 58
2.364835198348391e-19 0.003862068965508882 59
2.512637398246053e-19 0.004103448275854636 60
2.660439598143734e-19 0.004344827586200421 61
2.808241798040717e-19 0.004586206896545069 62
2.956043997938266e-19 0.004827586206890638 63
3.103846197835947e-19 0.005068965517236424 64
3.251648397733629e-19 0.00531034482758221 65
3.399450597630683e-19 0.005551724137926974 66
3.547252797528161e-19 0.005793103448272427 67
3.695054997425842e-19 0.006034482758618212 68
3.842857197323523e-19 0.006275862068963999 69
3.99065939722065e-19 0.006517241379308879 70
4.138461597118056e-19 0.006758620689654216 71
-0.01 0.0002413793103443652 72
-0.01 0.0004827586206886795 73
-0.01 0.0007241379310331319 74
-0.01 0.0009655172413774845 75
-0.01 0.0012068965517216 76
-0.01 0.001448275862065745 77
-0.01 0.00168965517240985 78
-0.01 0.001931034482753997 79
-0.01 0.002172413793098259 80
-0.01 0.002413793103442213 81
-0.01 0.002655172413786505 82
-0.01 0.002896551724130459 83
-0.01 0.00313793103447475 84
-0.01 0.003379310344818703 85
-0.01 0.003620689655163724 86
-0.01 0.003862068965508883 87
-0.01 0.004103448275854637 88
-0.01 0.004344827586200422 89
-0.01 0.00458620689654507 90
-0.01 0.004827586206890639 91
-0.01 0.005068965517236425 92
-0.01 0.005310344827582211 93
-0.01 0.005551724137926975 94
-0.01 0.005793103448272428 95
-0.01 0.006034482758618213 96
-0.01 0.006275862068964 97
-0.01 0.00651724137930888 98
-0.01 0.006758620689654216 99
-0.01284210526315932 0.007000000000000001 100
-0.01268421052631661 0.007000000000000001 101
-0.0125263157894739 0.007000000000000001 102
-0.01236842105263184 0.007000000000000001 103
-0.01221052631579142 0.007000000000000001 104
-0.01205263157895031 0.007000000000000001 105
-0.01189473684210779 0.007000000000000001 106
-0.01173684210526572 0.007000000000000001 107
-0.01157894736842394 0.007000000000000001 108
-0.01142105263158283 0.007000000000000001 109
-0.01126315789474034 0.007000000000000001 110
-0.01110526315789762 0.007000000000000001 111
-0.01094736842105511 0.007000000000000001 112
-0.01078947368421288 0.007000000000000001 113
-0.01063157894737017 0.007000000000000001 114
-0.01047368421052746 0.007000000000000001 115
-0.01031578947368475 0.007000000000000001 116
-0.01015789473684271 0.007000000000000001 117
-0.009905405405405599 0.007000000000000001 118
-0.009810810810811196 0.007000000000000001 119
-0.009716216216216794 0.007000000000000001 120
-0.009621621621622393 0.007000000000000001 121
-0.00952702702702799 0.007000000000000001 122
-0.00943243243243346 0.007000000000000001 123
-0.009337837837838472 0.007000000000000001 124
-0.009243243243243767 0.007000000000000001 125
-0.009148648648649366 0.007000000000000001 126
-0.009054054054054963 0.007000000000000001 127
-0.008959459459460561 0.007000000000000001 128
-0.00886486486486616 0.007000000000000001 129
-0.008770270270271757 0.007000000000000001 130
-0.008675675675677355 0.007000000000000001 131
-0.008581081081082954 0.007000000000000001 132
-0.008486486486488551 0.007000000000000001 133
-0.008391891891894624 0.007000000000000001 134
-0.008297297297300424 0.007000000000000001 135
-0.008202702702706314 0.007000000000000001 136
-0.008108108108111958 0.007000000000000001 137
-0.008013513513518006 0.007000000000000001 138
-0.007918918918923832 0.007000000000000001 139
-0.007824324324329428 0.007000000000000001 140
-0.007729729729735027 0.007000000000000001 141
-0.007635135135140624 0.007000000000000001 142
-0.007540540540546222 0.007000000000000001 143
-0.007445945945951819 0.007000000000000001 144
-0.007351351351357659 0.007000000000000001 145
-0.007256756756763523 0.007000000000000001 146
-0.00716216216216912 0.007000000000000001 147
-0.007067567567574718 0.007000000000000001 148
-0.006972972972980315 0.007000000000000001 149
-0.006878378378385928 0.007000000000000001 150
-0.006783783783791818 0.007000000000000001 151
-0.006689189189197617 0.007000000000000001 152
-0.006594594594603214 0.007000000000000001 153
-0.006500000000008643 0.007000000000000001 154
-0.006405405405413823 0.007 155
-0.006310810810818914 0.007 156
-0.006216216216224217 0.007 157
-0.006121621621629523 0.007 158
-0.006027027027034657 0.007 159
-0.005932432432440195 0.007 160
-0.005837837837845793 0.007 161
-0.005743243243251249 0.007 162
-0.005648648648656288 0.007 163
-0.005554054054061299 0.007 164
-0.005459459459466311 0.007 165
-0.005364864864871323 0.007 166
-0.005270270270276334 0.007 167
-0.005175675675681345 0.007 168
-0.005081081081086358 0.007 169
-0.004986486486491369 0.007 170
-0.004891891891896449 0.007 171
-0.004797297297301945 0.007 172
-0.004702702702707544 0.007 173
-0.00460810810811304 0.007 174
-0.004513513513518121 0.007 175
-0.004418918918923131 0.007 176
-0.004324324324328143 0.007 177
-0.004229729729733156 0.007 178
-0.004135135135138166 0.007 179
-0.004040540540543178 0.007 180
-0.00394594594594819 0.007 181
-0.003851351351353201 0.007 182
-0.00375675675675824 0.007 183
-0.003662162162163696 0.007 184
-0.003567567567569293 0.007 185
-0.003472972972974832 0.007 186
-0.003378378378379952 0.007 187
-0.003283783783784963 0.007 188
-0.003189189189189976 0.007 189
-0.003094594594594988 0.007 190
-0.002842105263158122 0.007 191
-0.002684210526316498 0.007 192
-0.002526315789474754 0.007 193
-0.002368421052632404 0.007 194
-0.00221052631579078 0.007 195
-0.002052631578949191 0.007 196
-0.001894736842108203 0.007 197
-0.001736842105266501 0.007 198
-0.001578947368424792 0.007 199
-0.001421052631582613 0.007 200
-0.001263157894740171 0.007 201
-0.001105263157897689 0.007 202
-0.0009473684210550646 0.007 203
-0.0007894736842124373 0.007 204
-0.0006315789473703816 0.007 205
-0.0004736842105276169 0.007 206
-0.0003157894736848521 0.007 207
-0.0001578947368427648 0.007 208
-0.003 0.0002413793103443648 209
-0.003 0.000482758620688679 210
-0.003 0.0007241379310331315 211
-0.003 0.000965517241377484 212
-0.003 0.001206896551721599 213
-0.003 0.001448275862065744 214
-0.003 0.001689655172409849 215
-0.003 0.001931034482753996 216
-0.003 0.002172413793098259 217
-0.003 0.002413793103442212 218
-0.003 0.002655172413786504 219
-0.003 0.002896551724130458 220
-0.003 0.00313793103447475 221
-0.003 0.003379310344818703 222
-0.003 0.003620689655163724 223
-0.003 0.003862068965508882 224
-0.003 0.004103448275854636 225
-0.003 0.004344827586200421 226
-0.003 0.004586206896545069 227
-0.003 0.004827586206890638 228
-0.003 0.005068965517236424 229
-0.003 0.00531034482758221 230
-0.003 0.005551724137926974 231
-0.003 0.005793103448272427 232
-0.003 0.006034482758618212 233
-0.003 0.006275862068963999 234
-0.003 0.006517241379308879 235
-0.003 0.006758620689654216 236
-0.0001578947368418003 9.668264203776223e-21 237
-0.0003157894736836355 1.933652840755458e-20 238
-0.0004736842105253835 2.900479261132759e-20 239
-0.0006315789473670411 3.867305681509507e-20 240
-0.0007894736842086903 4.834132101886204e-20 241
-0.0009473684210503697 5.800958522263086e-20 242
-0.001105263157891995 6.76778494263964e-20 243
-0.00126315789473368 7.734611363016556e-20 244
-0.001421052631575372 8.701437783393511e-20 245
-0.001578947368417534 9.66826420377335e-20 246
-0.001736842105259959 1.063509062415479e-19 247
-0.001894736842102424 1.160191704453649e-19 248
-0.002052631578945032 1.256874346491906e-19 249
-0.002210526315787643 1.353556988530164e-19 250
-0.002368421052629682 1.450239630568073e-19 251
-0.002526315789472431 1.546922272606416e-19 252
-0.00268421052631518 1.643604914644759e-19 253
-0.002842105263157251 1.740287556682687e-19 254
-0.003094594594594391 1.894892682464361e-19 255
-0.003189189189188782 1.952815166207692e-19 256
-0.003283783783783173 2.010737649951024e-19 257
-0.003378378378377564 2.068660133694355e-19 258
-0.003472972972971956 2.126582617437686e-19 259
-0.003567567567566347 2.184505101181017e-19 260
-0.003662162162160738 2.242427584924348e-19 261
-0.003756756756755199 2.300350068667723e-19 262
-0.003851351351349822 2.358272552411196e-19 263
-0.00394594594594408 2.416195036154446e-19 264
-0.004040540540538467 2.474117519897775e-19 265
-0.004135135135132565 2.532040003640926e-19 266
-0.004229729729726745 2.589962487384129e-19 267
-0.004324324324321136 2.64788497112746e-19 268
-0.004418918918915528 2.705807454870791e-19 269
-0.004513513513509919 2.763729938614122e-19 270
-0.00460810810810431 2.821652422357454e-19 271
-0.004702702702698701 2.879574906100786e-19 272
-0.004797297297293091 2.937497389844116e-19 273
-0.004891891891887211 2.995419873587282e-19 274
-0.004986486486481364 3.053342357330467e-19 275
-0.005081081081075755 3.111264841073799e-19 276
-0.005175675675670146 3.169187324817129e-19 277
-0.00527027027026428 3.227109808560303e-19 278
-0.00536486486485842 3.28503229230348e-19 279
-0.00545945945945281 3.342954776046811e-19 280
-0.0055540540540472 3.400877259790143e-19 281
-0.005648648648641591 3.458799743533474e-19 282
-0.005743243243235954 3.516722227276788e-19 283
-0.005837837837830204 3.574644711020032e-19 284
-0.005932432432424594 3.632567194763363e-19 285
-0.006027027027018985 3.690489678506694e-19 286
-0.006121621621613376 3.748412162250025e-19 287
-0.006216216216207767 3.806334645993356e-19 288
-0.006310810810801988 3.864257129736584e-19 289
-0.006405405405396379 3.922179613479915e-19 290
-0.00649999999999077 3.980102097223246e-19 291
-0.006594594594585577 4.038024580966832e-19 292
-0.006689189189180477 4.095947064710474e-19 293
-0.006783783783775159 4.153869548453984e-19 294
-0.006878378378369843 4.211792032197496e-19 295
-0.006972972972964807 4.269714515941177e-19 296
-0.007067567567559783 4.327636999684867e-19 297
-0.007162162162154761 4.385559483428557e-19 298
-0.007256756756749738 4.443481967172247e-19 299
-0.007351351351344714 4.501404450915937e-19 300
-0.00744594594593942 4.559326934659461e-19 301
-0.007540540540533811 4.617249418402793e-19 302
-0.007635135135128331 4.675171902146202e-19 303
-0.007729729729723266 4.733094385889867e-19 304
-0.007824324324318243 4.791016869633557e-19 305
-0.00791891891891322 4.848939353377247e-19 306
-0.008013513513508198 4.906861837120937e-19 307
-0.008108108108103173 4.964784320864626e-19 308
-0.008202702702698149 5.022706804608317e-19 309
-0.008297297297293128 5.080629288352006e-19 310
-0.008391891891887902 5.138551772095573e-19 311
-0.008486486486481955 5.196474255838697e-19 312
-0.008581081081076702 5.254396739582247e-19 313
-0.008675675675671679 5.312319223325937e-19 314
-0.008770270270266656 5.370241707069626e-19 315
-0.008864864864861634 5.428164190813316e-19 316
-0.008959459459456609 5.486086674557006e-19 317
-0.009054054054051587 5.544009158300696e-19 318
-0.009148648648646564 5.601931642044386e-19 319
-0.00924324324324154 5.659854125788076e-19 320
-0.009337837837836517 5.717776609531767e-19 321
-0.009432432432431283 5.775699093275327e-19 322
-0.009527027027025336 5.833621577018451e-19 323
-0.009621621621620093 5.891544060762006e-19 324
-0.00971621621621507 5.949466544505696e-19 325
-0.009810810810810047 6.007389028249386e-19 326
-0.009905405405405025 6.065311511993076e-19 327
-0.01015789473684068 6.219916637773842e-19 328
-0.01031578947368339 6.316599279812161e-19 329
-0.0104736842105261 6.413281921850482e-19 330
-0.01063157894736816 6.509964563888398e-19 331
-0.01078947368420858 6.606647205925321e-19 332
-0.01094736842104969 6.703329847962658e-19 333
-0.01110526315789221 6.800012490000859e-19 334
-0.01126315789473428 6.896695132038786e-19 335
-0.01142105263157606 6.993377774076538e-19 336
-0.01157894736841717 7.090060416113876e-19 337
-0.01173684210525966 7.186743058152065e-19 338
-0.01189473684210238 7.283425700190384e-19 339
-0.01205263157894489 7.380108342228585e-19 340
-0.01221052631578712 7.47679098426661e-19 341
-0.01236842105262983 7.573473626304931e-19 342
-0.01252631578947254 7.67015626834325e-19 343
-0.01268421052631525 7.76683891038157e-19 344
-0.01284210526315729 7.863521552419475e-19 345
-0.013 0.007448275862068096 346
-0.013 0.00789655172413653 347
-0.013 0.008344827586204714 348
-0.013 0.008793103448272721 349
-0.013 0.009241379310340286 350
-0.013 0.009689655172407559 351
-0.013 0.01013793103447518 352
-0.013 0.01058620689654239 353
-0.013 0.01103448275861032 354
-0.013 0.01148275862067791 355
-0.013 0.01193103448274583 356
-0.013 0.01237931034481344 357
-0.013 0.01282758620688135 358
-0.013 0.01327586206894907 359
-0.013 0.0137241379310193 360
-0.013 0.01417241379308885 361
-0.013 0.0146206896551595 362
-0.013 0.01506896551723027 363
-0.013 0.01551724137930008 364
-0.013 0.01596551724136824 365
-0.013 0.01641379310343968 366
-0.013 0.01686206896550856 367
-0.013 0.01731034482757976 368
-0.013 0.01775862068964892 369
-0.013 0.01820689655171984 370
-0.013 0.01865517241378935 371
-0.013 0.01910344827585992 372
-0.013 0.01955172413792979 373
4.56075359682391e-19 0.007448275862067797 374
4.835243396632224e-19 0.007896551724135822 375
5.109733196440752e-19 0.008344827586204199 376
5.384222996248884e-19 0.008793103448271925 377
5.658712796056613e-19 0.009241379310338999 378
5.933202595865146e-19 0.009689655172407378 379
6.207692395672882e-19 0.01013793103447446 380
6.482182195480993e-19 0.01058620689654215 381
6.756671995288767e-19 0.0110344827586093 382
7.03116179509687e-19 0.01148275862067698 383
7.305651594904651e-19 0.01193103448274413 384
7.580141394712696e-19 0.01237931034481172 385
7.8546311945209e-19 0.01282758620687957 386
8.129120994328996e-19 0.01327586206894724 387
8.403610794138623e-19 0.01372413793101741 388
8.678100593947834e-19 0.0141724137930869 389
8.952590393757715e-19 0.01462068965515748 390
9.227080193567679e-19 0.0150689655172282 391
9.501569993377641e-19 0.01551724137929892 392
9.776059793186775e-19 0.01596551724136828 393
1.005054959299674e-18 0.016413793103439 394
1.032503939280587e-18 0.01686206896550837 395
1.059952919261583e-18 0.01731034482757908 396
1.087401899242499e-18 0.01775862068964849 397
1.114850879223493e-18 0.01820689655171916 398
1.142299859204489e-18 0.01865517241378988 399
1.169748839185402e-18 0.01910344827585924 400
1.197197819166398e-18 0.01955172413792996 401
-0.01278947368420953 0.02 402
-0.01257894736841905 0.02 403
-0.01236842105262858 0.02 404
-0.01215789473684045 0.02 405
-0.01194736842105454 0.02 406
-0.01173684210526863 0.02 407
-0.01152631578948228 0.02 408
-0.01131578947369181 0.02 409
-0.01110526315790134 0.02 410
-0.01089473684211086 0.02 411
-0.01068421052632039 0.02 412
-0.01047368421052992 0.02 413
-0.01026315789474085 0.02 414
-0.01005263157895236 0.02 415
-0.009842105263161888 0.02 416
-0.009631578947371416 0.02 417
-0.009421052631580943 0.02 418
-0.00921052631579047 0.02 419
-0.008932432432432733 0.02 420
-0.008864864864865468 0.02 421
-0.008797297297298202 0.02 422
-0.008729729729730625 0.02 423
-0.008662162162162774 0.02 424
-0.008594594594594922 0.02 425
-0.008527027027027448 0.02 426
-0.008459459459460182 0.02 427
-0.008391891891892916 0.02 428
-0.008324324324325651 0.02 429
-0.008256756756758386 0.02 430
-0.008189189189191121 0.02 431
-0.008121621621623856 0.02 432
-0.008054054054056591 0.02 433
-0.007986486486489325 0.02 434
-0.00791891891892183 0.02 435
-0.007851351351354455 0.02 436
-0.00778378378378702 0.02 437
-0.007716216216219755 0.02 438
-0.00764864864865222 0.02 439
-0.007581081081084717 0.02 440
-0.007513513513517442 0.02 441
-0.007445945945949884 0.02 442
-0.007378378378382413 0.02 443
-0.007310810810815148 0.02 444
-0.007243243243247882 0.02 445
-0.007175675675680617 0.02 446
-0.007108108108113352 0.02 447
-0.007040540540546059 0.02 448
-0.006972972972978501 0.02 449
-0.006905405405411048 0.02 450
-0.006837837837843782 0.02 451
-0.006770270270276504 0.02 452
-0.006702702702708944 0.02 453
-0.006635135135141386 0.02 454
-0.006567567567573875 0.02 455
-0.00650000000000644 0.02 456
-0.006432432432438588 0.02 457
-0.006364864864870737 0.02 458
-0.006297297297303087 0.02 459
-0.006229729729735373 0.02 460
-0.006162162162167521 0.02 461
-0.00609459459459967 0.02 462
-0.006027027027031836 0.02 463
-0.005959459459464278 0.02 464
-0.005891891891896719 0.02 465
-0.005824324324328941 0.02 466
-0.00575675675676109 0.02 467
-0.005689189189193237 0.02 468
-0.005621621621625637 0.02 469
-0.005554054054058078 0.02 470
-0.005486486486490361 0.02 471
-0.005418918918922509 0.02 472
-0.005351351351354657 0.02 473
-0.005283783783786828 0.02 474
-0.005216216216219269 0.02 475
-0.005148648648651441 0.02 476
-0.005081081081083869 0.02 477
-0.005013513513516595 0.02 478
-0.004945945945948904 0.02 479
-0.004878378378381051 0.02 480
-0.004810810810813201 0.02 481
-0.004743243243245349 0.02 482
-0.004675675675677497 0.02 483
-0.004608108108109646 0.02 484
-0.004540540540541795 0.02 485
-0.004472972972973943 0.02 486
-0.004405405405406197 0.02 487
-0.004337837837838867 0.02 488
-0.004270270270271406 0.02 489
-0.004202702702703553 0.02 490
-0.004135135135135703 0.02 491
-0.004067567567567851 0.02 492
-0.003789473684210191 0.02 493
-0.003578947368420976 0.02 494
-0.003368421052632711 0.02 495
-0.003157894736843563 0.02 496
-0.002947368421054036 0.02 497
-0.002736842105264794 0.02 498
-0.002526315789476537 0.02 499
-0.002315789473688464 0.02 500
-0.002105263157899352 0.02 501
-0.00189473684210982 0.02 502
-0.001684210526320234 0.02 503
-0.001473684210529954 0.02 504
-0.00126315789473995 0.02 505
-0.001052631578950088 0.02 506
-0.0008421052631597363 0.02 507
-0.000631578947370222 0.02 508
-0.000421052631579866 0.02 509
-0.0002105263157901466 0.02 510
-0.003034482758620601 0.007448275862067815 511
-0.003068965517241219 0.007896551724135855 512
-0.003103448275861865 0.008344827586204244 513
-0.003137931034482458 0.008793103448271961 514
-0.003172413793102999 0.009241379310338997 515
-0.003206896551723641 0.009689655172407337 516
-0.003241379310344187 0.01013793103447444 517
-0.00327586206896478 0.01058620689654215 518
-0.003310344827585331 0.01103448275860931 519
-0.003344827586205924 0.01148275862067701 520
-0.003379310344826475 0.01193103448274418 521
-0.00341379310344706 0.01237931034481179 522
-0.003448275862067665 0.01282758620687965 523
-0.003482758620688254 0.01327586206894731 524
-0.003517241379309034 0.01372413793101744 525
-0.003551724137929761 0.01417241379308691 526
-0.003586206896550576 0.01462068965515749 527
-0.0036206896551714 0.01506896551722821 528
-0.003655172413792224 0.01551724137929893 529
-0.003689655172412945 0.0159655172413683 530
-0.00372413793103377 0.01641379310343902 531
-0.00375862068965449 0.01686206896550839 532
-0.003793103448275313 0.01731034482757908 533
-0.003827586206896036 0.01775862068964848 534
-0.003862068965516857 0.01820689655171915 535
-0.003896551724137682 0.01865517241378987 536
-0.003931034482758403 0.01910344827585924 537
-0.003965517241379227 0.01955172413792996 538
-0.009965517241379384 0.007448275862068008 539
-0.009931034482758734 0.007896551724136456 540
-0.009896551724138104 0.008344827586204653 541
-0.009862068965517487 0.008793103448272678 542
-0.009827586206896903 0.009241379310340261 543
-0.009793103448276342 0.009689655172407554 544
-0.009758620689655753 0.01013793103447519 545
-0.009724137931035198 0.01058620689654243 546
-0.009689655172414586 0.01103448275861037 547
-0.009655172413794001 0.01148275862067798 548
-0.009620689655173389 0.01193103448274592 549
-0.009586206896552802 0.01237931034481355 550
-0.009551724137932194 0.01282758620688146 551
-0.009517241379311604 0.01327586206894914 552
-0.009482758620690819 0.01372413793101934 553
-0.009448275862070088 0.01417241379308884 554
-0.009413793103449268 0.01462068965515949 555
-0.00937931034482844 0.01506896551723027 556
-0.009344827586207685 0.01551724137930008 557
-0.009310344827587054 0.01596551724136826 558
-0.009275862068966176 0.01641379310343969 559
-0.009241379310345492 0.01686206896550859 560
-0.00920689655172463 0.01731034482757978 561
-0.009172413793103924 0.01775862068964896 562
-0.009137931034483085 0.01820689655171987 563
-0.009103448275862352 0.0186551724137894 564
-0.00906896551724154 0.01910344827585996 565
-0.009034482758620779 0.01955172413792983 566
0.0002083333333329242 -1.275673749109321e-20 567
0.0004166666666658956 -2.551347498218931e-20 568
0.000624999999998904 -3.827021247328767e-20 569
0.0008333333333316159 -5.102694996436789e-20 570
0.001041666666664271 -6.378368745544464e-20 571
0.00124999999999704 -7.654042494652833e-20 572
0.001458333333329809 -8.929716243761201e-20 573
0.001666666666662478 -1.020538999286896e-19 574
0.001874999999995219 -1.148106374197716e-19 575
0.002083333333327804 -1.27567374910844e-19 576
0.002291666666660714 -1.403241124019364e-19 577
0.002499999999993482 -1.5308084989302e-19 578
0.002708333333327437 -1.658375873841764e-19 579
0.002916666666661081 -1.785943248753136e-19 580
0.00312499999999526 -1.913510623664837e-19 581
0.00333333333332882 -2.041077998576158e-19 582
0.003541666666662943 -2.168645373487825e-19 583
0.0037499999999967 -2.296212748399266e-19 584
0.003958333333330456 -2.423780123310708e-19 585
0.004166666666664636 -2.551347498222409e-19 586
0.004374999999998816 -2.67891487313411e-19 587
0.004583333333331754 -2.806482248045051e-19 588
0.004791666666665821 -2.934049622956682e-19 589
0.0002083333333329174 0.007 590
0.0004166666666658814 0.007 591
0.0006249999999988824 0.007 592
0.0008333333333315872 0.007 593
0.001041666666664236 0.007 594
0.001249999999996997 0.007 595
0.001458333333329757 0.007 596
0.00166666666666242 0.007 597
0.001874999999995152 0.007 598
0.00208333333332773 0.007 599
0.002291666666660632 0.007 600
0.002499999999993393 0.007 601
0.00270833333332734 0.007 602
0.002916666666660977 0.007 603
0.003124999999995151 0.007 604
0.003333333333328704 0.007 605
0.00354166666666282 0.007 606
0.00374999999999657 0.007 607
0.003958333333330489 0.007 608
0.004166666666664662 0.007 609
0.004374999999998836 0.007 610
0.004583333333331766 0.007 611
0.004791666666665826 0.007 612
-0.01779166666666791 1.089425381741576e-18 613
-0.01758333333333378 1.076668644250409e-18 614
-0.01737499999999966 1.063911906759242e-18 615
-0.01716666666666779 1.051155169268214e-18 616
-0.01695833333333548 1.038398431777158e-18 617
-0.01675000000000271 1.025641694286074e-18 618
-0.01654166666666881 1.012884956794921e-18 619
-0.01633333333333694 1.000128219303893e-18 620
-0.0161250000000044 9.873714818128231e-19 621
-0.0159166666666705 9.746147443216701e-19 622
-0.01570833333333886 9.618580068306556e-19 623
-0.01550000000000576 9.491012693395512e-19 624
-0.01529166666667265 9.363445318484468e-19 625
-0.01508333333333853 9.235877943572801e-19 626
-0.01487500000000508 9.108310568661549e-19 627
-0.01466666666667096 8.980743193749883e-19 628
-0.01445833333333751 8.85317581883863e-19 629
-0.01425000000000338 8.725608443926964e-19 630
-0.01404166666666926 8.598041069015298e-19 631
-0.01383333333333514 8.470473694103632e-19 632
-0.01362500000000101 8.342906319191965e-19 633
-0.01341666666666746 8.215338944280645e-19 634
-0.01320833333333412 8.087771569369462e-19 635
-0.01779166666666791 0.007000000000000001 636
-0.01758333333333378 0.007000000000000001 637
-0.01737499999999966 0.007000000000000001 638
-0.01716666666666779 0.007000000000000001 639
-0.01695833333333548 0.007000000000000001 640
-0.01675000000000271 0.007000000000000001 641
-0.01654166666666881 0.007000000000000001 642
-0.01633333333333694 0.007000000000000001 643
-0.0161250000000044 0.007000000000000001 644
-0.0159166666666705 0.007000000000000001 645
-0.01570833333333886 0.007000000000000001 646
-0.01550000000000576 0.007000000000000001 647
-0.01529166666667265 0.007000000000000001 648
-0.01508333333333853 0.007000000000000001 649
-0.01487500000000508 0.007000000000000001 650
-0.01466666666667096 0.007000000000000001 651
-0.01445833333333751 0.007000000000000001 652
-0.01425000000000338 0.007000000000000001 653
-0.01404166666666926 0.007000000000000001 654
-0.01383333333333514 0.007000000000000001 655
-0.01362500000000101 0.007000000000000001 656
-0.01341666666666746 0.007000000000000001 657
-0.01320833333333412 0.007000000000000001 658
0.005 0.0002413793103443643 659
0.005 0.0004827586206886785 660
0.005 0.0007241379310331309 661
0.005 0.0009655172413774835 662
0.005 0.001206896551721599 663
0.005 0.001448275862065744 664
0.005 0.001689655172409849 665
0.005 0.001931034482753996 666
0.005 0.002172413793098258 667
0.005 0.002413793103442212 668
0.005 0.002655172413786504 669
0.005 0.002896551724130458 670
0.005 0.003137931034474749 671
0.005 0.003379310344818703 672
0.005 0.003620689655163723 673
0.005 0.003862068965508882 674
0.005 0.004103448275854636 675
0.005 0.004344827586200421 676
0.005 0.004586206896545069 677
0.005 0.004827586206890638 678
0.005 0.005068965517236424 679
0.005 0.00531034482758221 680
0.005 0.005551724137926974 681
0.005 0.005793103448272427 682
0.005 0.006034482758618212 683
0.005 0.006275862068963999 684
0.005 0.006517241379308879 685
0.005 0.006758620689654216 686
-0.018 0.0002413793103443657 687
-0.018 0.0004827586206886799 688
-0.018 0.0007241379310331323 689
-0.018 0.0009655172413774849 690
-0.018 0.0012068965517216 691
-0.018 0.001448275862065745 692
-0.018 0.00168965517240985 693
-0.018 0.001931034482753997 694
-0.018 0.00217241379309826 695
-0.018 0.002413793103442214 696
-0.018 0.002655172413786505 697
-0.018 0.002896551724130459 698
-0.018 0.003137931034474751 699
-0.018 0.003379310344818704 700
-0.018 0.003620689655163725 701
-0.018 0.003862068965508884 702
-0.018 0.004103448275854637 703
-0.018 0.004344827586200422 704
-0.018 0.00458620689654507 705
-0.018 0.004827586206890639 706
-0.018 0.005068965517236425 707
-0.018 0.005310344827582211 708
-0.018 0.005551724137926975 709
-0.018 0.005793103448272428 710
-0.018 0.006034482758618213 711
-0.018 0.006275862068964 712
-0.018 0.00651724137930888 713
-0.018 0.006758620689654216 714
-0.0001578947368418335 0.0002413793103443646 715
-0.0003157894736836774 0.0002413793103443646 716
-0.0004736842105254604 0.0002413793103443646 717
-0.0006315789473671564 0.0002413793103443647 718
-0.0007894736842088198 0.0002413793103443646 719
-0.0009473684210505315 0.0002413793103443647 720
-0.001105263157892192 0.0002413793103443647 721
-0.001263157894733904 0.0002413793103443647 722
-0.001421052631575622 0.0002413793103443647 723
-0.001578947368417785 0.0002413793103443647 724
-0.001736842105260185 0.0002413793103443648 725
-0.001894736842102623 0.0002413793103443648 726
-0.002052631578945176 0.0002413793103443647 727
-0.002210526315787751 0.0002413793103443648 728
-0.002368421052629776 0.0002413793103443647 729
-0.002526315789472512 0.0002413793103443647 730
-0.002684210526315226 0.0002413793103443648 731
-0.002842105263157281 0.0002413793103443647 732
-0.0001578947368418668 0.0004827586206886788 733
-0.0003157894736837193 0.0004827586206886788 734
-0.0004736842105255375 0.0004827586206886789 735
-0.0006315789473672715 0.0004827586206886788 736
-0.0007894736842089489 0.000482758620688679 737
-0.0009473684210506936 0.0004827586206886788 738
-0.001105263157892389 0.0004827586206886789 739
-0.001263157894734128 0.0004827586206886788 740
-0.001421052631575871 0.000482758620688679 741
-0.001578947368418035 0.000482758620688679 742
-0.00173684210526041 0.0004827586206886789 743
-0.001894736842102822 0.000482758620688679 744
-0.002052631578945319 0.000482758620688679 745
-0.002210526315787859 0.000482758620688679 746
-0.00236842105262987 0.0004827586206886789 747
-0.002526315789472592 0.000482758620688679 748
-0.002684210526315272 0.0004827586206886789 749
-0.002842105263157311 0.000482758620688679 750
-0.0001578947368419001 0.0007241379310331314 751
-0.0003157894736837612 0.0007241379310331313 752
-0.0004736842105256145 0.0007241379310331313 753
-0.0006315789473673866 0.0007241379310331314 754
-0.0007894736842090781 0.0007241379310331315 755
-0.0009473684210508555 0.0007241379310331313 756
-0.001105263157892584 0.0007241379310331311 757
-0.001263157894734351 0.0007241379310331314 758
-0.001421052631576121 0.0007241379310331313 759
-0.001578947368418285 0.0007241379310331314 760
-0.001736842105260636 0.0007241379310331313 761
-0.001894736842103022 0.0007241379310331313 762
-0.002052631578945462 0.0007241379310331314 763
-0.002210526315787967 0.0007241379310331314 764
-0.002368421052629964 0.0007241379310331313 765
-0.002526315789472672 0.0007241379310331314 766
-0.002684210526315318 0.0007241379310331314 767
-0.002842105263157342 0.0007241379310331314 768
-0.0001578947368419334 0.0009655172413774837 769
-0.0003157894736838032 0.0009655172413774837 770
-0.0004736842105256915 0.0009655172413774838 771
-0.0006315789473675019 0.0009655172413774838 772
-0.0007894736842092074 0.0009655172413774835 773
-0.0009473684210510172 0.0009655172413774839 774
-0.001105263157892781 0.0009655172413774838 775
-0.001263157894734576 0.0009655172413774838 776
-0.001421052631576371 0.0009655172413774838 777
-0.001578947368418536 0.0009655172413774839 778
-0.001736842105260861 0.0009655172413774838 779
-0.001894736842103221 0.0009655172413774839 780
-0.002052631578945606 0.0009655172413774838 781
-0.002210526315788075 0.0009655172413774838 782
-0.002368421052630057 0.0009655172413774838 783
-0.002526315789472751 0.0009655172413774838 784
-0.002684210526315363 0.0009655172413774839 785
-0.002842105263157371 0.0009655172413774838 786
-0.0001578947368419666 0.001206896551721599 787
-0.0003157894736838453 0.001206896551721599 788
-0.0004736842105257686 0.001206896551721599 789
-0.000631578947367617 0.001206896551721599 790
-0.0007894736842093364 0.001206896551721599 791
-0.0009473684210511795 0.001206896551721599 792
-0.001105263157892978 0.001206896551721599 793
-0.0012631578947348 0.001206896551721599 794
-0.00142105263157662 0.001206896551721599 795
-0.001578947368418786 0.001206896551721599 796
-0.001736842105261087 0.001206896551721599 797
-0.00189473684210342 0.001206896551721599 798
-0.002052631578945749 0.001206896551721599 799
-0.002210526315788184 0.001206896551721599 800
-0.002368421052630151 0.001206896551721599 801
-0.002526315789472832 0.001206896551721599 802
-0.002684210526315407 0.001206896551721599 803
-0.002842105263157401 0.001206896551721599 804
-0.0001578947368419999 0.001448275862065744 805
-0.0003157894736838872 0.001448275862065744 806
-0.0004736842105258455 0.001448275862065745 807
-0.0006315789473677325 0.001448275862065744 808
-0.0007894736842094654 0.001448275862065744 809
-0.000947368421051341 0.001448275862065744 810
-0.001105263157893174 0.001448275862065744 811
-0.001263157894735023 0.001448275862065744 812
-0.00142105263157687 0.001448275862065744 813
-0.001578947368419036 0.001448275862065744 814
-0.001736842105261312 0.001448275862065744 815
-0.001894736842103619 0.001448275862065744 816
-0.002052631578945893 0.001448275862065744 817
-0.002210526315788291 0.001448275862065744 818
-0.002368421052630245 0.001448275862065744 819
-0.002526315789472912 0.001448275862065744 820
-0.002684210526315453 0.001448275862065744 821
-0.002842105263157432 0.001448275862065744 822
-0.0001578947368420331 0.001689655172409849 823
-0.000315789473683929 0.001689655172409849 824
-0.0004736842105259226 0.001689655172409849 825
-0.0006315789473678475 0.001689655172409849 826
-0.0007894736842095949 0.001689655172409849 827
-0.0009473684210515029 0.001689655172409849 828
-0.00110526315789337 0.001689655172409849 829
-0.001263157894735247 0.001689655172409849 830
-0.00142105263157712 0.001689655172409849 831
-0.001578947368419286 0.001689655172409849 832
-0.001736842105261538 0.001689655172409849 833
-0.001894736842103819 0.001689655172409849 834
-0.002052631578946036 0.001689655172409849 835
-0.0022105263157884 0.001689655172409849 836
-0.002368421052630339 0.00168965517240985 837
-0.002526315789472993 0.001689655172409849 838
-0.002684210526315499 0.001689655172409849 839
-0.002842105263157461 0.001689655172409849 840
-0.0001578947368420664 0.001931034482753996 841
-0.0003157894736839711 0.001931034482753996 842
-0.0004736842105259996 0.001931034482753996 843
-0.0006315789473679627 0.001931034482753996 844
-0.000789473684209724 0.001931034482753996 845
-0.0009473684210516646 0.001931034482753997 846
-0.001105263157893566 0.001931034482753996 847
-0.001263157894735471 0.001931034482753996 848
-0.00142105263157737 0.001931034482753996 849
-0.001578947368419537 0.001931034482753996 850
-0.001736842105261763 0.001931034482753996 851
-0.001894736842104018 0.001931034482753996 852
-0.00205263157894618 0.001931034482753996 853
-0.002210526315788508 0.001931034482753997 854
-0.002368421052630432 0.001931034482753997 855
-0.002526315789473073 0.001931034482753996 856
-0.002684210526315544 0.001931034482753996 857
-0.002842105263157492 0.001931034482753996 858
-0.0001578947368420997 0.002172413793098259 859
-0.0003157894736840129 0.002172413793098259 860
-0.0004736842105260766 0.002172413793098259 861
-0.000631578947368078 0.002172413793098259 862
-0.0007894736842098531 0.002172413793098259 863
-0.0009473684210518267 0.002172413793098259 864
-0.001105263157893762 0.002172413793098259 865
-0.001263157894735695 0.002172413793098259 866
-0.00142105263157762 0.002172413793098259 867
-0.001578947368419787 0.002172413793098259 868
-0.00173684210526199 0.002172413793098259 869
-0.001894736842104217 0.002172413793098259 870
-0.002052631578946322 0.002172413793098259 871
-0.002210526315788616 0.002172413793098259 872
-0.002368421052630527 0.002172413793098259 873
-0.002526315789473152 0.002172413793098259 874
-0.002684210526315589 0.002172413793098259 875
-0.002842105263157522 0.002172413793098259 876
-0.0001578947368421329 0.002413793103442211 877
-0.0003157894736840551 0.002413793103442212 878
-0.0004736842105261536 0.002413793103442211 879
-0.0006315789473681931 0.002413793103442212 880
-0.0007894736842099825 0.002413793103442212 881
-0.0009473684210519888 0.002413793103442212 882
-0.001105263157893959 0.002413793103442212 883
-0.001263157894735919 0.002413793103442212 884
-0.001421052631577869 0.002413793103442212 885
-0.001578947368420037 0.002413793103442212 886
-0.001736842105262215 0.002413793103442212 887
-0.001894736842104417 0.002413793103442212 888
-0.002052631578946467 0.002413793103442212 889
-0.002210526315788724 0.002413793103442212 890
-0.00236842105263062 0.002413793103442212 891
-0.002526315789473232 0.002413793103442212 892
-0.002684210526315635 0.002413793103442212 893
-0.002842105263157551 0.002413793103442213 894
-0.0001578947368421661 0.002655172413786504 895
-0.000315789473684097 0.002655172413786504 896
-0.0004736842105262307 0.002655172413786504 897
-0.0006315789473683084 0.002655172413786504 898
-0.0007894736842101117 0.002655172413786505 899
-0.0009473684210521506 0.002655172413786504 900
-0.001105263157894156 0.002655172413786504 901
-0.001263157894736143 0.002655172413786504 902
-0.001421052631578119 0.002655172413786504 903
-0.001578947368420287 0.002655172413786504 904
-0.00173684210526244 0.002655172413786504 905
-0.001894736842104616 0.002655172413786504 906
-0.002052631578946609 0.002655172413786504 907
-0.002210526315788833 0.002655172413786504 908
-0.002368421052630715 0.002655172413786504 909
-0.002526315789473312 0.002655172413786504 910
-0.00268421052631568 0.002655172413786504 911
-0.002842105263157581 0.002655172413786504 912
-0.0001578947368421994 0.002896551724130458 913
-0.0003157894736841389 0.002896551724130459 914
-0.0004736842105263076 0.002896551724130459 915
-0.0006315789473684233 0.002896551724130459 916
-0.0007894736842102409 0.002896551724130457 917
-0.0009473684210523126 0.002896551724130458 918
-0.001105263157894351 0.002896551724130459 919
-0.001263157894736366 0.002896551724130459 920
-0.001421052631578369 0.002896551724130458 921
-0.001578947368420538 0.002896551724130458 922
-0.001736842105262666 0.002896551724130458 923
-0.001894736842104815 0.002896551724130458 924
-0.002052631578946753 0.002896551724130458 925
-0.002210526315788941 0.002896551724130458 926
-0.002368421052630808 0.002896551724130458 927
-0.002526315789473392 0.002896551724130457 928
-0.002684210526315726 0.002896551724130458 929
-0.002842105263157612 0.002896551724130459 930
-0.0001578947368422327 0.003137931034474751 931
-0.0003157894736841809 0.003137931034474751 932
-0.0004736842105263847 0.00313793103447475 933
-0.0006315789473685387 0.00313793103447475 934
-0.0007894736842103702 0.003137931034474751 935
-0.0009473684210524744 0.00313793103447475 936
-0.001105263157894547 0.00313793103447475 937
-0.00126315789473659 0.003137931034474749 938
-0.001421052631578618 0.00313793103447475 939
-0.001578947368420788 0.00313793103447475 940
-0.001736842105262891 0.00313793103447475 941
-0.001894736842105014 0.003137931034474749 942
-0.002052631578946897 0.00313793103447475 943
-0.002210526315789049 0.00313793103447475 944
-0.002368421052630902 0.00313793103447475 945
-0.002526315789473472 0.003137931034474749 946
-0.002684210526315772 0.00313793103447475 947
-0.002842105263157642 0.00313793103447475 948
-0.0001578947368422659 0.003379310344818704 949
-0.0003157894736842228 0.003379310344818703 950
-0.0004736842105264617 0.003379310344818703 951
-0.0006315789473686536 0.003379310344818703 952
-0.0007894736842104994 0.003379310344818703 953
-0.0009473684210526363 0.003379310344818703 954
-0.001105263157894744 0.003379310344818703 955
-0.001263157894736814 0.003379310344818703 956
-0.001421052631578868 0.003379310344818703 957
-0.001578947368421039 0.003379310344818703 958
-0.001736842105263117 0.003379310344818703 959
-0.001894736842105214 0.003379310344818703 960
-0.00205263157894704 0.003379310344818703 961
-0.002210526315789157 0.003379310344818703 962
-0.002368421052630996 0.003379310344818703 963
-0.002526315789473553 0.003379310344818703 964
-0.002684210526315817 0.003379310344818703 965
-0.002842105263157671 0.003379310344818703 966
-0.0001578947368422992 0.003620689655163724 967
-0.0003157894736842647 0.003620689655163724 968
-0.0004736842105265387 0.003620689655163724 969
-0.000631578947368769 0.003620689655163724 970
-0.0007894736842106283 0.003620689655163723 971
-0.0009473684210527981 0.003620689655163724 972
-0.00110526315789494 0.003620689655163723 973
-0.001263157894737037 0.003620689655163724 974
-0.001421052631579117 0.003620689655163724 975
-0.001578947368421289 0.003620689655163724 976
-0.001736842105263342 0.003620689655163723 977
-0.001894736842105413 0.003620689655163724 978
-0.002052631578947183 0.003620689655163723 979
-0.002210526315789265 0.003620689655163724 980
-0.002368421052631089 0.003620689655163725 981
-0.002526315789473633 0.003620689655163723 982
-0.002684210526315862 0.003620689655163724 983
-0.002842105263157701 0.003620689655163724 984
-0.0001578947368423324 0.003862068965508882 985
-0.0003157894736843067 0.003862068965508881 986
-0.0004736842105266157 0.003862068965508882 987
-0.0006315789473688839 0.003862068965508882 988
-0.0007894736842107574 0.003862068965508882 989
-0.0009473684210529599 0.003862068965508884 990
-0.001105263157895136 0.003862068965508882 991
-0.001263157894737261 0.003862068965508883 992
-0.001421052631579367 0.003862068965508882 993
-0.001578947368421539 0.003862068965508881 994
-0.001736842105263568 0.003862068965508883 995
-0.001894736842105612 0.003862068965508883 996
-0.002052631578947327 0.003862068965508883 997
-0.002210526315789373 0.003862068965508882 998
-0.002368421052631183 0.003862068965508882 999
-0.002526315789473713 0.003862068965508882 1000
-0.002684210526315907 0.003862068965508884 1001
-0.002842105263157732 0.003862068965508883 1002
-0.0001578947368423657 0.004103448275854637 1003
-0.0003157894736843487 0.004103448275854636 1004
-0.0004736842105266927 0.004103448275854636 1005
-0.0006315789473689994 0.004103448275854636 1006
-0.0007894736842108867 0.004103448275854636 1007
-0.0009473684210531219 0.004103448275854637 1008
-0.001105263157895333 0.004103448275854635 1009
-0.001263157894737485 0.004103448275854636 1010
-0.001421052631579616 0.004103448275854635 1011
-0.001578947368421789 0.004103448275854636 1012
-0.001736842105263794 0.004103448275854636 1013
-0.001894736842105811 0.004103448275854636 1014
-0.00205263157894747 0.004103448275854636 1015
-0.002210526315789481 0.004103448275854636 1016
-0.002368421052631278 0.004103448275854636 1017
-0.002526315789473792 0.004103448275854636 1018
-0.002684210526315952 0.004103448275854636 1019
-0.002842105263157761 0.004103448275854636 1020
-0.000157894736842399 0.004344827586200421 1021
-0.0003157894736843907 0.004344827586200421 1022
-0.0004736842105267698 0.004344827586200421 1023
-0.0006315789473691145 0.004344827586200421 1024
-0.0007894736842110161 0.004344827586200421 1025
-0.0009473684210532839 0.004344827586200421 1026
-0.00110526315789553 0.004344827586200421 1027
-0.001263157894737709 0.004344827586200421 1028
-0.001421052631579866 0.004344827586200421 1029
-0.001578947368422039 0.004344827586200421 1030
-0.001736842105264019 0.004344827586200421 1031
-0.001894736842106011 0.004344827586200421 1032
-0.002052631578947613 0.004344827586200421 1033
-0.002210526315789589 0.004344827586200421 1034
-0.002368421052631371 0.004344827586200421 1035
-0.002526315789473872 0.004344827586200421 1036
-0.002684210526315997 0.004344827586200421 1037
-0.002842105263157791 0.004344827586200422 1038
-0.0001578947368424322 0.004586206896545068 1039
-0.0003157894736844325 0.004586206896545069 1040
-0.0004736842105268468 0.004586206896545069 1041
-0.0006315789473692297 0.004586206896545071 1042
-0.0007894736842111451 0.004586206896545071 1043
-0.0009473684210534457 0.00458620689654507 1044
-0.001105263157895726 0.00458620689654507 1045
-0.001263157894737933 0.00458620689654507 1046
-0.001421052631580116 0.00458620689654507 1047
-0.001578947368422289 0.004586206896545069 1048
-0.001736842105264245 0.004586206896545069 1049
-0.00189473684210621 0.00458620689654507 1050
-0.002052631578947757 0.00458620689654507 1051
-0.002210526315789698 0.00458620689654507 1052
-0.002368421052631465 0.004586206896545069 1053
-0.002526315789473952 0.004586206896545069 1054
-0.002684210526316044 0.00458620689654507 1055
-0.002842105263157821 0.00458620689654507 1056
-0.0001578947368424655 0.004827586206890638 1057
-0.0003157894736844746 0.004827586206890639 1058
-0.0004736842105269237 0.004827586206890639 1059
-0.000631578947369345 0.004827586206890638 1060
-0.0007894736842112746 0.004827586206890638 1061
-0.0009473684210536076 0.004827586206890639 1062
-0.001105263157895922 0.004827586206890638 1063
-0.001263157894738157 0.004827586206890638 1064
-0.001421052631580366 0.004827586206890638 1065
-0.00157894736842254 0.004827586206890638 1066
-0.00173684210526447 0.004827586206890638 1067
-0.001894736842106409 0.004827586206890638 1068
-0.002052631578947901 0.004827586206890638 1069
-0.002210526315789806 0.004827586206890638 1070
-0.00236842105263156 0.004827586206890638 1071
-0.002526315789474033 0.004827586206890638 1072
-0.002684210526316089 0.004827586206890638 1073
-0.002842105263157852 0.004827586206890638 1074
-0.0001578947368424987 0.005068965517236424 1075
-0.0003157894736845164 0.005068965517236425 1076
-0.0004736842105270008 0.005068965517236425 1077
-0.0006315789473694599 0.005068965517236424 1078
-0.0007894736842114036 0.005068965517236424 1079
-0.0009473684210537694 0.005068965517236425 1080
-0.001105263157896118 0.005068965517236425 1081
-0.001263157894738381 0.005068965517236424 1082
-0.001421052631580615 0.005068965517236424 1083
-0.00157894736842279 0.005068965517236424 1084
-0.001736842105264696 0.005068965517236424 1085
-0.001894736842106609 0.005068965517236424 1086
-0.002052631578948044 0.005068965517236424 1087
-0.002210526315789914 0.005068965517236425 1088
-0.002368421052631653 0.005068965517236424 1089
-0.002526315789474114 0.005068965517236424 1090
-0.002684210526316134 0.005068965517236424 1091
-0.002842105263157881 0.005068965517236424 1092
-0.000157894736842532 0.00531034482758221 1093
-0.0003157894736845585 0.005310344827582211 1094
-0.0004736842105270777 0.005310344827582213 1095
-0.0006315789473695754 0.00531034482758221 1096
-0.0007894736842115329 0.005310344827582212 1097
-0.0009473684210539314 0.005310344827582211 1098
-0.001105263157896315 0.005310344827582211 1099
-0.001263157894738604 0.005310344827582211 1100
-0.001421052631580865 0.005310344827582209 1101
-0.001578947368423041 0.005310344827582213 1102
-0.001736842105264922 0.00531034482758221 1103
-0.001894736842106807 0.00531034482758221 1104
-0.002052631578948188 0.00531034482758221 1105
-0.002210526315790023 0.005310344827582211 1106
-0.002368421052631747 0.00531034482758221 1107
-0.002526315789474193 0.00531034482758221 1108
-0.00268421052631618 0.00531034482758221 1109
-0.002842105263157911 0.00531034482758221 1110
-0.0001578947368425652 0.005551724137926973 1111
-0.0003157894736846004 0.005551724137926975 1112
-0.0004736842105271547 0.005551724137926975 1113
-0.0006315789473696908 0.005551724137926976 1114
-0.0007894736842116619 0.005551724137926975 1115
-0.000947368421054093 0.005551724137926975 1116
-0.001105263157896511 0.005551724137926975 1117
-0.001263157894738828 0.005551724137926975 1118
-0.001421052631581115 0.005551724137926975 1119
-0.00157894736842329 0.005551724137926976 1120
-0.001736842105265147 0.005551724137926975 1121
-0.001894736842107007 0.005551724137926974 1122
-0.002052631578948331 0.005551724137926975 1123
-0.00221052631579013 0.005551724137926975 1124
-0.002368421052631841 0.005551724137926974 1125
-0.002526315789474273 0.005551724137926971 1126
-0.002684210526316225 0.005551724137926975 1127
-0.002842105263157942 0.005551724137926974 1128
-0.0001578947368425984 0.005793103448272426 1129
-0.0003157894736846424 0.005793103448272429 1130
-0.0004736842105272318 0.005793103448272428 1131
-0.0006315789473698057 0.005793103448272427 1132
-0.0007894736842117911 0.005793103448272429 1133
-0.0009473684210542551 0.005793103448272427 1134
-0.001105263157896707 0.005793103448272427 1135
-0.001263157894739052 0.005793103448272427 1136
-0.001421052631581365 0.005793103448272427 1137
-0.001578947368423541 0.005793103448272427 1138
-0.001736842105265373 0.005793103448272427 1139
-0.001894736842107206 0.005793103448272426 1140
-0.002052631578948474 0.005793103448272427 1141
-0.002210526315790239 0.005793103448272427 1142
-0.002368421052631935 0.005793103448272427 1143
-0.002526315789474353 0.005793103448272427 1144
-0.002684210526316272 0.005793103448272426 1145
-0.002842105263157972 0.005793103448272426 1146
-0.0001578947368426318 0.006034482758618212 1147
-0.0003157894736846843 0.006034482758618212 1148
-0.0004736842105273089 0.006034482758618212 1149
-0.0006315789473699209 0.006034482758618212 1150
-0.0007894736842119204 0.006034482758618212 1151
-0.0009473684210544172 0.006034482758618211 1152
-0.001105263157896903 0.006034482758618212 1153
-0.001263157894739276 0.006034482758618212 1154
-0.001421052631581614 0.006034482758618212 1155
-0.001578947368423791 0.006034482758618212 1156
-0.001736842105265598 0.006034482758618212 1157
-0.001894736842107406 0.006034482758618212 1158
-0.002052631578948618 0.006034482758618212 1159
-0.002210526315790347 0.006034482758618212 1160
-0.002368421052632028 0.006034482758618212 1161
-0.002526315789474433 0.006034482758618212 1162
-0.002684210526316317 0.006034482758618212 1163
-0.002842105263158001 0.006034482758618212 1164
-0.000157894736842665 0.006275862068964 1165
-0.0003157894736847262 0.006275862068964 1166
-0.0004736842105273858 0.006275862068963999 1167
-0.000631578947370036 0.006275862068963999 1168
-0.0007894736842120496 0.006275862068963998 1169
-0.0009473684210545789 0.006275862068963996 1170
-0.0011052631578971 0.006275862068963996 1171
-0.001263157894739499 0.006275862068964 1172
-0.001421052631581864 0.006275862068963998 1173
-0.001578947368424042 0.006275862068963998 1174
-0.001736842105265824 0.006275862068963999 1175
-0.001894736842107605 0.006275862068964 1176
-0.002052631578948761 0.006275862068963999 1177
-0.002210526315790455 0.006275862068964 1178
-0.002368421052632122 0.006275862068963999 1179
-0.002526315789474515 0.006275862068963999 1180
-0.002684210526316362 0.006275862068963998 1181
-0.002842105263158032 0.006275862068963999 1182
-0.0001578947368426982 0.006517241379308879 1183
-0.0003157894736847682 0.006517241379308879 1184
-0.0004736842105274628 0.006517241379308879 1185
-0.0006315789473701513 0.006517241379308879 1186
-0.0007894736842121789 0.006517241379308879 1187
-0.0009473684210547407 0.006517241379308878 1188
-0.001105263157897296 0.006517241379308878 1189
-0.001263157894739723 0.006517241379308879 1190
-0.001421052631582114 0.006517241379308879 1191
-0.001578947368424292 0.006517241379308879 1192
-0.00173684210526605 0.006517241379308879 1193
-0.001894736842107804 0.006517241379308879 1194
-0.002052631578948904 0.006517241379308879 1195
-0.002210526315790563 0.006517241379308879 1196
-0.002368421052632216 0.006517241379308879 1197
-0.002526315789474594 0.006517241379308879 1198
-0.002684210526316407 0.006517241379308879 1199
-0.002842105263158062 0.006517241379308879 1200
-0.0001578947368427315 0.006758620689654217 1201
-0.0003157894736848101 0.006758620689654216 1202
-0.0004736842105275399 0.006758620689654216 1203
-0.0006315789473702663 0.006758620689654216 1204
-0.0007894736842123082 0.006758620689654216 1205
-0.0009473684210549028 0.006758620689654216 1206
-0.001105263157897492 0.006758620689654216 1207
-0.001263157894739947 0.006758620689654216 1208
-0.001421052631582364 0.006758620689654216 1209
-0.001578947368424542 0.006758620689654216 1210
-0.001736842105266275 0.006758620689654216 1211
-0.001894736842108003 0.006758620689654216 1212
-0.002052631578949048 0.006758620689654216 1213
-0.002210526315790672 0.006758620689654216 1214
-0.002368421052632309 0.006758620689654216 1215
-0.002526315789474674 0.006758620689654216 1216
-0.002684210526316452 0.006758620689654216 1217
-0.002842105263158091 0.006758620689654216 1218
-0.003094594594594412 0.0002413793103443649 1219
-0.003094594594594432 0.000482758620688679 1220
-0.003094594594594453 0.0007241379310331317 1221
-0.003094594594594474 0.0009655172413774842 1222
-0.003094594594594493 0.0012068965517216 1223
-0.003094594594594515 0.001448275862065744 1224
-0.003094594594594535 0.001689655172409849 1225
-0.003094594594594556 0.001931034482753997 1226
-0.003094594594594576 0.002172413793098259 1227
-0.003094594594594598 0.002413793103442212 1228
-0.003094594594594617 0.002655172413786504 1229
-0.003094594594594637 0.002896551724130458 1230
-0.003094594594594659 0.00313793103447475 1231
-0.003094594594594679 0.003379310344818703 1232
-0.003094594594594699 0.003620689655163724 1233
-0.00309459459459472 0.003862068965508882 1234
-0.003094594594594741 0.004103448275854636 1235
-0.003094594594594761 0.004344827586200421 1236
-0.003094594594594782 0.00458620689654507 1237
-0.003094594594594802 0.004827586206890638 1238
-0.003094594594594823 0.005068965517236425 1239
-0.003094594594594845 0.005310344827582211 1240
-0.003094594594594865 0.005551724137926975 1241
-0.003094594594594885 0.005793103448272427 1242
-0.003094594594594905 0.006034482758618212 1243
-0.003094594594594925 0.006275862068963996 1244
-0.003094594594594947 0.00651724137930888 1245
-0.003094594594594967 0.006758620689654216 1246
-0.003189189189188823 0.0002413793103443648 1247
-0.003189189189188864 0.0004827586206886791 1248
-0.003189189189188907 0.0007241379310331316 1249
-0.003189189189188947 0.0009655172413774841 1250
-0.003189189189188989 0.0012068965517216 1251
-0.003189189189189029 0.001448275862065744 1252
-0.003189189189189071 0.001689655172409849 1253
-0.003189189189189112 0.001931034482753996 1254
-0.003189189189189153 0.002172413793098258 1255
-0.003189189189189195 0.002413793103442212 1256
-0.003189189189189236 0.002655172413786504 1257
-0.003189189189189276 0.002896551724130459 1258
-0.003189189189189317 0.00313793103447475 1259
-0.003189189189189359 0.003379310344818703 1260
-0.0031891891891894 0.003620689655163724 1261
-0.003189189189189441 0.003862068965508882 1262
-0.003189189189189482 0.004103448275854636 1263
-0.003189189189189522 0.004344827586200421 1264
-0.003189189189189564 0.00458620689654507 1265
-0.003189189189189605 0.004827586206890638 1266
-0.003189189189189647 0.005068965517236423 1267
-0.003189189189189689 0.005310344827582211 1268
-0.003189189189189729 0.005551724137926975 1269
-0.00318918918918977 0.005793103448272427 1270
-0.003189189189189812 0.006034482758618212 1271
-0.003189189189189853 0.006275862068963999 1272
-0.003189189189189894 0.006517241379308879 1273
-0.003189189189189936 0.006758620689654216 1274
-0.003283783783783235 0.0002413793103443648 1275
-0.003283783783783296 0.000482758620688679 1276
-0.003283783783783357 0.0007241379310331316 1277
-0.00328378378378342 0.0009655172413774841 1278
-0.003283783783783482 0.0012068965517216 1279
-0.003283783783783543 0.001448275862065744 1280
-0.003283783783783605 0.001689655172409849 1281
-0.003283783783783667 0.001931034482753996 1282
-0.003283783783783729 0.002172413793098259 1283
-0.003283783783783791 0.002413793103442212 1284
-0.003283783783783851 0.002655172413786504 1285
-0.003283783783783914 0.002896551724130458 1286
-0.003283783783783976 0.00313793103447475 1287
-0.003283783783784037 0.003379310344818703 1288
-0.003283783783784099 0.003620689655163724 1289
-0.00328378378378416 0.003862068965508883 1290
-0.003283783783784223 0.004103448275854635 1291
-0.003283783783784283 0.004344827586200421 1292
-0.003283783783784346 0.004586206896545069 1293
-0.003283783783784407 0.004827586206890638 1294
-0.003283783783784469 0.005068965517236424 1295
-0.003283783783784531 0.00531034482758221 1296
-0.003283783783784592 0.005551724137926974 1297
-0.003283783783784655 0.005793103448272427 1298
-0.003283783783784715 0.006034482758618212 1299
-0.003283783783784778 0.006275862068963998 1300
-0.00328378378378484 0.006517241379308879 1301
-0.003283783783784901 0.006758620689654216 1302
-0.003378378378377646 0.0002413793103443648 1303
-0.003378378378377728 0.0004827586206886791 1304
-0.00337837837837781 0.0007241379310331316 1305
-0.003378378378377894 0.000965517241377484 1306
-0.003378378378377976 0.001206896551721599 1307
-0.003378378378378059 0.001448275862065744 1308
-0.003378378378378141 0.001689655172409849 1309
-0.003378378378378222 0.001931034482753996 1310
-0.003378378378378305 0.002172413793098259 1311
-0.003378378378378388 0.002413793103442212 1312
-0.003378378378378471 0.002655172413786504 1313
-0.003378378378378552 0.002896551724130458 1314
-0.003378378378378634 0.00313793103447475 1315
-0.003378378378378718 0.003379310344818703 1316
-0.003378378378378799 0.003620689655163724 1317
-0.003378378378378881 0.003862068965508881 1318
-0.003378378378378964 0.004103448275854636 1319
-0.003378378378379047 0.004344827586200419 1320
-0.003378378378379127 0.004586206896545068 1321
-0.003378378378379209 0.004827586206890638 1322
-0.003378378378379293 0.005068965517236424 1323
-0.003378378378379375 0.00531034482758221 1324
-0.003378378378379458 0.005551724137926974 1325
-0.00337837837837954 0.005793103448272427 1326
-0.003378378378379622 0.006034482758618212 1327
-0.003378378378379705 0.006275862068963999 1328
-0.003378378378379787 0.006517241379308879 1329
-0.003378378378379869 0.006758620689654216 1330
-0.003472972972972055 0.0002413793103443648 1331
-0.003472972972972154 0.000482758620688679 1332
-0.003472972972972253 0.0007241379310331316 1333
-0.003472972972972352 0.0009655172413774839 1334
-0.003472972972972452 0.0012068965517216 1335
-0.00347297297297255 0.001448275862065744 1336
-0.00347297297297265 0.001689655172409849 1337
-0.003472972972972749 0.001931034482753996 1338
-0.003472972972972848 0.002172413793098259 1339
-0.003472972972972947 0.002413793103442212 1340
-0.003472972972973047 0.002655172413786504 1341
-0.003472972972973146 0.002896551724130458 1342
-0.003472972972973245 0.00313793103447475 1343
-0.003472972972973344 0.003379310344818703 1344
-0.003472972972973444 0.003620689655163724 1345
-0.003472972972973543 0.003862068965508882 1346
-0.003472972972973641 0.004103448275854636 1347
-0.003472972972973741 0.004344827586200421 1348
-0.00347297297297384 0.004586206896545069 1349
-0.003472972972973939 0.004827586206890638 1350
-0.003472972972974038 0.005068965517236424 1351
-0.003472972972974137 0.00531034482758221 1352
-0.003472972972974236 0.005551724137926974 1353
-0.003472972972974336 0.005793103448272427 1354
-0.003472972972974435 0.006034482758618212 1355
-0.003472972972974534 0.006275862068963998 1356
-0.003472972972974634 0.006517241379308879 1357
-0.003472972972974733 0.006758620689654216 1358
-0.003567567567566448 0.0002413793103443649 1359
-0.003567567567566549 0.0004827586206886791 1360
-0.003567567567566651 0.0007241379310331315 1361
-0.003567567567566752 0.0009655172413774841 1362
-0.003567567567566854 0.0012068965517216 1363
-0.003567567567566956 0.001448275862065744 1364
-0.003567567567567058 0.001689655172409849 1365
-0.00356756756756716 0.001931034482753996 1366
-0.003567567567567261 0.002172413793098258 1367
-0.003567567567567363 0.002413793103442211 1368
-0.003567567567567464 0.002655172413786504 1369
-0.003567567567567566 0.002896551724130458 1370
-0.003567567567567668 0.003137931034474749 1371
-0.003567567567567769 0.003379310344818703 1372
-0.003567567567567871 0.003620689655163724 1373
-0.003567567567567972 0.003862068965508882 1374
-0.003567567567568073 0.004103448275854635 1375
-0.003567567567568175 0.004344827586200421 1376
-0.003567567567568277 0.004586206896545069 1377
-0.003567567567568378 0.004827586206890638 1378
-0.00356756756756848 0.005068965517236424 1379
-0.003567567567568582 0.005310344827582211 1380
-0.003567567567568684 0.005551724137926974 1381
-0.003567567567568785 0.005793103448272427 1382
-0.003567567567568886 0.006034482758618211 1383
-0.003567567567568989 0.006275862068964 1384
-0.00356756756756909 0.006517241379308879 1385
-0.003567567567569192 0.006758620689654216 1386
-0.003662162162160839 0.0002413793103443649 1387
-0.003662162162160942 0.000482758620688679 1388
-0.003662162162161044 0.0007241379310331316 1389
-0.003662162162161144 0.0009655172413774839 1390
-0.003662162162161247 0.0012068965517216 1391
-0.00366216216216135 0.001448275862065744 1392
-0.003662162162161451 0.00168965517240985 1393
-0.003662162162161553 0.001931034482753996 1394
-0.003662162162161655 0.002172413793098259 1395
-0.003662162162161757 0.002413793103442212 1396
-0.00366216216216186 0.002655172413786504 1397
-0.003662162162161961 0.002896551724130458 1398
-0.003662162162162064 0.00313793103447475 1399
-0.003662162162162166 0.003379310344818703 1400
-0.003662162162162268 0.003620689655163723 1401
-0.00366216216216237 0.003862068965508882 1402
-0.003662162162162472 0.004103448275854636 1403
-0.003662162162162574 0.004344827586200422 1404
-0.003662162162162676 0.004586206896545069 1405
-0.003662162162162777 0.004827586206890638 1406
-0.00366216216216288 0.005068965517236424 1407
-0.003662162162162982 0.00531034482758221 1408
-0.003662162162163083 0.005551724137926975 1409
-0.003662162162163187 0.005793103448272427 1410
-0.003662162162163288 0.006034482758618212 1411
-0.00366216216216339 0.006275862068964 1412
-0.003662162162163492 0.006517241379308879 1413
-0.003662162162163595 0.006758620689654216 1414
-0.003756756756755303 0.0002413793103443648 1415
-0.00375675675675541 0.0004827586206886791 1416
-0.003756756756755513 0.0007241379310331316 1417
-0.003756756756755619 0.000965517241377484 1418
-0.003756756756755724 0.001206896551721599 1419
-0.003756756756755828 0.001448275862065744 1420
-0.003756756756755932 0.001689655172409849 1421
-0.003756756756756037 0.001931034482753996 1422
-0.003756756756756143 0.002172413793098259 1423
-0.003756756756756248 0.002413793103442212 1424
-0.003756756756756353 0.002655172413786504 1425
-0.003756756756756458 0.002896551724130459 1426
-0.003756756756756561 0.00313793103447475 1427
-0.003756756756756667 0.003379310344818703 1428
-0.003756756756756772 0.003620689655163724 1429
-0.003756756756756877 0.003862068965508882 1430
-0.003756756756756982 0.004103448275854636 1431
-0.003756756756757088 0.004344827586200421 1432
-0.003756756756757192 0.00458620689654507 1433
-0.003756756756757297 0.004827586206890639 1434
-0.003756756756757402 0.005068965517236424 1435
-0.003756756756757506 0.00531034482758221 1436
-0.003756756756757611 0.005551724137926975 1437
-0.003756756756757716 0.005793103448272427 1438
-0.00375675675675782 0.006034482758618212 1439
-0.003756756756757925 0.006275862068963999 1440
-0.003756756756758031 0.00651724137930888 1441
-0.003756756756758135 0.006758620689654216 1442
-0.003851351351349938 0.0002413793103443648 1443
-0.003851351351350054 0.0004827586206886791 1444
-0.003851351351350172 0.0007241379310331315 1445
-0.003851351351350288 0.0009655172413774842 1446
-0.003851351351350405 0.0012068965517216 1447
-0.003851351351350521 0.001448275862065744 1448
-0.003851351351350638 0.001689655172409849 1449
-0.003851351351350754 0.001931034482753996 1450
-0.00385135135135087 0.002172413793098259 1451
-0.003851351351350987 0.002413793103442212 1452
-0.003851351351351104 0.002655172413786504 1453
-0.00385135135135122 0.002896551724130458 1454
-0.003851351351351337 0.00313793103447475 1455
-0.003851351351351453 0.003379310344818703 1456
-0.003851351351351569 0.003620689655163723 1457
-0.003851351351351686 0.003862068965508882 1458
-0.003851351351351803 0.004103448275854637 1459
-0.003851351351351919 0.004344827586200421 1460
-0.003851351351352035 0.004586206896545069 1461
-0.003851351351352152 0.004827586206890639 1462
-0.003851351351352269 0.005068965517236424 1463
-0.003851351351352385 0.00531034482758221 1464
-0.003851351351352502 0.005551724137926973 1465
-0.003851351351352618 0.005793103448272427 1466
-0.003851351351352734 0.006034482758618212 1467
-0.003851351351352852 0.006275862068963999 1468
-0.003851351351352969 0.006517241379308879 1469
-0.003851351351353084 0.006758620689654216 1470
-0.003945945945944222 0.0002413793103443649 1471
-0.003945945945944363 0.000482758620688679 1472
-0.003945945945944506 0.0007241379310331316 1473
-0.003945945945944648 0.0009655172413774839 1474
-0.003945945945944788 0.001206896551721599 1475
-0.003945945945944931 0.001448275862065744 1476
-0.003945945945945071 0.00168965517240985 1477
-0.003945945945945213 0.001931034482753996 1478
-0.003945945945945356 0.002172413793098259 1479
-0.003945945945945497 0.002413793103442212 1480
-0.003945945945945639 0.002655172413786504 1481
-0.003945945945945781 0.002896551724130458 1482
-0.003945945945945921 0.003137931034474751 1483
-0.003945945945946066 0.003379310344818703 1484
-0.003945945945946204 0.003620689655163724 1485
-0.003945945945946347 0.003862068965508882 1486
-0.003945945945946489 0.004103448275854636 1487
-0.003945945945946631 0.004344827586200421 1488
-0.003945945945946773 0.004586206896545069 1489
-0.003945945945946914 0.004827586206890638 1490
-0.003945945945947056 0.005068965517236424 1491
-0.003945945945947197 0.005310344827582213 1492
-0.003945945945947339 0.005551724137926974 1493
-0.003945945945947481 0.005793103448272427 1494
-0.003945945945947623 0.006034482758618212 1495
-0.003945945945947764 0.006275862068963999 1496
-0.003945945945947906 0.006517241379308879 1497
-0.003945945945948048 0.006758620689654216 1498
-0.00404054054053863 0.0002413793103443649 1499
-0.004040540540538793 0.000482758620688679 1500
-0.004040540540538954 0.0007241379310331315 1501
-0.004040540540539117 0.0009655172413774842 1502
-0.004040540540539278 0.0012068965517216 1503
-0.004040540540539442 0.001448275862065744 1504
-0.004040540540539605 0.00168965517240985 1505
-0.004040540540539766 0.001931034482753996 1506
-0.004040540540539929 0.002172413793098259 1507
-0.004040540540540091 0.002413793103442212 1508
-0.004040540540540254 0.002655172413786504 1509
-0.004040540540540417 0.002896551724130459 1510
-0.00404054054054058 0.003137931034474751 1511
-0.004040540540540741 0.003379310344818702 1512
-0.004040540540540902 0.003620689655163724 1513
-0.004040540540541065 0.003862068965508882 1514
-0.004040540540541229 0.004103448275854637 1515
-0.004040540540541392 0.004344827586200421 1516
-0.004040540540541555 0.004586206896545071 1517
-0.004040540540541716 0.004827586206890638 1518
-0.004040540540541877 0.005068965517236423 1519
-0.00404054054054204 0.00531034482758221 1520
-0.004040540540542203 0.005551724137926974 1521
-0.004040540540542366 0.005793103448272426 1522
-0.004040540540542528 0.006034482758618212 1523
-0.004040540540542689 0.006275862068963999 1524
-0.004040540540542852 0.006517241379308879 1525
-0.004040540540543015 0.006758620689654215 1526
-0.004135135135132757 0.0002413793103443649 1527
-0.004135135135132952 0.0004827586206886791 1528
-0.004135135135133143 0.0007241379310331315 1529
-0.004135135135133338 0.0009655172413774841 1530
-0.004135135135133532 0.001206896551721599 1531
-0.004135135135133723 0.001448275862065744 1532
-0.004135135135133917 0.001689655172409849 1533
-0.004135135135134109 0.001931034482753996 1534
-0.004135135135134302 0.002172413793098259 1535
-0.004135135135134496 0.002413793103442212 1536
-0.004135135135134689 0.002655172413786504 1537
-0.004135135135134883 0.002896551724130457 1538
-0.004135135135135076 0.00313793103447475 1539
-0.00413513513513527 0.003379310344818703 1540
-0.004135135135135463 0.003620689655163723 1541
-0.004135135135135655 0.003862068965508882 1542
-0.004135135135135848 0.004103448275854636 1543
-0.004135135135136041 0.004344827586200421 1544
-0.004135135135136235 0.004586206896545069 1545
-0.004135135135136427 0.004827586206890638 1546
-0.004135135135136621 0.005068965517236425 1547
-0.004135135135136814 0.00531034482758221 1548
-0.004135135135137006 0.005551724137926975 1549
-0.004135135135137201 0.005793103448272427 1550
-0.004135135135137393 0.006034482758618212 1551
-0.004135135135137587 0.006275862068963998 1552
-0.00413513513513778 0.006517241379308879 1553
-0.004135135135137973 0.006758620689654216 1554
-0.004229729729726965 0.0002413793103443649 1555
-0.004229729729727186 0.000482758620688679 1556
-0.004229729729727408 0.0007241379310331314 1557
-0.00422972972972763 0.0009655172413774841 1558
-0.00422972972972785 0.0012068965517216 1559
-0.004229729729728072 0.001448275862065744 1560
-0.004229729729728292 0.00168965517240985 1561
-0.004229729729728514 0.001931034482753996 1562
-0.004229729729728735 0.002172413793098259 1563
-0.004229729729728955 0.002413793103442212 1564
-0.004229729729729177 0.002655172413786503 1565
-0.004229729729729397 0.002896551724130459 1566
-0.004229729729729619 0.00313793103447475 1567
-0.00422972972972984 0.003379310344818703 1568
-0.004229729729730061 0.003620689655163723 1569
-0.00422972972973028 0.003862068965508883 1570
-0.004229729729730501 0.004103448275854636 1571
-0.004229729729730723 0.004344827586200422 1572
-0.004229729729730945 0.004586206896545069 1573
-0.004229729729731166 0.004827586206890638 1574
-0.004229729729731388 0.005068965517236425 1575
-0.004229729729731607 0.005310344827582211 1576
-0.004229729729731828 0.005551724137926974 1577
-0.004229729729732051 0.005793103448272427 1578
-0.004229729729732271 0.006034482758618211 1579
-0.004229729729732493 0.006275862068964 1580
-0.004229729729732715 0.006517241379308879 1581
-0.004229729729732933 0.006758620689654215 1582
-0.004324324324321378 0.0002413793103443649 1583
-0.004324324324321621 0.0004827586206886791 1584
-0.00432432432432186 0.0007241379310331315 1585
-0.004324324324322102 0.0009655172413774841 1586
-0.004324324324322345 0.001206896551721599 1587
-0.004324324324322587 0.001448275862065745 1588
-0.004324324324322828 0.001689655172409849 1589
-0.004324324324323068 0.001931034482753996 1590
-0.004324324324323312 0.002172413793098259 1591
-0.004324324324323553 0.002413793103442212 1592
-0.004324324324323794 0.002655172413786504 1593
-0.004324324324324035 0.002896551724130458 1594
-0.004324324324324278 0.003137931034474749 1595
-0.004324324324324519 0.003379310344818703 1596
-0.004324324324324761 0.003620689655163723 1597
-0.004324324324325003 0.003862068965508882 1598
-0.004324324324325243 0.004103448275854636 1599
-0.004324324324325486 0.004344827586200421 1600
-0.004324324324325727 0.004586206896545069 1601
-0.004324324324325968 0.004827586206890638 1602
-0.004324324324326211 0.005068965517236424 1603
-0.004324324324326451 0.005310344827582209 1604
-0.004324324324326692 0.005551724137926974 1605
-0.004324324324326936 0.005793103448272427 1606
-0.004324324324327177 0.006034482758618212 1607
-0.004324324324327418 0.006275862068963999 1608
-0.004324324324327661 0.006517241379308879 1609
-0.004324324324327901 0.006758620689654216 1610
-0.004418918918915791 0.0002413793103443649 1611
-0.004418918918916053 0.0004827586206886791 1612
-0.004418918918916315 0.0007241379310331315 1613
-0.004418918918916578 0.0009655172413774841 1614
-0.00441891891891684 0.001206896551721599 1615
-0.004418918918917101 0.001448275862065744 1616
-0.004418918918917363 0.00168965517240985 1617
-0.004418918918917625 0.001931034482753996 1618
-0.004418918918917889 0.002172413793098259 1619
-0.004418918918918149 0.002413793103442212 1620
-0.004418918918918412 0.002655172413786504 1621
-0.004418918918918675 0.002896551724130458 1622
-0.004418918918918937 0.003137931034474749 1623
-0.004418918918919199 0.003379310344818703 1624
-0.00441891891891946 0.003620689655163723 1625
-0.004418918918919723 0.003862068965508883 1626
-0.004418918918919985 0.004103448275854635 1627
-0.004418918918920247 0.004344827586200421 1628
-0.004418918918920509 0.004586206896545071 1629
-0.00441891891892077 0.004827586206890638 1630
-0.004418918918921033 0.005068965517236424 1631
-0.004418918918921295 0.00531034482758221 1632
-0.004418918918921559 0.005551724137926975 1633
-0.00441891891892182 0.005793103448272426 1634
-0.004418918918922083 0.006034482758618212 1635
-0.004418918918922344 0.006275862068964 1636
-0.004418918918922606 0.006517241379308879 1637
-0.00441891891892287 0.006758620689654215 1638
-0.004513513513510202 0.000241379310344365 1639
-0.004513513513510484 0.000482758620688679 1640
-0.004513513513510768 0.0007241379310331315 1641
-0.004513513513511049 0.0009655172413774841 1642
-0.004513513513511333 0.001206896551721599 1643
-0.004513513513511615 0.001448275862065744 1644
-0.0045135135135119 0.001689655172409849 1645
-0.004513513513512183 0.001931034482753996 1646
-0.004513513513512465 0.002172413793098259 1647
-0.004513513513512746 0.002413793103442212 1648
-0.004513513513513029 0.002655172413786504 1649
-0.004513513513513313 0.002896551724130458 1650
-0.004513513513513596 0.00313793103447475 1651
-0.004513513513513878 0.003379310344818703 1652
-0.004513513513514162 0.003620689655163724 1653
-0.004513513513514443 0.003862068965508882 1654
-0.004513513513514726 0.004103448275854636 1655
-0.004513513513515009 0.004344827586200421 1656
-0.004513513513515292 0.004586206896545069 1657
-0.004513513513515576 0.004827586206890638 1658
-0.004513513513515859 0.005068965517236424 1659
-0.004513513513516141 0.005310344827582209 1660
-0.004513513513516424 0.005551724137926974 1661
-0.004513513513516707 0.005793103448272427 1662
-0.00451351351351699 0.006034482758618212 1663
-0.004513513513517272 0.006275862068963998 1664
-0.004513513513517555 0.006517241379308879 1665
-0.004513513513517838 0.006758620689654216 1666
-0.004608108108104612 0.0002413793103443649 1667
-0.004608108108104913 0.000482758620688679 1668
-0.004608108108105215 0.0007241379310331316 1669
-0.004608108108105514 0.0009655172413774839 1670
-0.004608108108105815 0.0012068965517216 1671
-0.004608108108106116 0.001448275862065744 1672
-0.004608108108106416 0.001689655172409849 1673
-0.004608108108106717 0.001931034482753996 1674
-0.004608108108107019 0.002172413793098259 1675
-0.00460810810810732 0.002413793103442212 1676
-0.004608108108107621 0.002655172413786504 1677
-0.004608108108107922 0.002896551724130458 1678
-0.004608108108108225 0.003137931034474749 1679
-0.004608108108108525 0.003379310344818703 1680
-0.004608108108108825 0.003620689655163724 1681
-0.004608108108109125 0.003862068965508882 1682
-0.004608108108109426 0.004103448275854636 1683
-0.004608108108109729 0.004344827586200421 1684
-0.004608108108110029 0.00458620689654507 1685
-0.004608108108110331 0.004827586206890639 1686
-0.004608108108110631 0.005068965517236424 1687
-0.004608108108110933 0.00531034482758221 1688
-0.004608108108111235 0.005551724137926974 1689
-0.004608108108111534 0.005793103448272426 1690
-0.004608108108111835 0.006034482758618212 1691
-0.004608108108112136 0.006275862068963998 1692
-0.004608108108112437 0.006517241379308879 1693
-0.004608108108112739 0.006758620689654216 1694
-0.004702702702699007 0.0002413793103443649 1695
-0.004702702702699312 0.000482758620688679 1696
-0.004702702702699617 0.0007241379310331316 1697
-0.004702702702699922 0.0009655172413774841 1698
-0.004702702702700226 0.001206896551721599 1699
-0.004702702702700529 0.001448275862065745 1700
-0.004702702702700834 0.001689655172409849 1701
-0.00470270270270114 0.001931034482753996 1702
-0.004702702702701445 0.002172413793098259 1703
-0.00470270270270175 0.002413793103442212 1704
-0.004702702702702054 0.002655172413786504 1705
-0.004702702702702361 0.002896551724130459 1706
-0.004702702702702665 0.00313793103447475 1707
-0.00470270270270297 0.003379310344818703 1708
-0.004702702702703274 0.003620689655163724 1709
-0.004702702702703582 0.003862068965508882 1710
-0.004702702702703885 0.004103448275854636 1711
-0.00470270270270419 0.004344827586200421 1712
-0.004702702702704493 0.00458620689654507 1713
-0.004702702702704798 0.004827586206890639 1714
-0.004702702702705105 0.005068965517236424 1715
-0.004702702702705409 0.00531034482758221 1716
-0.004702702702705714 0.005551724137926971 1717
-0.00470270270270602 0.005793103448272427 1718
-0.004702702702706323 0.006034482758618212 1719
-0.004702702702706629 0.006275862068963999 1720
-0.004702702702706934 0.006517241379308879 1721
-0.004702702702707239 0.006758620689654216 1722
-0.004797297297293395 0.0002413793103443649 1723
-0.004797297297293703 0.0004827586206886792 1724
-0.004797297297294008 0.0007241379310331316 1725
-0.004797297297294314 0.0009655172413774841 1726
-0.004797297297294619 0.0012068965517216 1727
-0.004797297297294924 0.001448275862065744 1728
-0.004797297297295229 0.001689655172409849 1729
-0.004797297297295534 0.001931034482753996 1730
-0.004797297297295841 0.002172413793098259 1731
-0.004797297297296143 0.002413793103442212 1732
-0.00479729729729645 0.002655172413786504 1733
-0.004797297297296756 0.002896551724130458 1734
-0.004797297297297061 0.00313793103447475 1735
-0.004797297297297367 0.003379310344818703 1736
-0.00479729729729767 0.003620689655163724 1737
-0.004797297297297976 0.003862068965508881 1738
-0.004797297297298281 0.004103448275854636 1739
-0.004797297297298587 0.004344827586200421 1740
-0.004797297297298892 0.004586206896545069 1741
-0.004797297297299196 0.004827586206890638 1742
-0.004797297297299503 0.005068965517236424 1743
-0.004797297297299808 0.005310344827582213 1744
-0.004797297297300113 0.005551724137926976 1745
-0.004797297297300419 0.005793103448272426 1746
-0.004797297297300724 0.006034482758618212 1747
-0.00479729729730103 0.006275862068964 1748
-0.004797297297301334 0.006517241379308879 1749
-0.00479729729730164 0.006758620689654216 1750
-0.00489189189188753 0.0002413793103443649 1751
-0.004891891891887849 0.000482758620688679 1752
-0.004891891891888166 0.0007241379310331316 1753
-0.004891891891888486 0.0009655172413774841 1754
-0.004891891891888802 0.0012068965517216 1755
-0.004891891891889123 0.001448275862065745 1756
-0.004891891891889441 0.001689655172409849 1757
-0.00489189189188976 0.001931034482753996 1758
-0.004891891891890077 0.002172413793098259 1759
-0.004891891891890396 0.002413793103442212 1760
-0.004891891891890714 0.002655172413786504 1761
-0.004891891891891033 0.002896551724130458 1762
-0.00489189189189135 0.003137931034474749 1763
-0.004891891891891671 0.003379310344818703 1764
-0.00489189189189199 0.003620689655163723 1765
-0.004891891891892306 0.003862068965508882 1766
-0.004891891891892626 0.004103448275854636 1767
-0.004891891891892946 0.004344827586200423 1768
-0.004891891891893263 0.004586206896545069 1769
-0.004891891891893581 0.004827586206890638 1770
-0.004891891891893901 0.005068965517236424 1771
-0.004891891891894218 0.00531034482758221 1772
-0.004891891891894537 0.005551724137926974 1773
-0.004891891891894855 0.005793103448272427 1774
-0.004891891891895175 0.006034482758618212 1775
-0.004891891891895493 0.006275862068963998 1776
-0.004891891891895811 0.006517241379308879 1777
-0.004891891891896131 0.006758620689654216 1778
-0.004986486486481708 0.0002413793103443649 1779
-0.004986486486482053 0.0004827586206886792 1780
-0.004986486486482397 0.0007241379310331315 1781
-0.004986486486482744 0.0009655172413774841 1782
-0.004986486486483088 0.0012068965517216 1783
-0.004986486486483433 0.001448275862065745 1784
-0.004986486486483778 0.00168965517240985 1785
-0.004986486486484123 0.001931034482753997 1786
-0.004986486486484468 0.002172413793098259 1787
-0.004986486486484814 0.002413793103442212 1788
-0.004986486486485159 0.002655172413786503 1789
-0.004986486486485503 0.002896551724130459 1790
-0.004986486486485848 0.003137931034474751 1791
-0.004986486486486193 0.003379310344818703 1792
-0.004986486486486539 0.003620689655163724 1793
-0.004986486486486884 0.003862068965508883 1794
-0.004986486486487229 0.004103448275854637 1795
-0.004986486486487574 0.004344827586200421 1796
-0.004986486486487919 0.004586206896545071 1797
-0.004986486486488265 0.004827586206890638 1798
-0.004986486486488609 0.005068965517236423 1799
-0.004986486486488952 0.005310344827582211 1800
-0.004986486486489299 0.005551724137926975 1801
-0.004986486486489645 0.005793103448272426 1802
-0.004986486486489989 0.006034482758618212 1803
-0.004986486486490334 0.006275862068963998 1804
-0.004986486486490679 0.006517241379308878 1805
-0.004986486486491023 0.006758620689654215 1806
-0.005081081081076119 0.0002413793103443649 1807
-0.005081081081076486 0.0004827586206886791 1808
-0.00508108108107685 0.0007241379310331316 1809
-0.005081081081077215 0.0009655172413774841 1810
-0.005081081081077582 0.0012068965517216 1811
-0.005081081081077948 0.001448275862065744 1812
-0.005081081081078315 0.001689655172409849 1813
-0.005081081081078679 0.001931034482753996 1814
-0.005081081081079044 0.002172413793098259 1815
-0.005081081081079412 0.002413793103442212 1816
-0.005081081081079777 0.002655172413786504 1817
-0.005081081081080141 0.002896551724130459 1818
-0.005081081081080507 0.003137931034474749 1819
-0.005081081081080872 0.003379310344818703 1820
-0.00508108108108124 0.003620689655163724 1821
-0.005081081081081604 0.003862068965508882 1822
-0.00508108108108197 0.004103448275854636 1823
-0.005081081081082336 0.004344827586200421 1824
-0.005081081081082701 0.004586206896545071 1825
-0.005081081081083067 0.004827586206890638 1826
-0.005081081081083433 0.005068965517236424 1827
-0.005081081081083799 0.005310344827582211 1828
-0.005081081081084165 0.005551724137926974 1829
-0.005081081081084529 0.005793103448272426 1830
-0.005081081081084895 0.006034482758618212 1831
-0.00508108108108526 0.006275862068964 1832
-0.005081081081085626 0.006517241379308879 1833
-0.005081081081085993 0.006758620689654216 1834
-0.00517567567567053 0.0002413793103443649 1835
-0.005175675675670917 0.0004827586206886792 1836
-0.005175675675671305 0.0007241379310331316 1837
-0.005175675675671688 0.0009655172413774841 1838
-0.005175675675672076 0.001206896551721599 1839
-0.005175675675672464 0.001448275862065745 1840
-0.00517567567567285 0.00168965517240985 1841
-0.005175675675673235 0.001931034482753996 1842
-0.005175675675673622 0.002172413793098259 1843
-0.005175675675674007 0.002413793103442212 1844
-0.005175675675674393 0.002655172413786504 1845
-0.00517567567567478 0.002896551724130458 1846
-0.005175675675675165 0.00313793103447475 1847
-0.005175675675675551 0.003379310344818703 1848
-0.005175675675675939 0.003620689655163724 1849
-0.005175675675676324 0.003862068965508882 1850
-0.00517567567567671 0.004103448275854636 1851
-0.005175675675677096 0.004344827586200421 1852
-0.005175675675677484 0.00458620689654507 1853
-0.005175675675677869 0.004827586206890638 1854
-0.005175675675678255 0.005068965517236424 1855
-0.005175675675678643 0.00531034482758221 1856
-0.005175675675679028 0.005551724137926975 1857
-0.005175675675679415 0.005793103448272427 1858
-0.005175675675679801 0.006034482758618212 1859
-0.005175675675680187 0.006275862068963998 1860
-0.005175675675680572 0.006517241379308879 1861
-0.00517567567568096 0.006758620689654216 1862
-0.005270270270264697 0.0002413793103443649 1863
-0.005270270270265112 0.0004827586206886792 1864
-0.005270270270265527 0.0007241379310331314 1865
-0.005270270270265944 0.0009655172413774841 1866
-0.005270270270266358 0.0012068965517216 1867
-0.005270270270266774 0.001448275862065744 1868
-0.00527027027026719 0.001689655172409849 1869
-0.005270270270267607 0.001931034482753996 1870
-0.00527027027026802 0.002172413793098259 1871
-0.005270270270268438 0.002413793103442212 1872
-0.005270270270268854 0.002655172413786504 1873
-0.005270270270269268 0.002896551724130459 1874
-0.005270270270269685 0.00313793103447475 1875
-0.005270270270270101 0.003379310344818703 1876
-0.005270270270270516 0.003620689655163723 1877
-0.00527027027027093 0.003862068965508882 1878
-0.005270270270271347 0.004103448275854635 1879
-0.005270270270271761 0.004344827586200421 1880
-0.005270270270272178 0.004586206896545069 1881
-0.005270270270272592 0.004827586206890638 1882
-0.005270270270273008 0.005068965517236424 1883
-0.005270270270273425 0.005310344827582212 1884
-0.005270270270273841 0.005551724137926975 1885
-0.005270270270274256 0.005793103448272426 1886
-0.00527027027027467 0.006034482758618212 1887
-0.005270270270275086 0.006275862068963998 1888
-0.005270270270275503 0.006517241379308879 1889
-0.00527027027027592 0.006758620689654216 1890
-0.005364864864858864 0.000241379310344365 1891
-0.00536486486485931 0.0004827586206886792 1892
-0.005364864864859756 0.0007241379310331315 1893
-0.005364864864860199 0.0009655172413774841 1894
-0.005364864864860644 0.0012068965517216 1895
-0.005364864864861089 0.001448275862065744 1896
-0.005364864864861534 0.001689655172409849 1897
-0.005364864864861978 0.001931034482753996 1898
-0.005364864864862424 0.002172413793098259 1899
-0.00536486486486287 0.002413793103442212 1900
-0.005364864864863313 0.002655172413786504 1901
-0.005364864864863758 0.002896551724130458 1902
-0.005364864864864203 0.00313793103447475 1903
-0.005364864864864648 0.003379310344818703 1904
-0.005364864864865094 0.003620689655163725 1905
-0.005364864864865539 0.003862068965508882 1906
-0.005364864864865984 0.004103448275854638 1907
-0.005364864864866429 0.004344827586200422 1908
-0.005364864864866874 0.004586206896545069 1909
-0.005364864864867319 0.004827586206890638 1910
-0.005364864864867765 0.005068965517236424 1911
-0.005364864864868209 0.005310344827582212 1912
-0.005364864864868652 0.005551724137926975 1913
-0.005364864864869099 0.005793103448272427 1914
-0.005364864864869544 0.006034482758618212 1915
-0.005364864864869988 0.006275862068963998 1916
-0.005364864864870432 0.006517241379308879 1917
-0.005364864864870878 0.006758620689654216 1918
-0.005459459459453275 0.0002413793103443649 1919
-0.005459459459453741 0.0004827586206886791 1920
-0.005459459459454207 0.0007241379310331314 1921
-0.005459459459454671 0.0009655172413774841 1922
-0.005459459459455139 0.0012068965517216 1923
-0.005459459459455604 0.001448275862065745 1924
-0.005459459459456069 0.00168965517240985 1925
-0.005459459459456533 0.001931034482753996 1926
-0.005459459459456999 0.002172413793098259 1927
-0.005459459459457465 0.002413793103442212 1928
-0.00545945945945793 0.002655172413786504 1929
-0.005459459459458396 0.002896551724130459 1930
-0.005459459459458862 0.003137931034474751 1931
-0.005459459459459327 0.003379310344818703 1932
-0.005459459459459793 0.003620689655163724 1933
-0.005459459459460258 0.003862068965508883 1934
-0.005459459459460725 0.004103448275854635 1935
-0.005459459459461189 0.004344827586200423 1936
-0.005459459459461655 0.004586206896545071 1937
-0.00545945945946212 0.004827586206890638 1938
-0.005459459459462585 0.005068965517236424 1939
-0.005459459459463053 0.00531034482758221 1940
-0.005459459459463519 0.005551724137926975 1941
-0.005459459459463983 0.005793103448272427 1942
-0.005459459459464449 0.006034482758618212 1943
-0.005459459459464914 0.006275862068963999 1944
-0.005459459459465381 0.006517241379308879 1945
-0.005459459459465845 0.006758620689654216 1946
-0.005554054054047687 0.000241379310344365 1947
-0.005554054054048171 0.0004827586206886791 1948
-0.005554054054048659 0.0007241379310331314 1949
-0.005554054054049142 0.0009655172413774841 1950
-0.005554054054049629 0.0012068965517216 1951
-0.005554054054050116 0.001448275862065745 1952
-0.005554054054050601 0.001689655172409849 1953
-0.005554054054051089 0.001931034482753996 1954
-0.005554054054051574 0.002172413793098259 1955
-0.005554054054052061 0.002413793103442212 1956
-0.005554054054052549 0.002655172413786504 1957
-0.005554054054053035 0.002896551724130459 1958
-0.00555405405405352 0.003137931034474749 1959
-0.005554054054054007 0.003379310344818702 1960
-0.005554054054054493 0.003620689655163724 1961
-0.005554054054054978 0.003862068965508882 1962
-0.005554054054055463 0.004103448275854635 1963
-0.005554054054055952 0.004344827586200421 1964
-0.005554054054056436 0.004586206896545071 1965
-0.005554054054056925 0.004827586206890638 1966
-0.005554054054057411 0.005068965517236424 1967
-0.005554054054057896 0.00531034482758221 1968
-0.005554054054058382 0.005551724137926975 1969
-0.005554054054058867 0.005793103448272426 1970
-0.005554054054059353 0.006034482758618212 1971
-0.005554054054059839 0.006275862068963998 1972
-0.005554054054060327 0.006517241379308879 1973
-0.005554054054060812 0.006758620689654216 1974
-0.005648648648642098 0.000241379310344365 1975
-0.005648648648642605 0.0004827586206886792 1976
-0.005648648648643111 0.0007241379310331314 1977
-0.005648648648643619 0.0009655172413774841 1978
-0.005648648648644125 0.0012068965517216 1979
-0.005648648648644632 0.001448275862065744 1980
-0.00564864864864514 0.00168965517240985 1981
-0.005648648648645645 0.001931034482753996 1982
-0.005648648648646152 0.002172413793098259 1983
-0.00564864864864666 0.002413793103442212 1984
-0.005648648648647166 0.002655172413786504 1985
-0.005648648648647674 0.002896551724130458 1986
-0.005648648648648179 0.003137931034474749 1987
-0.005648648648648688 0.003379310344818703 1988
-0.005648648648649194 0.003620689655163724 1989
-0.005648648648649697 0.003862068965508882 1990
-0.005648648648650206 0.004103448275854636 1991
-0.005648648648650713 0.004344827586200421 1992
-0.005648648648651219 0.004586206896545069 1993
-0.005648648648651726 0.004827586206890638 1994
-0.005648648648652234 0.005068965517236424 1995
-0.00564864864865274 0.005310344827582211 1996
-0.005648648648653245 0.005551724137926974 1997
-0.005648648648653755 0.005793103448272427 1998
-0.005648648648654261 0.006034482758618212 1999
-0.005648648648654768 0.006275862068963998 2000
-0.005648648648655274 0.006517241379308879 2001
-0.005648648648655781 0.006758620689654216 2002
-0.005743243243236482 0.000241379310344365 2003
-0.005743243243237011 0.0004827586206886791 2004
-0.005743243243237536 0.0007241379310331314 2005
-0.005743243243238065 0.000965517241377484 2006
-0.005743243243238593 0.0012068965517216 2007
-0.00574324324323912 0.001448275862065744 2008
-0.005743243243239647 0.001689655172409849 2009
-0.005743243243240175 0.001931034482753996 2010
-0.0057432432432407 0.002172413793098259 2011
-0.005743243243241229 0.002413793103442212 2012
-0.005743243243241756 0.002655172413786504 2013
-0.005743243243242285 0.002896551724130458 2014
-0.00574324324324281 0.00313793103447475 2015
-0.005743243243243339 0.003379310344818702 2016
-0.005743243243243865 0.003620689655163724 2017
-0.005743243243244392 0.003862068965508883 2018
-0.005743243243244919 0.004103448275854635 2019
-0.005743243243245448 0.004344827586200422 2020
-0.005743243243245977 0.004586206896545069 2021
-0.005743243243246504 0.004827586206890638 2022
-0.005743243243247031 0.005068965517236424 2023
-0.005743243243247558 0.00531034482758221 2024
-0.005743243243248086 0.005551724137926975 2025
-0.005743243243248613 0.005793103448272427 2026
-0.00574324324324914 0.006034482758618212 2027
-0.005743243243249667 0.006275862068964 2028
-0.005743243243250195 0.006517241379308879 2029
-0.005743243243250722 0.006758620689654216 2030
-0.005837837837830743 0.000241379310344365 2031
-0.00583783783783128 0.0004827586206886791 2032
-0.005837837837831817 0.0007241379310331314 2033
-0.005837837837832356 0.0009655172413774839 2034
-0.005837837837832893 0.0012068965517216 2035
-0.005837837837833429 0.001448275862065744 2036
-0.005837837837833967 0.001689655172409849 2037
-0.005837837837834506 0.001931034482753996 2038
-0.005837837837835043 0.002172413793098259 2039
-0.005837837837835581 0.002413793103442212 2040
-0.005837837837836118 0.002655172413786504 2041
-0.005837837837836655 0.002896551724130458 2042
-0.005837837837837193 0.003137931034474749 2043
-0.00583783783783773 0.003379310344818703 2044
-0.005837837837838266 0.003620689655163723 2045
-0.005837837837838806 0.003862068965508882 2046
-0.005837837837839343 0.004103448275854637 2047
-0.005837837837839878 0.004344827586200422 2048
-0.005837837837840417 0.004586206896545069 2049
-0.005837837837840955 0.004827586206890638 2050
-0.005837837837841493 0.005068965517236424 2051
-0.00583783783784203 0.005310344827582212 2052
-0.005837837837842567 0.005551724137926975 2053
-0.005837837837843106 0.005793103448272427 2054
-0.005837837837843644 0.006034482758618212 2055
-0.005837837837844181 0.006275862068964 2056
-0.005837837837844717 0.006517241379308879 2057
-0.005837837837845257 0.006758620689654216 2058
-0.005932432432425132 0.000241379310344365 2059
-0.00593243243242567 0.0004827586206886792 2060
-0.005932432432426209 0.0007241379310331314 2061
-0.005932432432426746 0.000965517241377484 2062
-0.005932432432427285 0.0012068965517216 2063
-0.005932432432427821 0.001448275862065744 2064
-0.00593243243242836 0.001689655172409849 2065
-0.005932432432428899 0.001931034482753996 2066
-0.005932432432429435 0.002172413793098259 2067
-0.005932432432429973 0.002413793103442212 2068
-0.005932432432430511 0.002655172413786504 2069
-0.005932432432431047 0.002896551724130459 2070
-0.005932432432431588 0.00313793103447475 2071
-0.005932432432432125 0.003379310344818703 2072
-0.005932432432432664 0.003620689655163725 2073
-0.005932432432433202 0.003862068965508883 2074
-0.005932432432433741 0.004103448275854637 2075
-0.005932432432434279 0.004344827586200422 2076
-0.005932432432434817 0.004586206896545069 2077
-0.005932432432435355 0.004827586206890638 2078
-0.005932432432435892 0.005068965517236424 2079
-0.00593243243243643 0.005310344827582212 2080
-0.005932432432436968 0.005551724137926976 2081
-0.005932432432437506 0.005793103448272427 2082
-0.005932432432438043 0.006034482758618212 2083
-0.005932432432438583 0.006275862068963999 2084
-0.005932432432439118 0.006517241379308878 2085
-0.005932432432439658 0.006758620689654216 2086
-0.006027027027019524 0.000241379310344365 2087
-0.006027027027020067 0.0004827586206886791 2088
-0.006027027027020605 0.0007241379310331316 2089
-0.006027027027021147 0.000965517241377484 2090
-0.006027027027021686 0.0012068965517216 2091
-0.006027027027022228 0.001448275862065744 2092
-0.006027027027022767 0.001689655172409849 2093
-0.006027027027023308 0.001931034482753996 2094
-0.006027027027023847 0.002172413793098259 2095
-0.006027027027024389 0.002413793103442212 2096
-0.006027027027024929 0.002655172413786504 2097
-0.006027027027025469 0.002896551724130458 2098
-0.006027027027026011 0.003137931034474749 2099
-0.00602702702702655 0.003379310344818703 2100
-0.006027027027027091 0.003620689655163724 2101
-0.006027027027027631 0.003862068965508883 2102
-0.006027027027028173 0.004103448275854635 2103
-0.006027027027028714 0.004344827586200421 2104
-0.006027027027029252 0.004586206896545071 2105
-0.006027027027029793 0.004827586206890638 2106
-0.006027027027030334 0.005068965517236424 2107
-0.006027027027030876 0.00531034482758221 2108
-0.006027027027031414 0.005551724137926974 2109
-0.006027027027031955 0.005793103448272427 2110
-0.006027027027032496 0.006034482758618212 2111
-0.006027027027033037 0.006275862068963998 2112
-0.006027027027033574 0.006517241379308878 2113
-0.006027027027034116 0.006758620689654216 2114
-0.006121621621613934 0.000241379310344365 2115
-0.006121621621614489 0.0004827586206886792 2116
-0.006121621621615047 0.0007241379310331316 2117
-0.006121621621615603 0.0009655172413774841 2118
-0.006121621621616159 0.0012068965517216 2119
-0.006121621621616716 0.001448275862065744 2120
-0.006121621621617273 0.001689655172409849 2121
-0.006121621621617831 0.001931034482753996 2122
-0.006121621621618388 0.002172413793098259 2123
-0.006121621621618944 0.002413793103442212 2124
-0.006121621621619503 0.002655172413786503 2125
-0.006121621621620057 0.002896551724130459 2126
-0.006121621621620615 0.00313793103447475 2127
-0.006121621621621171 0.003379310344818702 2128
-0.006121621621621728 0.003620689655163723 2129
-0.006121621621622283 0.003862068965508883 2130
-0.006121621621622839 0.004103448275854637 2131
-0.006121621621623397 0.004344827586200422 2132
-0.006121621621623954 0.004586206896545071 2133
-0.00612162162162451 0.004827586206890638 2134
-0.006121621621625067 0.005068965517236424 2135
-0.006121621621625624 0.005310344827582211 2136
-0.006121621621626181 0.005551724137926975 2137
-0.006121621621626738 0.005793103448272426 2138
-0.006121621621627295 0.006034482758618212 2139
-0.006121621621627851 0.006275862068964 2140
-0.006121621621628408 0.006517241379308879 2141
-0.006121621621628964 0.006758620689654215 2142
-0.006216216216208334 0.000241379310344365 2143
-0.006216216216208901 0.0004827586206886791 2144
-0.006216216216209469 0.0007241379310331316 2145
-0.006216216216210039 0.0009655172413774841 2146
-0.006216216216210603 0.0012068965517216 2147
-0.006216216216211171 0.001448275862065744 2148
-0.006216216216211738 0.001689655172409849 2149
-0.006216216216212305 0.001931034482753996 2150
-0.006216216216212873 0.002172413793098259 2151
-0.006216216216213438 0.002413793103442212 2152
-0.006216216216214008 0.002655172413786504 2153
-0.006216216216214574 0.002896551724130459 2154
-0.006216216216215141 0.00313793103447475 2155
-0.006216216216215709 0.003379310344818702 2156
-0.006216216216216278 0.003620689655163723 2157
-0.006216216216216843 0.003862068965508883 2158
-0.006216216216217411 0.004103448275854638 2159
-0.006216216216217978 0.004344827586200423 2160
-0.006216216216218543 0.00458620689654507 2161
-0.006216216216219112 0.004827586206890638 2162
-0.006216216216219678 0.005068965517236424 2163
-0.006216216216220247 0.005310344827582212 2164
-0.006216216216220815 0.005551724137926975 2165
-0.006216216216221381 0.005793103448272427 2166
-0.006216216216221948 0.006034482758618212 2167
-0.006216216216222517 0.006275862068964 2168
-0.006216216216223083 0.006517241379308879 2169
-0.00621621621622365 0.006758620689654216 2170
-0.006310810810802574 0.000241379310344365 2171
-0.006310810810803156 0.0004827586206886791 2172
-0.006310810810803738 0.0007241379310331315 2173
-0.006310810810804322 0.000965517241377484 2174
-0.006310810810804908 0.0012068965517216 2175
-0.006310810810805489 0.001448275862065744 2176
-0.006310810810806072 0.001689655172409849 2177
-0.006310810810806658 0.001931034482753996 2178
-0.006310810810807241 0.002172413793098259 2179
-0.006310810810807823 0.002413793103442212 2180
-0.006310810810808409 0.002655172413786504 2181
-0.006310810810808993 0.002896551724130459 2182
-0.006310810810809576 0.00313793103447475 2183
-0.00631081081081016 0.003379310344818703 2184
-0.00631081081081074 0.003620689655163723 2185
-0.006310810810811324 0.003862068965508882 2186
-0.006310810810811909 0.004103448275854636 2187
-0.006310810810812492 0.004344827586200421 2188
-0.006310810810813076 0.004586206896545069 2189
-0.00631081081081366 0.004827586206890638 2190
-0.006310810810814245 0.005068965517236424 2191
-0.006310810810814827 0.005310344827582213 2192
-0.006310810810815411 0.005551724137926975 2193
-0.006310810810815996 0.005793103448272427 2194
-0.006310810810816579 0.006034482758618212 2195
-0.006310810810817162 0.006275862068964 2196
-0.006310810810817745 0.006517241379308879 2197
-0.006310810810818329 0.006758620689654216 2198
-0.006405405405396982 0.000241379310344365 2199
-0.006405405405397582 0.0004827586206886793 2200
-0.006405405405398185 0.0007241379310331316 2201
-0.006405405405398785 0.0009655172413774841 2202
-0.006405405405399388 0.0012068965517216 2203
-0.00640540540539999 0.001448275862065744 2204
-0.006405405405400591 0.001689655172409849 2205
-0.006405405405401194 0.001931034482753996 2206
-0.006405405405401795 0.002172413793098259 2207
-0.006405405405402393 0.002413793103442213 2208
-0.006405405405402996 0.002655172413786504 2209
-0.006405405405403598 0.002896551724130459 2210
-0.006405405405404201 0.00313793103447475 2211
-0.006405405405404802 0.003379310344818702 2212
-0.006405405405405401 0.003620689655163724 2213
-0.006405405405406003 0.003862068965508883 2214
-0.006405405405406604 0.004103448275854637 2215
-0.006405405405407206 0.004344827586200422 2216
-0.006405405405407807 0.004586206896545071 2217
-0.006405405405408409 0.004827586206890638 2218
-0.00640540540540901 0.005068965517236424 2219
-0.006405405405409612 0.005310344827582211 2220
-0.006405405405410214 0.005551724137926975 2221
-0.006405405405410815 0.005793103448272426 2222
-0.006405405405411417 0.006034482758618212 2223
-0.006405405405412018 0.006275862068964 2224
-0.00640540540541262 0.006517241379308878 2225
-0.006405405405413222 0.006758620689654215 2226
-0.006499999999991386 0.000241379310344365 2227
-0.006499999999992003 0.0004827586206886792 2228
-0.006499999999992619 0.0007241379310331318 2229
-0.006499999999993235 0.000965517241377484 2230
-0.006499999999993851 0.0012068965517216 2231
-0.006499999999994467 0.001448275862065744 2232
-0.006499999999995083 0.001689655172409849 2233
-0.0064999999999957 0.001931034482753996 2234
-0.006499999999996316 0.002172413793098259 2235
-0.006499999999996933 0.002413793103442213 2236
-0.006499999999997549 0.002655172413786505 2237
-0.006499999999998166 0.002896551724130459 2238
-0.00649999999999878 0.00313793103447475 2239
-0.006499999999999399 0.003379310344818703 2240
-0.006500000000000014 0.003620689655163724 2241
-0.006500000000000632 0.003862068965508883 2242
-0.006500000000001246 0.004103448275854638 2243
-0.006500000000001862 0.004344827586200422 2244
-0.006500000000002479 0.004586206896545069 2245
-0.006500000000003097 0.004827586206890638 2246
-0.006500000000003711 0.005068965517236424 2247
-0.006500000000004329 0.005310344827582211 2248
-0.006500000000004947 0.005551724137926975 2249
-0.006500000000005563 0.005793103448272427 2250
-0.006500000000006178 0.006034482758618212 2251
-0.006500000000006795 0.006275862068964 2252
-0.00650000000000741 0.006517241379308879 2253
-0.006500000000008027 0.006758620689654216 2254
-0.006594594594586185 0.000241379310344365 2255
-0.006594594594586793 0.0004827586206886792 2256
-0.0065945945945874 0.0007241379310331318 2257
-0.006594594594588011 0.0009655172413774841 2258
-0.006594594594588618 0.0012068965517216 2259
-0.006594594594589225 0.001448275862065744 2260
-0.006594594594589834 0.001689655172409849 2261
-0.006594594594590442 0.001931034482753996 2262
-0.006594594594591051 0.002172413793098259 2263
-0.006594594594591659 0.002413793103442213 2264
-0.006594594594592267 0.002655172413786505 2265
-0.006594594594592877 0.002896551724130459 2266
-0.006594594594593483 0.00313793103447475 2267
-0.006594594594594091 0.003379310344818703 2268
-0.0065945945945947 0.003620689655163724 2269
-0.006594594594595308 0.003862068965508883 2270
-0.006594594594595916 0.004103448275854638 2271
-0.006594594594596525 0.004344827586200422 2272
-0.006594594594597132 0.004586206896545071 2273
-0.006594594594597741 0.004827586206890638 2274
-0.006594594594598348 0.005068965517236424 2275
-0.006594594594598957 0.005310344827582212 2276
-0.006594594594599566 0.005551724137926975 2277
-0.006594594594600173 0.005793103448272427 2278
-0.00659459459460078 0.006034482758618212 2279
-0.006594594594601389 0.006275862068964 2280
-0.006594594594601998 0.006517241379308879 2281
-0.006594594594602605 0.006758620689654216 2282
-0.00668918918918107 0.0002413793103443651 2283
-0.006689189189181659 0.0004827586206886793 2284
-0.00668918918918225 0.0007241379310331318 2285
-0.006689189189182841 0.0009655172413774841 2286
-0.006689189189183433 0.0012068965517216 2287
-0.006689189189184023 0.001448275862065744 2288
-0.006689189189184614 0.001689655172409849 2289
-0.006689189189185206 0.001931034482753996 2290
-0.006689189189185795 0.002172413793098259 2291
-0.006689189189186388 0.002413793103442213 2292
-0.006689189189186978 0.002655172413786505 2293
-0.00668918918918757 0.002896551724130459 2294
-0.00668918918918816 0.00313793103447475 2295
-0.00668918918918875 0.003379310344818703 2296
-0.006689189189189344 0.003620689655163724 2297
-0.006689189189189934 0.003862068965508883 2298
-0.006689189189190525 0.004103448275854638 2299
-0.006689189189191116 0.004344827586200422 2300
-0.006689189189191706 0.004586206896545071 2301
-0.0066891891891923 0.004827586206890638 2302
-0.00668918918919289 0.005068965517236424 2303
-0.006689189189193478 0.005310344827582211 2304
-0.006689189189194071 0.005551724137926975 2305
-0.006689189189194662 0.005793103448272427 2306
-0.006689189189195252 0.006034482758618212 2307
-0.006689189189195846 0.006275862068964 2308
-0.006689189189196435 0.006517241379308879 2309
-0.006689189189197024 0.006758620689654216 2310
-0.006783783783775733 0.0002413793103443651 2311
-0.006783783783776307 0.0004827586206886793 2312
-0.006783783783776882 0.0007241379310331318 2313
-0.006783783783777457 0.0009655172413774846 2314
-0.006783783783778031 0.0012068965517216 2315
-0.006783783783778604 0.001448275862065744 2316
-0.006783783783779179 0.001689655172409849 2317
-0.006783783783779755 0.001931034482753997 2318
-0.00678378378378033 0.002172413793098259 2319
-0.006783783783780903 0.002413793103442213 2320
-0.006783783783781478 0.002655172413786505 2321
-0.006783783783782052 0.002896551724130459 2322
-0.006783783783782626 0.00313793103447475 2323
-0.006783783783783201 0.003379310344818702 2324
-0.006783783783783776 0.003620689655163724 2325
-0.00678378378378435 0.003862068965508883 2326
-0.006783783783784924 0.004103448275854638 2327
-0.006783783783785498 0.004344827586200422 2328
-0.006783783783786074 0.004586206896545071 2329
-0.006783783783786648 0.004827586206890638 2330
-0.006783783783787222 0.005068965517236424 2331
-0.006783783783787798 0.005310344827582212 2332
-0.006783783783788371 0.005551724137926975 2333
-0.006783783783788945 0.005793103448272427 2334
-0.006783783783789519 0.006034482758618212 2335
-0.006783783783790096 0.006275862068964 2336
-0.006783783783790668 0.006517241379308879 2337
-0.006783783783791244 0.006758620689654216 2338
-0.006878378378370398 0.000241379310344365 2339
-0.006878378378370953 0.0004827586206886793 2340
-0.006878378378371507 0.0007241379310331318 2341
-0.00687837837837206 0.0009655172413774842 2342
-0.006878378378372615 0.0012068965517216 2343
-0.006878378378373174 0.001448275862065744 2344
-0.006878378378373728 0.001689655172409849 2345
-0.00687837837837428 0.001931034482753997 2346
-0.006878378378374836 0.00217241379309826 2347
-0.006878378378375388 0.002413793103442213 2348
-0.006878378378375944 0.002655172413786505 2349
-0.0068783783783765 0.002896551724130459 2350
-0.006878378378377054 0.00313793103447475 2351
-0.006878378378377608 0.003379310344818703 2352
-0.006878378378378162 0.003620689655163724 2353
-0.006878378378378717 0.003862068965508883 2354
-0.006878378378379272 0.004103448275854638 2355
-0.006878378378379826 0.004344827586200423 2356
-0.006878378378380381 0.004586206896545071 2357
-0.006878378378380934 0.004827586206890638 2358
-0.006878378378381489 0.005068965517236424 2359
-0.006878378378382045 0.005310344827582212 2360
-0.0068783783783826 0.005551724137926975 2361
-0.006878378378383155 0.005793103448272427 2362
-0.00687837837838371 0.006034482758618212 2363
-0.006878378378384263 0.006275862068964 2364
-0.006878378378384818 0.006517241379308879 2365
-0.006878378378385373 0.006758620689654216 2366
-0.006972972972965341 0.0002413793103443651 2367
-0.006972972972965875 0.0004827586206886793 2368
-0.006972972972966413 0.0007241379310331318 2369
-0.006972972972966947 0.0009655172413774843 2370
-0.006972972972967482 0.0012068965517216 2371
-0.006972972972968014 0.001448275862065744 2372
-0.00697297297296855 0.001689655172409849 2373
-0.006972972972969086 0.001931034482753997 2374
-0.00697297297296962 0.002172413793098258 2375
-0.006972972972970153 0.002413793103442213 2376
-0.00697297297297069 0.002655172413786505 2377
-0.006972972972971224 0.002896551724130459 2378
-0.006972972972971759 0.00313793103447475 2379
-0.006972972972972292 0.003379310344818703 2380
-0.006972972972972831 0.003620689655163724 2381
-0.006972972972973362 0.003862068965508883 2382
-0.006972972972973899 0.004103448275854638 2383
-0.006972972972974433 0.004344827586200423 2384
-0.006972972972974968 0.004586206896545071 2385
-0.006972972972975501 0.004827586206890638 2386
-0.006972972972976037 0.005068965517236424 2387
-0.006972972972976573 0.005310344827582212 2388
-0.006972972972977109 0.005551724137926975 2389
-0.006972972972977642 0.005793103448272426 2390
-0.006972972972978176 0.006034482758618212 2391
-0.006972972972978711 0.006275862068964 2392
-0.006972972972979245 0.006517241379308879 2393
-0.006972972972979779 0.006758620689654217 2394
-0.007067567567560298 0.0002413793103443651 2395
-0.007067567567560814 0.0004827586206886793 2396
-0.007067567567561329 0.0007241379310331318 2397
-0.007067567567561843 0.0009655172413774841 2398
-0.007067567567562357 0.0012068965517216 2399
-0.007067567567562873 0.001448275862065744 2400
-0.007067567567563387 0.001689655172409849 2401
-0.007067567567563902 0.001931034482753997 2402
-0.007067567567564418 0.002172413793098259 2403
-0.007067567567564932 0.002413793103442213 2404
-0.007067567567565447 0.002655172413786505 2405
-0.007067567567565962 0.002896551724130459 2406
-0.007067567567566479 0.00313793103447475 2407
-0.007067567567566992 0.003379310344818703 2408
-0.007067567567567507 0.003620689655163724 2409
-0.007067567567568022 0.003862068965508883 2410
-0.007067567567568538 0.004103448275854638 2411
-0.007067567567569054 0.004344827586200423 2412
-0.007067567567569569 0.004586206896545071 2413
-0.007067567567570083 0.004827586206890638 2414
-0.007067567567570598 0.005068965517236424 2415
-0.007067567567571115 0.005310344827582212 2416
-0.007067567567571627 0.005551724137926975 2417
-0.007067567567572142 0.005793103448272427 2418
-0.007067567567572658 0.006034482758618212 2419
-0.007067567567573174 0.006275862068964 2420
-0.007067567567573688 0.006517241379308879 2421
-0.007067567567574201 0.006758620689654216 2422
-0.007162162162155254 0.0002413793103443651 2423
-0.007162162162155749 0.0004827586206886793 2424
-0.007162162162156245 0.0007241379310331318 2425
-0.007162162162156743 0.0009655172413774845 2426
-0.007162162162157236 0.0012068965517216 2427
-0.007162162162157731 0.001448275862065744 2428
-0.007162162162158228 0.001689655172409849 2429
-0.007162162162158722 0.001931034482753997 2430
-0.007162162162159219 0.00217241379309826 2431
-0.007162162162159713 0.002413793103442214 2432
-0.007162162162160205 0.002655172413786505 2433
-0.007162162162160703 0.002896551724130459 2434
-0.007162162162161197 0.003137931034474751 2435
-0.007162162162161694 0.003379310344818704 2436
-0.007162162162162188 0.003620689655163724 2437
-0.007162162162162684 0.003862068965508883 2438
-0.007162162162163177 0.004103448275854637 2439
-0.007162162162163674 0.004344827586200422 2440
-0.00716216216216417 0.004586206896545071 2441
-0.007162162162164667 0.004827586206890638 2442
-0.00716216216216516 0.005068965517236424 2443
-0.007162162162165655 0.005310344827582212 2444
-0.00716216216216615 0.005551724137926975 2445
-0.007162162162166644 0.005793103448272427 2446
-0.007162162162167141 0.006034482758618212 2447
-0.007162162162167636 0.006275862068964 2448
-0.007162162162168131 0.006517241379308879 2449
-0.007162162162168624 0.006758620689654216 2450
-0.007256756756750214 0.0002413793103443651 2451
-0.007256756756750689 0.0004827586206886792 2452
-0.007256756756751163 0.0007241379310331318 2453
-0.007256756756751642 0.0009655172413774843 2454
-0.007256756756752115 0.0012068965517216 2455
-0.00725675675675259 0.001448275862065744 2456
-0.007256756756753065 0.001689655172409849 2457
-0.00725675675675354 0.001931034482753997 2458
-0.007256756756754017 0.002172413793098258 2459
-0.007256756756754492 0.002413793103442213 2460
-0.007256756756754967 0.002655172413786505 2461
-0.007256756756755444 0.002896551724130459 2462
-0.007256756756755917 0.00313793103447475 2463
-0.007256756756756392 0.003379310344818704 2464
-0.007256756756756868 0.003620689655163724 2465
-0.007256756756757344 0.003862068965508883 2466
-0.00725675675675782 0.004103448275854638 2467
-0.007256756756758296 0.004344827586200422 2468
-0.00725675675675877 0.004586206896545071 2469
-0.007256756756759244 0.004827586206890638 2470
-0.007256756756759722 0.005068965517236424 2471
-0.007256756756760196 0.005310344827582211 2472
-0.00725675675676067 0.005551724137926975 2473
-0.007256756756761147 0.005793103448272427 2474
-0.007256756756761624 0.006034482758618212 2475
-0.007256756756762098 0.006275862068964 2476
-0.007256756756762574 0.006517241379308879 2477
-0.007256756756763049 0.006758620689654217 2478
-0.007351351351345161 0.0002413793103443651 2479
-0.007351351351345609 0.0004827586206886792 2480
-0.007351351351346052 0.0007241379310331318 2481
-0.0073513513513465 0.0009655172413774843 2482
-0.007351351351346946 0.0012068965517216 2483
-0.007351351351347391 0.001448275862065745 2484
-0.007351351351347837 0.001689655172409849 2485
-0.007351351351348285 0.001931034482753997 2486
-0.007351351351348732 0.00217241379309826 2487
-0.007351351351349178 0.002413793103442213 2488
-0.007351351351349625 0.002655172413786504 2489
-0.007351351351350071 0.002896551724130459 2490
-0.007351351351350517 0.00313793103447475 2491
-0.007351351351350963 0.003379310344818704 2492
-0.00735135135135141 0.003620689655163723 2493
-0.007351351351351855 0.003862068965508883 2494
-0.007351351351352302 0.004103448275854638 2495
-0.00735135135135275 0.004344827586200423 2496
-0.007351351351353195 0.004586206896545071 2497
-0.007351351351353641 0.004827586206890638 2498
-0.007351351351354087 0.005068965517236424 2499
-0.007351351351354533 0.005310344827582211 2500
-0.00735135135135498 0.005551724137926975 2501
-0.007351351351355427 0.005793103448272427 2502
-0.007351351351355873 0.006034482758618214 2503
-0.007351351351356318 0.006275862068964 2504
-0.007351351351356768 0.006517241379308878 2505
-0.007351351351357213 0.006758620689654217 2506
-0.007445945945939848 0.0002413793103443651 2507
-0.007445945945940277 0.0004827586206886792 2508
-0.007445945945940703 0.0007241379310331318 2509
-0.007445945945941131 0.0009655172413774843 2510
-0.007445945945941558 0.0012068965517216 2511
-0.007445945945941986 0.001448275862065744 2512
-0.007445945945942412 0.001689655172409849 2513
-0.00744594594594284 0.001931034482753997 2514
-0.007445945945943269 0.002172413793098258 2515
-0.007445945945943696 0.002413793103442214 2516
-0.007445945945944122 0.002655172413786505 2517
-0.007445945945944552 0.002896551724130459 2518
-0.007445945945944977 0.00313793103447475 2519
-0.007445945945945406 0.003379310344818703 2520
-0.007445945945945834 0.003620689655163724 2521
-0.00744594594594626 0.003862068965508883 2522
-0.007445945945946688 0.004103448275854637 2523
-0.007445945945947116 0.004344827586200422 2524
-0.007445945945947543 0.004586206896545071 2525
-0.00744594594594797 0.004827586206890638 2526
-0.007445945945948397 0.005068965517236424 2527
-0.007445945945948826 0.005310344827582212 2528
-0.007445945945949254 0.005551724137926975 2529
-0.007445945945949681 0.005793103448272427 2530
-0.007445945945950107 0.006034482758618212 2531
-0.007445945945950538 0.006275862068964 2532
-0.007445945945950965 0.006517241379308879 2533
-0.007445945945951391 0.006758620689654216 2534
-0.00754054054053424 0.0002413793103443651 2535
-0.007540540540534668 0.0004827586206886793 2536
-0.007540540540535095 0.0007241379310331318 2537
-0.007540540540535524 0.0009655172413774845 2538
-0.00754054054053595 0.001206896551721599 2539
-0.007540540540536379 0.001448275862065744 2540
-0.007540540540536808 0.001689655172409849 2541
-0.007540540540537235 0.001931034482753997 2542
-0.007540540540537661 0.002172413793098259 2543
-0.007540540540538093 0.002413793103442213 2544
-0.007540540540538519 0.002655172413786505 2545
-0.007540540540538948 0.002896551724130459 2546
-0.007540540540539376 0.00313793103447475 2547
-0.007540540540539802 0.003379310344818703 2548
-0.007540540540540231 0.003620689655163724 2549
-0.007540540540540657 0.003862068965508883 2550
-0.007540540540541086 0.004103448275854638 2551
-0.007540540540541514 0.004344827586200423 2552
-0.007540540540541939 0.00458620689654507 2553
-0.00754054054054237 0.004827586206890638 2554
-0.007540540540542797 0.005068965517236424 2555
-0.007540540540543224 0.005310344827582212 2556
-0.007540540540543653 0.005551724137926975 2557
-0.007540540540544082 0.005793103448272426 2558
-0.007540540540544511 0.006034482758618213 2559
-0.007540540540544937 0.006275862068964 2560
-0.007540540540545364 0.006517241379308879 2561
-0.007540540540545794 0.006758620689654216 2562
-0.007635135135128754 0.0002413793103443651 2563
-0.007635135135129178 0.0004827586206886792 2564
-0.007635135135129601 0.0007241379310331318 2565
-0.007635135135130026 0.0009655172413774843 2566
-0.007635135135130451 0.0012068965517216 2567
-0.007635135135130874 0.001448275862065744 2568
-0.007635135135131297 0.001689655172409849 2569
-0.007635135135131722 0.001931034482753997 2570
-0.007635135135132146 0.002172413793098259 2571
-0.007635135135132569 0.002413793103442213 2572
-0.007635135135132994 0.002655172413786504 2573
-0.007635135135133419 0.002896551724130459 2574
-0.007635135135133845 0.00313793103447475 2575
-0.007635135135134264 0.003379310344818704 2576
-0.007635135135134689 0.003620689655163724 2577
-0.007635135135135114 0.003862068965508883 2578
-0.007635135135135537 0.004103448275854638 2579
-0.00763513513513596 0.004344827586200422 2580
-0.007635135135136386 0.004586206896545071 2581
-0.007635135135136807 0.004827586206890638 2582
-0.007635135135137232 0.005068965517236424 2583
-0.007635135135137657 0.005310344827582211 2584
-0.007635135135138079 0.005551724137926975 2585
-0.007635135135138502 0.005793103448272427 2586
-0.007635135135138929 0.006034482758618212 2587
-0.007635135135139354 0.006275862068964 2588
-0.007635135135139776 0.006517241379308879 2589
-0.0076351351351402 0.006758620689654216 2590
-0.007729729729723673 0.0002413793103443651 2591
-0.007729729729724078 0.0004827586206886793 2592
-0.007729729729724483 0.0007241379310331317 2593
-0.007729729729724889 0.0009655172413774843 2594
-0.007729729729725294 0.0012068965517216 2595
-0.007729729729725699 0.001448275862065744 2596
-0.007729729729726105 0.001689655172409849 2597
-0.00772972972972651 0.001931034482753997 2598
-0.007729729729726916 0.002172413793098259 2599
-0.007729729729727321 0.002413793103442214 2600
-0.007729729729727726 0.002655172413786504 2601
-0.007729729729728134 0.002896551724130459 2602
-0.007729729729728541 0.00313793103447475 2603
-0.007729729729728945 0.003379310344818703 2604
-0.00772972972972935 0.003620689655163724 2605
-0.007729729729729757 0.003862068965508883 2606
-0.007729729729730159 0.004103448275854638 2607
-0.007729729729730566 0.004344827586200422 2608
-0.00772972972973097 0.004586206896545071 2609
-0.007729729729731377 0.004827586206890638 2610
-0.007729729729731784 0.005068965517236424 2611
-0.007729729729732187 0.005310344827582211 2612
-0.007729729729732594 0.005551724137926975 2613
-0.007729729729733 0.005793103448272428 2614
-0.007729729729733407 0.006034482758618212 2615
-0.007729729729733813 0.006275862068964 2616
-0.007729729729734215 0.006517241379308879 2617
-0.007729729729734621 0.006758620689654216 2618
-0.00782432432431863 0.0002413793103443652 2619
-0.007824324324319017 0.0004827586206886792 2620
-0.007824324324319398 0.0007241379310331318 2621
-0.007824324324319787 0.0009655172413774843 2622
-0.007824324324320172 0.0012068965517216 2623
-0.007824324324320557 0.001448275862065744 2624
-0.007824324324320944 0.001689655172409849 2625
-0.007824324324321331 0.001931034482753997 2626
-0.007824324324321718 0.002172413793098259 2627
-0.007824324324322103 0.002413793103442214 2628
-0.007824324324322488 0.002655172413786505 2629
-0.007824324324322871 0.002896551724130459 2630
-0.007824324324323256 0.00313793103447475 2631
-0.007824324324323641 0.003379310344818703 2632
-0.00782432432432403 0.003620689655163724 2633
-0.007824324324324415 0.003862068965508883 2634
-0.0078243243243248 0.004103448275854637 2635
-0.007824324324325185 0.004344827586200422 2636
-0.007824324324325572 0.004586206896545071 2637
-0.007824324324325959 0.004827586206890638 2638
-0.007824324324326344 0.005068965517236424 2639
-0.007824324324326729 0.005310344827582211 2640
-0.007824324324327114 0.005551724137926975 2641
-0.007824324324327499 0.005793103448272426 2642
-0.007824324324327885 0.006034482758618212 2643
-0.007824324324328273 0.006275862068964 2644
-0.007824324324328658 0.006517241379308879 2645
-0.007824324324329043 0.006758620689654216 2646
-0.007918918918913585 0.0002413793103443651 2647
-0.007918918918913952 0.0004827586206886793 2648
-0.00791891891891432 0.0007241379310331318 2649
-0.007918918918914684 0.0009655172413774843 2650
-0.007918918918915052 0.0012068965517216 2651
-0.007918918918915416 0.001448275862065745 2652
-0.007918918918915779 0.00168965517240985 2653
-0.007918918918916149 0.001931034482753997 2654
-0.007918918918916513 0.002172413793098258 2655
-0.007918918918916881 0.002413793103442214 2656
-0.007918918918917245 0.002655172413786505 2657
-0.007918918918917613 0.002896551724130459 2658
-0.007918918918917977 0.00313793103447475 2659
-0.007918918918918345 0.003379310344818703 2660
-0.007918918918918709 0.003620689655163724 2661
-0.007918918918919073 0.003862068965508882 2662
-0.007918918918919441 0.004103448275854637 2663
-0.007918918918919809 0.004344827586200422 2664
-0.007918918918920173 0.004586206896545071 2665
-0.007918918918920537 0.004827586206890638 2666
-0.007918918918920905 0.005068965517236424 2667
-0.007918918918921273 0.005310344827582212 2668
-0.007918918918921634 0.005551724137926975 2669
-0.007918918918922001 0.005793103448272428 2670
-0.007918918918922371 0.006034482758618212 2671
-0.007918918918922734 0.006275862068964 2672
-0.007918918918923098 0.006517241379308879 2673
-0.007918918918923466 0.006758620689654216 2674
-0.008013513513508532 0.0002413793103443652 2675
-0.008013513513508876 0.0004827586206886792 2676
-0.008013513513509212 0.0007241379310331318 2677
-0.008013513513509552 0.0009655172413774843 2678
-0.008013513513509891 0.0012068965517216 2679
-0.008013513513510231 0.001448275862065744 2680
-0.008013513513510566 0.001689655172409849 2681
-0.008013513513510904 0.001931034482753997 2682
-0.008013513513511242 0.002172413793098259 2683
-0.00801351351351158 0.002413793103442212 2684
-0.00801351351351192 0.002655172413786505 2685
-0.008013513513512255 0.002896551724130459 2686
-0.008013513513512595 0.00313793103447475 2687
-0.008013513513512933 0.003379310344818704 2688
-0.008013513513513272 0.003620689655163724 2689
-0.008013513513513613 0.003862068965508882 2690
-0.008013513513513947 0.004103448275854638 2691
-0.008013513513514285 0.004344827586200423 2692
-0.008013513513514627 0.004586206896545071 2693
-0.008013513513514961 0.004827586206890638 2694
-0.008013513513515301 0.005068965517236423 2695
-0.00801351351351564 0.005310344827582212 2696
-0.008013513513515974 0.005551724137926975 2697
-0.008013513513516314 0.005793103448272428 2698
-0.008013513513516654 0.006034482758618213 2699
-0.008013513513516991 0.006275862068964 2700
-0.008013513513517329 0.006517241379308878 2701
-0.008013513513517668 0.006758620689654216 2702
-0.008108108108103475 0.0002413793103443652 2703
-0.008108108108103779 0.0004827586206886794 2704
-0.008108108108104082 0.0007241379310331318 2705
-0.008108108108104384 0.0009655172413774843 2706
-0.008108108108104688 0.001206896551721599 2707
-0.008108108108104991 0.001448275862065744 2708
-0.008108108108105293 0.001689655172409849 2709
-0.008108108108105595 0.001931034482753997 2710
-0.0081081081081059 0.002172413793098259 2711
-0.008108108108106202 0.002413793103442213 2712
-0.008108108108106507 0.002655172413786505 2713
-0.008108108108106809 0.002896551724130459 2714
-0.008108108108107111 0.00313793103447475 2715
-0.008108108108107411 0.003379310344818704 2716
-0.008108108108107718 0.003620689655163724 2717
-0.008108108108108022 0.003862068965508882 2718
-0.008108108108108325 0.004103448275854637 2719
-0.008108108108108627 0.004344827586200423 2720
-0.008108108108108929 0.004586206896545071 2721
-0.008108108108109229 0.004827586206890638 2722
-0.008108108108109536 0.005068965517236424 2723
-0.00810810810810984 0.005310344827582211 2724
-0.00810810810811014 0.005551724137926975 2725
-0.008108108108110442 0.005793103448272428 2726
-0.008108108108110747 0.006034482758618212 2727
-0.008108108108111049 0.006275862068964 2728
-0.008108108108111351 0.006517241379308878 2729
-0.008108108108111656 0.006758620689654216 2730
-0.008202702702698432 0.0002413793103443651 2731
-0.008202702702698711 0.0004827586206886794 2732
-0.008202702702698994 0.0007241379310331317 2733
-0.008202702702699276 0.0009655172413774842 2734
-0.008202702702699557 0.001206896551721599 2735
-0.008202702702699839 0.001448275862065745 2736
-0.00820270270270012 0.001689655172409849 2737
-0.008202702702700401 0.001931034482753997 2738
-0.008202702702700685 0.002172413793098259 2739
-0.008202702702700963 0.002413793103442213 2740
-0.008202702702701249 0.002655172413786505 2741
-0.008202702702701528 0.002896551724130459 2742
-0.008202702702701809 0.00313793103447475 2743
-0.008202702702702094 0.003379310344818704 2744
-0.008202702702702375 0.003620689655163724 2745
-0.008202702702702657 0.003862068965508883 2746
-0.008202702702702937 0.004103448275854637 2747
-0.008202702702703218 0.004344827586200422 2748
-0.008202702702703501 0.00458620689654507 2749
-0.008202702702703782 0.004827586206890638 2750
-0.008202702702704063 0.005068965517236424 2751
-0.008202702702704344 0.005310344827582212 2752
-0.008202702702704626 0.005551724137926975 2753
-0.008202702702704907 0.005793103448272428 2754
-0.008202702702705188 0.006034482758618211 2755
-0.008202702702705471 0.006275862068964 2756
-0.00820270270270575 0.006517241379308878 2757
-0.008202702702706031 0.006758620689654216 2758
-0.00829729729729338 0.0002413793103443652 2759
-0.008297297297293628 0.0004827586206886794 2760
-0.008297297297293883 0.0007241379310331317 2761
-0.008297297297294136 0.0009655172413774843 2762
-0.008297297297294386 0.0012068965517216 2763
-0.008297297297294637 0.001448275862065744 2764
-0.00829729729729489 0.00168965517240985 2765
-0.008297297297295142 0.001931034482753997 2766
-0.008297297297295392 0.002172413793098259 2767
-0.008297297297295642 0.002413793103442214 2768
-0.008297297297295897 0.002655172413786504 2769
-0.008297297297296148 0.002896551724130459 2770
-0.008297297297296401 0.00313793103447475 2771
-0.008297297297296651 0.003379310344818704 2772
-0.008297297297296901 0.003620689655163724 2773
-0.008297297297297156 0.003862068965508882 2774
-0.008297297297297406 0.004103448275854637 2775
-0.008297297297297657 0.004344827586200423 2776
-0.008297297297297907 0.004586206896545071 2777
-0.00829729729729816 0.004827586206890638 2778
-0.008297297297298415 0.005068965517236424 2779
-0.008297297297298665 0.005310344827582212 2780
-0.008297297297298913 0.005551724137926975 2781
-0.008297297297299167 0.005793103448272427 2782
-0.008297297297299416 0.006034482758618213 2783
-0.00829729729729967 0.006275862068964 2784
-0.008297297297299919 0.006517241379308879 2785
-0.008297297297300173 0.006758620689654216 2786
-0.008391891891888137 0.0002413793103443651 2787
-0.008391891891888366 0.0004827586206886794 2788
-0.008391891891888601 0.0007241379310331317 2789
-0.00839189189188883 0.0009655172413774843 2790
-0.008391891891889063 0.0012068965517216 2791
-0.008391891891889295 0.001448275862065744 2792
-0.008391891891889526 0.00168965517240985 2793
-0.008391891891889759 0.001931034482753997 2794
-0.008391891891889991 0.002172413793098259 2795
-0.008391891891890222 0.002413793103442213 2796
-0.008391891891890452 0.002655172413786504 2797
-0.008391891891890685 0.002896551724130458 2798
-0.008391891891890917 0.00313793103447475 2799
-0.008391891891891148 0.003379310344818704 2800
-0.008391891891891382 0.003620689655163724 2801
-0.008391891891891613 0.003862068965508882 2802
-0.00839189189189184 0.004103448275854637 2803
-0.008391891891892076 0.004344827586200423 2804
-0.008391891891892307 0.004586206896545071 2805
-0.008391891891892538 0.004827586206890638 2806
-0.008391891891892772 0.005068965517236423 2807
-0.008391891891893004 0.005310344827582212 2808
-0.008391891891893237 0.005551724137926975 2809
-0.008391891891893469 0.005793103448272427 2810
-0.008391891891893698 0.006034482758618213 2811
-0.008391891891893929 0.006275862068964 2812
-0.008391891891894161 0.00651724137930888 2813
-0.008391891891894394 0.006758620689654216 2814
-0.008486486486482179 0.0002413793103443652 2815
-0.00848648648648241 0.0004827586206886794 2816
-0.008486486486482637 0.0007241379310331317 2817
-0.008486486486482868 0.0009655172413774843 2818
-0.008486486486483091 0.0012068965517216 2819
-0.00848648648648332 0.001448275862065745 2820
-0.008486486486483551 0.001689655172409849 2821
-0.008486486486483773 0.001931034482753997 2822
-0.008486486486484004 0.002172413793098259 2823
-0.008486486486484229 0.002413793103442213 2824
-0.008486486486484457 0.002655172413786505 2825
-0.008486486486484684 0.002896551724130458 2826
-0.008486486486484913 0.00313793103447475 2827
-0.00848648648648514 0.003379310344818704 2828
-0.008486486486485367 0.003620689655163724 2829
-0.008486486486485595 0.003862068965508882 2830
-0.008486486486485822 0.004103448275854637 2831
-0.008486486486486047 0.004344827586200423 2832
-0.008486486486486278 0.004586206896545071 2833
-0.008486486486486502 0.004827586206890638 2834
-0.008486486486486733 0.005068965517236424 2835
-0.008486486486486958 0.005310344827582211 2836
-0.008486486486487185 0.005551724137926975 2837
-0.008486486486487416 0.005793103448272427 2838
-0.00848648648648764 0.006034482758618211 2839
-0.008486486486487869 0.006275862068964 2840
-0.008486486486488098 0.006517241379308878 2841
-0.008486486486488323 0.006758620689654216 2842
-0.008581081081076915 0.0002413793103443652 2843
-0.00858108108107713 0.0004827586206886794 2844
-0.008581081081077344 0.0007241379310331316 2845
-0.008581081081077566 0.0009655172413774843 2846
-0.008581081081077777 0.0012068965517216 2847
-0.008581081081077994 0.001448275862065745 2848
-0.008581081081078209 0.00168965517240985 2849
-0.008581081081078426 0.001931034482753997 2850
-0.008581081081078641 0.002172413793098259 2851
-0.008581081081078856 0.002413793103442212 2852
-0.008581081081079073 0.002655172413786505 2853
-0.008581081081079285 0.002896551724130459 2854
-0.008581081081079503 0.00313793103447475 2855
-0.008581081081079717 0.003379310344818703 2856
-0.008581081081079932 0.003620689655163723 2857
-0.00858108108108015 0.003862068965508882 2858
-0.008581081081080367 0.004103448275854637 2859
-0.008581081081080581 0.004344827586200423 2860
-0.008581081081080796 0.004586206896545071 2861
-0.008581081081081011 0.004827586206890637 2862
-0.008581081081081226 0.005068965517236424 2863
-0.008581081081081444 0.00531034482758221 2864
-0.00858108108108166 0.005551724137926975 2865
-0.008581081081081875 0.005793103448272426 2866
-0.00858108108108209 0.006034482758618214 2867
-0.008581081081082307 0.006275862068964 2868
-0.008581081081082522 0.00651724137930888 2869
-0.008581081081082735 0.006758620689654216 2870
-0.008675675675671877 0.0002413793103443652 2871
-0.008675675675672071 0.0004827586206886793 2872
-0.008675675675672265 0.0007241379310331317 2873
-0.008675675675672465 0.0009655172413774843 2874
-0.008675675675672657 0.001206896551721599 2875
-0.008675675675672852 0.001448275862065745 2876
-0.008675675675673051 0.001689655172409849 2877
-0.008675675675673244 0.001931034482753997 2878
-0.008675675675673443 0.002172413793098259 2879
-0.008675675675673638 0.002413793103442213 2880
-0.00867567567567383 0.002655172413786505 2881
-0.00867567567567403 0.002896551724130459 2882
-0.008675675675674224 0.00313793103447475 2883
-0.00867567567567442 0.003379310344818703 2884
-0.008675675675674616 0.003620689655163724 2885
-0.008675675675674812 0.003862068965508882 2886
-0.008675675675675006 0.004103448275854637 2887
-0.008675675675675206 0.004344827586200422 2888
-0.008675675675675398 0.004586206896545071 2889
-0.008675675675675594 0.004827586206890638 2890
-0.008675675675675792 0.005068965517236424 2891
-0.008675675675675985 0.005310344827582211 2892
-0.008675675675676182 0.005551724137926975 2893
-0.008675675675676377 0.005793103448272428 2894
-0.008675675675676571 0.006034482758618213 2895
-0.008675675675676769 0.006275862068963999 2896
-0.008675675675676967 0.006517241379308879 2897
-0.008675675675677163 0.006758620689654216 2898
-0.008770270270266832 0.0002413793103443652 2899
-0.008770270270267009 0.0004827586206886794 2900
-0.008770270270267184 0.0007241379310331316 2901
-0.008770270270267357 0.0009655172413774843 2902
-0.008770270270267534 0.0012068965517216 2903
-0.008770270270267711 0.001448275862065744 2904
-0.008770270270267888 0.00168965517240985 2905
-0.008770270270268062 0.001931034482753997 2906
-0.008770270270268242 0.002172413793098259 2907
-0.008770270270268415 0.002413793103442213 2908
-0.008770270270268591 0.002655172413786505 2909
-0.008770270270268766 0.002896551724130459 2910
-0.008770270270268943 0.00313793103447475 2911
-0.008770270270269118 0.003379310344818703 2912
-0.008770270270269293 0.003620689655163724 2913
-0.008770270270269472 0.003862068965508882 2914
-0.008770270270269647 0.004103448275854637 2915
-0.008770270270269821 0.004344827586200422 2916
-0.008770270270269999 0.004586206896545071 2917
-0.008770270270270171 0.004827586206890638 2918
-0.008770270270270348 0.005068965517236423 2919
-0.008770270270270527 0.005310344827582212 2920
-0.008770270270270702 0.005551724137926975 2921
-0.008770270270270879 0.005793103448272429 2922
-0.008770270270271052 0.006034482758618213 2923
-0.008770270270271229 0.006275862068964 2924
-0.008770270270271406 0.006517241379308879 2925
-0.00877027027027158 0.006758620689654217 2926
-0.008864864864861788 0.0002413793103443652 2927
-0.008864864864861949 0.0004827586206886793 2928
-0.008864864864862104 0.0007241379310331317 2929
-0.008864864864862258 0.0009655172413774843 2930
-0.008864864864862416 0.0012068965517216 2931
-0.008864864864862569 0.001448275862065744 2932
-0.008864864864862728 0.00168965517240985 2933
-0.008864864864862881 0.001931034482753997 2934
-0.008864864864863042 0.002172413793098259 2935
-0.008864864864863193 0.002413793103442212 2936
-0.008864864864863353 0.002655172413786505 2937
-0.008864864864863506 0.002896551724130459 2938
-0.008864864864863662 0.00313793103447475 2939
-0.008864864864863818 0.003379310344818704 2940
-0.008864864864863976 0.003620689655163724 2941
-0.00886486486486413 0.003862068965508882 2942
-0.008864864864864288 0.004103448275854637 2943
-0.008864864864864442 0.004344827586200422 2944
-0.0088648648648646 0.004586206896545071 2945
-0.008864864864864756 0.004827586206890638 2946
-0.008864864864864911 0.005068965517236424 2947
-0.008864864864865067 0.005310344827582212 2948
-0.008864864864865221 0.005551724137926975 2949
-0.008864864864865381 0.005793103448272427 2950
-0.008864864864865533 0.006034482758618214 2951
-0.008864864864865691 0.006275862068964 2952
-0.008864864864865846 0.00651724137930888 2953
-0.008864864864866004 0.006758620689654216 2954
-0.008959459459456746 0.0002413793103443652 2955
-0.00895945945945688 0.0004827586206886794 2956
-0.008959459459457015 0.0007241379310331318 2957
-0.008959459459457152 0.0009655172413774842 2958
-0.008959459459457293 0.0012068965517216 2959
-0.008959459459457426 0.001448275862065744 2960
-0.008959459459457567 0.00168965517240985 2961
-0.008959459459457697 0.001931034482753997 2962
-0.008959459459457836 0.002172413793098259 2963
-0.008959459459457971 0.002413793103442212 2964
-0.008959459459458108 0.002655172413786505 2965
-0.008959459459458245 0.002896551724130459 2966
-0.008959459459458381 0.00313793103447475 2967
-0.008959459459458516 0.003379310344818704 2968
-0.008959459459458655 0.003620689655163724 2969
-0.008959459459458788 0.003862068965508882 2970
-0.008959459459458925 0.004103448275854637 2971
-0.008959459459459064 0.004344827586200423 2972
-0.008959459459459196 0.004586206896545071 2973
-0.008959459459459336 0.004827586206890638 2974
-0.00895945945945947 0.005068965517236424 2975
-0.008959459459459605 0.005310344827582212 2976
-0.008959459459459744 0.005551724137926975 2977
-0.008959459459459883 0.005793103448272428 2978
-0.008959459459460015 0.006034482758618213 2979
-0.008959459459460153 0.006275862068964 2980
-0.008959459459460287 0.006517241379308879 2981
-0.008959459459460424 0.006758620689654216 2982
-0.009054054054051703 0.0002413793103443652 2983
-0.009054054054051819 0.0004827586206886793 2984
-0.009054054054051941 0.000724137931033132 2985
-0.009054054054052053 0.0009655172413774842 2986
-0.009054054054052166 0.0012068965517216 2987
-0.009054054054052288 0.001448275862065744 2988
-0.009054054054052404 0.00168965517240985 2989
-0.009054054054052518 0.001931034482753997 2990
-0.009054054054052635 0.002172413793098259 2991
-0.009054054054052752 0.002413793103442214 2992
-0.009054054054052867 0.002655172413786505 2993
-0.009054054054052985 0.002896551724130459 2994
-0.009054054054053101 0.00313793103447475 2995
-0.009054054054053216 0.003379310344818703 2996
-0.009054054054053334 0.003620689655163724 2997
-0.009054054054053448 0.003862068965508882 2998
-0.009054054054053566 0.004103448275854637 2999
-0.009054054054053686 0.004344827586200423 3000
-0.009054054054053799 0.004586206896545071 3001
-0.009054054054053913 0.004827586206890638 3002
-0.009054054054054031 0.005068965517236424 3003
-0.009054054054054149 0.005310344827582211 3004
-0.009054054054054263 0.005551724137926975 3005
-0.00905405405405438 0.005793103448272428 3006
-0.009054054054054496 0.006034482758618213 3007
-0.009054054054054616 0.006275862068964 3008
-0.009054054054054732 0.006517241379308879 3009
-0.009054054054054846 0.006758620689654216 3010
-0.009148648648646663 0.0002413793103443652 3011
-0.00914864864864676 0.0004827586206886793 3012
-0.009148648648646856 0.0007241379310331318 3013
-0.009148648648646949 0.0009655172413774842 3014
-0.00914864864864705 0.0012068965517216 3015
-0.009148648648647143 0.001448275862065745 3016
-0.009148648648647242 0.00168965517240985 3017
-0.00914864864864734 0.001931034482753997 3018
-0.009148648648647433 0.002172413793098259 3019
-0.009148648648647534 0.002413793103442213 3020
-0.009148648648647627 0.002655172413786505 3021
-0.009148648648647725 0.002896551724130459 3022
-0.00914864864864782 0.00313793103447475 3023
-0.009148648648647917 0.003379310344818704 3024
-0.009148648648648014 0.003620689655163724 3025
-0.009148648648648108 0.003862068965508882 3026
-0.009148648648648205 0.004103448275854637 3027
-0.009148648648648302 0.004344827586200423 3028
-0.009148648648648399 0.004586206896545071 3029
-0.009148648648648498 0.004827586206890638 3030
-0.009148648648648594 0.005068965517236424 3031
-0.009148648648648691 0.005310344827582212 3032
-0.009148648648648786 0.005551724137926975 3033
-0.009148648648648882 0.005793103448272429 3034
-0.009148648648648982 0.006034482758618213 3035
-0.009148648648649076 0.006275862068964 3036
-0.009148648648649173 0.00651724137930888 3037
-0.009148648648649267 0.006758620689654216 3038
-0.009243243243241616 0.0002413793103443652 3039
-0.009243243243241692 0.0004827586206886793 3040
-0.009243243243241772 0.0007241379310331318 3041
-0.00924324324324185 0.0009655172413774842 3042
-0.009243243243241923 0.0012068965517216 3043
-0.009243243243241999 0.001448275862065745 3044
-0.009243243243242076 0.00168965517240985 3045
-0.009243243243242152 0.001931034482753997 3046
-0.009243243243242228 0.002172413793098259 3047
-0.009243243243242306 0.002413793103442213 3048
-0.009243243243242385 0.002655172413786505 3049
-0.009243243243242461 0.002896551724130459 3050
-0.009243243243242539 0.00313793103447475 3051
-0.009243243243242615 0.003379310344818704 3052
-0.009243243243242692 0.003620689655163724 3053
-0.009243243243242768 0.003862068965508882 3054
-0.009243243243242846 0.004103448275854638 3055
-0.009243243243242922 0.004344827586200422 3056
-0.009243243243243 0.004586206896545071 3057
-0.009243243243243078 0.004827586206890638 3058
-0.009243243243243153 0.005068965517236424 3059
-0.009243243243243229 0.005310344827582211 3060
-0.009243243243243306 0.005551724137926975 3061
-0.009243243243243382 0.005793103448272428 3062
-0.009243243243243458 0.006034482758618213 3063
-0.009243243243243538 0.006275862068964 3064
-0.009243243243243614 0.00651724137930888 3065
-0.009243243243243691 0.006758620689654216 3066
-0.009337837837836581 0.0002413793103443652 3067
-0.009337837837836654 0.0004827586206886793 3068
-0.009337837837836718 0.0007241379310331319 3069
-0.009337837837836788 0.0009655172413774842 3070
-0.009337837837836854 0.0012068965517216 3071
-0.00933783783783692 0.001448275862065744 3072
-0.009337837837836989 0.00168965517240985 3073
-0.009337837837837055 0.001931034482753997 3074
-0.009337837837837122 0.002172413793098259 3075
-0.009337837837837192 0.002413793103442213 3076
-0.009337837837837258 0.002655172413786505 3077
-0.009337837837837327 0.002896551724130458 3078
-0.00933783783783739 0.00313793103447475 3079
-0.009337837837837462 0.003379310344818704 3080
-0.009337837837837528 0.003620689655163724 3081
-0.009337837837837593 0.003862068965508882 3082
-0.009337837837837664 0.004103448275854637 3083
-0.009337837837837728 0.004344827586200423 3084
-0.009337837837837796 0.004586206896545071 3085
-0.009337837837837865 0.004827586206890638 3086
-0.009337837837837933 0.005068965517236424 3087
-0.009337837837838 0.005310344827582211 3088
-0.009337837837838066 0.005551724137926975 3089
-0.009337837837838134 0.005793103448272428 3090
-0.009337837837838203 0.006034482758618213 3091
-0.009337837837838266 0.006275862068964 3092
-0.009337837837838337 0.006517241379308879 3093
-0.009337837837838404 0.006758620689654216 3094
-0.009432432432431361 0.0002413793103443652 3095
-0.009432432432431435 0.0004827586206886794 3096
-0.009432432432431508 0.000724137931033132 3097
-0.009432432432431581 0.0009655172413774843 3098
-0.009432432432431663 0.0012068965517216 3099
-0.009432432432431734 0.001448275862065745 3100
-0.00943243243243181 0.00168965517240985 3101
-0.009432432432431883 0.001931034482753997 3102
-0.009432432432431959 0.002172413793098259 3103
-0.009432432432432034 0.002413793103442213 3104
-0.00943243243243211 0.002655172413786505 3105
-0.009432432432432187 0.002896551724130459 3106
-0.009432432432432258 0.00313793103447475 3107
-0.009432432432432334 0.003379310344818704 3108
-0.00943243243243241 0.003620689655163724 3109
-0.009432432432432483 0.003862068965508882 3110
-0.00943243243243256 0.004103448275854637 3111
-0.009432432432432636 0.004344827586200423 3112
-0.009432432432432709 0.004586206896545071 3113
-0.009432432432432785 0.004827586206890638 3114
-0.009432432432432858 0.005068965517236424 3115
-0.009432432432432934 0.005310344827582211 3116
-0.009432432432433012 0.005551724137926975 3117
-0.009432432432433085 0.005793103448272427 3118
-0.009432432432433156 0.006034482758618213 3119
-0.009432432432433233 0.006275862068963999 3120
-0.009432432432433311 0.00651724137930888 3121
-0.009432432432433385 0.006758620689654216 3122
-0.009527027027025424 0.0002413793103443652 3123
-0.009527027027025516 0.0004827586206886794 3124
-0.009527027027025608 0.0007241379310331321 3125
-0.009527027027025702 0.0009655172413774843 3126
-0.009527027027025795 0.0012068965517216 3127
-0.009527027027025882 0.001448275862065744 3128
-0.009527027027025976 0.00168965517240985 3129
-0.009527027027026071 0.001931034482753997 3130
-0.00952702702702616 0.002172413793098259 3131
-0.009527027027026246 0.002413793103442214 3132
-0.009527027027026342 0.002655172413786505 3133
-0.009527027027026434 0.002896551724130459 3134
-0.009527027027026522 0.00313793103447475 3135
-0.009527027027026614 0.003379310344818703 3136
-0.009527027027026704 0.003620689655163723 3137
-0.009527027027026798 0.003862068965508882 3138
-0.009527027027026893 0.004103448275854637 3139
-0.009527027027026982 0.004344827586200422 3140
-0.009527027027027072 0.00458620689654507 3141
-0.009527027027027166 0.004827586206890638 3142
-0.009527027027027256 0.005068965517236423 3143
-0.009527027027027348 0.005310344827582212 3144
-0.00952702702702744 0.005551724137926975 3145
-0.009527027027027532 0.005793103448272428 3146
-0.00952702702702762 0.006034482758618213 3147
-0.009527027027027714 0.006275862068964 3148
-0.009527027027027804 0.006517241379308879 3149
-0.009527027027027898 0.006758620689654217 3150
-0.009621621621620172 0.0002413793103443652 3151
-0.009621621621620252 0.0004827586206886793 3152
-0.009621621621620328 0.0007241379310331319 3153
-0.009621621621620408 0.0009655172413774845 3154
-0.009621621621620488 0.0012068965517216 3155
-0.009621621621620566 0.001448275862065744 3156
-0.009621621621620644 0.00168965517240985 3157
-0.009621621621620726 0.001931034482753997 3158
-0.009621621621620804 0.002172413793098259 3159
-0.009621621621620885 0.002413793103442214 3160
-0.009621621621620963 0.002655172413786505 3161
-0.009621621621621041 0.002896551724130459 3162
-0.009621621621621121 0.00313793103447475 3163
-0.009621621621621201 0.003379310344818704 3164
-0.009621621621621281 0.003620689655163724 3165
-0.009621621621621359 0.003862068965508882 3166
-0.00962162162162144 0.004103448275854637 3167
-0.009621621621621522 0.004344827586200423 3168
-0.009621621621621597 0.004586206896545071 3169
-0.009621621621621676 0.004827586206890638 3170
-0.009621621621621758 0.005068965517236424 3171
-0.009621621621621836 0.005310344827582211 3172
-0.009621621621621916 0.005551724137926975 3173
-0.009621621621621996 0.005793103448272428 3174
-0.009621621621622072 0.006034482758618213 3175
-0.009621621621622155 0.006275862068964 3176
-0.009621621621622231 0.006517241379308878 3177
-0.009621621621622315 0.006758620689654217 3178
-0.009716216216215132 0.0002413793103443653 3179
-0.00971621621621519 0.0004827586206886794 3180
-0.00971621621621525 0.0007241379310331318 3181
-0.009716216216215309 0.0009655172413774845 3182
-0.009716216216215372 0.0012068965517216 3183
-0.009716216216215431 0.001448275862065744 3184
-0.009716216216215484 0.00168965517240985 3185
-0.009716216216215547 0.001931034482753997 3186
-0.009716216216215604 0.002172413793098259 3187
-0.009716216216215665 0.002413793103442213 3188
-0.009716216216215724 0.002655172413786505 3189
-0.009716216216215783 0.002896551724130458 3190
-0.009716216216215845 0.00313793103447475 3191
-0.009716216216215904 0.003379310344818704 3192
-0.009716216216215965 0.003620689655163724 3193
-0.009716216216216024 0.003862068965508883 3194
-0.009716216216216081 0.004103448275854637 3195
-0.00971621621621614 0.004344827586200422 3196
-0.009716216216216201 0.004586206896545071 3197
-0.009716216216216258 0.004827586206890638 3198
-0.009716216216216317 0.005068965517236423 3199
-0.00971621621621638 0.005310344827582211 3200
-0.00971621621621644 0.005551724137926975 3201
-0.009716216216216499 0.005793103448272428 3202
-0.009716216216216557 0.006034482758618213 3203
-0.009716216216216614 0.006275862068964 3204
-0.009716216216216675 0.006517241379308879 3205
-0.009716216216216733 0.006758620689654216 3206
-0.009810810810810091 0.0002413793103443652 3207
-0.009810810810810127 0.0004827586206886795 3208
-0.009810810810810165 0.0007241379310331318 3209
-0.009810810810810203 0.0009655172413774843 3210
-0.009810810810810243 0.0012068965517216 3211
-0.009810810810810283 0.001448275862065745 3212
-0.009810810810810325 0.00168965517240985 3213
-0.009810810810810363 0.001931034482753997 3214
-0.009810810810810406 0.002172413793098259 3215
-0.009810810810810446 0.002413793103442213 3216
-0.009810810810810483 0.002655172413786505 3217
-0.009810810810810523 0.002896551724130458 3218
-0.009810810810810562 0.00313793103447475 3219
-0.009810810810810602 0.003379310344818703 3220
-0.009810810810810646 0.003620689655163724 3221
-0.009810810810810684 0.003862068965508882 3222
-0.009810810810810722 0.004103448275854637 3223
-0.009810810810810762 0.004344827586200422 3224
-0.009810810810810802 0.004586206896545071 3225
-0.00981081081081084 0.004827586206890638 3226
-0.009810810810810882 0.005068965517236424 3227
-0.00981081081081092 0.005310344827582211 3228
-0.00981081081081096 0.005551724137926975 3229
-0.009810810810811 0.005793103448272429 3230
-0.009810810810811038 0.006034482758618213 3231
-0.009810810810811076 0.006275862068964 3232
-0.009810810810811118 0.00651724137930888 3233
-0.009810810810811157 0.006758620689654216 3234
-0.009905405405405042 0.0002413793103443653 3235
-0.009905405405405066 0.0004827586206886795 3236
-0.009905405405405089 0.0007241379310331318 3237
-0.009905405405405104 0.0009655172413774843 3238
-0.009905405405405125 0.0012068965517216 3239
-0.009905405405405143 0.001448275862065745 3240
-0.009905405405405163 0.00168965517240985 3241
-0.009905405405405181 0.001931034482753997 3242
-0.009905405405405205 0.002172413793098259 3243
-0.009905405405405224 0.002413793103442213 3244
-0.009905405405405245 0.002655172413786505 3245
-0.009905405405405262 0.002896551724130458 3246
-0.009905405405405285 0.00313793103447475 3247
-0.009905405405405304 0.003379310344818704 3248
-0.009905405405405319 0.003620689655163724 3249
-0.00990540540540534 0.003862068965508882 3250
-0.009905405405405363 0.004103448275854638 3251
-0.009905405405405384 0.004344827586200423 3252
-0.009905405405405399 0.004586206896545071 3253
-0.009905405405405422 0.004827586206890637 3254
-0.009905405405405441 0.005068965517236423 3255
-0.00990540540540546 0.005310344827582211 3256
-0.009905405405405481 0.005551724137926975 3257
-0.0099054054054055 0.005793103448272429 3258
-0.009905405405405521 0.006034482758618214 3259
-0.009905405405405542 0.006275862068964 3260
-0.009905405405405561 0.00651724137930888 3261
-0.009905405405405581 0.006758620689654216 3262
-0.01015789473684075 0.0002413793103443653 3263
-0.01015789473684082 0.0004827586206886795 3264
-0.01015789473684089 0.0007241379310331319 3265
-0.01015789473684096 0.0009655172413774846 3266
-0.01015789473684103 0.0012068965517216 3267
-0.0101578947368411 0.001448275862065745 3268
-0.01015789473684117 0.00168965517240985 3269
-0.01015789473684124 0.001931034482753997 3270
-0.01015789473684131 0.00217241379309826 3271
-0.01015789473684138 0.002413793103442213 3272
-0.01015789473684145 0.002655172413786505 3273
-0.01015789473684152 0.002896551724130459 3274
-0.01015789473684159 0.00313793103447475 3275
-0.01015789473684166 0.003379310344818704 3276
-0.01015789473684173 0.003620689655163723 3277
-0.0101578947368418 0.003862068965508882 3278
-0.01015789473684187 0.004103448275854637 3279
-0.01015789473684194 0.004344827586200422 3280
-0.01015789473684201 0.004586206896545071 3281
-0.01015789473684208 0.004827586206890638 3282
-0.01015789473684215 0.005068965517236423 3283
-0.01015789473684222 0.005310344827582211 3284
-0.01015789473684229 0.005551724137926975 3285
-0.01015789473684236 0.005793103448272428 3286
-0.01015789473684243 0.006034482758618212 3287
-0.0101578947368425 0.006275862068964 3288
-0.01015789473684257 0.006517241379308881 3289
-0.01015789473684264 0.006758620689654217 3290
-0.01031578947368343 0.0002413793103443652 3291
-0.01031578947368349 0.0004827586206886795 3292
-0.01031578947368353 0.000724137931033132 3293
-0.01031578947368358 0.0009655172413774843 3294
-0.01031578947368362 0.0012068965517216 3295
-0.01031578947368367 0.001448275862065745 3296
-0.01031578947368372 0.00168965517240985 3297
-0.01031578947368377 0.001931034482753997 3298
-0.01031578947368381 0.002172413793098259 3299
-0.01031578947368386 0.002413793103442213 3300
-0.01031578947368391 0.002655172413786505 3301
-0.01031578947368395 0.002896551724130458 3302
-0.010315789473684 0.00313793103447475 3303
-0.01031578947368405 0.003379310344818704 3304
-0.01031578947368409 0.003620689655163725 3305
-0.01031578947368414 0.003862068965508882 3306
-0.01031578947368418 0.004103448275854637 3307
-0.01031578947368423 0.004344827586200422 3308
-0.01031578947368428 0.00458620689654507 3309
-0.01031578947368432 0.004827586206890637 3310
-0.01031578947368437 0.005068965517236422 3311
-0.01031578947368442 0.005310344827582211 3312
-0.01031578947368447 0.005551724137926975 3313
-0.01031578947368451 0.005793103448272428 3314
-0.01031578947368456 0.006034482758618214 3315
-0.01031578947368461 0.006275862068963999 3316
-0.01031578947368465 0.006517241379308881 3317
-0.0103157894736847 0.006758620689654216 3318
-0.01047368421052615 0.0002413793103443653 3319
-0.0104736842105262 0.0004827586206886795 3320
-0.01047368421052624 0.0007241379310331321 3321
-0.01047368421052629 0.0009655172413774845 3322
-0.01047368421052634 0.0012068965517216 3323
-0.01047368421052638 0.001448275862065745 3324
-0.01047368421052643 0.00168965517240985 3325
-0.01047368421052648 0.001931034482753997 3326
-0.01047368421052652 0.002172413793098259 3327
-0.01047368421052657 0.002413793103442213 3328
-0.01047368421052662 0.002655172413786505 3329
-0.01047368421052666 0.002896551724130459 3330
-0.01047368421052671 0.00313793103447475 3331
-0.01047368421052676 0.003379310344818704 3332
-0.01047368421052681 0.003620689655163724 3333
-0.01047368421052685 0.003862068965508883 3334
-0.0104736842105269 0.004103448275854637 3335
-0.01047368421052694 0.004344827586200422 3336
-0.01047368421052699 0.00458620689654507 3337
-0.01047368421052704 0.004827586206890638 3338
-0.01047368421052708 0.005068965517236423 3339
-0.01047368421052713 0.005310344827582212 3340
-0.01047368421052718 0.005551724137926975 3341
-0.01047368421052722 0.005793103448272427 3342
-0.01047368421052727 0.006034482758618213 3343
-0.01047368421052731 0.006275862068964 3344
-0.01047368421052737 0.00651724137930888 3345
-0.01047368421052741 0.006758620689654217 3346
-0.01063157894736822 0.0002413793103443652 3347
-0.0106315789473683 0.0004827586206886795 3348
-0.01063157894736837 0.0007241379310331321 3349
-0.01063157894736844 0.0009655172413774845 3350
-0.0106315789473685 0.0012068965517216 3351
-0.01063157894736857 0.001448275862065745 3352
-0.01063157894736864 0.00168965517240985 3353
-0.01063157894736871 0.001931034482753997 3354
-0.01063157894736878 0.002172413793098259 3355
-0.01063157894736885 0.002413793103442213 3356
-0.01063157894736892 0.002655172413786505 3357
-0.01063157894736899 0.002896551724130459 3358
-0.01063157894736906 0.00313793103447475 3359
-0.01063157894736913 0.003379310344818704 3360
-0.0106315789473692 0.003620689655163724 3361
-0.01063157894736927 0.003862068965508882 3362
-0.01063157894736933 0.004103448275854637 3363
-0.0106315789473694 0.004344827586200422 3364
-0.01063157894736947 0.00458620689654507 3365
-0.01063157894736954 0.004827586206890638 3366
-0.01063157894736961 0.005068965517236423 3367
-0.01063157894736968 0.005310344827582211 3368
-0.01063157894736975 0.005551724137926975 3369
-0.01063157894736982 0.005793103448272428 3370
-0.01063157894736989 0.006034482758618213 3371
-0.01063157894736996 0.006275862068964 3372
-0.01063157894737003 0.006517241379308879 3373
-0.0106315789473701 0.006758620689654216 3374
-0.01078947368420873 0.0002413793103443653 3375
-0.01078947368420888 0.0004827586206886795 3376
-0.01078947368420903 0.0007241379310331318 3377
-0.01078947368420917 0.0009655172413774845 3378
-0.01078947368420933 0.0012068965517216 3379
-0.01078947368420947 0.001448275862065745 3380
-0.01078947368420962 0.00168965517240985 3381
-0.01078947368420977 0.001931034482753997 3382
-0.01078947368420992 0.00217241379309826 3383
-0.01078947368421007 0.002413793103442213 3384
-0.01078947368421022 0.002655172413786505 3385
-0.01078947368421036 0.002896551724130459 3386
-0.01078947368421051 0.00313793103447475 3387
-0.01078947368421066 0.003379310344818703 3388
-0.01078947368421081 0.003620689655163724 3389
-0.01078947368421095 0.003862068965508883 3390
-0.0107894736842111 0.004103448275854637 3391
-0.01078947368421125 0.004344827586200422 3392
-0.0107894736842114 0.00458620689654507 3393
-0.01078947368421155 0.004827586206890639 3394
-0.0107894736842117 0.005068965517236425 3395
-0.01078947368421184 0.005310344827582211 3396
-0.01078947368421199 0.005551724137926975 3397
-0.01078947368421214 0.00579310344827243 3398
-0.01078947368421229 0.006034482758618214 3399
-0.01078947368421243 0.006275862068963999 3400
-0.01078947368421258 0.006517241379308881 3401
-0.01078947368421273 0.006758620689654216 3402
-0.01094736842104988 0.0002413793103443653 3403
-0.01094736842105007 0.0004827586206886794 3404
-0.01094736842105025 0.000724137931033132 3405
-0.01094736842105044 0.0009655172413774843 3406
-0.01094736842105062 0.0012068965517216 3407
-0.01094736842105081 0.001448275862065744 3408
-0.010947368421051 0.001689655172409849 3409
-0.01094736842105119 0.001931034482753997 3410
-0.01094736842105137 0.002172413793098259 3411
-0.01094736842105156 0.002413793103442213 3412
-0.01094736842105174 0.002655172413786505 3413
-0.01094736842105194 0.002896551724130459 3414
-0.01094736842105212 0.00313793103447475 3415
-0.01094736842105231 0.003379310344818703 3416
-0.01094736842105249 0.003620689655163724 3417
-0.01094736842105268 0.003862068965508882 3418
-0.01094736842105287 0.004103448275854637 3419
-0.01094736842105305 0.004344827586200422 3420
-0.01094736842105324 0.00458620689654507 3421
-0.01094736842105343 0.004827586206890638 3422
-0.01094736842105361 0.005068965517236424 3423
-0.0109473684210538 0.005310344827582211 3424
-0.01094736842105399 0.005551724137926975 3425
-0.01094736842105418 0.005793103448272428 3426
-0.01094736842105436 0.006034482758618213 3427
-0.01094736842105455 0.006275862068964 3428
-0.01094736842105474 0.00651724137930888 3429
-0.01094736842105492 0.006758620689654216 3430
-0.01110526315789239 0.0002413793103443653 3431
-0.01110526315789258 0.0004827586206886795 3432
-0.01110526315789277 0.000724137931033132 3433
-0.01110526315789295 0.0009655172413774846 3434
-0.01110526315789314 0.0012068965517216 3435
-0.01110526315789333 0.001448275862065745 3436
-0.01110526315789351 0.00168965517240985 3437
-0.0111052631578937 0.001931034482753996 3438
-0.01110526315789388 0.002172413793098259 3439
-0.01110526315789407 0.002413793103442213 3440
-0.01110526315789426 0.002655172413786505 3441
-0.01110526315789444 0.002896551724130459 3442
-0.01110526315789463 0.00313793103447475 3443
-0.01110526315789482 0.003379310344818704 3444
-0.01110526315789501 0.003620689655163724 3445
-0.01110526315789519 0.003862068965508883 3446
-0.01110526315789538 0.004103448275854637 3447
-0.01110526315789557 0.004344827586200422 3448
-0.01110526315789576 0.00458620689654507 3449
-0.01110526315789594 0.004827586206890637 3450
-0.01110526315789613 0.005068965517236423 3451
-0.01110526315789632 0.005310344827582211 3452
-0.0111052631578965 0.005551724137926975 3453
-0.01110526315789669 0.005793103448272428 3454
-0.01110526315789688 0.006034482758618212 3455
-0.01110526315789706 0.006275862068964 3456
-0.01110526315789725 0.00651724137930888 3457
-0.01110526315789744 0.006758620689654216 3458
-0.01126315789473448 0.0002413793103443653 3459
-0.01126315789473469 0.0004827586206886795 3460
-0.0112631578947349 0.000724137931033132 3461
-0.01126315789473511 0.0009655172413774846 3462
-0.01126315789473532 0.0012068965517216 3463
-0.01126315789473553 0.001448275862065745 3464
-0.01126315789473574 0.00168965517240985 3465
-0.01126315789473595 0.001931034482753997 3466
-0.01126315789473616 0.00217241379309826 3467
-0.01126315789473637 0.002413793103442213 3468
-0.01126315789473657 0.002655172413786505 3469
-0.01126315789473678 0.002896551724130459 3470
-0.01126315789473699 0.00313793103447475 3471
-0.0112631578947372 0.003379310344818704 3472
-0.01126315789473741 0.003620689655163723 3473
-0.01126315789473762 0.003862068965508882 3474
-0.01126315789473783 0.004103448275854637 3475
-0.01126315789473804 0.004344827586200422 3476
-0.01126315789473825 0.00458620689654507 3477
-0.01126315789473845 0.004827586206890638 3478
-0.01126315789473866 0.005068965517236424 3479
-0.01126315789473887 0.005310344827582211 3480
-0.01126315789473908 0.005551724137926975 3481
-0.01126315789473929 0.005793103448272428 3482
-0.0112631578947395 0.006034482758618213 3483
-0.01126315789473971 0.006275862068964 3484
-0.01126315789473992 0.006517241379308879 3485
-0.01126315789474013 0.006758620689654216 3486
-0.01142105263157629 0.0002413793103443653 3487
-0.01142105263157652 0.0004827586206886794 3488
-0.01142105263157676 0.000724137931033132 3489
-0.01142105263157699 0.0009655172413774846 3490
-0.01142105263157722 0.0012068965517216 3491
-0.01142105263157746 0.001448275862065745 3492
-0.0114210526315777 0.00168965517240985 3493
-0.01142105263157793 0.001931034482753996 3494
-0.01142105263157816 0.00217241379309826 3495
-0.01142105263157839 0.002413793103442213 3496
-0.01142105263157863 0.002655172413786505 3497
-0.01142105263157886 0.002896551724130459 3498
-0.01142105263157909 0.00313793103447475 3499
-0.01142105263157933 0.003379310344818703 3500
-0.01142105263157956 0.003620689655163724 3501
-0.0114210526315798 0.003862068965508883 3502
-0.01142105263158003 0.004103448275854637 3503
-0.01142105263158026 0.004344827586200422 3504
-0.0114210526315805 0.00458620689654507 3505
-0.01142105263158073 0.004827586206890638 3506
-0.01142105263158097 0.005068965517236424 3507
-0.0114210526315812 0.005310344827582211 3508
-0.01142105263158143 0.005551724137926975 3509
-0.01142105263158166 0.005793103448272428 3510
-0.0114210526315819 0.006034482758618213 3511
-0.01142105263158213 0.006275862068964 3512
-0.01142105263158237 0.006517241379308879 3513
-0.0114210526315826 0.006758620689654217 3514
-0.0115789473684174 0.0002413793103443654 3515
-0.01157894736841763 0.0004827586206886795 3516
-0.01157894736841787 0.000724137931033132 3517
-0.0115789473684181 0.0009655172413774846 3518
-0.01157894736841834 0.0012068965517216 3519
-0.01157894736841857 0.001448275862065745 3520
-0.0115789473684188 0.00168965517240985 3521
-0.01157894736841903 0.001931034482753997 3522
-0.01157894736841927 0.00217241379309826 3523
-0.0115789473684195 0.002413793103442213 3524
-0.01157894736841973 0.002655172413786505 3525
-0.01157894736841997 0.002896551724130459 3526
-0.0115789473684202 0.00313793103447475 3527
-0.01157894736842044 0.003379310344818703 3528
-0.01157894736842067 0.003620689655163724 3529
-0.0115789473684209 0.003862068965508883 3530
-0.01157894736842114 0.004103448275854637 3531
-0.01157894736842137 0.004344827586200422 3532
-0.0115789473684216 0.00458620689654507 3533
-0.01157894736842184 0.004827586206890638 3534
-0.01157894736842207 0.005068965517236424 3535
-0.0115789473684223 0.005310344827582211 3536
-0.01157894736842254 0.005551724137926975 3537
-0.01157894736842277 0.005793103448272428 3538
-0.01157894736842301 0.006034482758618213 3539
-0.01157894736842324 0.006275862068964 3540
-0.01157894736842347 0.006517241379308879 3541
-0.01157894736842371 0.006758620689654217 3542
-0.01173684210525987 0.0002413793103443653 3543
-0.01173684210526008 0.0004827586206886796 3544
-0.01173684210526029 0.000724137931033132 3545
-0.0117368421052605 0.0009655172413774845 3546
-0.01173684210526071 0.0012068965517216 3547
-0.01173684210526092 0.001448275862065745 3548
-0.01173684210526113 0.00168965517240985 3549
-0.01173684210526133 0.001931034482753997 3550
-0.01173684210526154 0.00217241379309826 3551
-0.01173684210526175 0.002413793103442213 3552
-0.01173684210526196 0.002655172413786505 3553
-0.01173684210526217 0.002896551724130459 3554
-0.01173684210526238 0.00313793103447475 3555
-0.01173684210526259 0.003379310344818704 3556
-0.0117368421052628 0.003620689655163723 3557
-0.01173684210526301 0.003862068965508882 3558
-0.01173684210526322 0.004103448275854637 3559
-0.01173684210526343 0.004344827586200422 3560
-0.01173684210526363 0.00458620689654507 3561
-0.01173684210526384 0.004827586206890638 3562
-0.01173684210526405 0.005068965517236424 3563
-0.01173684210526426 0.005310344827582211 3564
-0.01173684210526447 0.005551724137926975 3565
-0.01173684210526468 0.005793103448272428 3566
-0.01173684210526489 0.006034482758618213 3567
-0.0117368421052651 0.006275862068964 3568
-0.01173684210526531 0.006517241379308879 3569
-0.01173684210526551 0.006758620689654216 3570
-0.01189473684210256 0.0002413793103443654 3571
-0.01189473684210275 0.0004827586206886796 3572
-0.01189473684210294 0.000724137931033132 3573
-0.01189473684210312 0.0009655172413774846 3574
-0.01189473684210331 0.0012068965517216 3575
-0.0118947368421035 0.001448275862065745 3576
-0.01189473684210368 0.00168965517240985 3577
-0.01189473684210387 0.001931034482753996 3578
-0.01189473684210406 0.00217241379309826 3579
-0.01189473684210424 0.002413793103442213 3580
-0.01189473684210443 0.002655172413786505 3581
-0.01189473684210461 0.002896551724130459 3582
-0.0118947368421048 0.00313793103447475 3583
-0.01189473684210499 0.003379310344818704 3584
-0.01189473684210518 0.003620689655163724 3585
-0.01189473684210537 0.003862068965508883 3586
-0.01189473684210555 0.004103448275854637 3587
-0.01189473684210574 0.004344827586200422 3588
-0.01189473684210593 0.00458620689654507 3589
-0.01189473684210612 0.004827586206890637 3590
-0.0118947368421063 0.005068965517236424 3591
-0.01189473684210649 0.005310344827582211 3592
-0.01189473684210667 0.005551724137926975 3593
-0.01189473684210686 0.005793103448272428 3594
-0.01189473684210704 0.006034482758618212 3595
-0.01189473684210723 0.006275862068964 3596
-0.01189473684210742 0.00651724137930888 3597
-0.01189473684210761 0.006758620689654216 3598
-0.01205263157894508 0.0002413793103443653 3599
-0.01205263157894526 0.0004827586206886796 3600
-0.01205263157894545 0.000724137931033132 3601
-0.01205263157894564 0.0009655172413774846 3602
-0.01205263157894582 0.0012068965517216 3603
-0.01205263157894601 0.001448275862065745 3604
-0.0120526315789462 0.00168965517240985 3605
-0.01205263157894639 0.001931034482753997 3606
-0.01205263157894657 0.00217241379309826 3607
-0.01205263157894676 0.002413793103442213 3608
-0.01205263157894695 0.002655172413786505 3609
-0.01205263157894713 0.002896551724130459 3610
-0.01205263157894732 0.00313793103447475 3611
-0.0120526315789475 0.003379310344818703 3612
-0.01205263157894769 0.003620689655163723 3613
-0.01205263157894788 0.003862068965508882 3614
-0.01205263157894807 0.004103448275854637 3615
-0.01205263157894826 0.004344827586200422 3616
-0.01205263157894844 0.00458620689654507 3617
-0.01205263157894863 0.004827586206890637 3618
-0.01205263157894881 0.005068965517236424 3619
-0.012052631578949 0.005310344827582212 3620
-0.01205263157894919 0.005551724137926975 3621
-0.01205263157894938 0.005793103448272428 3622
-0.01205263157894956 0.006034482758618213 3623
-0.01205263157894975 0.006275862068964 3624
-0.01205263157894994 0.00651724137930888 3625
-0.01205263157895012 0.006758620689654216 3626
-0.01221052631578727 0.0002413793103443653 3627
-0.01221052631578741 0.0004827586206886796 3628
-0.01221052631578757 0.000724137931033132 3629
-0.01221052631578771 0.0009655172413774843 3630
-0.01221052631578786 0.0012068965517216 3631
-0.01221052631578801 0.001448275862065745 3632
-0.01221052631578816 0.00168965517240985 3633
-0.0122105263157883 0.001931034482753997 3634
-0.01221052631578845 0.00217241379309826 3635
-0.0122105263157886 0.002413793103442213 3636
-0.01221052631578875 0.002655172413786505 3637
-0.01221052631578889 0.002896551724130459 3638
-0.01221052631578905 0.00313793103447475 3639
-0.01221052631578919 0.003379310344818703 3640
-0.01221052631578934 0.003620689655163725 3641
-0.01221052631578949 0.003862068965508883 3642
-0.01221052631578964 0.004103448275854637 3643
-0.01221052631578979 0.004344827586200422 3644
-0.01221052631578994 0.00458620689654507 3645
-0.01221052631579008 0.004827586206890637 3646
-0.01221052631579023 0.005068965517236424 3647
-0.01221052631579038 0.005310344827582212 3648
-0.01221052631579053 0.005551724137926975 3649
-0.01221052631579068 0.00579310344827243 3650
-0.01221052631579083 0.006034482758618214 3651
-0.01221052631579097 0.006275862068963999 3652
-0.01221052631579112 0.00651724137930888 3653
-0.01221052631579127 0.006758620689654217 3654
-0.0123684210526299 0.0002413793103443653 3655
-0.01236842105262997 0.0004827586206886796 3656
-0.01236842105263004 0.0007241379310331321 3657
-0.01236842105263011 0.0009655172413774846 3658
-0.01236842105263018 0.0012068965517216 3659
-0.01236842105263025 0.001448275862065745 3660
-0.01236842105263032 0.00168965517240985 3661
-0.01236842105263039 0.001931034482753997 3662
-0.01236842105263046 0.00217241379309826 3663
-0.01236842105263053 0.002413793103442213 3664
-0.0123684210526306 0.002655172413786505 3665
-0.01236842105263066 0.002896551724130459 3666
-0.01236842105263073 0.00313793103447475 3667
-0.0123684210526308 0.003379310344818704 3668
-0.01236842105263087 0.003620689655163725 3669
-0.01236842105263094 0.003862068965508882 3670
-0.01236842105263101 0.004103448275854637 3671
-0.01236842105263108 0.004344827586200422 3672
-0.01236842105263115 0.00458620689654507 3673
-0.01236842105263122 0.004827586206890637 3674
-0.01236842105263129 0.005068965517236423 3675
-0.01236842105263136 0.005310344827582211 3676
-0.01236842105263143 0.005551724137926975 3677
-0.0123684210526315 0.005793103448272428 3678
-0.01236842105263157 0.006034482758618213 3679
-0.01236842105263164 0.006275862068964 3680
-0.01236842105263171 0.006517241379308879 3681
-0.01236842105263177 0.006758620689654216 3682
-0.01252631578947259 0.0002413793103443654 3683
-0.01252631578947264 0.0004827586206886796 3684
-0.01252631578947268 0.000724137931033132 3685
-0.01252631578947273 0.0009655172413774846 3686
-0.01252631578947278 0.0012068965517216 3687
-0.01252631578947282 0.001448275862065745 3688
-0.01252631578947287 0.00168965517240985 3689
-0.01252631578947292 0.001931034482753997 3690
-0.01252631578947297 0.00217241379309826 3691
-0.01252631578947301 0.002413793103442213 3692
-0.01252631578947306 0.002655172413786505 3693
-0.0125263157894731 0.002896551724130459 3694
-0.01252631578947315 0.00313793103447475 3695
-0.0125263157894732 0.003379310344818704 3696
-0.01252631578947324 0.003620689655163725 3697
-0.01252631578947329 0.003862068965508883 3698
-0.01252631578947334 0.004103448275854637 3699
-0.01252631578947339 0.004344827586200422 3700
-0.01252631578947343 0.00458620689654507 3701
-0.01252631578947348 0.004827586206890638 3702
-0.01252631578947352 0.005068965517236424 3703
-0.01252631578947357 0.005310344827582212 3704
-0.01252631578947362 0.005551724137926975 3705
-0.01252631578947366 0.005793103448272428 3706
-0.01252631578947371 0.006034482758618213 3707
-0.01252631578947376 0.006275862068964 3708
-0.01252631578947381 0.00651724137930888 3709
-0.01252631578947385 0.006758620689654217 3710
-0.01268421052631531 0.0002413793103443654 3711
-0.01268421052631535 0.0004827586206886796 3712
-0.0126842105263154 0.0007241379310331319 3713
-0.01268421052631544 0.0009655172413774846 3714
-0.01268421052631549 0.0012068965517216 3715
-0.01268421052631554 0.001448275862065745 3716
-0.01268421052631558 0.00168965517240985 3717
-0.01268421052631563 0.001931034482753997 3718
-0.01268421052631568 0.00217241379309826 3719
-0.01268421052631572 0.002413793103442213 3720
-0.01268421052631577 0.002655172413786505 3721
-0.01268421052631581 0.002896551724130458 3722
-0.01268421052631586 0.00313793103447475 3723
-0.01268421052631591 0.003379310344818704 3724
-0.01268421052631596 0.003620689655163725 3725
-0.012684210526316 0.003862068965508883 3726
-0.01268421052631605 0.004103448275854637 3727
-0.01268421052631609 0.004344827586200422 3728
-0.01268421052631614 0.00458620689654507 3729
-0.01268421052631619 0.004827586206890637 3730
-0.01268421052631623 0.005068965517236423 3731
-0.01268421052631628 0.005310344827582212 3732
-0.01268421052631633 0.005551724137926975 3733
-0.01268421052631638 0.005793103448272428 3734
-0.01268421052631643 0.006034482758618213 3735
-0.01268421052631647 0.006275862068963999 3736
-0.01268421052631652 0.00651724137930888 3737
-0.01268421052631657 0.006758620689654216 3738
-0.01284210526315736 0.0002413793103443654 3739
-0.01284210526315743 0.0004827586206886795 3740
-0.0128421052631575 0.0007241379310331319 3741
-0.01284210526315757 0.0009655172413774845 3742
-0.01284210526315764 0.0012068965517216 3743
-0.01284210526315771 0.001448275862065745 3744
-0.01284210526315778 0.00168965517240985 3745
-0.01284210526315785 0.001931034482753997 3746
-0.01284210526315792 0.002172413793098259 3747
-0.01284210526315799 0.002413793103442213 3748
-0.01284210526315806 0.002655172413786505 3749
-0.01284210526315812 0.002896551724130459 3750
-0.0128421052631582 0.00313793103447475 3751
-0.01284210526315827 0.003379310344818704 3752
-0.01284210526315834 0.003620689655163724 3753
-0.01284210526315841 0.003862068965508883 3754
-0.01284210526315848 0.004103448275854636 3755
-0.01284210526315855 0.004344827586200423 3756
-0.01284210526315862 0.004586206896545071 3757
-0.01284210526315869 0.004827586206890638 3758
-0.01284210526315876 0.005068965517236423 3759
-0.01284210526315883 0.005310344827582212 3760
-0.0128421052631589 0.005551724137926975 3761
-0.01284210526315897 0.005793103448272428 3762
-0.01284210526315904 0.006034482758618212 3763
-0.01284210526315911 0.006275862068964 3764
-0.01284210526315918 0.006517241379308881 3765
-0.01284210526315925 0.006758620689654217 3766
-0.01284029038112657 0.00744827586206809 3767
-0.01268058076225118 0.007448275862068088 3768
-0.01252087114337579 0.007448275862068081 3769
-0.01236116152450112 0.007448275862068077 3770
-0.0122014519056281 0.007448275862068071 3771
-0.01204174228675441 0.007448275862068067 3772
-0.01188203266787936 0.007448275862068064 3773
-0.01172232304900458 0.007448275862068061 3774
-0.01156261343013009 0.007448275862068054 3775
-0.01140290381125625 0.007448275862068051 3776
-0.01124319419238107 0.007448275862068044 3777
-0.01108348457350568 0.00744827586206804 3778
-0.01092377495463053 0.007448275862068037 3779
-0.01076406533575567 0.007448275862068031 3780
-0.01060435571688029 0.007448275862068026 3781
-0.01044464609800489 0.007448275862068024 3782
-0.01028493647912951 0.007448275862068019 3783
-0.01012522686025477 0.007448275862068011 3784
-0.01283847549909383 0.007896551724136528 3785
-0.01267695099818576 0.007896551724136523 3786
-0.01251542649727769 0.007896551724136516 3787
-0.01235390199637039 0.007896551724136516 3788
-0.01219237749546477 0.007896551724136509 3789
-0.0120308529945585 0.007896551724136506 3790
-0.01186932849365091 0.007896551724136502 3791
-0.01170780399274343 0.007896551724136499 3792
-0.01154627949183622 0.007896551724136495 3793
-0.01138475499092965 0.007896551724136492 3794
-0.01122323049002179 0.007896551724136485 3795
-0.01106170598911371 0.007896551724136485 3796
-0.01090018148820593 0.007896551724136478 3797
-0.01073865698729845 0.007896551724136475 3798
-0.01057713248639038 0.007896551724136471 3799
-0.01041560798548231 0.007896551724136468 3800
-0.01025408348457424 0.007896551724136464 3801
-0.0100925589836668 0.007896551724136461 3802
-0.01283666061706108 0.008344827586204711 3803
-0.01267332123412033 0.008344827586204705 3804
-0.01250998185117958 0.008344827586204702 3805
-0.01234664246823967 0.0083448275862047 3806
-0.01218330308530144 0.008344827586204695 3807
-0.0120199637023626 0.008344827586204692 3808
-0.01185662431942246 0.00834482758620469 3809
-0.01169328493648228 0.008344827586204686 3810
-0.01152994555354237 0.008344827586204686 3811
-0.01136660617060307 0.008344827586204683 3812
-0.01120326678766251 0.008344827586204678 3813
-0.01103992740472177 0.008344827586204674 3814
-0.01087658802178134 0.008344827586204671 3815
-0.01071324863884123 0.008344827586204669 3816
-0.01054990925590048 0.008344827586204666 3817
-0.01038656987295974 0.00834482758620466 3818
-0.01022323049001899 0.008344827586204659 3819
-0.01005989110707885 0.008344827586204657 3820
-0.01283484573502833 0.008793103448272721 3821
-0.0126696914700549 0.008793103448272716 3822
-0.01250453720508148 0.008793103448272712 3823
-0.01233938294010894 0.008793103448272709 3824
-0.01217422867513812 0.008793103448272707 3825
-0.01200907441016671 0.008793103448272709 3826
-0.01184392014519402 0.008793103448272705 3827
-0.01167876588022115 0.008793103448272702 3828
-0.01151361161524852 0.008793103448272702 3829
-0.01134845735027648 0.008793103448272699 3830
-0.01118330308530325 0.008793103448272695 3831
-0.01101814882032982 0.008793103448272695 3832
-0.01085299455535676 0.008793103448272692 3833
-0.01068784029038402 0.008793103448272686 3834
-0.0105226860254106 0.008793103448272688 3835
-0.01035753176043718 0.008793103448272685 3836
-0.01019237749546375 0.008793103448272681 3837
-0.01002722323049091 0.008793103448272681 3838
-0.01283303085299558 0.009241379310340284 3839
-0.01266606170598948 0.009241379310340284 3840
-0.01249909255898339 0.009241379310340284 3841
-0.01233212341197823 0.00924137931034028 3842
-0.01216515426497481 0.009241379310340282 3843
-0.01199818511797082 0.009241379310340277 3844
-0.0118312159709656 0.009241379310340277 3845
-0.01166424682396003 0.009241379310340275 3846
-0.01149727767695469 0.009241379310340275 3847
-0.01133030852994992 0.009241379310340274 3848
-0.011163339382944 0.00924137931034027 3849
-0.0109963702359379 0.009241379310340272 3850
-0.0108294010889322 0.00924137931034027 3851
-0.01066243194192685 0.009241379310340268 3852
-0.01049546279492074 0.009241379310340267 3853
-0.01032849364791464 0.009241379310340268 3854
-0.01016152450090854 0.009241379310340265 3855
-0.009994555353903006 0.009241379310340263 3856
-0.01283121597096283 0.009689655172407557 3857
-0.01266243194192406 0.009689655172407557 3858
-0.01249364791288529 0.009689655172407561 3859
-0.01232486388384752 0.009689655172407554 3860
-0.0121560798548115 0.009689655172407559 3861
-0.01198729582577494 0.009689655172407559 3862
-0.01181851179673717 0.009689655172407554 3863
-0.01164972776769891 0.009689655172407555 3864
-0.01148094373866087 0.009689655172407554 3865
-0.01131215970962337 0.009689655172407554 3866
-0.01114337568058476 0.009689655172407554 3867
-0.01097459165154599 0.009689655172407554 3868
-0.01080580762250766 0.009689655172407555 3869
-0.01063702359346968 0.009689655172407554 3870
-0.01046823956443091 0.009689655172407554 3871
-0.01029945553539213 0.009689655172407555 3872
-0.01013067150635336 0.009689655172407554 3873
-0.009961887477315117 0.009689655172407554 3874
-0.01282940108893009 0.01013793103447518 3875
-0.01265880217785864 0.01013793103447518 3876
-0.01248820326678719 0.01013793103447518 3877
-0.0123176043557168 0.01013793103447518 3878
-0.01214700544464818 0.01013793103447518 3879
-0.01197640653357905 0.01013793103447519 3880
-0.01180580762250875 0.01013793103447518 3881
-0.01163520871143779 0.01013793103447518 3882
-0.01146460980036703 0.01013793103447519 3883
-0.0112940108892968 0.01013793103447519 3884
-0.01112341197822552 0.01013793103447519 3885
-0.01095281306715406 0.01013793103447519 3886
-0.0107822141560831 0.01013793103447519 3887
-0.0106116152450125 0.01013793103447519 3888
-0.01044101633394104 0.01013793103447519 3889
-0.0102704174228696 0.01013793103447519 3890
-0.01009981851179814 0.01013793103447519 3891
-0.009929219600727204 0.0101379310344752 3892
-0.01282758620689735 0.01058620689654239 3893
-0.01265517241379322 0.01058620689654239 3894
-0.0124827586206891 0.0105862068965424 3895
-0.01231034482758609 0.0105862068965424 3896
-0.01213793103448488 0.0105862068965424 3897
-0.01196551724138318 0.0105862068965424 3898
-0.01179310344828033 0.01058620689654241 3899
-0.01162068965517667 0.0105862068965424 3900
-0.01144827586207322 0.01058620689654241 3901
-0.01127586206897025 0.01058620689654241 3902
-0.01110344827586628 0.01058620689654241 3903
-0.01093103448276216 0.01058620689654241 3904
-0.01075862068965857 0.01058620689654242 3905
-0.01058620689655533 0.01058620689654242 3906
-0.01041379310345121 0.01058620689654242 3907
-0.01024137931034708 0.01058620689654242 3908
-0.01006896551724296 0.01058620689654242 3909
-0.009896551724139323 0.01058620689654242 3910
-0.0128257713248646 0.01103448275861032 3911
-0.0126515426497278 0.01103448275861032 3912
-0.012477313974591 0.01103448275861033 3913
-0.01230308529945537 0.01103448275861033 3914
-0.01212885662432156 0.01103448275861033 3915
-0.01195462794918728 0.01103448275861034 3916
-0.01178039927405189 0.01103448275861033 3917
-0.01160617059891553 0.01103448275861034 3918
-0.01143194192377937 0.01103448275861034 3919
-0.01125771324864367 0.01103448275861034 3920
-0.01108348457350702 0.01103448275861035 3921
-0.01090925589837022 0.01103448275861035 3922
-0.01073502722323399 0.01103448275861036 3923
-0.01056079854809813 0.01103448275861036 3924
-0.01038656987296133 0.01103448275861036 3925
-0.01021234119782453 0.01103448275861036 3926
-0.01003811252268772 0.01103448275861036 3927
-0.009863883847551387 0.01103448275861037 3928
-0.01282395644283186 0.01148275862067791 3929
-0.01264791288566237 0.01148275862067791 3930
-0.01247186932849289 0.01148275862067792 3931
-0.01229582577132465 0.01148275862067792 3932
-0.01211978221415825 0.01148275862067792 3933
-0.01194373865699139 0.01148275862067793 3934
-0.01176769509982346 0.01148275862067794 3935
-0.01159165154265441 0.01148275862067794 3936
-0.01141560798548553 0.01148275862067794 3937
-0.01123956442831711 0.01148275862067795 3938
-0.01106352087114777 0.01148275862067795 3939
-0.01088747731397829 0.01148275862067795 3940
-0.01071143375680943 0.01148275862067796 3941
-0.01053539019964095 0.01148275862067796 3942
-0.01035934664247147 0.01148275862067796 3943
-0.01018330308530199 0.01148275862067796 3944
-0.01000725952813251 0.01148275862067797 3945
-0.009831215970963481 0.01148275862067797 3946
-0.01282214156079911 0.01193103448274584 3947
-0.01264428312159695 0.01193103448274584 3948
-0.0124664246823948 0.01193103448274585 3949
-0.01228856624319393 0.01193103448274585 3950
-0.01211070780399492 0.01193103448274586 3951
-0.0119328493647955 0.01193103448274586 3952
-0.01175499092559503 0.01193103448274587 3953
-0.01157713248639327 0.01193103448274587 3954
-0.01139927404719169 0.01193103448274587 3955
-0.01122141560799053 0.01193103448274588 3956
-0.01104355716878851 0.01193103448274589 3957
-0.01086569872958635 0.01193103448274589 3958
-0.01068784029038485 0.01193103448274589 3959
-0.01050998185118375 0.0119310344827459 3960
-0.01033212341198159 0.01193103448274591 3961
-0.01015426497277944 0.01193103448274591 3962
-0.00997640653357728 0.01193103448274591 3963
-0.009798548094375543 0.01193103448274591 3964
-0.01282032667876636 0.01237931034481344 3965
-0.01264065335753153 0.01237931034481345 3966
-0.0124609800362967 0.01237931034481346 3967
-0.01228130671506322 0.01237931034481347 3968
-0.01210163339383161 0.01237931034481347 3969
-0.01192196007259961 0.01237931034481347 3970
-0.0117422867513666 0.01237931034481348 3971
-0.01156261343013214 0.01237931034481349 3972
-0.01138294010889786 0.01237931034481349 3973
-0.01120326678766397 0.01237931034481349 3974
-0.01102359346642926 0.0123793103448135 3975
-0.01084392014519443 0.01237931034481351 3976
-0.01066424682396029 0.01237931034481352 3977
-0.01048457350272657 0.01237931034481352 3978
-0.01030490018149173 0.01237931034481352 3979
-0.0101252268602569 0.01237931034481353 3980
-0.009945553539022066 0.01237931034481354 3981
-0.009765880217787633 0.01237931034481354 3982
-0.01281851179673361 0.01282758620688135 3983
-0.01263702359346611 0.01282758620688136 3984
-0.0124555353901986 0.01282758620688136 3985
-0.0122740471869325 0.01282758620688137 3986
-0.0120925589836683 0.01282758620688138 3987
-0.01191107078040371 0.01282758620688138 3988
-0.01172958257713817 0.01282758620688139 3989
-0.01154809437387101 0.0128275862068814 3990
-0.01136660617060401 0.0128275862068814 3991
-0.01118511796733739 0.01282758620688141 3992
-0.01100362976407 0.01282758620688141 3993
-0.01082214156080249 0.01282758620688142 3994
-0.01064065335753572 0.01282758620688142 3995
-0.01045916515426936 0.01282758620688143 3996
-0.01027767695100186 0.01282758620688143 3997
-0.01009618874773435 0.01282758620688144 3998
-0.009914700544466838 0.01282758620688144 3999
-0.009733212341199705 0.01282758620688145 4000
-0.01281669691470087 0.01327586206894908 4001
-0.01263339382940068 0.01327586206894908 4002
-0.0124500907441005 0.01327586206894909 4003
-0.01226678765880178 0.01327586206894908 4004
-0.01208348457350498 0.01327586206894909 4005
-0.01190018148820783 0.01327586206894909 4006
-0.01171687840290973 0.0132758620689491 4007
-0.01153357531760989 0.0132758620689491 4008
-0.01135027223231018 0.0132758620689491 4009
-0.01116696914701082 0.01327586206894911 4010
-0.01098366606171075 0.01327586206894911 4011
-0.01080036297641056 0.01327586206894911 4012
-0.01061705989111116 0.01327586206894912 4013
-0.01043375680581218 0.01327586206894912 4014
-0.01025045372051199 0.01327586206894913 4015
-0.01006715063521181 0.01327586206894913 4016
-0.009883847549911624 0.01327586206894913 4017
-0.009700544464611788 0.01327586206894914 4018
-0.01281488203266811 0.0137241379310193 4019
-0.01262976406533524 0.01372413793101931 4020
-0.01244464609800237 0.01372413793101931 4021
-0.01225952813067102 0.01372413793101931 4022
-0.01207441016334161 0.01372413793101931 4023
-0.01188929219601188 0.01372413793101931 4024
-0.01170417422868123 0.01372413793101931 4025
-0.01151905626134867 0.01372413793101932 4026
-0.01133393829401625 0.01372413793101932 4027
-0.01114882032668415 0.01372413793101932 4028
-0.01096370235935138 0.01372413793101932 4029
-0.01077858439201851 0.01372413793101932 4030
-0.01059346642468646 0.01372413793101932 4031
-0.01040834845735485 0.01372413793101933 4032
-0.01022323049002197 0.01372413793101933 4033
-0.01003811252268911 0.01372413793101933 4034
-0.009852994555356234 0.01372413793101934 4035
-0.009667876588023693 0.01372413793101934 4036
-0.01281306715063536 0.01417241379308885 4037
-0.0126261343012698 0.01417241379308885 4038
-0.01243920145190425 0.01417241379308885 4039
-0.01225226860254027 0.01417241379308885 4040
-0.01206533575317826 0.01417241379308884 4041
-0.01187840290381594 0.01417241379308885 4042
-0.01169147005445275 0.01417241379308885 4043
-0.01150453720508748 0.01417241379308885 4044
-0.01131760435572234 0.01417241379308885 4045
-0.01113067150635751 0.01417241379308885 4046
-0.01094373865699205 0.01417241379308885 4047
-0.01075680580762649 0.01417241379308885 4048
-0.01056987295826181 0.01417241379308884 4049
-0.01038294010889756 0.01417241379308884 4050
-0.010196007259532 0.01417241379308885 4051
-0.01000907441016645 0.01417241379308884 4052
-0.009822141560800897 0.01417241379308885 4053
-0.009635208711435642 0.01417241379308885 4054
-0.0128112522686026 0.01462068965515949 4055
-0.01262250453720435 0.0146206896551595 4056
-0.01243375680580611 0.01462068965515949 4057
-0.01224500907440951 0.01462068965515949 4058
-0.01205626134301488 0.0146206896551595 4059
-0.01186751361161998 0.01462068965515949 4060
-0.01167876588022423 0.01462068965515949 4061
-0.01149001814882626 0.0146206896551595 4062
-0.0113012704174284 0.01462068965515949 4063
-0.01111252268603082 0.0146206896551595 4064
-0.01092377495463267 0.0146206896551595 4065
-0.01073502722323442 0.01462068965515949 4066
-0.01054627949183709 0.01462068965515949 4067
-0.0103575317604402 0.01462068965515949 4068
-0.01016878402904196 0.01462068965515949 4069
-0.00998003629764372 0.01462068965515949 4070
-0.009791288566245475 0.01462068965515949 4071
-0.009602540834847514 0.0146206896551595 4072
-0.01280943738656984 0.01506896551723027 4073
-0.0126188747731389 0.01506896551723026 4074
-0.01242831215970798 0.01506896551723027 4075
-0.01223774954627874 0.01506896551723027 4076
-0.01204718693285151 0.01506896551723027 4077
-0.01185662431942402 0.01506896551723027 4078
-0.01166606170599572 0.01506896551723027 4079
-0.01147549909256503 0.01506896551723027 4080
-0.01128493647913445 0.01506896551723027 4081
-0.01109437386570413 0.01506896551723027 4082
-0.01090381125227328 0.01506896551723026 4083
-0.01071324863884235 0.01506896551723027 4084
-0.01052268602541236 0.01506896551723026 4085
-0.01033212341198284 0.01506896551723027 4086
-0.01014156079855191 0.01506896551723027 4087
-0.00995099818512098 0.01506896551723027 4088
-0.009760435571690047 0.01506896551723027 4089
-0.009569872958259373 0.01506896551723026 4090
-0.01280762250453708 0.01551724137930008 4091
-0.01261524500907347 0.01551724137930008 4092
-0.01242286751360985 0.01551724137930008 4093
-0.01223049001814799 0.01551724137930008 4094
-0.01203811252268815 0.01551724137930008 4095
-0.01184573502722808 0.01551724137930008 4096
-0.01165335753176723 0.01551724137930008 4097
-0.01146098003630384 0.01551724137930008 4098
-0.01126860254084053 0.01551724137930008 4099
-0.01107622504537747 0.01551724137930008 4100
-0.01088384754991393 0.01551724137930008 4101
-0.01069147005445031 0.01551724137930008 4102
-0.01049909255898769 0.01551724137930008 4103
-0.01030671506352553 0.01551724137930008 4104
-0.01011433756806192 0.01551724137930008 4105
-0.009921960072598303 0.01551724137930008 4106
-0.009729582577134688 0.01551724137930008 4107
-0.009537205081671302 0.01551724137930008 4108
-0.01280580762250434 0.01596551724136824 4109
-0.01261161524500804 0.01596551724136824 4110
-0.01241742286751175 0.01596551724136824 4111
-0.01222323049001727 0.01596551724136825 4112
-0.01202903811252483 0.01596551724136825 4113
-0.01183484573503218 0.01596551724136825 4114
-0.01164065335753879 0.01596551724136825 4115
-0.01144646098004269 0.01596551724136825 4116
-0.01125226860254668 0.01596551724136825 4117
-0.01105807622505089 0.01596551724136825 4118
-0.01086388384755466 0.01596551724136826 4119
-0.01066969147005836 0.01596551724136826 4120
-0.0104754990925631 0.01596551724136825 4121
-0.01028130671506832 0.01596551724136826 4122
-0.01008711433757203 0.01596551724136826 4123
-0.009892921960075733 0.01596551724136826 4124
-0.009698729582579436 0.01596551724136826 4125
-0.009504537205083352 0.01596551724136826 4126
-0.01280399274047157 0.01641379310343968 4127
-0.01260798548094259 0.01641379310343967 4128
-0.0124119782214136 0.01641379310343968 4129
-0.01221597096188649 0.01641379310343968 4130
-0.01201996370236144 0.01641379310343968 4131
-0.0118239564428362 0.01641379310343968 4132
-0.01162794918331025 0.01641379310343968 4133
-0.01143194192378144 0.01641379310343969 4134
-0.01123593466425271 0.01641379310343969 4135
-0.01103992740472417 0.01641379310343968 4136
-0.01084392014519524 0.01641379310343969 4137
-0.01064791288566625 0.01641379310343968 4138
-0.01045190562613834 0.01641379310343969 4139
-0.01025589836661092 0.01641379310343969 4140
-0.01005989110708193 0.01641379310343969 4141
-0.009863883847552947 0.01641379310343969 4142
-0.009667876588023965 0.0164137931034397 4143
-0.009471869328495162 0.01641379310343969 4144
-0.01280217785843882 0.01686206896550856 4145
-0.01260435571687716 0.01686206896550857 4146
-0.01240653357531549 0.01686206896550857 4147
-0.01220871143375575 0.01686206896550857 4148
-0.0120108892921981 0.01686206896550857 4149
-0.01181306715064028 0.01686206896550856 4150
-0.01161524500908179 0.01686206896550857 4151
-0.01141742286752027 0.01686206896550858 4152
-0.01121960072595883 0.01686206896550858 4153
-0.01102177858439755 0.01686206896550857 4154
-0.01082395644283593 0.01686206896550857 4155
-0.01062613430127427 0.01686206896550858 4156
-0.01042831215971371 0.01686206896550858 4157
-0.01023049001815367 0.01686206896550858 4158
-0.010032667876592 0.01686206896550858 4159
-0.00983484573503033 0.01686206896550858 4160
-0.009637023593468665 0.01686206896550858 4161
-0.009439201451907162 0.01686206896550859 4162
-0.01280036297640606 0.01731034482757977 4163
-0.01260072595281171 0.01731034482757977 4164
-0.01240108892921734 0.01731034482757977 4165
-0.01220145190562498 0.01731034482757977 4166
-0.01200181488203471 0.01731034482757977 4167
-0.01180217785844431 0.01731034482757977 4168
-0.01160254083485326 0.01731034482757977 4169
-0.01140290381125903 0.01731034482757978 4170
-0.01120326678766487 0.01731034482757978 4171
-0.01100362976407084 0.01731034482757978 4172
-0.01080399274047653 0.01731034482757978 4173
-0.01060435571688217 0.01731034482757977 4174
-0.01040471869328897 0.01731034482757978 4175
-0.01020508166969628 0.01731034482757978 4176
-0.01000544464610192 0.01731034482757977 4177
-0.009805807622507566 0.01731034482757978 4178
-0.009606170598913208 0.01731034482757978 4179
-0.009406533575318987 0.01731034482757978 4180
-0.01279854809437331 0.01775862068964893 4181
-0.01259709618874627 0.01775862068964893 4182
-0.01239564428311923 0.01775862068964893 4183
-0.01219419237749424 0.01775862068964893 4184
-0.01199274047187137 0.01775862068964893 4185
-0.01179128856624838 0.01775862068964893 4186
-0.01158983666062479 0.01775862068964894 4187
-0.01138838475499786 0.01775862068964893 4188
-0.01118693284937098 0.01775862068964894 4189
-0.01098548094374421 0.01775862068964894 4190
-0.01078402903811721 0.01775862068964895 4191
-0.01058257713249016 0.01775862068964895 4192
-0.01038112522686432 0.01775862068964894 4193
-0.01017967332123901 0.01775862068964895 4194
-0.009978221415611967 0.01775862068964895 4195
-0.009776769509984929 0.01775862068964895 4196
-0.00957531760435789 0.01775862068964896 4197
-0.009373865698730968 0.01775862068964896 4198
-0.01279673321234055 0.01820689655171984 4199
-0.01259346642468082 0.01820689655171984 4200
-0.01239019963702109 0.01820689655171984 4201
-0.01218693284936347 0.01820689655171985 4202
-0.01198366606170799 0.01820689655171985 4203
-0.01178039927405241 0.01820689655171985 4204
-0.01157713248639627 0.01820689655171985 4205
-0.01137386569873662 0.01820689655171985 4206
-0.01117059891107702 0.01820689655171985 4207
-0.01096733212341751 0.01820689655171985 4208
-0.01076406533575781 0.01820689655171986 4209
-0.01056079854809808 0.01820689655171986 4210
-0.01035753176043959 0.01820689655171986 4211
-0.01015426497278164 0.01820689655171986 4212
-0.009950998185121913 0.01820689655171986 4213
-0.009747731397462184 0.01820689655171986 4214
-0.009544464609802452 0.01820689655171987 4215
-0.009341197822142816 0.01820689655171987 4216
-0.0127949183303078 0.01865517241378935 4217
-0.01258983666061538 0.01865517241378936 4218
-0.01238475499092297 0.01865517241378936 4219
-0.01217967332123272 0.01865517241378936 4220
-0.01197459165154464 0.01865517241378936 4221
-0.01176950998185649 0.01865517241378936 4222
-0.01156442831216778 0.01865517241378937 4223
-0.01135934664247543 0.01865517241378937 4224
-0.01115426497278312 0.01865517241378938 4225
-0.01094918330309087 0.01865517241378938 4226
-0.01074410163339848 0.01865517241378938 4227
-0.01053901996370607 0.01865517241378938 4228
-0.01033393829401494 0.01865517241378939 4229
-0.01012885662432435 0.01865517241378939 4230
-0.009923774954631936 0.01865517241378939 4231
-0.009718693284939524 0.01865517241378939 4232
-0.009513611615247108 0.01865517241378939 4233
-0.009308529945554766 0.01865517241378939 4234
-0.01279310344827504 0.01910344827585993 4235
-0.01258620689654993 0.01910344827585993 4236
-0.01237931034482484 0.01910344827585993 4237
-0.01217241379310196 0.01910344827585993 4238
-0.01196551724138126 0.01910344827585994 4239
-0.01175862068966052 0.01910344827585993 4240
-0.01155172413793927 0.01910344827585993 4241
-0.01134482758621421 0.01910344827585993 4242
-0.01113793103448918 0.01910344827585994 4243
-0.01093103448276419 0.01910344827585994 4244
-0.0107241379310391 0.01910344827585994 4245
-0.010517241379314 0.01910344827585995 4246
-0.01031034482759022 0.01910344827585994 4247
-0.010103448275867 0.01910344827585995 4248
-0.009896551724141897 0.01910344827585995 4249
-0.009689655172416795 0.01910344827585995 4250
-0.009482758620691695 0.01910344827585995 4251
-0.009275862068966639 0.01910344827585995 4252
-0.01279128856624228 0.01955172413792979 4253
-0.01258257713248449 0.01955172413792979 4254
-0.01237386569872671 0.0195517241379298 4255
-0.0121651542649712 0.0195517241379298 4256
-0.0119564428312179 0.0195517241379298 4257
-0.01174773139746458 0.0195517241379298 4258
-0.01153901996371078 0.0195517241379298 4259
-0.01133030852995301 0.01955172413792981 4260
-0.01112159709619526 0.0195517241379298 4261
-0.01091288566243753 0.01955172413792981 4262
-0.01070417422867975 0.01955172413792982 4263
-0.01049546279492196 0.01955172413792982 4264
-0.01028675136116555 0.01955172413792982 4265
-0.01007803992740969 0.01955172413792982 4266
-0.009869328493651901 0.01955172413792983 4267
-0.009660617059894117 0.01955172413792983 4268
-0.009451905626136327 0.01955172413792983 4269
-0.009243194192378566 0.01955172413792983 4270
-0.00987185461323419 0.007448275862068005 4271
-0.009838303821062752 0.007896551724136442 4272
-0.009804753028891333 0.008344827586204646 4273
-0.009771202236719923 0.008793103448272664 4274
-0.009737651444548549 0.009241379310340241 4275
-0.009704100652377199 0.009689655172407547 4276
-0.009670549860205817 0.01013793103447518 4277
-0.009636999068034471 0.01058620689654242 4278
-0.009603448275863066 0.01103448275861035 4279
-0.009569897483691692 0.01148275862067796 4280
-0.009536346691520288 0.01193103448274589 4281
-0.009502795899348911 0.01237931034481352 4282
-0.009469245107177511 0.01282758620688143 4283
-0.009435694315006127 0.01327586206894911 4284
-0.009402143522834559 0.01372413793101932 4285
-0.009368592730663039 0.01417241379308882 4286
-0.009335041938491436 0.01462068965515946 4287
-0.009301491146319823 0.01506896551723023 4288
-0.009267940354148282 0.01551724137930006 4289
-0.00923438956197686 0.01596551724136826 4290
-0.009200838769805202 0.01641379310343968 4291
-0.009167287977633727 0.01686206896550858 4292
-0.009133737185462084 0.01731034482757976 4293
-0.009100186393290591 0.01775862068964894 4294
-0.009066635601118964 0.01820689655171985 4295
-0.009033084808947446 0.01865517241378939 4296
-0.008999534016775846 0.01910344827585994 4297
-0.008965983224604297 0.01955172413792982 4298
-0.009778191985088997 0.007448275862068002 4299
-0.009745573159366768 0.007896551724136436 4300
-0.009712954333644559 0.008344827586204639 4301
-0.00968033550792236 0.008793103448272653 4302
-0.009647716682200193 0.009241379310340225 4303
-0.009615097856478053 0.009689655172407543 4304
-0.009582479030755877 0.01013793103447517 4305
-0.009549860205033742 0.01058620689654242 4306
-0.009517241379311547 0.01103448275861033 4307
-0.009484622553589381 0.01148275862067795 4308
-0.009452003727867184 0.01193103448274587 4309
-0.009419384902145014 0.01237931034481349 4310
-0.009386766076422824 0.01282758620688141 4311
-0.009354147250700653 0.01327586206894909 4312
-0.009321528424978296 0.01372413793101929 4313
-0.009288909599255992 0.01417241379308879 4314
-0.0092562907735336 0.01462068965515944 4315
-0.009223671947811204 0.01506896551723021 4316
-0.009191053122088875 0.01551724137930004 4317
-0.009158434296366671 0.01596551724136826 4318
-0.009125815470644224 0.01641379310343967 4319
-0.009093196644921963 0.01686206896550858 4320
-0.009060577819199533 0.01731034482757976 4321
-0.009027958993477248 0.01775862068964893 4322
-0.008995340167754842 0.01820689655171985 4323
-0.008962721342032534 0.01865517241378941 4324
-0.008930102516310153 0.01910344827585993 4325
-0.008897483690587821 0.01955172413792983 4326
-0.009684529356943805 0.007448275862067999 4327
-0.009652842497670785 0.007896551724136428 4328
-0.009621155638397785 0.008344827586204631 4329
-0.0095894687791248 0.008793103448272643 4330
-0.009557781919851844 0.009241379310340206 4331
-0.009526095060578905 0.00968965517240754 4332
-0.00949440820130594 0.01013793103447516 4333
-0.00946272134203301 0.01058620689654241 4334
-0.009431034482760024 0.01103448275861032 4335
-0.009399347623487066 0.01148275862067794 4336
-0.009367660764214081 0.01193103448274584 4337
-0.009335973904941121 0.01237931034481348 4338
-0.009304287045668141 0.01282758620688138 4339
-0.009272600186395176 0.01327586206894906 4340
-0.009240913327122038 0.01372413793101926 4341
-0.009209226467848945 0.01417241379308876 4342
-0.009177539608575768 0.01462068965515941 4343
-0.009145852749302585 0.01506896551723018 4344
-0.009114165890029474 0.01551724137930002 4345
-0.009082479030756478 0.01596551724136826 4346
-0.009050792171483246 0.01641379310343967 4347
-0.009019105312210196 0.01686206896550857 4348
-0.008987418452936984 0.01731034482757974 4349
-0.008955731593663911 0.01775862068964893 4350
-0.008924044734390723 0.01820689655171983 4351
-0.008892357875117629 0.01865517241378941 4352
-0.008860671015844456 0.01910344827585993 4353
-0.008828984156571341 0.01955172413792983 4354
-0.009590866728798601 0.007448275862067997 4355
-0.009560111835974784 0.007896551724136421 4356
-0.00952935694315098 0.008344827586204629 4357
-0.009498602050327192 0.008793103448272636 4358
-0.009467847157503432 0.009241379310340192 4359
-0.009437092264679698 0.00968965517240754 4360
-0.009406337371855932 0.01013793103447515 4361
-0.009375582479032196 0.01058620689654241 4362
-0.00934482758620841 0.01103448275861031 4363
-0.00931407269338465 0.01148275862067792 4364
-0.009283317800560862 0.01193103448274582 4365
-0.009252562907737101 0.01237931034481345 4366
-0.009221808014913319 0.01282758620688136 4367
-0.009191053122089553 0.01327586206894904 4368
-0.009160298229265611 0.01372413793101923 4369
-0.009129543336441724 0.01417241379308874 4370
-0.00909878844361775 0.01462068965515938 4371
-0.009068033550793775 0.01506896551723015 4372
-0.009037278657969864 0.01551724137930001 4373
-0.009006523765146065 0.01596551724136826 4374
-0.008975768872322045 0.01641379310343966 4375
-0.008945013979498199 0.01686206896550857 4376
-0.008914259086674189 0.01731034482757973 4377
-0.00888350419385032 0.01775862068964892 4378
-0.008852749301026331 0.01820689655171983 4379
-0.008821994408202442 0.01865517241378942 4380
-0.008791239515378477 0.01910344827585992 4381
-0.008760484622554561 0.01955172413792983 4382
-0.009497204100653392 0.007448275862067994 4383
-0.009467381174278757 0.007896551724136412 4384
-0.009437558247904149 0.00834482758620462 4385
-0.009407735321529552 0.008793103448272624 4386
-0.009377912395154973 0.009241379310340173 4387
-0.009348089468780425 0.009689655172407538 4388
-0.009318266542405852 0.01013793103447514 4389
-0.009288443616031306 0.01058620689654241 4390
-0.009258620689656707 0.0110344827586103 4391
-0.009228797763282132 0.01148275862067791 4392
-0.009198974836907535 0.0119310344827458 4393
-0.009169151910532964 0.01237931034481343 4394
-0.00913932898415837 0.01282758620688133 4395
-0.009109506057783795 0.01327586206894901 4396
-0.009079683131409048 0.01372413793101921 4397
-0.00904986020503435 0.01417241379308871 4398
-0.009020037278659573 0.01462068965515935 4399
-0.008990214352284793 0.01506896551723012 4400
-0.008960391425910076 0.01551724137929999 4401
-0.008930568499535475 0.01596551724136826 4402
-0.008900745573160642 0.01641379310343964 4403
-0.008870922646785986 0.01686206896550857 4404
-0.008841099720411173 0.01731034482757973 4405
-0.008811276794036496 0.01775862068964892 4406
-0.008781453867661704 0.01820689655171981 4407
-0.00875163094128701 0.01865517241378942 4408
-0.008721808014912234 0.0191034482758599 4409
-0.008691985088537517 0.01955172413792983 4410
-0.009403541472508055 0.007448275862067991 4411
-0.009374650512582619 0.007896551724136405 4412
-0.009345759552657202 0.008344827586204619 4413
-0.009316868592731791 0.008793103448272615 4414
-0.009287977632806411 0.009241379310340156 4415
-0.009259086672881061 0.009689655172407533 4416
-0.009230195712955679 0.01013793103447513 4417
-0.009201304753030324 0.0105862068965424 4418
-0.009172413793104918 0.01103448275861028 4419
-0.009143522833179537 0.01148275862067789 4420
-0.00911463187325413 0.01193103448274577 4421
-0.009085740913328751 0.0123793103448134 4422
-0.009056849953403353 0.01282758620688131 4423
-0.009027958993477969 0.01327586206894899 4424
-0.00899906803355242 0.01372413793101918 4425
-0.008970177073626916 0.01417241379308869 4426
-0.008941286113701347 0.01462068965515933 4427
-0.008912395153775761 0.01506896551723009 4428
-0.008883504193850242 0.01551724137929998 4429
-0.008854613233924837 0.01596551724136826 4430
-0.008825722273999206 0.01641379310343963 4431
-0.008796831314073748 0.01686206896550857 4432
-0.008767940354148135 0.01731034482757971 4433
-0.008739049394222653 0.01775862068964891 4434
-0.008710158434297061 0.01820689655171981 4435
-0.008681267474371564 0.01865517241378943 4436
-0.008652376514445989 0.0191034482758599 4437
-0.008623485554520468 0.01955172413792984 4438
-0.009309878844362287 0.007448275862067988 4439
-0.009281919850886073 0.007896551724136393 4440
-0.009253960857409885 0.00834482758620461 4441
-0.009226001863933698 0.008793103448272608 4442
-0.009198042870457536 0.009241379310340135 4443
-0.00917008387698141 0.009689655172407533 4444
-0.009142124883505243 0.01013793103447512 4445
-0.00911416589002911 0.0105862068965424 4446
-0.009086206896552929 0.01103448275861026 4447
-0.009058247903076768 0.01148275862067788 4448
-0.009030288909600585 0.01193103448274575 4449
-0.00900232991612443 0.01237931034481338 4450
-0.00897437092264825 0.01282758620688128 4451
-0.008946411929172088 0.01327586206894897 4452
-0.008918452935695768 0.01372413793101915 4453
-0.008890493942219493 0.01417241379308866 4454
-0.008862534948743147 0.0146206896551593 4455
-0.00883457595526679 0.01506896551723007 4456
-0.008806616961790505 0.01551724137929996 4457
-0.008778657968314316 0.01596551724136826 4458
-0.008750698974837913 0.01641379310343963 4459
-0.008722739981361681 0.01686206896550857 4460
-0.008694780987885299 0.01731034482757971 4461
-0.008666821994409041 0.01775862068964891 4462
-0.008638863000932679 0.0182068965517198 4463
-0.008610904007456411 0.01865517241378944 4464
-0.008582945013980058 0.01910344827585989 4465
-0.008554986020503766 0.01955172413792984 4466
-0.009216216216216804 0.007448275862067986 4467
-0.00918918918918981 0.007896551724136388 4468
-0.00916216216216284 0.008344827586204607 4469
-0.009135135135135872 0.008793103448272594 4470
-0.009108108108108933 0.009241379310340123 4471
-0.009081081081082021 0.009689655172407526 4472
-0.009054054054055074 0.01013793103447511 4473
-0.009027027027028166 0.01058620689654239 4474
-0.0090000000000012 0.01103448275861025 4475
-0.008972972972974259 0.01148275862067787 4476
-0.008945945945947296 0.01193103448274573 4477
-0.008918918918920356 0.01237931034481335 4478
-0.008891891891893398 0.01282758620688126 4479
-0.008864864864866458 0.01327586206894894 4480
-0.008837837837839362 0.01372413793101913 4481
-0.008810810810812308 0.01417241379308863 4482
-0.008783783783785188 0.01462068965515927 4483
-0.008756756756758056 0.01506896551723004 4484
-0.008729729729730991 0.01551724137929995 4485
-0.00870270270270403 0.01596551724136826 4486
-0.008675675675676855 0.01641379310343961 4487
-0.008648648648649846 0.01686206896550856 4488
-0.008621621621622683 0.0173103448275797 4489
-0.008594594594595651 0.0177586206896489 4490
-0.008567567567568515 0.01820689655171978 4491
-0.008540540540541474 0.01865517241378944 4492
-0.008513513513514344 0.01910344827585988 4493
-0.008486486486487275 0.01955172413792984 4494
-0.009122553588071611 0.007448275862067982 4495
-0.009096458527493826 0.007896551724136381 4496
-0.009070363466916066 0.008344827586204601 4497
-0.009044268406338311 0.008793103448272587 4498
-0.009018173345760577 0.009241379310340102 4499
-0.008992078285182874 0.009689655172407524 4500
-0.00896598322460514 0.0101379310344751 4501
-0.008939888164027437 0.01058620689654239 4502
-0.008913793103449677 0.01103448275861024 4503
-0.008887698042871952 0.01148275862067785 4504
-0.008861602982294194 0.0119310344827457 4505
-0.008835507921716463 0.01237931034481333 4506
-0.008809412861138717 0.01282758620688124 4507
-0.008783317800560981 0.01327586206894891 4508
-0.008757222739983101 0.01372413793101911 4509
-0.008731127679405261 0.01417241379308861 4510
-0.008705032618827355 0.01462068965515925 4511
-0.008678937558249437 0.01506896551723001 4512
-0.008652842497671589 0.01551724137929994 4513
-0.008626747437093836 0.01596551724136826 4514
-0.008600652376515874 0.01641379310343961 4515
-0.00857455731593808 0.01686206896550856 4516
-0.008548462255360132 0.01731034482757969 4517
-0.008522367194782315 0.01775862068964889 4518
-0.00849627213420439 0.01820689655171977 4519
-0.008470177073626562 0.01865517241378945 4520
-0.008444082013048648 0.01910344827585986 4521
-0.008417986952470796 0.01955172413792984 4522
-0.009028890959926414 0.007448275862067981 4523
-0.009003727865797843 0.007896551724136372 4524
-0.008978564771669291 0.008344827586204594 4525
-0.008953401677540749 0.008793103448272577 4526
-0.008928238583412221 0.009241379310340088 4527
-0.008903075489283731 0.009689655172407519 4528
-0.008877912395155197 0.01013793103447509 4529
-0.008852749301026707 0.01058620689654239 4530
-0.008827586206898158 0.01103448275861022 4531
-0.008802423112769639 0.01148275862067785 4532
-0.008777260018641091 0.01193103448274568 4533
-0.008752096924512566 0.01237931034481331 4534
-0.00872693383038403 0.01282758620688122 4535
-0.008701770736255509 0.01327586206894889 4536
-0.008676607642126839 0.01372413793101908 4537
-0.00865144454799821 0.01417241379308858 4538
-0.008626281453869518 0.01462068965515922 4539
-0.00860111835974082 0.01506896551722999 4540
-0.008575955265612183 0.01551724137929992 4541
-0.008550792171483641 0.01596551724136826 4542
-0.008525629077354905 0.0164137931034396 4543
-0.008500465983226313 0.01686206896550855 4544
-0.008475302889097586 0.01731034482757968 4545
-0.008450139794968975 0.01775862068964888 4546
-0.008424976700840272 0.01820689655171976 4547
-0.008399813606711656 0.01865517241378946 4548
-0.008374650512582954 0.01910344827585986 4549
-0.008349487418454314 0.01955172413792984 4550
-0.008935228331781222 0.007448275862067976 4551
-0.008910997204101861 0.007896551724136364 4552
-0.008886766076422518 0.008344827586204589 4553
-0.008862534948743186 0.008793103448272567 4554
-0.008838303821063865 0.009241379310340067 4555
-0.008814072693384583 0.009689655172407519 4556
-0.008789841565705264 0.01013793103447508 4557
-0.008765610438025977 0.01058620689654238 4558
-0.008741379310346638 0.01103448275861021 4559
-0.00871714818266733 0.01148275862067783 4560
-0.008692917054987991 0.01193103448274566 4561
-0.008668685927308675 0.01237931034481328 4562
-0.008644454799629346 0.01282758620688119 4563
-0.008620223671950028 0.01327586206894887 4564
-0.008595992544270578 0.01372413793101905 4565
-0.008571761416591162 0.01417241379308856 4566
-0.008547530288911684 0.0146206896551592 4567
-0.008523299161232203 0.01506896551722996 4568
-0.008499068033552781 0.0155172413792999 4569
-0.008474836905873452 0.01596551724136826 4570
-0.008450605778193926 0.01641379310343958 4571
-0.008426374650514549 0.01686206896550855 4572
-0.008402143522835038 0.01731034482757967 4573
-0.00837791239515564 0.01775862068964888 4574
-0.008353681267476151 0.01820689655171976 4575
-0.008329450139796746 0.01865517241378946 4576
-0.008305219012117261 0.01910344827585985 4577
-0.008280987884437836 0.01955172413792985 4578
-0.008841565703636034 0.007448275862067975 4579
-0.008818266542405879 0.007896551724136355 4580
-0.008794967381175745 0.008344827586204584 4581
-0.008771668219945624 0.00879310344827256 4582
-0.008748369058715516 0.009241379310340053 4583
-0.00872506989748544 0.009689655172407517 4584
-0.008701770736255327 0.01013793103447507 4585
-0.008678471575025246 0.01058620689654238 4586
-0.008655172413795117 0.0110344827586102 4587
-0.008631873252565017 0.01148275862067782 4588
-0.008608574091334887 0.01193103448274564 4589
-0.008585274930104784 0.01237931034481326 4590
-0.008561975768874661 0.01282758620688116 4591
-0.008538676607644555 0.01327586206894884 4592
-0.00851537744641432 0.01372413793101903 4593
-0.008492078285184114 0.01417241379308853 4594
-0.008468779123953855 0.01462068965515917 4595
-0.008445479962723584 0.01506896551722993 4596
-0.008422180801493376 0.01551724137929989 4597
-0.008398881640263259 0.01596551724136826 4598
-0.00837558247903295 0.01641379310343958 4599
-0.008352283317802786 0.01686206896550855 4600
-0.008328984156572489 0.01731034482757966 4601
-0.008305684995342306 0.01775862068964887 4602
-0.008282385834112031 0.01820689655171974 4603
-0.008259086672881841 0.01865517241378946 4604
-0.008235787511651568 0.01910344827585984 4605
-0.008212488350421357 0.01955172413792984 4606
-0.008747903075490841 0.007448275862067973 4607
-0.008725535880709895 0.007896551724136345 4608
-0.008703168685928974 0.008344827586204577 4609
-0.008680801491148058 0.008793103448272546 4610
-0.008658434296367158 0.009241379310340036 4611
-0.008636067101586294 0.009689655172407512 4612
-0.008613699906805388 0.01013793103447506 4613
-0.008591332712024519 0.01058620689654238 4614
-0.008568965517243598 0.01103448275861018 4615
-0.008546598322462705 0.01148275862067781 4616
-0.008524231127681784 0.01193103448274561 4617
-0.008501863932900887 0.01237931034481324 4618
-0.008479496738119976 0.01282758620688114 4619
-0.008457129543339083 0.01327586206894881 4620
-0.008434762348558056 0.013724137931019 4621
-0.008412395153777065 0.0141724137930885 4622
-0.008390027958996016 0.01462068965515914 4623
-0.008367660764214966 0.0150689655172299 4624
-0.008345293569433972 0.01551724137929987 4625
-0.008322926374653065 0.01596551724136826 4626
-0.008300559179871974 0.01641379310343957 4627
-0.00827819198509102 0.01686206896550855 4628
-0.008255824790309939 0.01731034482757965 4629
-0.008233457595528969 0.01775862068964887 4630
-0.008211090400747908 0.01820689655171974 4631
-0.008188723205966933 0.01865517241378948 4632
-0.008166356011185875 0.01910344827585983 4633
-0.008143988816404876 0.01955172413792984 4634
-0.008654240447345647 0.007448275862067971 4635
-0.008632805219013917 0.007896551724136338 4636
-0.008611369990682207 0.008344827586204572 4637
-0.008589934762350499 0.008793103448272539 4638
-0.008568499534018807 0.009241379310340019 4639
-0.008547064305687149 0.009689655172407512 4640
-0.008525629077355452 0.01013793103447505 4641
-0.008504193849023792 0.01058620689654237 4642
-0.008482758620692079 0.01103448275861017 4643
-0.008461323392360396 0.01148275862067779 4644
-0.008439888164028681 0.01193103448274558 4645
-0.008418452935696992 0.01237931034481321 4646
-0.008397017707365294 0.01282758620688111 4647
-0.008375582479033602 0.01327586206894879 4648
-0.008354147250701794 0.01372413793101897 4649
-0.008332712022370018 0.01417241379308848 4650
-0.008311276794038189 0.01462068965515911 4651
-0.008289841565706349 0.01506896551722987 4652
-0.008268406337374572 0.01551724137929986 4653
-0.008246971109042874 0.01596551724136826 4654
-0.008225535880710996 0.01641379310343956 4655
-0.008204100652379257 0.01686206896550854 4656
-0.00818266542404739 0.01731034482757965 4657
-0.008161230195715633 0.01775862068964887 4658
-0.008139794967383786 0.01820689655171973 4659
-0.008118359739052027 0.01865517241378948 4660
-0.008096924510720182 0.01910344827585982 4661
-0.008075489282388401 0.01955172413792985 4662
-0.008560577819200456 0.007448275862067967 4663
-0.008540074557317933 0.007896551724136331 4664
-0.008519571295435437 0.008344827586204567 4665
-0.008499068033552937 0.008793103448272529 4666
-0.008478564771670451 0.009241379310340001 4667
-0.008458061509788003 0.009689655172407505 4668
-0.008437558247905517 0.01013793103447504 4669
-0.008417054986023062 0.01058620689654237 4670
-0.008396551724140559 0.01103448275861015 4671
-0.008376048462258085 0.01148275862067777 4672
-0.008355545200375578 0.01193103448274556 4673
-0.008335041938493099 0.01237931034481319 4674
-0.008314538676610611 0.01282758620688109 4675
-0.00829403541472813 0.01327586206894876 4676
-0.008273532152845535 0.01372413793101895 4677
-0.008253028890962969 0.01417241379308845 4678
-0.008232525629080351 0.01462068965515909 4679
-0.00821202236719773 0.01506896551722984 4680
-0.008191519105315168 0.01551724137929984 4681
-0.008171015843432683 0.01596551724136826 4682
-0.00815051258155002 0.01641379310343955 4683
-0.008130009319667489 0.01686206896550854 4684
-0.008109506057784842 0.01731034482757963 4685
-0.008089002795902297 0.01775862068964885 4686
-0.008068499534019665 0.01820689655171972 4687
-0.00804799627213712 0.01865517241378949 4688
-0.008027493010254492 0.01910344827585981 4689
-0.008006989748371919 0.01955172413792985 4690
-0.008466915191055252 0.007448275862067964 4691
-0.008447343895621932 0.007896551724136322 4692
-0.008427772600188637 0.008344827586204563 4693
-0.008408201304755338 0.008793103448272518 4694
-0.008388630009322055 0.009241379310339984 4695
-0.008369058713888808 0.009689655172407507 4696
-0.008349487418455521 0.01013793103447503 4697
-0.008329916123022269 0.01058620689654237 4698
-0.008310344827588969 0.01103448275861014 4699
-0.008290773532155692 0.01148275862067777 4700
-0.008271202236722388 0.01193103448274554 4701
-0.008251630941289112 0.01237931034481316 4702
-0.008232059645855822 0.01282758620688106 4703
-0.008212488350422544 0.01327586206894874 4704
-0.008192917054989151 0.01372413793101892 4705
-0.008173345759555794 0.01417241379308842 4706
-0.008153774464122382 0.01462068965515906 4707
-0.008134203168688967 0.01506896551722982 4708
-0.008114631873255611 0.01551724137929983 4709
-0.008095060577822329 0.01596551724136826 4710
-0.008075489282388878 0.01641379310343954 4711
-0.008055917986955548 0.01686206896550854 4712
-0.00803634669152211 0.01731034482757962 4713
-0.008016775396088768 0.01775862068964885 4714
-0.007997204100655344 0.01820689655171971 4715
-0.007977632805222006 0.01865517241378949 4716
-0.007958061509788582 0.0191034482758598 4717
-0.007938490214355217 0.01955172413792985 4718
-0.008373252562910515 0.007448275862067964 4719
-0.008354613233926387 0.007896551724136313 4720
-0.008335973904942281 0.008344827586204554 4721
-0.008317334575958169 0.008793103448272511 4722
-0.008298695246974073 0.00924137931033997 4723
-0.008280055917990019 0.009689655172407498 4724
-0.008261416589005919 0.01013793103447502 4725
-0.008242777260021856 0.01058620689654236 4726
-0.008224137931037739 0.01103448275861012 4727
-0.008205498602053652 0.01148275862067775 4728
-0.008186859273069539 0.01193103448274552 4729
-0.008168219944085451 0.01237931034481314 4730
-0.008149580615101352 0.01282758620688104 4731
-0.008130941286117261 0.01327586206894872 4732
-0.008112301957133063 0.0137241379310189 4733
-0.008093662628148895 0.0141724137930884 4734
-0.00807502329916468 0.01462068965515903 4735
-0.008056383970180466 0.01506896551722979 4736
-0.008037744641196299 0.01551724137929981 4737
-0.00801910531221221 0.01596551724136827 4738
-0.008000465983227949 0.01641379310343954 4739
-0.007981826654243818 0.01686206896550854 4740
-0.007963187325259573 0.01731034482757962 4741
-0.007944547996275423 0.01775862068964884 4742
-0.007925908667291193 0.01820689655171969 4743
-0.007907269338307049 0.0186551724137895 4744
-0.007888630009322817 0.01910344827585979 4745
-0.007869990680338649 0.01955172413792985 4746
-0.008279589934765514 0.007448275862067961 4747
-0.008261882572230581 0.007896551724136308 4748
-0.008244175209695672 0.008344827586204551 4749
-0.008226467847160756 0.008793103448272501 4750
-0.008208760484625856 0.009241379310339949 4751
-0.008191053122090996 0.009689655172407498 4752
-0.008173345759556094 0.01013793103447501 4753
-0.008155638397021226 0.01058620689654236 4754
-0.008137931034486307 0.01103448275861011 4755
-0.008120223671951416 0.01148275862067774 4756
-0.008102516309416496 0.01193103448274549 4757
-0.008084808946881605 0.01237931034481311 4758
-0.008067101584346707 0.01282758620688101 4759
-0.008049394221811808 0.01327586206894869 4760
-0.008031686859276816 0.01372413793101888 4761
-0.008013979496741848 0.01417241379308837 4762
-0.007996272134206834 0.014620689655159 4763
-0.007978564771671815 0.01506896551722976 4764
-0.007960857409136855 0.01551724137929979 4765
-0.007943150046601961 0.01596551724136827 4766
-0.007925442684066905 0.01641379310343952 4767
-0.007907735321531974 0.01686206896550853 4768
-0.007890027958996931 0.0173103448275796 4769
-0.007872320596461981 0.01775862068964883 4770
-0.007854613233926954 0.01820689655171969 4771
-0.007836905871392012 0.0186551724137895 4772
-0.00781919850885698 0.01910344827585978 4773
-0.007801491146322014 0.01955172413792985 4774
-0.008185927306620601 0.007448275862067956 4775
-0.008169151910534869 0.007896551724136299 4776
-0.00815237651444916 0.008344827586204546 4777
-0.008135601118363447 0.00879310344827249 4778
-0.008118825722277744 0.009241379310339935 4779
-0.008102050326192083 0.009689655172407495 4780
-0.008085274930106379 0.010137931034475 4781
-0.008068499534020711 0.01058620689654235 4782
-0.008051724137934988 0.01103448275861009 4783
-0.008034948741849301 0.01148275862067773 4784
-0.008018173345763574 0.01193103448274547 4785
-0.008001397949677885 0.01237931034481309 4786
-0.007984622553592178 0.01282758620688099 4787
-0.007967847157506484 0.01327586206894867 4788
-0.007951071761420691 0.01372413793101885 4789
-0.007934296365334928 0.01417241379308834 4790
-0.007917520969249119 0.01462068965515898 4791
-0.007900745573163311 0.01506896551722974 4792
-0.007883970177077551 0.01551724137929978 4793
-0.007867194780991859 0.01596551724136827 4794
-0.007850419384906011 0.01641379310343951 4795
-0.007833643988820279 0.01686206896550852 4796
-0.007816868592734443 0.01731034482757959 4797
-0.007800093196648697 0.01775862068964883 4798
-0.007783317800562875 0.01820689655171968 4799
-0.007766542404477134 0.01865517241378951 4800
-0.007749767008391308 0.01910344827585977 4801
-0.007732991612305545 0.01955172413792985 4802
-0.008092264678475446 0.007448275862067957 4803
-0.008076421248838913 0.007896551724136289 4804
-0.0080605778192024 0.008344827586204542 4805
-0.008044734389565886 0.008793103448272483 4806
-0.008028890959929379 0.009241379310339914 4807
-0.008013047530292918 0.009689655172407491 4808
-0.007997204100656411 0.01013793103447499 4809
-0.007981360671019937 0.01058620689654235 4810
-0.007965517241383415 0.01103448275861008 4811
-0.007949673811746921 0.01148275862067771 4812
-0.007933830382110398 0.01193103448274545 4813
-0.007917986952473904 0.01237931034481307 4814
-0.007902143522837397 0.01282758620688096 4815
-0.007886300093200899 0.01327586206894864 4816
-0.007870456663564309 0.01372413793101882 4817
-0.007854613233927752 0.01417241379308832 4818
-0.007838769804291146 0.01462068965515895 4819
-0.007822926374654539 0.01506896551722971 4820
-0.007807082945017986 0.01551724137929976 4821
-0.007791239515381496 0.01596551724136827 4822
-0.007775396085744853 0.01641379310343951 4823
-0.007759552656108321 0.01686206896550852 4824
-0.007743709226471688 0.01731034482757959 4825
-0.007727865796835145 0.01775862068964882 4826
-0.007712022367198527 0.01820689655171967 4827
-0.00769617893756199 0.01865517241378952 4828
-0.007680335507925365 0.01910344827585976 4829
-0.007664492078288804 0.01955172413792986 4830
-0.007998602050330678 0.007448275862067954 4831
-0.007983690587143332 0.007896551724136284 4832
-0.007968779123956007 0.008344827586204534 4833
-0.007953867660768676 0.00879310344827247 4834
-0.007938956197581355 0.009241379310339901 4835
-0.007924044734394082 0.009689655172407488 4836
-0.007909133271206757 0.01013793103447498 4837
-0.007894221808019472 0.01058620689654235 4838
-0.007879310344832132 0.01103448275861007 4839
-0.007864398881644826 0.0114827586206777 4840
-0.007849487418457488 0.01193103448274543 4841
-0.007834575955270177 0.01237931034481304 4842
-0.007819664492082858 0.01282758620688094 4843
-0.007804753028895545 0.01327586206894862 4844
-0.007789841565708147 0.0137241379310188 4845
-0.007774930102520774 0.01417241379308829 4846
-0.00776001863933336 0.01462068965515892 4847
-0.007745107176145946 0.01506896551722968 4848
-0.007730195712958581 0.01551724137929975 4849
-0.007715284249771279 0.01596551724136827 4850
-0.007700372786583825 0.01641379310343949 4851
-0.007685461323396484 0.01686206896550852 4852
-0.007670549860209044 0.01731034482757958 4853
-0.007655638397021687 0.01775862068964881 4854
-0.007640726933834262 0.01820689655171966 4855
-0.007625815470646916 0.01865517241378952 4856
-0.007610904007459481 0.01910344827585975 4857
-0.007595992544272113 0.01955172413792986 4858
-0.007904939422185705 0.007448275862067949 4859
-0.007890959925447562 0.007896551724136272 4860
-0.007876980428709438 0.008344827586204527 4861
-0.007863000931971311 0.008793103448272463 4862
-0.007849021435233187 0.009241379310339881 4863
-0.007835041938495109 0.009689655172407484 4864
-0.007821062441756989 0.01013793103447497 4865
-0.007807082945018905 0.01058620689654234 4866
-0.007793103448280768 0.01103448275861005 4867
-0.00777912395154266 0.01148275862067768 4868
-0.007765144454804522 0.0119310344827454 4869
-0.007751164958066412 0.01237931034481302 4870
-0.007737185461328294 0.01282758620688092 4871
-0.00772320596459018 0.01327586206894859 4872
-0.007709226467851989 0.01372413793101877 4873
-0.007695246971113821 0.01417241379308827 4874
-0.007681267474375616 0.0146206896551589 4875
-0.007667287977637407 0.01506896551722965 4876
-0.007653308480899251 0.01551724137929973 4877
-0.007639328984161148 0.01596551724136827 4878
-0.007625349487422906 0.01641379310343949 4879
-0.007611369990684767 0.01686206896550853 4880
-0.007597390493946535 0.01731034482757956 4881
-0.007583410997208382 0.01775862068964881 4882
-0.007569431500470164 0.01820689655171965 4883
-0.007555452003732022 0.01865517241378953 4884
-0.007541472506993795 0.01910344827585975 4885
-0.007527493010255635 0.01955172413792987 4886
-0.0078112767940405 0.007448275862067946 4887
-0.007798229263751556 0.007896551724136265 4888
-0.007785181733462637 0.008344827586204522 4889
-0.007772134203173706 0.008793103448272449 4890
-0.007759086672884783 0.009241379310339868 4891
-0.007746039142595907 0.009689655172407484 4892
-0.007732991612306983 0.01013793103447496 4893
-0.007719944082018095 0.01058620689654234 4894
-0.007706896551729155 0.01103448275861004 4895
-0.007693849021440246 0.01148275862067767 4896
-0.00768080149115131 0.01193103448274538 4897
-0.007667753960862399 0.01237931034481299 4898
-0.007654706430573477 0.01282758620688089 4899
-0.007641658900284566 0.01327586206894857 4900
-0.007628611369995576 0.01372413793101875 4901
-0.007615563839706611 0.01417241379308824 4902
-0.007602516309417611 0.01462068965515887 4903
-0.007589468779128607 0.01506896551722962 4904
-0.007576421248839652 0.01551724137929972 4905
-0.007563373718550754 0.01596551724136827 4906
-0.007550326188261715 0.01641379310343948 4907
-0.007537278657972782 0.01686206896550852 4908
-0.007524231127683753 0.01731034482757956 4909
-0.007511183597394801 0.0177586206896488 4910
-0.00749813606710579 0.01820689655171964 4911
-0.007485088536816855 0.01865517241378954 4912
-0.007472041006527828 0.01910344827585973 4913
-0.00745899347623887 0.01955172413792987 4914
-0.007717614165895301 0.007448275862067944 4915
-0.007705498602055562 0.00789655172413626 4916
-0.007693383038215841 0.008344827586204518 4917
-0.007681267474376115 0.008793103448272442 4918
-0.007669151910536394 0.009241379310339845 4919
-0.007657036346696719 0.009689655172407477 4920
-0.007644920782856996 0.01013793103447494 4921
-0.007632805219017309 0.01058620689654233 4922
-0.007620689655177571 0.01103448275861003 4923
-0.007608574091337865 0.01148275862067766 4924
-0.007596458527498127 0.01193103448274535 4925
-0.007584342963658418 0.01237931034481297 4926
-0.0075722273998187 0.01282758620688087 4927
-0.00756011183597899 0.01327586206894854 4928
-0.007547996272139211 0.01372413793101872 4929
-0.007535880708299449 0.01417241379308821 4930
-0.007523765144459657 0.01462068965515884 4931
-0.007511649580619861 0.0150689655172296 4932
-0.007499534016780116 0.0155172413792997 4933
-0.00748741845294042 0.01596551724136827 4934
-0.007475302889100591 0.01641379310343947 4935
-0.00746318732526086 0.01686206896550851 4936
-0.007451071761421039 0.01731034482757955 4937
-0.007438956197581295 0.01775862068964879 4938
-0.007426840633741492 0.01820689655171964 4939
-0.00741472506990176 0.01865517241378955 4940
-0.007402609506061943 0.01910344827585973 4941
-0.007390493942222194 0.01955172413792987 4942
-0.007623951537750109 0.007448275862067944 4943
-0.007612767940359576 0.007896551724136249 4944
-0.00760158434296907 0.008344827586204515 4945
-0.007590400745578552 0.008793103448272431 4946
-0.007579217148188037 0.009241379310339831 4947
-0.007568033550797573 0.009689655172407477 4948
-0.007556849953407056 0.01013793103447494 4949
-0.00754566635601658 0.01058620689654233 4950
-0.007534482758626049 0.01103448275861001 4951
-0.007523299161235554 0.01148275862067765 4952
-0.007512115563845024 0.01193103448274533 4953
-0.007500931966454523 0.01237931034481295 4954
-0.007489748369064016 0.01282758620688085 4955
-0.007478564771673515 0.01327586206894852 4956
-0.007467381174282948 0.0137241379310187 4957
-0.007456197576892398 0.01417241379308819 4958
-0.007445013979501822 0.01462068965515882 4959
-0.007433830382111242 0.01506896551722957 4960
-0.00742264678472071 0.01551724137929968 4961
-0.007411463187330228 0.01596551724136827 4962
-0.007400279589939614 0.01641379310343946 4963
-0.007389095992549092 0.01686206896550851 4964
-0.007377912395158492 0.01731034482757953 4965
-0.007366728797767958 0.01775862068964879 4966
-0.007355545200377371 0.01820689655171962 4967
-0.007344361602986854 0.01865517241378955 4968
-0.007333178005596249 0.01910344827585971 4969
-0.007321994408205712 0.01955172413792987 4970
-0.007530288909604914 0.007448275862067939 4971
-0.007520037278663596 0.00789655172413624 4972
-0.007509785647722296 0.008344827586204508 4973
-0.007499534016780986 0.008793103448272421 4974
-0.007489282385839681 0.00924137931033981 4975
-0.007479030754898427 0.009689655172407474 4976
-0.007468779123957121 0.01013793103447493 4977
-0.007458527493015852 0.01058620689654233 4978
-0.007448275862074532 0.01103448275861 4979
-0.007438024231133242 0.01148275862067764 4980
-0.007427772600191922 0.01193103448274531 4981
-0.007417520969250632 0.01237931034481292 4982
-0.007407269338309333 0.01282758620688082 4983
-0.007397017707368039 0.01327586206894849 4984
-0.007386766076426686 0.01372413793101867 4985
-0.007376514445485349 0.01417241379308816 4986
-0.00736626281454399 0.01462068965515879 4987
-0.007356011183602625 0.01506896551722954 4988
-0.007345759552661308 0.01551724137929967 4989
-0.007335507921720033 0.01596551724136827 4990
-0.007325256290778637 0.01641379310343945 4991
-0.00731500465983733 0.01686206896550851 4992
-0.007304753028895943 0.01731034482757952 4993
-0.007294501397954622 0.01775862068964878 4994
-0.007284249767013249 0.01820689655171961 4995
-0.007273998136071945 0.01865517241378956 4996
-0.007263746505130554 0.0191034482758597 4997
-0.007253494874189235 0.01955172413792987 4998
-0.007436626281459724 0.007448275862067936 4999
-0.007427306616967612 0.007896551724136234 5000
-0.007417986952475523 0.008344827586204501 5001
-0.007408667287983423 0.008793103448272414 5002
-0.007399347623491328 0.009241379310339798 5003
-0.007390027958999281 0.00968965517240747 5004
-0.007380708294507181 0.01013793103447492 5005
-0.00737138863001512 0.01058620689654233 5006
-0.00736206896552301 0.01103448275860998 5007
-0.00735274930103093 0.01148275862067762 5008
-0.00734342963653882 0.01193103448274528 5009
-0.007334109972046737 0.0123793103448129 5010
-0.007324790307554649 0.01282758620688079 5011
-0.007315470643062563 0.01327586206894847 5012
-0.007306150978570424 0.01372413793101865 5013
-0.007296831314078303 0.01417241379308813 5014
-0.007287511649586155 0.01462068965515876 5015
-0.007278191985094005 0.01506896551722951 5016
-0.007268872320601902 0.01551724137929965 5017
-0.00725955265610984 0.01596551724136827 5018
-0.007250232991617659 0.01641379310343944 5019
-0.007240913327125563 0.01686206896550851 5020
-0.007231593662633394 0.01731034482757952 5021
-0.007222273998141284 0.01775862068964878 5022
-0.007212954333649128 0.0182068965517196 5023
-0.007203634669157039 0.01865517241378956 5024
-0.007194315004664865 0.0191034482758597 5025
-0.007184995340172755 0.01955172413792986 5026
-0.007342963653314763 0.007448275862067934 5027
-0.007334575955271857 0.007896551724136225 5028
-0.007326188257228967 0.008344827586204497 5029
-0.007317800559186069 0.008793103448272404 5030
-0.007309412861143173 0.009241379310339779 5031
-0.007301025163100326 0.009689655172407467 5032
-0.00729263746505743 0.01013793103447491 5033
-0.007284249767014568 0.01058620689654232 5034
-0.007275862068971658 0.01103448275860997 5035
-0.007267474370928777 0.01148275862067761 5036
-0.007259086672885868 0.01193103448274526 5037
-0.007250698974842986 0.01237931034481288 5038
-0.007242311276800095 0.01282758620688077 5039
-0.00723392357875721 0.01327586206894844 5040
-0.007225535880714281 0.01372413793101862 5041
-0.007217148182671363 0.01417241379308811 5042
-0.007208760484628422 0.01462068965515874 5043
-0.00720037278658548 0.01506896551722949 5044
-0.007191985088542582 0.01551724137929964 5045
-0.007183597390499724 0.01596551724136827 5046
-0.00717520969245675 0.01641379310343943 5047
-0.007166821994413857 0.0168620689655085 5048
-0.007158434296370896 0.01731034482757951 5049
-0.007150046598327988 0.01775862068964877 5050
-0.00714165890028504 0.01820689655171959 5051
-0.007133271202242157 0.01865517241378957 5052
-0.007124883504199184 0.01910344827585968 5053
-0.007116495806156285 0.01955172413792987 5054
-0.007249301025169828 0.007448275862067933 5055
-0.007241845293576118 0.007896551724136218 5056
-0.00723438956198243 0.008344827586204489 5057
-0.007226933830388731 0.008793103448272393 5058
-0.007219478098795033 0.009241379310339764 5059
-0.007212022367201387 0.009689655172407463 5060
-0.007204566635607684 0.0101379310344749 5061
-0.007197110904014025 0.01058620689654232 5062
-0.007189655172420314 0.01103448275860995 5063
-0.007182199440826632 0.01148275862067759 5064
-0.007174743709232918 0.01193103448274524 5065
-0.007167287977639237 0.01237931034481286 5066
-0.007159832246045545 0.01282758620688075 5067
-0.007152376514451861 0.01327586206894842 5068
-0.007144920782858133 0.01372413793101859 5069
-0.007137465051264415 0.01417241379308808 5070
-0.007130009319670682 0.0146206896551587 5071
-0.007122553588076944 0.01506896551722946 5072
-0.007115097856483251 0.01551724137929963 5073
-0.007107642124889594 0.01596551724136827 5074
-0.007100186393295826 0.01641379310343943 5075
-0.007092730661702137 0.0168620689655085 5076
-0.00708527493010838 0.0173103448275795 5077
-0.007077819198514677 0.01775862068964876 5078
-0.007070363466920931 0.01820689655171958 5079
-0.007062907735327251 0.01865517241378957 5080
-0.007055452003733483 0.01910344827585967 5081
-0.007047996272139789 0.01955172413792988 5082
-0.007155638397024623 0.007448275862067929 5083
-0.007149114631880115 0.007896551724136211 5084
-0.007142590866735628 0.008344827586204485 5085
-0.007136067101591129 0.008793103448272385 5086
-0.007129543336446627 0.009241379310339744 5087
-0.007123019571302179 0.009689655172407465 5088
-0.007116495806157678 0.01013793103447488 5089
-0.007109972041013213 0.01058620689654231 5090
-0.007103448275868699 0.01103448275860994 5091
-0.007096924510724219 0.01148275862067758 5092
-0.007090400745579706 0.01193103448274521 5093
-0.007083876980435219 0.01237931034481283 5094
-0.007077353215290729 0.01282758620688072 5095
-0.007070829450146244 0.01327586206894839 5096
-0.007064305685001719 0.01372413793101857 5097
-0.007057781919857205 0.01417241379308806 5098
-0.007051258154712676 0.01462068965515868 5099
-0.007044734389568144 0.01506896551722943 5100
-0.007038210624423656 0.01551724137929961 5101
-0.007031686859279197 0.01596551724136827 5102
-0.007025163094134639 0.01641379310343941 5103
-0.007018639328990148 0.0168620689655085 5104
-0.007012115563845597 0.01731034482757949 5105
-0.007005591798701097 0.01775862068964875 5106
-0.006999068033556556 0.01820689655171957 5107
-0.006992544268412082 0.01865517241378958 5108
-0.006986020503267518 0.01910344827585967 5109
-0.006979496738123026 0.01955172413792988 5110
-0.007061975768879423 0.007448275862067926 5111
-0.007056383970184119 0.007896551724136201 5112
-0.007050792171488835 0.008344827586204478 5113
-0.007045200372793541 0.008793103448272372 5114
-0.007039608574098242 0.009241379310339727 5115
-0.007034016775402994 0.00968965517240746 5116
-0.007028424976707697 0.01013793103447488 5117
-0.007022833178012432 0.01058620689654231 5118
-0.007017241379317124 0.01103448275860992 5119
-0.007011649580621843 0.01148275862067757 5120
-0.00700605778192653 0.01193103448274519 5121
-0.00700046598323125 0.01237931034481281 5122
-0.006994874184535963 0.0128275862068807 5123
-0.00698928238584068 0.01327586206894837 5124
-0.006983690587145363 0.01372413793101854 5125
-0.006978098788450056 0.01417241379308803 5126
-0.00697250698975473 0.01462068965515865 5127
-0.00696691519105941 0.0150689655172294 5128
-0.006961323392364129 0.01551724137929959 5129
-0.006955731593668879 0.01596551724136827 5130
-0.006950139794973526 0.01641379310343941 5131
-0.006944547996278244 0.0168620689655085 5132
-0.0069389561975829 0.01731034482757948 5133
-0.006933364398887606 0.01775862068964875 5134
-0.006927772600192277 0.01820689655171956 5135
-0.006922180801497008 0.01865517241378959 5136
-0.00691658900280165 0.01910344827585965 5137
-0.006910997204106366 0.01955172413792988 5138
-0.006968313140734229 0.007448275862067922 5139
-0.006963653308488136 0.007896551724136194 5140
-0.006958993476242063 0.008344827586204471 5141
-0.006954333643995975 0.008793103448272365 5142
-0.006949673811749886 0.009241379310339713 5143
-0.006945013979503848 0.009689655172407457 5144
-0.006940354147257758 0.01013793103447487 5145
-0.006935694315011703 0.0105862068965423 5146
-0.006931034482765601 0.01103448275860991 5147
-0.006926374650519531 0.01148275862067755 5148
-0.006921714818273428 0.01193103448274517 5149
-0.006917054986027356 0.01237931034481279 5150
-0.006912395153781278 0.01282758620688067 5151
-0.006907735321535201 0.01327586206894834 5152
-0.0069030754892891 0.01372413793101851 5153
-0.006898415657043005 0.014172413793088 5154
-0.006893755824796899 0.01462068965515863 5155
-0.006889095992550789 0.01506896551722938 5156
-0.006884436160304725 0.01551724137929958 5157
-0.006879776328058685 0.01596551724136827 5158
-0.006875116495812548 0.0164137931034394 5159
-0.006870456663566478 0.0168620689655085 5160
-0.00686579683132035 0.01731034482757947 5161
-0.006861136999074268 0.01775862068964874 5162
-0.006856477166828152 0.01820689655171956 5163
-0.006851817334582098 0.01865517241378959 5164
-0.006847157502335954 0.01910344827585965 5165
-0.006842497670089885 0.01955172413792988 5166
-0.006874650512589052 0.007448275862067922 5167
-0.006870922646792166 0.007896551724136183 5168
-0.006867194780995303 0.008344827586204469 5169
-0.006863466915198425 0.008793103448272355 5170
-0.006859739049401538 0.009241379310339694 5171
-0.006856011183604714 0.009689655172407455 5172
-0.006852283317807826 0.01013793103447486 5173
-0.006848555452010981 0.0105862068965423 5174
-0.006844827586214087 0.01103448275860989 5175
-0.006841099720417224 0.01148275862067754 5176
-0.006837371854620332 0.01193103448274514 5177
-0.006833643988823465 0.01237931034481276 5178
-0.006829916123026594 0.01282758620688065 5179
-0.006826188257229727 0.01327586206894832 5180
-0.006822460391432838 0.01372413793101849 5181
-0.006818732525635955 0.01417241379308798 5182
-0.006815004659839064 0.0146206896551586 5183
-0.00681127679404217 0.01506896551722935 5184
-0.006807548928245316 0.01551724137929956 5185
-0.006803821062448484 0.01596551724136827 5186
-0.006800093196651565 0.01641379310343938 5187
-0.006796365330854705 0.01686206896550849 5188
-0.006792637465057794 0.01731034482757946 5189
-0.006788909599260921 0.01775862068964874 5190
-0.006785181733464022 0.01820689655171954 5191
-0.006781453867667182 0.0186551724137896 5192
-0.00677772600187025 0.01910344827585964 5193
-0.006773998136073394 0.01955172413792988 5194
-0.00678098788444413 0.007448275862067918 5195
-0.006778191985096433 0.007896551724136178 5196
-0.006775396085748762 0.008344827586204461 5197
-0.006772600186401071 0.008793103448272345 5198
-0.006769804287053377 0.009241379310339679 5199
-0.006767008387705739 0.00968965517240745 5200
-0.00676421248835804 0.01013793103447484 5201
-0.006761416589010385 0.0105862068965423 5202
-0.006758620689662678 0.01103448275860988 5203
-0.006755824790315003 0.01148275862067753 5204
-0.006753028890967298 0.01193103448274512 5205
-0.00675023299161962 0.01237931034481274 5206
-0.006747437092271939 0.01282758620688062 5207
-0.006744641192924262 0.0132758620689483 5208
-0.006741845293576567 0.01372413793101847 5209
-0.006739049394228876 0.01417241379308795 5210
-0.006736253494881176 0.01462068965515857 5211
-0.006733457595533478 0.01506896551722932 5212
-0.00673066169618582 0.01551724137929955 5213
-0.006727865796838182 0.01596551724136827 5214
-0.006725069897490455 0.01641379310343937 5215
-0.00672227399814279 0.01686206896550849 5216
-0.006719478098795072 0.01731034482757945 5217
-0.006716682199447392 0.01775862068964873 5218
-0.006713886300099687 0.01820689655171953 5219
-0.006711090400752042 0.01865517241378961 5220
-0.006708294501404305 0.01910344827585963 5221
-0.006705498602056641 0.01955172413792988 5222
-0.006687325256299121 0.007448275862067916 5223
-0.00668546132340062 0.007896551724136168 5224
-0.006683597390502139 0.008344827586204459 5225
-0.006681733457603644 0.008793103448272334 5226
-0.006679869524705137 0.009241379310339659 5227
-0.00667800559180669 0.009689655172407446 5228
-0.006676141658908185 0.01013793103447484 5229
-0.00667427772600972 0.0105862068965423 5230
-0.006672413793111205 0.01103448275860987 5231
-0.006670549860212723 0.01148275862067752 5232
-0.006668685927314209 0.01193103448274509 5233
-0.006666821994415723 0.01237931034481271 5234
-0.006664958061517234 0.0128275862068806 5235
-0.006663094128618749 0.01327586206894827 5236
-0.006661230195720251 0.01372413793101844 5237
-0.006659366262821756 0.01417241379308793 5238
-0.006657502329923255 0.01462068965515855 5239
-0.006655638397024757 0.01506896551722929 5240
-0.006653774464126294 0.01551724137929953 5241
-0.006651910531227851 0.01596551724136827 5242
-0.006650046598329323 0.01641379310343937 5243
-0.00664818266543085 0.01686206896550849 5244
-0.006646318732532333 0.01731034482757944 5245
-0.00664445479963385 0.01775862068964873 5246
-0.00664259086673534 0.01820689655171952 5247
-0.006640726933836892 0.01865517241378962 5248
-0.006638863000938351 0.01910344827585961 5249
-0.006636999068039884 0.01955172413792989 5250
-0.006593662628153922 0.007448275862067912 5251
-0.006592730661704621 0.007896551724136161 5252
-0.006591798695255342 0.008344827586204452 5253
-0.006590866728806044 0.008793103448272324 5254
-0.006589934762356738 0.009241379310339644 5255
-0.006589002795907494 0.009689655172407446 5256
-0.006588070829458187 0.01013793103447483 5257
-0.006587138863008922 0.01058620689654229 5258
-0.006586206896559609 0.01103448275860985 5259
-0.006585274930110329 0.01148275862067751 5260
-0.006584342963661012 0.01193103448274507 5261
-0.006583410997211729 0.01237931034481269 5262
-0.006582479030762442 0.01282758620688058 5263
-0.006581547064313154 0.01327586206894824 5264
-0.006580615097863863 0.01372413793101841 5265
-0.006579683131414571 0.0141724137930879 5266
-0.006578751164965278 0.01462068965515852 5267
-0.006577819198515985 0.01506896551722926 5268
-0.00657688723206673 0.01551724137929951 5269
-0.006575955265617488 0.01596551724136827 5270
-0.006575023299168167 0.01641379310343936 5271
-0.006574091332718898 0.01686206896550848 5272
-0.006573159366269588 0.01731034482757943 5273
-0.006572227399820307 0.01775862068964872 5274
-0.006571295433371008 0.01820689655171951 5275
-0.006570363466921763 0.01865517241378962 5276
-0.006569431500472428 0.01910344827585961 5277
-0.00656849953402317 0.01955172413792988 5278
-0.00650000000000856 0.007448275862067913 5279
-0.006500000000008469 0.007896551724136155 5280
-0.006500000000008402 0.008344827586204447 5281
-0.006500000000008312 0.008793103448272317 5282
-0.006500000000008214 0.009241379310339623 5283
-0.006500000000008179 0.009689655172407443 5284
-0.006500000000008083 0.01013793103447481 5285
-0.006500000000008025 0.01058620689654229 5286
-0.00650000000000792 0.01103448275860984 5287
-0.006500000000007848 0.01148275862067749 5288
-0.006500000000007738 0.01193103448274505 5289
-0.006500000000007663 0.01237931034481267 5290
-0.006500000000007586 0.01282758620688056 5291
-0.006500000000007508 0.01327586206894822 5292
-0.006500000000007431 0.01372413793101839 5293
-0.006500000000007355 0.01417241379308787 5294
-0.006500000000007273 0.01462068965515849 5295
-0.006500000000007194 0.01506896551722924 5296
-0.006500000000007154 0.0155172413792995 5297
-0.006500000000007125 0.01596551724136827 5298
-0.006500000000007023 0.01641379310343935 5299
-0.006500000000006962 0.01686206896550848 5300
-0.006500000000006868 0.01731034482757942 5301
-0.006500000000006802 0.01775862068964871 5302
-0.006500000000006717 0.01820689655171951 5303
-0.006500000000006685 0.01865517241378963 5304
-0.006500000000006564 0.0191034482758596 5305
-0.006500000000006519 0.01955172413792989 5306
-0.006406337371862943 0.007448275862067907 5307
-0.006407269338312055 0.007896551724136143 5308
-0.006408201304761192 0.008344827586204442 5309
-0.006409133271210307 0.008793103448272306 5310
-0.006410065237659412 0.009241379310339609 5311
-0.006410997204108582 0.009689655172407439 5312
-0.006411929170557686 0.0101379310344748 5313
-0.006412861137006831 0.01058620689654228 5314
-0.006413793103455927 0.01103448275860982 5315
-0.006414725069905059 0.01148275862067748 5316
-0.006415657036354157 0.01193103448274502 5317
-0.006416589002803282 0.01237931034481264 5318
-0.006417520969252409 0.01282758620688053 5319
-0.006418452935701534 0.0132758620689482 5320
-0.006419384902150663 0.01372413793101836 5321
-0.006420316868599793 0.01417241379308785 5322
-0.006421248835048924 0.01462068965515846 5323
-0.006422180801498057 0.01506896551722921 5324
-0.006423112767947225 0.01551724137929949 5325
-0.006424044734396399 0.01596551724136827 5326
-0.006424976700845506 0.01641379310343934 5327
-0.006425908667294654 0.01686206896550848 5328
-0.00642684063374377 0.01731034482757942 5329
-0.006427772600192906 0.0177586206896487 5330
-0.006428704566642031 0.01820689655171949 5331
-0.006429636533091211 0.01865517241378964 5332
-0.006430568499540296 0.01910344827585959 5333
-0.006431500465989462 0.0195517241379299 5334
-0.00631267474371724 0.007448275862067905 5335
-0.006314538676615561 0.007896551724136138 5336
-0.006316402609513903 0.008344827586204433 5337
-0.006318266542412226 0.008793103448272296 5338
-0.006320130475310537 0.009241379310339588 5339
-0.006321994408208912 0.009689655172407436 5340
-0.006323858341107222 0.0101379310344748 5341
-0.006325722274005573 0.01058620689654228 5342
-0.006327586206903877 0.01103448275860981 5343
-0.006329450139802212 0.01148275862067746 5344
-0.006331314072700516 0.011931034482745 5345
-0.00633317800559885 0.01237931034481262 5346
-0.006335041938497181 0.0128275862068805 5347
-0.006336905871395513 0.01327586206894817 5348
-0.006338769804293855 0.01372413793101833 5349
-0.006340633737192193 0.01417241379308782 5350
-0.006342497670090538 0.01462068965515843 5351
-0.006344361602988881 0.01506896551722918 5352
-0.00634622553588726 0.01551724137929947 5353
-0.006348089468785643 0.01596551724136827 5354
-0.006349953401683967 0.01641379310343934 5355
-0.006351817334582322 0.01686206896550848 5356
-0.00635368126748065 0.0173103448275794 5357
-0.006355545200378999 0.0177586206896487 5358
-0.006357409133277335 0.01820689655171948 5359
-0.006359273066175723 0.01865517241378964 5360
-0.006361136999074021 0.01910344827585957 5361
-0.006363000931972398 0.01955172413792989 5362
-0.006219012115571751 0.007448275862067901 5363
-0.006221808014919277 0.007896551724136128 5364
-0.006224603914266827 0.008344827586204431 5365
-0.006227399813614355 0.008793103448272286 5366
-0.006230195712961874 0.009241379310339574 5367
-0.006232991612309452 0.009689655172407432 5368
-0.00623578751165697 0.01013793103447478 5369
-0.006238583411004524 0.01058620689654228 5370
-0.006241379310352034 0.0110344827586098 5371
-0.006244175209699579 0.01148275862067745 5372
-0.006246971109047084 0.01193103448274497 5373
-0.006249767008394623 0.01237931034481259 5374
-0.006252562907742163 0.01282758620688048 5375
-0.006255358807089701 0.01327586206894815 5376
-0.006258154706437253 0.01372413793101831 5377
-0.006260950605784801 0.01417241379308779 5378
-0.006263746505132357 0.01462068965515841 5379
-0.006266542404479914 0.01506896551722915 5380
-0.006269338303827504 0.01551724137929945 5381
-0.006272134203175097 0.01596551724136827 5382
-0.006274930102522627 0.01641379310343932 5383
-0.006277726001870195 0.01686206896550847 5384
-0.006280521901217733 0.0173103448275794 5385
-0.006283317800565291 0.01775862068964869 5386
-0.006286113699912841 0.01820689655171947 5387
-0.006288909599260441 0.01865517241378964 5388
-0.00629170549860795 0.01910344827585956 5389
-0.006294501397955536 0.01955172413792989 5390
-0.00612534948742626 0.0074482758620679 5391
-0.006129077353222992 0.007896551724136121 5392
-0.006132805219019748 0.008344827586204424 5393
-0.00613653308481648 0.008793103448272275 5394
-0.0061402609506132 0.009241379310339554 5395
-0.006143988816409983 0.009689655172407429 5396
-0.006147716682206703 0.01013793103447477 5397
-0.006151444548003463 0.01058620689654227 5398
-0.006155172413800171 0.01103448275860978 5399
-0.006158900279596919 0.01148275862067743 5400
-0.006162628145393632 0.01193103448274495 5401
-0.00616635601119037 0.01237931034481257 5402
-0.006170083876987117 0.01282758620688045 5403
-0.006173811742783858 0.01327586206894812 5404
-0.006177539608580617 0.01372413793101829 5405
-0.006181267474377373 0.01417241379308777 5406
-0.006184995340174139 0.01462068965515838 5407
-0.006188723205970905 0.01506896551722912 5408
-0.006192451071767706 0.01551724137929944 5409
-0.006196178937564503 0.01596551724136827 5410
-0.006199906803361245 0.01641379310343932 5411
-0.006203634669158018 0.01686206896550847 5412
-0.006207362534954767 0.01731034482757938 5413
-0.006211090400751533 0.01775862068964868 5414
-0.006214818266548292 0.01820689655171947 5415
-0.006218546132345103 0.01865517241378966 5416
-0.006222273998141818 0.01910344827585956 5417
-0.006226001863938615 0.0195517241379299 5418
-0.006031686859280599 0.007448275862067896 5419
-0.006036346691526537 0.007896551724136112 5420
-0.006041006523772498 0.008344827586204416 5421
-0.006045666356018436 0.008793103448272268 5422
-0.006050326188264358 0.009241379310339541 5423
-0.006054986020510348 0.009689655172407425 5424
-0.006059645852756271 0.01013793103447477 5425
-0.006064305685002234 0.01058620689654227 5426
-0.006068965517248151 0.01103448275860977 5427
-0.006073625349494101 0.01148275862067743 5428
-0.006078285181740018 0.01193103448274493 5429
-0.006082945013985964 0.01237931034481254 5430
-0.006087604846231911 0.01282758620688043 5431
-0.006092264678477859 0.0132758620689481 5432
-0.00609692451072383 0.01372413793101826 5433
-0.006101584342969793 0.01417241379308774 5434
-0.006106244175215769 0.01462068965515836 5435
-0.006110904007461749 0.01506896551722909 5436
-0.006115563839707757 0.01551724137929942 5437
-0.006120223671953759 0.01596551724136827 5438
-0.006124883504199716 0.0164137931034393 5439
-0.006129543336445696 0.01686206896550847 5440
-0.00613420316869166 0.01731034482757937 5441
-0.006138863000937632 0.01775862068964867 5442
-0.006143522833183602 0.01820689655171945 5443
-0.00614818266542962 0.01865517241378966 5444
-0.006152842497675547 0.01910344827585955 5445
-0.006157502329921554 0.0195517241379299 5446
-0.00593802423113533 0.007448275862067893 5447
-0.005943616029830458 0.007896551724136103 5448
-0.005949207828525612 0.008344827586204416 5449
-0.005954799627220739 0.008793103448272258 5450
-0.005960391425915854 0.009241379310339526 5451
-0.005965983224611033 0.009689655172407425 5452
-0.005971575023306147 0.01013793103447476 5453
-0.005977166822001301 0.01058620689654226 5454
-0.00598275862069641 0.01103448275860975 5455
-0.005988350419391549 0.01148275862067741 5456
-0.005993942218086657 0.01193103448274491 5457
-0.005999534016781795 0.01237931034481252 5458
-0.006005125815476933 0.0128275862068804 5459
-0.00601071761417207 0.01327586206894807 5460
-0.006016309412867237 0.01372413793101823 5461
-0.006021901211562397 0.01417241379308772 5462
-0.006027493010257569 0.01462068965515833 5463
-0.006033084808952743 0.01506896551722907 5464
-0.006038676607647947 0.01551724137929941 5465
-0.006044268406343144 0.01596551724136827 5466
-0.006049860205038297 0.01641379310343929 5467
-0.006055452003733473 0.01686206896550846 5468
-0.006061043802428632 0.01731034482757937 5469
-0.006066635601123799 0.01775862068964867 5470
-0.006072227399818967 0.01820689655171944 5471
-0.006077819198514182 0.01865517241378966 5472
-0.006083410997209303 0.01910344827585954 5473
-0.006089002795904504 0.0195517241379299 5474
-0.005844361602990116 0.007448275862067892 5475
-0.005850885368134438 0.007896551724136096 5476
-0.00585740913327878 0.008344827586204407 5477
-0.005863932898423099 0.008793103448272247 5478
-0.0058704566635674 0.009241379310339505 5479
-0.005876980428711772 0.009689655172407422 5480
-0.005883504193856073 0.01013793103447475 5481
-0.005890027959000415 0.01058620689654226 5482
-0.005896551724144711 0.01103448275860974 5483
-0.005903075489289041 0.0114827586206774 5484
-0.005909599254433337 0.01193103448274488 5485
-0.005916123019577665 0.0123793103448125 5486
-0.005922646784721992 0.01282758620688038 5487
-0.005929170549866319 0.01327586206894805 5488
-0.005935694315010682 0.01372413793101821 5489
-0.005942218080155034 0.01417241379308769 5490
-0.0059487418452994 0.0146206896551583 5491
-0.005955265610443771 0.01506896551722904 5492
-0.005961789375588172 0.01551724137929939 5493
-0.00596831314073256 0.01596551724136827 5494
-0.005974836905876911 0.01641379310343929 5495
-0.005981360671021276 0.01686206896550846 5496
-0.005987884436165632 0.01731034482757935 5497
-0.005994408201309991 0.01775862068964867 5498
-0.006000931966454355 0.01820689655171944 5499
-0.006007455731598763 0.01865517241378967 5500
-0.00601397949674308 0.01910344827585953 5501
-0.006020503261887477 0.01955172413792989 5502
-0.005750698974844775 0.007448275862067887 5503
-0.005758154706438302 0.00789655172413609 5504
-0.005765610438031852 0.008344827586204402 5505
-0.005773066169625373 0.008793103448272241 5506
-0.005780521901218878 0.009241379310339491 5507
-0.005787977632812451 0.009689655172407418 5508
-0.005795433364405955 0.01013793103447473 5509
-0.005802889095999504 0.01058620689654226 5510
-0.005810344827593002 0.01103448275860972 5511
-0.005817800559186539 0.01148275862067738 5512
-0.005825256290780037 0.01193103448274486 5513
-0.005832712022373566 0.01237931034481247 5514
-0.005840167753967097 0.01282758620688036 5515
-0.005847623485560629 0.01327586206894802 5516
-0.005855079217154201 0.01372413793101818 5517
-0.005862534948747759 0.01417241379308766 5518
-0.005869990680341336 0.01462068965515827 5519
-0.005877446411934917 0.01506896551722901 5520
-0.005884902143528528 0.01551724137929938 5521
-0.005892357875122121 0.01596551724136827 5522
-0.005899813606715681 0.01641379310343927 5523
-0.005907269338309257 0.01686206896550846 5524
-0.005914725069902821 0.01731034482757935 5525
-0.005922180801496387 0.01775862068964865 5526
-0.005929636533089961 0.01820689655171942 5527
-0.005937092264683579 0.01865517241378968 5528
-0.005944547996277104 0.01910344827585952 5529
-0.005952003727870711 0.01955172413792991 5530
-0.005657036346699033 0.007448275862067886 5531
-0.005665424044741778 0.007896551724136079 5532
-0.005673811742784547 0.008344827586204397 5533
-0.005682199440827288 0.008793103448272227 5534
-0.005690587138870008 0.00924137931033947 5535
-0.005698974836912802 0.009689655172407415 5536
-0.005707362534955525 0.01013793103447472 5537
-0.005715750232998289 0.01058620689654225 5538
-0.005724137931041005 0.01103448275860971 5539
-0.00573252562908376 0.01148275862067737 5540
-0.005740913327126475 0.01193103448274484 5541
-0.005749301025169224 0.01237931034481245 5542
-0.005757688723211973 0.01282758620688033 5543
-0.005766076421254722 0.013275862068948 5544
-0.005774464119297517 0.01372413793101816 5545
-0.005782851817340299 0.01417241379308764 5546
-0.005791239515383098 0.01462068965515825 5547
-0.005799627213425905 0.01506896551722899 5548
-0.005808014911468736 0.01551724137929936 5549
-0.005816402609511552 0.01596551724136827 5550
-0.005824790307554337 0.01641379310343927 5551
-0.005833178005597133 0.01686206896550846 5552
-0.005841565703639924 0.01731034482757934 5553
-0.005849953401682711 0.01775862068964866 5554
-0.00585834109972551 0.01820689655171941 5555
-0.005866728797768352 0.01865517241378968 5556
-0.005875116495811098 0.01910344827585951 5557
-0.005883504193853929 0.01955172413792991 5558
-0.005563373718553258 0.007448275862067884 5559
-0.005572693383045215 0.00789655172413607 5560
-0.005582013047537195 0.00834482758620439 5561
-0.005591332712029151 0.00879310344827222 5562
-0.00560065237652108 0.009241379310339456 5563
-0.005609972041013086 0.009689655172407413 5564
-0.005619291705505017 0.01013793103447471 5565
-0.005628611369996994 0.01058620689654225 5566
-0.005637931034488922 0.0110344827586097 5567
-0.005647250698980885 0.01148275862067736 5568
-0.005656570363472814 0.01193103448274481 5569
-0.005665890027964774 0.01237931034481242 5570
-0.005675209692456737 0.01282758620688031 5571
-0.005684529356948699 0.01327586206894798 5572
-0.005693849021440708 0.01372413793101813 5573
-0.005703168685932703 0.01417241379308761 5574
-0.005712488350424723 0.01462068965515822 5575
-0.005721808014916746 0.01506896551722896 5576
-0.005731127679408796 0.01551724137929935 5577
-0.005740447343900824 0.01596551724136829 5578
-0.005749767008392827 0.01641379310343926 5579
-0.005759086672884838 0.01686206896550846 5580
-0.005768406337376847 0.01731034482757932 5581
-0.005777726001868851 0.01775862068964865 5582
-0.005787045666360867 0.01820689655171941 5583
-0.005796365330852924 0.01865517241378969 5584
-0.005805684995344887 0.0191034482758595 5585
-0.005815004659836935 0.01955172413792991 5586
-0.005469711090407479 0.007448275862067881 5587
-0.005479962721348645 0.007896551724136065 5588
-0.005490214352289837 0.008344827586204386 5589
-0.005500465983231001 0.008793103448272209 5590
-0.00551071761417214 0.009241379310339436 5591
-0.005520969245113353 0.00968965517240741 5592
-0.005531220876054495 0.0101379310344747 5593
-0.005541472506995679 0.01058620689654225 5594
-0.005551724137936816 0.01103448275860968 5595
-0.005561975768877987 0.01148275862067735 5596
-0.005572227399819127 0.01193103448274479 5597
-0.005582479030760293 0.0123793103448124 5598
-0.005592730661701465 0.01282758620688029 5599
-0.005602982292642634 0.01327586206894795 5600
-0.005613233923583859 0.01372413793101811 5601
-0.005623485554525069 0.01417241379308759 5602
-0.005633737185466304 0.01462068965515819 5603
-0.005643988816407543 0.01506896551722893 5604
-0.005654240447348803 0.01551724137929933 5605
-0.005664492078290045 0.01596551724136827 5606
-0.005674743709231265 0.01641379310343925 5607
-0.005684995340172487 0.01686206896550845 5608
-0.005695246971113711 0.01731034482757932 5609
-0.005705498602054927 0.01775862068964864 5610
-0.005715750232996159 0.0182068965517194 5611
-0.005726001863937431 0.0186551724137897 5612
-0.005736253494878605 0.01910344827585949 5613
-0.005746505125819867 0.01955172413792991 5614
-0.005376048462261701 0.007448275862067879 5615
-0.005387232059652077 0.007896551724136055 5616
-0.005398415657042478 0.008344827586204379 5617
-0.005409599254432852 0.008793103448272199 5618
-0.005420782851823197 0.009241379310339424 5619
-0.005431966449213622 0.009689655172407408 5620
-0.005443150046603971 0.01013793103447469 5621
-0.005454333643994363 0.01058620689654224 5622
-0.005465517241384709 0.01103448275860966 5623
-0.005476700838775091 0.01148275862067733 5624
-0.005487884436165438 0.01193103448274477 5625
-0.005499068033555814 0.01237931034481238 5626
-0.005510251630946195 0.01282758620688026 5627
-0.005521435228336573 0.01327586206894792 5628
-0.005532618825727012 0.01372413793101808 5629
-0.005543802423117432 0.01417241379308756 5630
-0.005554986020507882 0.01462068965515816 5631
-0.005566169617898336 0.0150689655172289 5632
-0.005577353215288814 0.01551724137929931 5633
-0.005588536812679266 0.01596551724136829 5634
-0.005599720410069703 0.01641379310343924 5635
-0.005610904007460136 0.01686206896550845 5636
-0.005622087604850576 0.01731034482757931 5637
-0.005633271202241004 0.01775862068964864 5638
-0.005644454799631451 0.01820689655171938 5639
-0.005655638397021935 0.01865517241378971 5640
-0.005666821994412327 0.01910344827585948 5641
-0.005678005591802803 0.01955172413792991 5642
-0.005282385834115928 0.007448275862067875 5643
-0.005294501397955525 0.007896551724136048 5644
-0.005306616961795146 0.008344827586204376 5645
-0.005318732525634737 0.008793103448272192 5646
-0.005330848089474301 0.009241379310339401 5647
-0.005342963653313941 0.009689655172407403 5648
-0.005355079217153507 0.01013793103447468 5649
-0.005367194780993117 0.01058620689654224 5650
-0.005379310344832681 0.01103448275860965 5651
-0.005391425908672278 0.01148275862067732 5652
-0.005403541472511844 0.01193103448274475 5653
-0.005415657036351437 0.01237931034481236 5654
-0.005427772600191037 0.01282758620688024 5655
-0.005439888164030633 0.0132758620689479 5656
-0.005452003727870294 0.01372413793101806 5657
-0.005464119291709936 0.01417241379308753 5658
-0.00547623485554961 0.01462068965515814 5659
-0.005488350419389288 0.01506896551722887 5660
-0.005500465983228988 0.0155172413792993 5661
-0.00551258154706866 0.01596551724136829 5662
-0.005524697110908319 0.01641379310343923 5663
-0.005536812674747976 0.01686206896550844 5664
-0.00554892823858764 0.0173103448275793 5665
-0.005561043802427286 0.01775862068964863 5666
-0.005573159366266959 0.01820689655171938 5667
-0.005585274930106666 0.01865517241378971 5668
-0.005597390493946281 0.01910344827585948 5669
-0.005609506057785978 0.01955172413792991 5670
-0.005188723205970159 0.007448275862067874 5671
-0.005201770736258976 0.007896551724136041 5672
-0.005214818266547816 0.008344827586204369 5673
-0.005227865796836626 0.008793103448272178 5674
-0.005240913327125412 0.009241379310339387 5675
-0.005253960857414269 0.009689655172407403 5676
-0.005267008387703055 0.01013793103447467 5677
-0.005280055917991884 0.01058620689654223 5678
-0.005293103448280664 0.01103448275860964 5679
-0.005306150978569484 0.01148275862067731 5680
-0.005319198508858265 0.01193103448274472 5681
-0.005332246039147078 0.01237931034481234 5682
-0.005345293569435897 0.01282758620688021 5683
-0.005358341099724712 0.01327586206894788 5684
-0.005371388630013597 0.01372413793101803 5685
-0.005384436160302463 0.01417241379308751 5686
-0.00539748369059136 0.01462068965515811 5687
-0.005410531220880263 0.01506896551722885 5688
-0.005423578751169191 0.01551724137929928 5689
-0.005436626281458084 0.01596551724136829 5690
-0.005449673811746969 0.01641379310343923 5691
-0.005462721342035848 0.01686206896550844 5692
-0.005475768872324736 0.01731034482757929 5693
-0.005488816402613609 0.01775862068964862 5694
-0.005501863932902503 0.01820689655171937 5695
-0.005514911463191437 0.01865517241378972 5696
-0.005527958993480273 0.01910344827585946 5697
-0.005541006523769198 0.01955172413792991 5698
-0.005095060577824386 0.007448275862067871 5699
-0.005109040074562417 0.007896551724136031 5700
-0.005123019571300472 0.008344827586204362 5701
-0.005136999068038497 0.008793103448272171 5702
-0.005150978564776494 0.009241379310339366 5703
-0.005164958061514566 0.009689655172407398 5704
-0.005178937558252564 0.01013793103447466 5705
-0.005192917054990604 0.01058620689654223 5706
-0.005206896551728599 0.01103448275860962 5707
-0.005220876048466633 0.01148275862067729 5708
-0.005234855545204626 0.0119310344827447 5709
-0.005248835041942655 0.01237931034481231 5710
-0.005262814538680686 0.01282758620688018 5711
-0.005276794035418717 0.01327586206894785 5712
-0.005290773532156821 0.013724137931018 5713
-0.005304753028894903 0.01417241379308748 5714
-0.005318732525633019 0.01462068965515808 5715
-0.005332712022371143 0.01506896551722882 5716
-0.005346691519109287 0.01551724137929926 5717
-0.005360671015847395 0.01596551724136829 5718
-0.005374650512585503 0.01641379310343921 5719
-0.005388630009323596 0.01686206896550844 5720
-0.005402609506061708 0.01731034482757928 5721
-0.005416589002799796 0.01775862068964861 5722
-0.005430568499537912 0.01820689655171935 5723
-0.005444547996276063 0.01865517241378973 5724
-0.005458527493014118 0.01910344827585945 5725
-0.00547250698975226 0.01955172413792991 5726
-0.005001397949678608 0.007448275862067867 5727
-0.005016309412865848 0.007896551724136022 5728
-0.005031220876053116 0.008344827586204358 5729
-0.005046132339240346 0.008793103448272161 5730
-0.00506104380242755 0.009241379310339354 5731
-0.005075955265614835 0.009689655172407394 5732
-0.005090866728802041 0.01013793103447465 5733
-0.005105778191989292 0.01058620689654222 5734
-0.005120689655176492 0.01103448275860961 5735
-0.005135601118363734 0.01148275862067728 5736
-0.005150512581550941 0.01193103448274468 5737
-0.005165424044738174 0.01237931034481229 5738
-0.005180335507925416 0.01282758620688016 5739
-0.005195246971112653 0.01327586206894782 5740
-0.005210158434299972 0.01372413793101798 5741
-0.005225069897487267 0.01417241379308746 5742
-0.005239981360674601 0.01462068965515806 5743
-0.005254892823861939 0.01506896551722879 5744
-0.005269804287049298 0.01551724137929925 5745
-0.005284715750236618 0.01596551724136829 5746
-0.005299627213423942 0.01641379310343921 5747
-0.005314538676611245 0.01686206896550844 5748
-0.005329450139798571 0.01731034482757927 5749
-0.005344361602985873 0.01775862068964861 5750
-0.005359273066173205 0.01820689655171935 5751
-0.005374184529360569 0.01865517241378973 5752
-0.005389095992547841 0.01910344827585944 5753
-0.005404007455735197 0.01955172413792992 5754
-0.004907735321532894 0.007448275862067866 5755
-0.004923578751169343 0.007896551724136017 5756
-0.004939422180805816 0.008344827586204352 5757
-0.004955265610442257 0.008793103448272152 5758
-0.004971109040078667 0.009241379310339332 5759
-0.004986952469715156 0.009689655172407392 5760
-0.005002795899351567 0.01013793103447464 5761
-0.005018639328988024 0.01058620689654222 5762
-0.005034482758624433 0.0110344827586096 5763
-0.005050326188260882 0.01148275862067727 5764
-0.005066169617897292 0.01193103448274465 5765
-0.005082013047533735 0.01237931034481227 5766
-0.005097856477170183 0.01282758620688014 5767
-0.005113699906806626 0.0132758620689478 5768
-0.005129543336443157 0.01372413793101795 5769
-0.005145386766079663 0.01417241379308743 5770
-0.005161230195716208 0.01462068965515803 5771
-0.005177073625352761 0.01506896551722876 5772
-0.005192917054989331 0.01551724137929924 5773
-0.005208760484625859 0.01596551724136829 5774
-0.005224603914262395 0.0164137931034392 5775
-0.00524044734389891 0.01686206896550844 5776
-0.005256290773535453 0.01731034482757926 5777
-0.00527213420317196 0.0177586206896486 5778
-0.005287977632808505 0.01820689655171934 5779
-0.005303821062445082 0.01865517241378974 5780
-0.005319664492081563 0.01910344827585943 5781
-0.005335507921718131 0.01955172413792992 5782
-0.004814072693387585 0.007448275862067863 5783
-0.004830848089473227 0.007896551724136005 5784
-0.004847623485558893 0.008344827586204348 5785
-0.004864398881644527 0.008793103448272143 5786
-0.004881174277730131 0.009241379310339318 5787
-0.004897949673815814 0.009689655172407389 5788
-0.004914725069901417 0.01013793103447463 5789
-0.004931500465987066 0.01058620689654222 5790
-0.004948275862072671 0.01103448275860958 5791
-0.004965051258158311 0.01148275862067726 5792
-0.004981826654243912 0.01193103448274463 5793
-0.004998602050329545 0.01237931034481224 5794
-0.005015377446415191 0.01282758620688011 5795
-0.005032152842500826 0.01327586206894778 5796
-0.005048928238586554 0.01372413793101793 5797
-0.005065703634672256 0.0141724137930874 5798
-0.005082479030758002 0.014620689655158 5799
-0.005099254426843754 0.01506896551722874 5800
-0.005116029822929523 0.01551724137929922 5801
-0.005132805219015245 0.01596551724136829 5802
-0.005149580615100982 0.01641379310343918 5803
-0.005166356011186694 0.01686206896550843 5804
-0.005183131407272433 0.01731034482757926 5805
-0.005199906803358139 0.01775862068964859 5806
-0.005216682199443885 0.01820689655171933 5807
-0.00523345759552966 0.01865517241378974 5808
-0.005250232991615338 0.01910344827585942 5809
-0.005267008387701104 0.01955172413792992 5810
-0.00472041006524238 0.007448275862067861 5811
-0.004738117427777223 0.007896551724135998 5812
-0.004755824790312092 0.008344827586204341 5813
-0.004773532152846924 0.00879310344827213 5814
-0.004791239515381725 0.009241379310339297 5815
-0.004808946877916605 0.009689655172407387 5816
-0.004826654240451408 0.01013793103447462 5817
-0.004844361602986256 0.01058620689654221 5818
-0.00486206896552106 0.01103448275860957 5819
-0.004879776328055897 0.01148275862067724 5820
-0.004897483690590699 0.0119310344827446 5821
-0.004915191053125533 0.01237931034481222 5822
-0.004932898415660374 0.01282758620688008 5823
-0.00495060577819521 0.01327586206894775 5824
-0.004968313140730142 0.0137241379310179 5825
-0.004986020503265047 0.01417241379308738 5826
-0.005003727865799998 0.01462068965515798 5827
-0.005021435228334953 0.01506896551722871 5828
-0.005039142590869927 0.01551724137929921 5829
-0.005056849953404852 0.01596551724136829 5830
-0.005074557315939794 0.01641379310343918 5831
-0.005092264678474705 0.01686206896550843 5832
-0.005109972041009652 0.01731034482757924 5833
-0.00512767940354456 0.01775862068964859 5834
-0.005145386766079511 0.01820689655171931 5835
-0.005163094128614491 0.01865517241378975 5836
-0.00518080149114937 0.01910344827585941 5837
-0.005198508853684341 0.01955172413792992 5838
-0.004626747437097073 0.007448275862067859 5839
-0.004645386766081109 0.007896551724135989 5840
-0.004664026095065171 0.008344827586204336 5841
-0.004682665424049196 0.008793103448272123 5842
-0.00470130475303319 0.009241379310339285 5843
-0.004719944082017266 0.009689655172407384 5844
-0.00473858341100126 0.01013793103447461 5845
-0.004757222739985299 0.01058620689654221 5846
-0.004775862068969293 0.01103448275860955 5847
-0.004794501397953325 0.01148275862067723 5848
-0.00481314072693732 0.01193103448274458 5849
-0.004831780055921345 0.01237931034481219 5850
-0.004850419384905382 0.01282758620688006 5851
-0.004869058713889409 0.01327586206894773 5852
-0.00488769804287354 0.01372413793101788 5853
-0.004906337371857641 0.01417241379308735 5854
-0.004924976700841791 0.01462068965515795 5855
-0.004943616029825947 0.01506896551722868 5856
-0.004962255358810118 0.01551724137929919 5857
-0.00498089468779424 0.01596551724136829 5858
-0.004999534016778382 0.01641379310343917 5859
-0.00501817334576249 0.01686206896550843 5860
-0.005036812674746636 0.01731034482757923 5861
-0.005055452003730742 0.01775862068964858 5862
-0.005074091332714891 0.01820689655171931 5863
-0.005092730661699069 0.01865517241378975 5864
-0.005111369990683145 0.0191034482758594 5865
-0.005130009319667316 0.01955172413792992 5866
-0.00453308480895137 0.007448275862067855 5867
-0.004552656104384623 0.007896551724135982 5868
-0.004572227399817902 0.008344827586204331 5869
-0.004591798695251144 0.008793103448272114 5870
-0.004611369990684352 0.009241379310339269 5871
-0.004630941286117646 0.00968965517240738 5872
-0.004650512581550858 0.0101379310344746 5873
-0.004670083876984111 0.01058620689654221 5874
-0.004689655172417321 0.01103448275860954 5875
-0.004709226467850569 0.01148275862067721 5876
-0.004728797763283782 0.01193103448274456 5877
-0.004748369058717023 0.01237931034481217 5878
-0.004767940354150274 0.01282758620688004 5879
-0.00478751164958352 0.0132758620689477 5880
-0.004807082945016871 0.01372413793101785 5881
-0.004826654240450192 0.01417241379308732 5882
-0.004846225535883564 0.01462068965515792 5883
-0.004865796831316941 0.01506896551722865 5884
-0.004885368126750335 0.01551724137929917 5885
-0.004904939422183672 0.01596551724136829 5886
-0.00492451071761704 0.01641379310343916 5887
-0.004944082013050368 0.01686206896550843 5888
-0.004963653308483736 0.01731034482757923 5889
-0.00498322460391706 0.01775862068964857 5890
-0.005002795899350432 0.0182068965517193 5891
-0.00502236719478383 0.01865517241378976 5892
-0.005041938490217132 0.01910344827585939 5893
-0.005061509785650523 0.01955172413792992 5894
-0.004439422180805608 0.007448275862067853 5895
-0.004459925442688095 0.007896551724135975 5896
-0.004480428704570603 0.008344827586204324 5897
-0.004500931966453074 0.008793103448272102 5898
-0.004521435228335513 0.009241379310339248 5899
-0.00454193849021803 0.009689655172407377 5900
-0.00456244175210047 0.01013793103447459 5901
-0.004582945013982954 0.01058620689654221 5902
-0.004603448275865393 0.01103448275860952 5903
-0.004623951537747869 0.0114827586206772 5904
-0.004644454799630309 0.01193103448274453 5905
-0.00466495806151278 0.01237931034481214 5906
-0.004685461323395262 0.01282758620688002 5907
-0.004705964585277735 0.01327586206894768 5908
-0.004726467847160321 0.01372413793101782 5909
-0.004746971109042877 0.0141724137930873 5910
-0.004767474370925482 0.0146206896551579 5911
-0.004787977632808096 0.01506896551722863 5912
-0.004808480894690721 0.01551724137929916 5913
-0.004828984156573292 0.01596551724136829 5914
-0.004849487418455894 0.01641379310343915 5915
-0.004869990680338453 0.01686206896550842 5916
-0.004890493942221058 0.01731034482757921 5917
-0.004910997204103614 0.01775862068964857 5918
-0.004931500465986222 0.01820689655171929 5919
-0.004952003727868854 0.01865517241378977 5920
-0.004972506989751388 0.01910344827585938 5921
-0.004993010251634012 0.01955172413792992 5922
-0.004345759552659834 0.007448275862067848 5923
-0.004367194780991538 0.007896551724135966 5924
-0.004388630009323262 0.008344827586204319 5925
-0.004410065237654947 0.008793103448272095 5926
-0.004431500465986599 0.009241379310339234 5927
-0.004452935694318333 0.009689655172407373 5928
-0.004474370922649988 0.01013793103447458 5929
-0.004495806150981685 0.0105862068965422 5930
-0.004517241379313338 0.01103448275860951 5931
-0.004538676607645028 0.01148275862067719 5932
-0.004560111835976681 0.01193103448274451 5933
-0.004581547064308368 0.01237931034481212 5934
-0.004602982292640064 0.01282758620687999 5935
-0.004624417520971752 0.01327586206894765 5936
-0.004645852749303556 0.0137241379310178 5937
-0.004667287977635331 0.01417241379308727 5938
-0.004688723205967156 0.01462068965515787 5939
-0.004710158434298989 0.0150689655172286 5940
-0.004731593662630837 0.01551724137929915 5941
-0.004753028890962623 0.01596551724136829 5942
-0.004774464119294448 0.01641379310343914 5943
-0.004795899347626225 0.01686206896550841 5944
-0.00481733457595805 0.0173103448275792 5945
-0.004838769804289825 0.01775862068964856 5946
-0.004860205032621654 0.01820689655171928 5947
-0.004881640260953505 0.01865517241378977 5948
-0.004903075489285257 0.01910344827585938 5949
-0.004924510717617105 0.01955172413792992 5950
-0.004252096924514058 0.007448275862067846 5951
-0.004274464119294968 0.007896551724135958 5952
-0.004296831314075903 0.008344827586204313 5953
-0.004319198508856799 0.008793103448272084 5954
-0.004341565703637656 0.009241379310339215 5955
-0.004363932898418602 0.009689655172407372 5956
-0.004386300093199462 0.01013793103447457 5957
-0.004408667287980369 0.0105862068965422 5958
-0.004431034482761232 0.0110344827586095 5959
-0.004453401677542133 0.01148275862067717 5960
-0.004475768872322992 0.01193103448274448 5961
-0.004498136067103887 0.0123793103448121 5962
-0.004520503261884792 0.01282758620687997 5963
-0.004542870456665691 0.01327586206894763 5964
-0.004565237651446709 0.01372413793101777 5965
-0.004587604846227694 0.01417241379308725 5966
-0.004609972041008737 0.01462068965515784 5967
-0.004632339235789785 0.01506896551722857 5968
-0.004654706430570846 0.01551724137929913 5969
-0.004677073625351844 0.01596551724136829 5970
-0.004699440820132885 0.01641379310343913 5971
-0.004721808014913873 0.01686206896550841 5972
-0.004744175209694916 0.0173103448275792 5973
-0.004766542404475902 0.01775862068964856 5974
-0.004788909599256944 0.01820689655171927 5975
-0.004811276794038012 0.01865517241378978 5976
-0.004833643988818977 0.01910344827585937 5977
-0.004856011183600036 0.01955172413792993 5978
-0.004158434296368277 0.007448275862067844 5979
-0.004181733457598398 0.007896551724135951 5980
-0.004205032618828543 0.008344827586204306 5981
-0.004228331780058649 0.008793103448272074 5982
-0.004251630941288715 0.0092413793103392 5983
-0.00427493010251887 0.009689655172407368 5984
-0.00429822926374894 0.01013793103447456 5985
-0.004321528424979052 0.01058620689654219 5986
-0.004344827586209122 0.01103448275860948 5987
-0.004368126747439233 0.01148275862067717 5988
-0.004391425908669304 0.01193103448274446 5989
-0.004414725069899408 0.01237931034481207 5990
-0.004438024231129522 0.01282758620687994 5991
-0.004461323392359628 0.0132758620689476 5992
-0.004484622553589861 0.01372413793101775 5993
-0.004507921714820061 0.01417241379308722 5994
-0.004531220876050317 0.01462068965515782 5995
-0.004554520037280582 0.01506896551722854 5996
-0.004577819198510857 0.01551724137929911 5997
-0.004601118359741065 0.01596551724136829 5998
-0.004624417520971322 0.01641379310343912 5999
-0.004647716682201523 0.01686206896550841 6000
-0.00467101584343178 0.01731034482757919 6001
-0.00469431500466198 0.01775862068964854 6002
-0.004717614165892238 0.01820689655171926 6003
-0.004740913327122519 0.01865517241378979 6004
-0.0047642124883527 0.01910344827585935 6005
-0.004787511649582974 0.01955172413792993 6006
-0.004064771668222498 0.007448275862067843 6007
-0.004089002795901828 0.007896551724135942 6008
-0.004113233923581185 0.008344827586204303 6009
-0.004137465051260498 0.008793103448272065 6010
-0.004161696178939775 0.009241379310339179 6011
-0.004185927306619138 0.009689655172407366 6012
-0.004210158434298415 0.01013793103447455 6013
-0.004234389561977739 0.01058620689654219 6014
-0.004258620689657016 0.01103448275860946 6015
-0.004282851817336335 0.01148275862067715 6016
-0.004307082945015615 0.01193103448274444 6017
-0.004331314072694926 0.01237931034481205 6018
-0.004355545200374251 0.01282758620687992 6019
-0.004379776328053567 0.01327586206894758 6020
-0.004404007455733014 0.01372413793101773 6021
-0.004428238583412424 0.01417241379308719 6022
-0.004452469711091897 0.01462068965515779 6023
-0.004476700838771375 0.01506896551722851 6024
-0.004500931966450866 0.0155172413792991 6025
-0.004525163094130286 0.01596551724136829 6026
-0.004549394221809759 0.01641379310343911 6027
-0.004573625349489171 0.01686206896550841 6028
-0.004597856477168645 0.01731034482757917 6029
-0.004622087604848056 0.01775862068964855 6030
-0.00464631873252753 0.01820689655171925 6031
-0.004670549860207024 0.0186551724137898 6032
-0.004694780987886416 0.01910344827585934 6033
-0.004719012115565906 0.01955172413792994 6034
-0.00397110904007672 0.007448275862067839 6035
-0.003996272134205261 0.007896551724135933 6036
-0.004021435228333828 0.008344827586204296 6037
-0.004046598322462351 0.008793103448272053 6038
-0.004071761416590832 0.009241379310339165 6039
-0.004096924510719406 0.009689655172407363 6040
-0.004122087604847892 0.01013793103447454 6041
-0.004147250698976424 0.01058620689654219 6042
-0.004172413793104912 0.01103448275860945 6043
-0.004197576887233438 0.01148275862067714 6044
-0.004222739981361928 0.01193103448274442 6045
-0.004247903075490446 0.01237931034481202 6046
-0.004273066169618982 0.01282758620687989 6047
-0.004298229263747505 0.01327586206894756 6048
-0.004323392357876165 0.0137241379310177 6049
-0.004348555452004791 0.01417241379308717 6050
-0.004373718546133477 0.01462068965515776 6051
-0.004398881640262171 0.01506896551722849 6052
-0.004424044734390877 0.01551724137929908 6053
-0.004449207828519508 0.01596551724136829 6054
-0.004474370922648196 0.0164137931034391 6055
-0.00449953401677682 0.01686206896550841 6056
-0.00452469711090551 0.01731034482757917 6057
-0.004549860205034133 0.01775862068964854 6058
-0.004575023299162825 0.01820689655171924 6059
-0.00460018639329153 0.0186551724137898 6060
-0.004625349487420138 0.01910344827585933 6061
-0.00465051258154884 0.01955172413792994 6062
-0.00387744641193094 0.007448275862067835 6063
-0.003903541472508691 0.007896551724135925 6064
-0.003929636533086468 0.008344827586204293 6065
-0.003955731593664202 0.008793103448272046 6066
-0.003981826654241892 0.009241379310339146 6067
-0.004007921714819674 0.009689655172407361 6068
-0.004034016775397369 0.01013793103447453 6069
-0.004060111835975109 0.01058620689654218 6070
-0.004086206896552806 0.01103448275860943 6071
-0.00411230195713054 0.01148275862067713 6072
-0.004138397017708237 0.01193103448274439 6073
-0.004164492078285967 0.012379310344812 6074
-0.00419058713886371 0.01282758620687987 6075
-0.004216682199441444 0.01327586206894753 6076
-0.004242777260019317 0.01372413793101767 6077
-0.004268872320597155 0.01417241379308714 6078
-0.004294967381175058 0.01462068965515773 6079
-0.004321062441752967 0.01506896551722846 6080
-0.004347157502330885 0.01551724137929906 6081
-0.004373252562908729 0.01596551724136829 6082
-0.004399347623486633 0.01641379310343909 6083
-0.00442544268406447 0.0168620689655084 6084
-0.004451537744642373 0.01731034482757916 6085
-0.004477632805220209 0.01775862068964853 6086
-0.004503727865798114 0.01820689655171923 6087
-0.004529822926376036 0.01865517241378981 6088
-0.004555917986953858 0.01910344827585932 6089
-0.004582013047531776 0.01955172413792994 6090
-0.003783783783785189 0.007448275862067835 6091
-0.003810810810812148 0.00789655172413592 6092
-0.003837837837839134 0.008344827586204286 6093
-0.003864864864866076 0.008793103448272036 6094
-0.003891891891892975 0.009241379310339132 6095
-0.003918918918919963 0.009689655172407358 6096
-0.003945945945946865 0.01013793103447452 6097
-0.003972972972973813 0.01058620689654218 6098
-0.004000000000000717 0.01103448275860942 6099
-0.004027027027027661 0.01148275862067711 6100
-0.004054054054054568 0.01193103448274437 6101
-0.004081081081081501 0.01237931034481198 6102
-0.004108108108108455 0.01282758620687984 6103
-0.004135135135135395 0.0132758620689475 6104
-0.004162162162162484 0.01372413793101765 6105
-0.004189189189189533 0.01417241379308711 6106
-0.004216216216216648 0.01462068965515771 6107
-0.004243243243243773 0.01506896551722843 6108
-0.004270270270270906 0.01551724137929905 6109
-0.004297297297297958 0.01596551724136829 6110
-0.004324324324325076 0.01641379310343909 6111
-0.004351351351352126 0.0168620689655084 6112
-0.004378378378379243 0.01731034482757914 6113
-0.004405405405406291 0.01775862068964852 6114
-0.004432432432433411 0.01820689655171922 6115
-0.004459459459460546 0.01865517241378981 6116
-0.004486486486487579 0.01910344827585931 6117
-0.004513513513514712 0.01955172413792994 6118
-0.003690121155639837 0.007448275862067833 6119
-0.003718080149115992 0.007896551724135909 6120
-0.003746039142592174 0.008344827586204282 6121
-0.00377399813606831 0.008793103448272025 6122
-0.003801957129544399 0.009241379310339111 6123
-0.003829916123020584 0.009689655172407352 6124
-0.00385787511649668 0.01013793103447451 6125
-0.00388583410997282 0.01058620689654217 6126
-0.003913793103448917 0.01103448275860941 6127
-0.003941752096925055 0.0114827586206771 6128
-0.003969711090401153 0.01193103448274434 6129
-0.003997670083877285 0.01237931034481195 6130
-0.004025629077353428 0.01282758620687982 6131
-0.004053588070829564 0.01327586206894748 6132
-0.004081547064305851 0.01372413793101762 6133
-0.004109506057782095 0.01417241379308709 6134
-0.004137465051258411 0.01462068965515768 6135
-0.004165424044734738 0.0150689655172284 6136
-0.00419338303821107 0.01551724137929903 6137
-0.004221342031687317 0.01596551724136829 6138
-0.004249301025163637 0.01641379310343907 6139
-0.004277260018639881 0.0168620689655084 6140
-0.0043052190121162 0.01731034482757914 6141
-0.004333178005592445 0.01775862068964851 6142
-0.004361136999068765 0.01820689655171922 6143
-0.004389095992545099 0.01865517241378982 6144
-0.00441705498602133 0.01910344827585931 6145
-0.004445013979497659 0.01955172413792994 6146
-0.003596458527494629 0.007448275862067828 6147
-0.003625349487419978 0.007896551724135902 6148
-0.00365424044734535 0.008344827586204277 6149
-0.003683131407270679 0.008793103448272015 6150
-0.003712022367195961 0.009241379310339096 6151
-0.003740913327121338 0.009689655172407351 6152
-0.003769804287046625 0.0101379310344745 6153
-0.003798695246971958 0.01058620689654217 6154
-0.003827586206897248 0.01103448275860939 6155
-0.003856477166822578 0.01148275862067708 6156
-0.003885368126747868 0.01193103448274432 6157
-0.003914259086673191 0.01237931034481193 6158
-0.003943150046598529 0.01282758620687979 6159
-0.003972041006523855 0.01327586206894745 6160
-0.00400093196644934 0.01372413793101759 6161
-0.004029822926374782 0.01417241379308706 6162
-0.004058713886300297 0.01462068965515765 6163
-0.004087604846225821 0.01506896551722838 6164
-0.004116495806151349 0.01551724137929902 6165
-0.004145386766076793 0.01596551724136829 6166
-0.004174277726002311 0.01641379310343907 6167
-0.004203168685927752 0.0168620689655084 6168
-0.00423205964585327 0.01731034482757913 6169
-0.004260950605778711 0.01775862068964852 6170
-0.00428984156570423 0.0182068965517192 6171
-0.004318732525629761 0.01865517241378982 6172
-0.004347623485555191 0.0191034482758593 6173
-0.004376514445480717 0.01955172413792994 6174
-0.003502795899349376 0.007448275862067825 6175
-0.003532618825723935 0.007896551724135894 6176
-0.003562441752098519 0.008344827586204268 6177
-0.003592264678473055 0.008793103448272005 6178
-0.003622087604847547 0.009241379310339075 6179
-0.003651910531222133 0.009689655172407351 6180
-0.003681733457596629 0.01013793103447449 6181
-0.003711556383971169 0.01058620689654216 6182
-0.003741379310345666 0.01103448275860938 6183
-0.003771202236720205 0.01148275862067707 6184
-0.003801025163094703 0.01193103448274429 6185
-0.003830848089469236 0.01237931034481191 6186
-0.003860671015843783 0.01282758620687977 6187
-0.003890493942218319 0.01327586206894743 6188
-0.003920316868593017 0.01372413793101757 6189
-0.003950139794967672 0.01417241379308704 6190
-0.003979962721342403 0.01462068965515763 6191
-0.004009785647717141 0.01506896551722835 6192
-0.004039608574091883 0.01551724137929901 6193
-0.004069431500466537 0.01596551724136829 6194
-0.004099254426841272 0.01641379310343906 6195
-0.004129077353215924 0.01686206896550839 6196
-0.004158900279590659 0.01731034482757911 6197
-0.004188723205965311 0.0177586206896485 6198
-0.004218546132340044 0.01820689655171919 6199
-0.004248369058714788 0.01865517241378984 6200
-0.004278191985089433 0.01910344827585928 6201
-0.004308014911464176 0.01955172413792994 6202
-0.003409133271203716 0.007448275862067823 6203
-0.003439888164027493 0.007896551724135885 6204
-0.003470643056851298 0.008344827586204265 6205
-0.003501397949675055 0.008793103448271998 6206
-0.003532152842498762 0.009241379310339061 6207
-0.003562907735322568 0.009689655172407347 6208
-0.003593662628146281 0.01013793103447448 6209
-0.00362441752097004 0.01058620689654216 6210
-0.003655172413793756 0.01103448275860937 6211
-0.003685927306617512 0.01148275862067706 6212
-0.003716682199441231 0.01193103448274428 6213
-0.00374743709226498 0.01237931034481188 6214
-0.003778191985088746 0.01282758620687974 6215
-0.0038089468779125 0.0132758620689474 6216
-0.003839701770736424 0.01372413793101755 6217
-0.003870456663560301 0.01417241379308701 6218
-0.003901211556384255 0.0146206896551576 6219
-0.003931966449208218 0.01506896551722832 6220
-0.003962721342032184 0.01551724137929899 6221
-0.003993476234856061 0.01596551724136829 6222
-0.004024231127680021 0.01641379310343905 6223
-0.004054986020503894 0.01686206896550839 6224
-0.004085740913327853 0.01731034482757911 6225
-0.004116495806151728 0.0177586206896485 6226
-0.004147250698975689 0.01820689655171918 6227
-0.004178005591799656 0.01865517241378984 6228
-0.004208760484623522 0.01910344827585927 6229
-0.004239515377447489 0.01955172413792994 6230
-0.003315470643057936 0.007448275862067822 6231
-0.003347157502330925 0.00789655172413588 6232
-0.003378844361603938 0.008344827586204258 6233
-0.003410531220876905 0.008793103448271987 6234
-0.003442218080149822 0.009241379310339049 6235
-0.003473904939422836 0.009689655172407344 6236
-0.003505591798695756 0.01013793103447447 6237
-0.003537278657968725 0.01058620689654216 6238
-0.00356896551724165 0.01103448275860935 6239
-0.003600652376514614 0.01148275862067705 6240
-0.003632339235787541 0.01193103448274425 6241
-0.0036640260950605 0.01237931034481186 6242
-0.003695712954333476 0.01282758620687972 6243
-0.003727399813606438 0.01327586206894738 6244
-0.003759086672879575 0.01372413793101752 6245
-0.003790773532152665 0.01417241379308698 6246
-0.003822460391425835 0.01462068965515757 6247
-0.003854147250699013 0.01506896551722829 6248
-0.003885834109972194 0.01551724137929897 6249
-0.003917520969245282 0.01596551724136828 6250
-0.003949207828518458 0.01641379310343904 6251
-0.003980894687791543 0.01686206896550839 6252
-0.004012581547064719 0.0173103448275791 6253
-0.004044268406337806 0.01775862068964849 6254
-0.00407595526561098 0.01820689655171917 6255
-0.004107642124884162 0.01865517241378984 6256
-0.004139328984157242 0.01910344827585926 6257
-0.004171015843430422 0.01955172413792995 6258
-0.003221808014912159 0.007448275862067818 6259
-0.003254426840634358 0.007896551724135868 6260
-0.003287045666356582 0.008344827586204251 6261
-0.003319664492078757 0.008793103448271979 6262
-0.003352283317800882 0.009241379310339026 6263
-0.003384902143523105 0.009689655172407339 6264
-0.003417520969245235 0.01013793103447446 6265
-0.00345013979496741 0.01058620689654216 6266
-0.003482758620689545 0.01103448275860934 6267
-0.003515377446411718 0.01148275862067703 6268
-0.003547996272133853 0.01193103448274422 6269
-0.003580615097856021 0.01237931034481184 6270
-0.003613233923578207 0.0128275862068797 6271
-0.003645852749300378 0.01327586206894736 6272
-0.003678471575022729 0.01372413793101749 6273
-0.003711090400745032 0.01417241379308696 6274
-0.003743709226467416 0.01462068965515755 6275
-0.00377632805218981 0.01506896551722826 6276
-0.003808946877912206 0.01551724137929896 6277
-0.003841565703634504 0.01596551724136829 6278
-0.003874184529356896 0.01641379310343903 6279
-0.003906803355079194 0.01686206896550839 6280
-0.003939422180801583 0.01731034482757909 6281
-0.003972041006523882 0.01775862068964849 6282
-0.004004659832246272 0.01820689655171916 6283
-0.004037278657968669 0.01865517241378985 6284
-0.004069897483690964 0.01910344827585925 6285
-0.004102516309413357 0.01955172413792995 6286
-0.003128145386766379 0.007448275862067817 6287
-0.003161696178937788 0.007896551724135861 6288
-0.003195246971109223 0.008344827586204247 6289
-0.003228797763280607 0.00879310344827197 6290
-0.003262348555451941 0.009241379310339014 6291
-0.003295899347623372 0.009689655172407335 6292
-0.00332945013979471 0.01013793103447445 6293
-0.003363000931966095 0.01058620689654215 6294
-0.003396551724137436 0.01103448275860932 6295
-0.003430102516308821 0.01148275862067702 6296
-0.003463653308480164 0.0119310344827442 6297
-0.003497204100651539 0.01237931034481181 6298
-0.003530754892822935 0.01282758620687968 6299
-0.003564305684994315 0.01327586206894733 6300
-0.003597856477165881 0.01372413793101747 6301
-0.003631407269337396 0.01417241379308693 6302
-0.003664958061508995 0.01462068965515752 6303
-0.003698508853680605 0.01506896551722824 6304
-0.003732059645852215 0.01551724137929894 6305
-0.003765610438023724 0.01596551724136829 6306
-0.003799161230195333 0.01641379310343902 6307
-0.003832712022366842 0.01686206896550838 6308
-0.003866262814538447 0.01731034482757908 6309
-0.003899813606709959 0.01775862068964847 6310
-0.003933364398881565 0.01820689655171915 6311
-0.003966915191053176 0.01865517241378986 6312
-0.004000465983224682 0.01910344827585924 6313
-0.004034016775396291 0.01955172413792995 6314
-0.00287477313974604 0.007448275862067815 6315
-0.002907441016333975 0.007896551724135854 6316
-0.002940108892921936 0.008344827586204242 6317
-0.002972776769509847 0.008793103448271958 6318
-0.003005444646097709 0.009241379310338997 6319
-0.003038112522685666 0.00968965517240734 6320
-0.003070780399273532 0.01013793103447444 6321
-0.003103448275861444 0.01058620689654215 6322
-0.003136116152449314 0.01103448275860931 6323
-0.003168784029037224 0.01148275862067701 6324
-0.003201451905625097 0.01193103448274418 6325
-0.003234119782212999 0.01237931034481179 6326
-0.003266787658800921 0.01282758620687965 6327
-0.003299455535388829 0.01327586206894731 6328
-0.003332123411976916 0.01372413793101744 6329
-0.003364791288564955 0.01417241379308691 6330
-0.003397459165153075 0.01462068965515749 6331
-0.003430127041741205 0.01506896551722821 6332
-0.003462794918329334 0.01551724137929893 6333
-0.003495462794917367 0.0159655172413683 6334
-0.003528130671505498 0.01641379310343902 6335
-0.003560798548093529 0.01686206896550839 6336
-0.003593466424681658 0.01731034482757908 6337
-0.003626134301269692 0.01775862068964848 6338
-0.003658802177857819 0.01820689655171916 6339
-0.003691470054445949 0.01865517241378988 6340
-0.003724137931033981 0.01910344827585924 6341
-0.00375680580762211 0.01955172413792996 6342
-0.002715063520871746 0.007448275862067813 6343
-0.00274591651542701 0.007896551724135854 6344
-0.002776769509982296 0.008344827586204239 6345
-0.002807622504537537 0.00879310344827196 6346
-0.002838475499092731 0.009241379310338997 6347
-0.002869328493648015 0.00968965517240734 6348
-0.002900181488203214 0.01013793103447444 6349
-0.002931034482758454 0.01058620689654215 6350
-0.002961887477313656 0.01103448275860931 6351
-0.002992740471868896 0.01148275862067701 6352
-0.0030235934664241 0.01193103448274418 6353
-0.003054446460979333 0.01237931034481178 6354
-0.003085299455534584 0.01282758620687964 6355
-0.003116152450089821 0.0132758620689473 6356
-0.003147005444645228 0.01372413793101744 6357
-0.003177858439200589 0.01417241379308691 6358
-0.003208711433756027 0.01462068965515749 6359
-0.003239564428311474 0.01506896551722821 6360
-0.003270417422866922 0.01551724137929893 6361
-0.003301270417422277 0.0159655172413683 6362
-0.003332123411977723 0.01641379310343902 6363
-0.003362976406533079 0.01686206896550839 6364
-0.003393829401088524 0.01731034482757908 6365
-0.003424682395643882 0.01775862068964849 6366
-0.003455535390199327 0.01820689655171916 6367
-0.003486388384754773 0.01865517241378988 6368
-0.003517241379310128 0.01910344827585924 6369
-0.003548094373865575 0.01955172413792996 6370
-0.002555353901997367 0.007448275862067811 6371
-0.002584392014519996 0.007896551724135852 6372
-0.002613430127042646 0.008344827586204235 6373
-0.002642468239565254 0.008793103448271956 6374
-0.002671506352087817 0.009241379310338995 6375
-0.002700544464610465 0.009689655172407344 6376
-0.002729582577133032 0.01013793103447444 6377
-0.002758620689655639 0.01058620689654215 6378
-0.00278765880217821 0.01103448275860931 6379
-0.002816696914700817 0.01148275862067701 6380
-0.002845735027223389 0.01193103448274418 6381
-0.002874773139745989 0.01237931034481178 6382
-0.002903811252268604 0.01282758620687964 6383
-0.002932849364791209 0.0132758620689473 6384
-0.002961887477313973 0.01372413793101744 6385
-0.002990925589836693 0.01417241379308691 6386
-0.003019963702359486 0.01462068965515749 6387
-0.003049001814882288 0.01506896551722821 6388
-0.00307803992740509 0.01551724137929893 6389
-0.003107078039927804 0.01596551724136829 6390
-0.003136116152450606 0.01641379310343901 6391
-0.003165154264973321 0.01686206896550838 6392
-0.00319419237749612 0.01731034482757908 6393
-0.003223230490018836 0.01775862068964849 6394
-0.003252268602541635 0.01820689655171916 6395
-0.003281306715064438 0.01865517241378988 6396
-0.003310344827587151 0.01910344827585924 6397
-0.003339382940109952 0.01955172413792996 6398
-0.002395644283122373 0.007448275862067812 6399
-0.002422867513612358 0.007896551724135852 6400
-0.002450090744102362 0.00834482758620423 6401
-0.002477313974592327 0.008793103448271954 6402
-0.00250453720508225 0.009241379310338997 6403
-0.002531760435572252 0.009689655172407344 6404
-0.002558983666062177 0.01013793103447444 6405
-0.002586206896552143 0.01058620689654215 6406
-0.002613430127042072 0.01103448275860931 6407
-0.002640653357532035 0.011482758620677 6408
-0.002667876588021967 0.01193103448274417 6409
-0.002695099818511924 0.01237931034481178 6410
-0.002722323049001898 0.01282758620687963 6411
-0.002749546279491857 0.0132758620689473 6412
-0.002776769509981968 0.01372413793101744 6413
-0.002803992740472039 0.01417241379308691 6414
-0.002831215970962178 0.01462068965515749 6415
-0.002858439201452324 0.01506896551722821 6416
-0.002885662431942471 0.01551724137929893 6417
-0.002912885662432535 0.01596551724136829 6418
-0.002940108892922681 0.01641379310343901 6419
-0.002967332123412745 0.01686206896550838 6420
-0.00299455535390289 0.01731034482757908 6421
-0.003021778584392956 0.01775862068964849 6422
-0.0030490018148831 0.01820689655171915 6423
-0.003076225045373246 0.01865517241378988 6424
-0.003103448275863311 0.01910344827585924 6425
-0.003130671506353457 0.01955172413792996 6426
-0.002235934664248068 0.007448275862067812 6427
-0.002261343012705369 0.007896551724135847 6428
-0.002286751361162691 0.008344827586204232 6429
-0.002312159709619973 0.008793103448271953 6430
-0.002337568058077218 0.009241379310338997 6431
-0.002362976406534536 0.009689655172407349 6432
-0.002388384754991785 0.01013793103447444 6433
-0.002413793103449066 0.01058620689654215 6434
-0.002439201451906318 0.01103448275860931 6435
-0.0024646098003636 0.011482758620677 6436
-0.002490018148820852 0.01193103448274417 6437
-0.002515426497278128 0.01237931034481177 6438
-0.002540834845735421 0.01282758620687963 6439
-0.002566243194192699 0.01327586206894729 6440
-0.002591651542650119 0.01372413793101743 6441
-0.002617059891107501 0.01417241379308691 6442
-0.002642468239564946 0.01462068965515749 6443
-0.002667876588022399 0.01506896551722821 6444
-0.002693284936479852 0.01551724137929893 6445
-0.002718693284937228 0.01596551724136829 6446
-0.002744101633394682 0.01641379310343901 6447
-0.002769509981852058 0.01686206896550838 6448
-0.002794918330309509 0.01731034482757908 6449
-0.002820326678766888 0.01775862068964849 6450
-0.002845735027224338 0.01820689655171916 6451
-0.002871143375681792 0.01865517241378988 6452
-0.002896551724139168 0.01910344827585924 6453
-0.002921960072596621 0.01955172413792996 6454
-0.002076225045373806 0.00744827586206781 6455
-0.002099818511798434 0.007896551724135847 6456
-0.00212341197822308 0.008344827586204228 6457
-0.00214700544464769 0.008793103448271949 6458
-0.002170598911072264 0.009241379310338999 6459
-0.002194192377496908 0.009689655172407351 6460
-0.002217785843921485 0.01013793103447445 6461
-0.002241379310346095 0.01058620689654215 6462
-0.002264972776770677 0.01103448275860931 6463
-0.002288566243195285 0.011482758620677 6464
-0.002312159709619867 0.01193103448274417 6465
-0.002335753176044471 0.01237931034481177 6466
-0.002359346642469089 0.01282758620687963 6467
-0.002382940108893696 0.01327586206894728 6468
-0.002406533575318434 0.01372413793101743 6469
-0.002430127041743135 0.01417241379308691 6470
-0.002453720508167898 0.01462068965515749 6471
-0.002477313974592665 0.01506896551722821 6472
-0.002500907441017433 0.01551724137929893 6473
-0.00252450090744213 0.01596551724136829 6474
-0.002548094373866899 0.01641379310343901 6475
-0.002571687840291596 0.01686206896550838 6476
-0.002595281306716363 0.01731034482757908 6477
-0.002618874773141062 0.01775862068964849 6478
-0.002642468239565828 0.01820689655171916 6479
-0.002666061705990597 0.01865517241378988 6480
-0.002689655172415293 0.01910344827585924 6481
-0.002713248638840062 0.01955172413792996 6482
-0.001916515426500158 0.007448275862067808 6483
-0.001938294010892125 0.007896551724135843 6484
-0.001960072595284109 0.008344827586204225 6485
-0.001981851179676059 0.008793103448271949 6486
-0.002003629764067978 0.009241379310339 6487
-0.002025408348459958 0.009689655172407351 6488
-0.002047186932851879 0.01013793103447445 6489
-0.00206896551724383 0.01058620689654215 6490
-0.002090744101635754 0.01103448275860931 6491
-0.002112522686027703 0.011482758620677 6492
-0.002134301270419628 0.01193103448274416 6493
-0.002156079854811573 0.01237931034481177 6494
-0.002177858439203531 0.01282758620687962 6495
-0.00219963702359548 0.01327586206894728 6496
-0.002221415607987548 0.01372413793101743 6497
-0.002243194192379584 0.01417241379308691 6498
-0.002264972776771674 0.01462068965515749 6499
-0.00228675136116377 0.01506896551722821 6500
-0.002308529945555867 0.01551724137929893 6501
-0.002330308529947899 0.01596551724136829 6502
-0.002352087114339995 0.01641379310343901 6503
-0.002373865698732026 0.01686206896550838 6504
-0.002395644283124122 0.01731034482757908 6505
-0.002417422867516155 0.01775862068964849 6506
-0.002439201451908249 0.01820689655171916 6507
-0.002460980036300345 0.01865517241378988 6508
-0.002482758620692377 0.01910344827585924 6509
-0.002504537205084473 0.01955172413792996 6510
-0.001756805807625827 0.007448275862067807 6511
-0.001776769509985164 0.007896551724135841 6512
-0.001796733212344517 0.008344827586204223 6513
-0.001816696914703839 0.008793103448271947 6514
-0.001836660617063131 0.009241379310338999 6515
-0.001856624319422482 0.009689655172407354 6516
-0.001876588021781776 0.01013793103447445 6517
-0.001896551724141099 0.01058620689654215 6518
-0.001916515426500396 0.01103448275860931 6519
-0.001936479128859719 0.011482758620677 6520
-0.001956442831219016 0.01193103448274416 6521
-0.001976406533578334 0.01237931034481176 6522
-0.001996370235937663 0.01282758620687962 6523
-0.002016333938296983 0.01327586206894728 6524
-0.002036297640656413 0.01372413793101743 6525
-0.002056261343015813 0.01417241379308691 6526
-0.002076225045375262 0.01462068965515749 6527
-0.00209618874773472 0.01506896551722821 6528
-0.002116152450094175 0.01551724137929893 6529
-0.002136116152453571 0.01596551724136829 6530
-0.002156079854813027 0.01641379310343901 6531
-0.002176043557172423 0.01686206896550838 6532
-0.002196007259531878 0.01731034482757908 6533
-0.002215970961891275 0.01775862068964849 6534
-0.00223593466425073 0.01820689655171916 6535
-0.002255898366610186 0.01865517241378988 6536
-0.002275862068969582 0.01910344827585925 6537
-0.002295825771329038 0.01955172413792996 6538
-0.001597096188751454 0.007448275862067806 6539
-0.001615245009078126 0.007896551724135841 6540
-0.001633393829404812 0.00834482758620422 6541
-0.00165154264973147 0.008793103448271944 6542
-0.001669691470058101 0.009241379310338997 6543
-0.001687840290384784 0.009689655172407354 6544
-0.001705989110711418 0.01013793103447445 6545
-0.001724137931038077 0.01058620689654215 6546
-0.001742286751364713 0.01103448275860931 6547
-0.001760435571691369 0.011482758620677 6548
-0.001778584392018006 0.01193103448274416 6549
-0.00179673321234466 0.01237931034481176 6550
-0.001814882032671324 0.01282758620687961 6551
-0.00183303085299798 0.01327586206894727 6552
-0.001851179673324737 0.01372413793101743 6553
-0.001869328493651465 0.0141724137930869 6554
-0.001887477313978239 0.01462068965515749 6555
-0.00190562613430502 0.01506896551722821 6556
-0.0019237749546318 0.01551724137929892 6557
-0.001941923774958526 0.01596551724136829 6558
-0.001960072595285305 0.01641379310343901 6559
-0.001978221415612031 0.01686206896550838 6560
-0.001996370235938809 0.01731034482757908 6561
-0.002014519056265536 0.01775862068964849 6562
-0.002032667876592315 0.01820689655171916 6563
-0.002050816696919093 0.01865517241378988 6564
-0.002068965517245819 0.01910344827585924 6565
-0.0020871143375726 0.01955172413792996 6566
-0.001437386569876613 0.007448275862067804 6567
-0.001453720508170621 0.007896551724135841 6568
-0.001470054446464641 0.008344827586204218 6569
-0.001486388384758638 0.00879310344827194 6570
-0.001502722323052609 0.009241379310338999 6571
-0.001519056261346628 0.009689655172407358 6572
-0.001535390199640601 0.01013793103447445 6573
-0.001551724137934597 0.01058620689654215 6574
-0.001568058076228573 0.01103448275860931 6575
-0.001584392014522569 0.011482758620677 6576
-0.001600725952816545 0.01193103448274416 6577
-0.001617059891110537 0.01237931034481175 6578
-0.001633393829404538 0.01282758620687961 6579
-0.001649727767698532 0.01327586206894727 6580
-0.001666061705992616 0.01372413793101742 6581
-0.001682395644286676 0.0141724137930869 6582
-0.001698729582580777 0.01462068965515749 6583
-0.001715063520874882 0.01506896551722821 6584
-0.001731397459168988 0.01551724137929892 6585
-0.001747731397463044 0.01596551724136829 6586
-0.00176406533575715 0.01641379310343901 6587
-0.001780399274051206 0.01686206896550838 6588
-0.001796733212345311 0.01731034482757908 6589
-0.001813067150639368 0.01775862068964849 6590
-0.001829401088933472 0.01820689655171916 6591
-0.001845735027227577 0.01865517241378988 6592
-0.001862068965521633 0.01910344827585924 6593
-0.001878402903815739 0.01955172413792996 6594
-0.001277676951001515 0.007448275862067804 6595
-0.001292196007262867 0.007896551724135838 6596
-0.00130671506352423 0.008344827586204218 6597
-0.00132123411978557 0.00879310344827194 6598
-0.00133575317604689 0.009241379310339 6599
-0.001350272232308251 0.009689655172407363 6600
-0.001364791288569572 0.01013793103447445 6601
-0.001379310344830913 0.01058620689654215 6602
-0.001393829401092236 0.01103448275860931 6603
-0.001408348457353576 0.01148275862067699 6604
-0.001422867513614901 0.01193103448274416 6605
-0.001437386569876237 0.01237931034481175 6606
-0.001451905626137583 0.01282758620687961 6607
-0.001466424682398922 0.01327586206894727 6608
-0.001480943738660341 0.01372413793101742 6609
-0.001495462794921739 0.0141724137930869 6610
-0.001509981851183173 0.01462068965515749 6611
-0.001524500907444611 0.01506896551722821 6612
-0.001539019963706049 0.01551724137929892 6613
-0.001553539019967444 0.01596551724136829 6614
-0.001568058076228882 0.01641379310343901 6615
-0.001582577132490277 0.01686206896550838 6616
-0.001597096188751714 0.01731034482757909 6617
-0.00161161524501311 0.01775862068964849 6618
-0.001626134301274546 0.01820689655171916 6619
-0.001640653357535985 0.01865517241378988 6620
-0.00165517241379738 0.01910344827585924 6621
-0.001669691470058818 0.01955172413792996 6622
-0.001117967332126355 0.007448275862067805 6623
-0.001130671506355027 0.007896551724135836 6624
-0.00114337568058371 0.008344827586204213 6625
-0.001156079854812373 0.008793103448271937 6626
-0.001168784029041017 0.009241379310339 6627
-0.001181488203269699 0.009689655172407361 6628
-0.001194192377498345 0.01013793103447445 6629
-0.001206896551727008 0.01058620689654215 6630
-0.001219600725955656 0.01103448275860931 6631
-0.001232304900184319 0.01148275862067699 6632
-0.001245009074412967 0.01193103448274415 6633
-0.001257713248641627 0.01237931034481175 6634
-0.001270417422870294 0.0128275862068796 6635
-0.001283121597098956 0.01327586206894726 6636
-0.001295825771327688 0.01372413793101742 6637
-0.001308529945556401 0.0141724137930869 6638
-0.001321234119785146 0.01462068965515749 6639
-0.001333938294013894 0.01506896551722821 6640
-0.001346642468242643 0.01551724137929892 6641
-0.001359346642471353 0.01596551724136829 6642
-0.001372050816700102 0.01641379310343901 6643
-0.001384754990928812 0.01686206896550838 6644
-0.001397459165157559 0.01731034482757908 6645
-0.001410163339386271 0.01775862068964849 6646
-0.001422867513615018 0.01820689655171916 6647
-0.001435571687843766 0.01865517241378988 6648
-0.001448275862072477 0.01910344827585924 6649
-0.001460980036301225 0.01955172413792996 6650
-0.0009582577132510671 0.007448275862067802 6651
-0.0009691470054470754 0.007896551724135835 6652
-0.0009800362976430919 0.008344827586204209 6653
-0.0009909255898390922 0.008793103448271939 6654
-0.001001814882035075 0.009241379310339 6655
-0.001012704174231091 0.009689655172407365 6656
-0.001023593466427076 0.01013793103447446 6657
-0.001034482758623076 0.01058620689654215 6658
-0.001045372050819063 0.0110344827586093 6659
-0.001056261343015062 0.01148275862067699 6660
-0.00106715063521105 0.01193103448274415 6661
-0.001078039927407048 0.01237931034481174 6662
-0.001088929219603051 0.0128275862068796 6663
-0.00109981851179905 0.01327586206894726 6664
-0.001110707803995109 0.01372413793101742 6665
-0.001121597096191151 0.0141724137930869 6666
-0.001132486388387221 0.01462068965515749 6667
-0.001143375680583294 0.01506896551722821 6668
-0.001154264972779367 0.01551724137929892 6669
-0.001165154264975408 0.01596551724136829 6670
-0.001176043557171481 0.016413793103439 6671
-0.001186932849367521 0.01686206896550838 6672
-0.001197822141563594 0.01731034482757909 6673
-0.001208711433759635 0.01775862068964849 6674
-0.001219600725955707 0.01820689655171916 6675
-0.00123049001815178 0.01865517241378988 6676
-0.00124137931034782 0.01910344827585924 6677
-0.001252268602543893 0.01955172413792996 6678
-0.0007985480943757811 0.007448275862067801 6679
-0.00080762250453913 0.007896551724135833 6680
-0.0008166969147024855 0.008344827586204211 6681
-0.0008257713248658275 0.008793103448271935 6682
-0.0008348457350291555 0.009241379310338999 6683
-0.0008439201451925103 0.009689655172407368 6684
-0.0008529945553558399 0.01013793103447446 6685
-0.0008620689655191817 0.01058620689654216 6686
-0.0008711433756825124 0.0110344827586093 6687
-0.0008802177858458543 0.01148275862067699 6688
-0.0008892921960091853 0.01193103448274415 6689
-0.0008983666061725249 0.01237931034481174 6690
-0.0009074410163358698 0.01282758620687959 6691
-0.0009165154264992105 0.01327586206894726 6692
-0.0009255898366626015 0.01372413793101742 6693
-0.0009346642468259791 0.0141724137930869 6694
-0.0009437386569893789 0.01462068965515749 6695
-0.0009528130671527819 0.01506896551722821 6696
-0.0009618874773161847 0.01551724137929892 6697
-0.0009709618874795599 0.01596551724136829 6698
-0.0009800362976429627 0.016413793103439 6699
-0.0009891107078063384 0.01686206896550838 6700
-0.0009981851179697403 0.01731034482757909 6701
-0.001007259528133117 0.01775862068964849 6702
-0.001016333938296518 0.01820689655171916 6703
-0.001025408348459921 0.01865517241378988 6704
-0.001034482758623297 0.01910344827585924 6705
-0.001043557168786699 0.01955172413792996 6706
-0.0006388384755010303 0.007448275862067802 6707
-0.0006460980036316829 0.007896551724135829 6708
-0.0006533575317623409 0.008344827586204208 6709
-0.0006606170598929881 0.008793103448271935 6710
-0.0006678765880236242 0.009241379310338999 6711
-0.0006751361161542815 0.00968965517240737 6712
-0.0006823956442849187 0.01013793103447446 6713
-0.0006896551724155657 0.01058620689654216 6714
-0.0006969147005462039 0.0110344827586093 6715
-0.000704174228676851 0.01148275862067698 6716
-0.0007114337568074898 0.01193103448274415 6717
-0.0007186932849381346 0.01237931034481174 6718
-0.0007259528130687842 0.01282758620687958 6719
-0.0007332123411994305 0.01327586206894725 6720
-0.0007404718693301169 0.01372413793101742 6721
-0.0007477313974607923 0.0141724137930869 6722
-0.0007549909255914857 0.01462068965515748 6723
-0.0007622504537221816 0.0150689655172282 6724
-0.0007695099818528775 0.01551724137929892 6725
-0.0007767695099835514 0.01596551724136829 6726
-0.0007840290381142471 0.016413793103439 6727
-0.0007912885662449211 0.01686206896550837 6728
-0.0007985480943756163 0.01731034482757909 6729
-0.0008058076225062911 0.01775862068964849 6730
-0.0008130671506369858 0.01820689655171917 6731
-0.0008203266787676819 0.01865517241378988 6732
-0.0008275862068983558 0.01910344827585925 6733
-0.0008348457350290514 0.01955172413792996 6734
-0.0004791288566256237 0.0074482758620678 6735
-0.0004845735027236334 0.007896551724135831 6736
-0.0004900181488216473 0.008344827586204204 6737
-0.000495462794919653 0.008793103448271932 6738
-0.0005009074410176504 0.009241379310339 6739
-0.0005063520871156637 0.009689655172407372 6740
-0.000511796733213662 0.01013793103447446 6741
-0.0005172413793116676 0.01058620689654215 6742
-0.0005226860254096665 0.0110344827586093 6743
-0.0005281306715076721 0.01148275862067699 6744
-0.0005335753176056709 0.01193103448274414 6745
-0.0005390199637036752 0.01237931034481173 6746
-0.000544464609801683 0.01282758620687958 6747
-0.000549909255899688 0.01327586206894724 6748
-0.000555353901997723 0.01372413793101741 6749
-0.0005607985480957496 0.0141724137930869 6750
-0.0005662431941937905 0.01462068965515748 6751
-0.0005716878402918325 0.0150689655172282 6752
-0.0005771324863898746 0.01551724137929892 6753
-0.0005825771324879003 0.01596551724136829 6754
-0.0005880217785859427 0.016413793103439 6755
-0.0005934664246839685 0.01686206896550837 6756
-0.0005989110707820103 0.01731034482757909 6757
-0.0006043557168800366 0.01775862068964849 6758
-0.0006098003629780781 0.01820689655171917 6759
-0.00061524500907612 0.01865517241378988 6760
-0.000620689655174146 0.01910344827585924 6761
-0.0006261343012721881 0.01955172413792996 6762
-0.0003194192377501881 0.007448275862067799 6763
-0.0003230490018155259 0.007896551724135826 6764
-0.0003266787658808665 0.008344827586204204 6765
-0.0003303085299462017 0.008793103448271928 6766
-0.0003339382940115314 0.009241379310339 6767
-0.0003375680580768717 0.009689655172407372 6768
-0.0003411978221422019 0.01013793103447446 6769
-0.000344827586207537 0.01058620689654216 6770
-0.0003484573502728677 0.0110344827586093 6771
-0.0003520871143382027 0.01148275862067698 6772
-0.0003557168784035337 0.01193103448274414 6773
-0.000359346642468868 0.01237931034481173 6774
-0.0003629764065342043 0.01282758620687958 6775
-0.000366606170599539 0.01327586206894724 6776
-0.0003702359346648937 0.01372413793101741 6777
-0.0003738656987302432 0.0141724137930869 6778
-0.0003774954627956015 0.01462068965515748 6779
-0.0003811252268609611 0.0150689655172282 6780
-0.0003847549909263203 0.01551724137929892 6781
-0.0003883847549916691 0.01596551724136828 6782
-0.0003920145190570286 0.016413793103439 6783
-0.0003956442831223771 0.01686206896550837 6784
-0.0003992740471877365 0.01731034482757909 6785
-0.0004029038112530853 0.01775862068964849 6786
-0.0004065335753184444 0.01820689655171917 6787
-0.0004101633393838039 0.01865517241378988 6788
-0.0004137931034491525 0.01910344827585925 6789
-0.0004174228675145119 0.01955172413792996 6790
-0.0001597096188754284 0.007448275862067796 6791
-0.000161524500908093 0.007896551724135828 6792
-0.000163339382940759 0.008344827586204199 6793
-0.0001651542649734224 0.008793103448271928 6794
-0.0001669691470060828 0.009241379310338999 6795
-0.0001687840290387486 0.009689655172407377 6796
-0.0001705989110714094 0.01013793103447446 6797
-0.0001724137931040727 0.01058620689654215 6798
-0.0001742286751367337 0.0110344827586093 6799
-0.000176043557169397 0.01148275862067698 6800
-0.000177858439202058 0.01193103448274414 6801
-0.0001796733212347209 0.01237931034481173 6802
-0.0001814882032673847 0.01282758620687957 6803
-0.0001833030853000478 0.01327586206894724 6804
-0.0001851179673327209 0.01372413793101741 6805
-0.0001869328493653912 0.0141724137930869 6806
-0.0001887477313980661 0.01462068965515748 6807
-0.0001905626134307416 0.0150689655172282 6808
-0.0001923774954634169 0.01551724137929892 6809
-0.0001941923774960869 0.01596551724136828 6810
-0.0001960072595287624 0.016413793103439 6811
-0.0001978221415614324 0.01686206896550836 6812
-0.0001996370235941077 0.01731034482757908 6813
-0.0002014519056267778 0.01775862068964849 6814
-0.000203266787659453 0.01820689655171917 6815
-0.0002050816696921285 0.01865517241378988 6816
-0.0002068965517247985 0.01910344827585925 6817
-0.0002087114337574739 0.01955172413792996 6818
-0.0177916666666679 0.0002413793103443657 6819
-0.01758333333333378 0.0002413793103443657 6820
-0.01737499999999966 0.0002413793103443657 6821
-0.01716666666666779 0.0002413793103443656 6822
-0.01695833333333548 0.0002413793103443657 6823
-0.01675000000000271 0.0002413793103443657 6824
-0.0165416666666688 0.0002413793103443656 6825
-0.01633333333333695 0.0002413793103443656 6826
-0.0161250000000044 0.0002413793103443656 6827
-0.0159166666666705 0.0002413793103443656 6828
-0.01570833333333886 0.0002413793103443656 6829
-0.01550000000000576 0.0002413793103443656 6830
-0.01529166666667264 0.0002413793103443655 6831
-0.01508333333333853 0.0002413793103443656 6832
-0.01487500000000508 0.0002413793103443656 6833
-0.01466666666667096 0.0002413793103443655 6834
-0.01445833333333751 0.0002413793103443655 6835
-0.01425000000000338 0.0002413793103443654 6836
-0.01404166666666926 0.0002413793103443655 6837
-0.01383333333333514 0.0002413793103443654 6838
-0.01362500000000101 0.0002413793103443655 6839
-0.01341666666666746 0.0002413793103443653 6840
-0.01320833333333412 0.0002413793103443654 6841
-0.01779166666666791 0.0004827586206886798 6842
-0.01758333333333378 0.0004827586206886799 6843
-0.01737499999999966 0.0004827586206886798 6844
-0.01716666666666779 0.00048275862068868 6845
-0.01695833333333548 0.00048275862068868 6846
-0.01675000000000271 0.00048275862068868 6847
-0.01654166666666881 0.0004827586206886798 6848
-0.01633333333333694 0.0004827586206886798 6849
-0.0161250000000044 0.0004827586206886798 6850
-0.0159166666666705 0.0004827586206886798 6851
-0.01570833333333886 0.0004827586206886798 6852
-0.01550000000000576 0.0004827586206886799 6853
-0.01529166666667265 0.0004827586206886798 6854
-0.01508333333333853 0.0004827586206886798 6855
-0.01487500000000508 0.0004827586206886798 6856
-0.01466666666667096 0.0004827586206886797 6857
-0.01445833333333751 0.0004827586206886796 6858
-0.01425000000000338 0.0004827586206886797 6859
-0.01404166666666926 0.0004827586206886797 6860
-0.01383333333333514 0.0004827586206886797 6861
-0.01362500000000101 0.0004827586206886797 6862
-0.01341666666666746 0.0004827586206886797 6863
-0.01320833333333412 0.0004827586206886797 6864
-0.01779166666666791 0.0007241379310331323 6865
-0.01758333333333379 0.0007241379310331323 6866
-0.01737499999999966 0.0007241379310331323 6867
-0.01716666666666779 0.0007241379310331323 6868
-0.01695833333333548 0.0007241379310331322 6869
-0.0167500000000027 0.0007241379310331323 6870
-0.01654166666666881 0.0007241379310331323 6871
-0.01633333333333694 0.0007241379310331322 6872
-0.0161250000000044 0.0007241379310331322 6873
-0.0159166666666705 0.0007241379310331321 6874
-0.01570833333333886 0.0007241379310331321 6875
-0.01550000000000576 0.0007241379310331322 6876
-0.01529166666667265 0.0007241379310331322 6877
-0.01508333333333853 0.0007241379310331322 6878
-0.01487500000000508 0.0007241379310331322 6879
-0.01466666666667096 0.000724137931033132 6880
-0.01445833333333751 0.000724137931033132 6881
-0.01425000000000338 0.0007241379310331321 6882
-0.01404166666666926 0.000724137931033132 6883
-0.01383333333333514 0.0007241379310331319 6884
-0.01362500000000101 0.0007241379310331319 6885
-0.01341666666666745 0.0007241379310331319 6886
-0.01320833333333412 0.000724137931033132 6887
-0.01779166666666791 0.0009655172413774848 6888
-0.01758333333333378 0.0009655172413774846 6889
-0.01737499999999966 0.0009655172413774847 6890
-0.01716666666666779 0.0009655172413774849 6891
-0.01695833333333548 0.0009655172413774847 6892
-0.0167500000000027 0.0009655172413774846 6893
-0.0165416666666688 0.0009655172413774848 6894
-0.01633333333333694 0.0009655172413774848 6895
-0.0161250000000044 0.0009655172413774848 6896
-0.0159166666666705 0.0009655172413774847 6897
-0.01570833333333886 0.0009655172413774847 6898
-0.01550000000000576 0.0009655172413774849 6899
-0.01529166666667265 0.0009655172413774843 6900
-0.01508333333333852 0.0009655172413774846 6901
-0.01487500000000508 0.0009655172413774846 6902
-0.01466666666667096 0.0009655172413774846 6903
-0.01445833333333751 0.0009655172413774846 6904
-0.01425000000000338 0.0009655172413774845 6905
-0.01404166666666926 0.0009655172413774847 6906
-0.01383333333333514 0.0009655172413774845 6907
-0.01362500000000101 0.0009655172413774846 6908
-0.01341666666666745 0.0009655172413774846 6909
-0.01320833333333412 0.0009655172413774846 6910
-0.01779166666666791 0.0012068965517216 6911
-0.01758333333333378 0.0012068965517216 6912
-0.01737499999999966 0.0012068965517216 6913
-0.01716666666666779 0.0012068965517216 6914
-0.01695833333333548 0.0012068965517216 6915
-0.0167500000000027 0.0012068965517216 6916
-0.0165416666666688 0.0012068965517216 6917
-0.01633333333333694 0.0012068965517216 6918
-0.0161250000000044 0.0012068965517216 6919
-0.0159166666666705 0.0012068965517216 6920
-0.01570833333333886 0.0012068965517216 6921
-0.01550000000000576 0.0012068965517216 6922
-0.01529166666667265 0.0012068965517216 6923
-0.01508333333333852 0.0012068965517216 6924
-0.01487500000000508 0.0012068965517216 6925
-0.01466666666667096 0.0012068965517216 6926
-0.01445833333333751 0.0012068965517216 6927
-0.01425000000000338 0.0012068965517216 6928
-0.01404166666666926 0.0012068965517216 6929
-0.01383333333333514 0.0012068965517216 6930
-0.01362500000000101 0.0012068965517216 6931
-0.01341666666666746 0.0012068965517216 6932
-0.01320833333333412 0.0012068965517216 6933
-0.01779166666666791 0.001448275862065745 6934
-0.01758333333333378 0.001448275862065745 6935
-0.01737499999999966 0.001448275862065745 6936
-0.01716666666666779 0.001448275862065745 6937
-0.01695833333333548 0.001448275862065745 6938
-0.01675000000000271 0.001448275862065746 6939
-0.0165416666666688 0.001448275862065745 6940
-0.01633333333333695 0.001448275862065745 6941
-0.0161250000000044 0.001448275862065745 6942
-0.0159166666666705 0.001448275862065745 6943
-0.01570833333333886 0.001448275862065745 6944
-0.01550000000000576 0.001448275862065745 6945
-0.01529166666667265 0.001448275862065745 6946
-0.01508333333333852 0.001448275862065745 6947
-0.01487500000000508 0.001448275862065745 6948
-0.01466666666667096 0.001448275862065745 6949
-0.01445833333333751 0.001448275862065745 6950
-0.01425000000000338 0.001448275862065745 6951
-0.01404166666666926 0.001448275862065745 6952
-0.01383333333333514 0.001448275862065745 6953
-0.01362500000000102 0.001448275862065745 6954
-0.01341666666666746 0.001448275862065745 6955
-0.01320833333333413 0.001448275862065745 6956
-0.0177916666666679 0.00168965517240985 6957
-0.01758333333333378 0.00168965517240985 6958
-0.01737499999999966 0.00168965517240985 6959
-0.01716666666666779 0.00168965517240985 6960
-0.01695833333333548 0.00168965517240985 6961
-0.01675000000000271 0.00168965517240985 6962
-0.01654166666666882 0.00168965517240985 6963
-0.01633333333333695 0.00168965517240985 6964
-0.0161250000000044 0.00168965517240985 6965
-0.0159166666666705 0.00168965517240985 6966
-0.01570833333333886 0.00168965517240985 6967
-0.01550000000000576 0.00168965517240985 6968
-0.01529166666667265 0.00168965517240985 6969
-0.01508333333333852 0.00168965517240985 6970
-0.01487500000000508 0.00168965517240985 6971
-0.01466666666667095 0.00168965517240985 6972
-0.01445833333333751 0.00168965517240985 6973
-0.01425000000000338 0.00168965517240985 6974
-0.01404166666666926 0.00168965517240985 6975
-0.01383333333333514 0.00168965517240985 6976
-0.01362500000000101 0.00168965517240985 6977
-0.01341666666666746 0.00168965517240985 6978
-0.01320833333333412 0.00168965517240985 6979
-0.0177916666666679 0.001931034482753997 6980
-0.01758333333333378 0.001931034482753997 6981
-0.01737499999999966 0.001931034482753997 6982
-0.01716666666666779 0.001931034482753997 6983
-0.01695833333333548 0.001931034482753997 6984
-0.01675000000000271 0.001931034482753997 6985
-0.0165416666666688 0.001931034482753997 6986
-0.01633333333333694 0.001931034482753997 6987
-0.01612500000000441 0.001931034482753997 6988
-0.01591666666667051 0.001931034482753997 6989
-0.01570833333333886 0.001931034482753997 6990
-0.01550000000000576 0.001931034482753997 6991
-0.01529166666667265 0.001931034482753997 6992
-0.01508333333333852 0.001931034482753997 6993
-0.01487500000000508 0.001931034482753997 6994
-0.01466666666667096 0.001931034482753997 6995
-0.01445833333333751 0.001931034482753997 6996
-0.01425000000000338 0.001931034482753997 6997
-0.01404166666666926 0.001931034482753997 6998
-0.01383333333333514 0.001931034482753997 6999
-0.01362500000000101 0.001931034482753997 7000
-0.01341666666666745 0.001931034482753997 7001
-0.01320833333333412 0.001931034482753997 7002
-0.01779166666666791 0.00217241379309826 7003
-0.01758333333333378 0.00217241379309826 7004
-0.01737499999999966 0.00217241379309826 7005
-0.01716666666666779 0.00217241379309826 7006
-0.01695833333333548 0.00217241379309826 7007
-0.01675000000000271 0.00217241379309826 7008
-0.0165416666666688 0.00217241379309826 7009
-0.01633333333333695 0.00217241379309826 7010
-0.0161250000000044 0.00217241379309826 7011
-0.01591666666667051 0.00217241379309826 7012
-0.01570833333333886 0.002172413793098259 7013
-0.01550000000000576 0.002172413793098259 7014
-0.01529166666667265 0.00217241379309826 7015
-0.01508333333333853 0.00217241379309826 7016
-0.01487500000000508 0.00217241379309826 7017
-0.01466666666667096 0.00217241379309826 7018
-0.01445833333333751 0.00217241379309826 7019
-0.01425000000000338 0.00217241379309826 7020
-0.01404166666666926 0.00217241379309826 7021
-0.01383333333333514 0.00217241379309826 7022
-0.01362500000000101 0.002172413793098259 7023
-0.01341666666666746 0.00217241379309826 7024
-0.01320833333333412 0.00217241379309826 7025
-0.01779166666666791 0.002413793103442214 7026
-0.01758333333333379 0.002413793103442214 7027
-0.01737499999999966 0.002413793103442214 7028
-0.01716666666666779 0.002413793103442214 7029
-0.01695833333333548 0.002413793103442214 7030
-0.01675000000000271 0.002413793103442214 7031
-0.0165416666666688 0.002413793103442213 7032
-0.01633333333333695 0.002413793103442214 7033
-0.01612500000000441 0.002413793103442213 7034
-0.0159166666666705 0.002413793103442214 7035
-0.01570833333333886 0.002413793103442213 7036
-0.01550000000000576 0.002413793103442213 7037
-0.01529166666667265 0.002413793103442213 7038
-0.01508333333333853 0.002413793103442213 7039
-0.01487500000000508 0.002413793103442213 7040
-0.01466666666667096 0.002413793103442213 7041
-0.01445833333333751 0.002413793103442213 7042
-0.01425000000000338 0.002413793103442213 7043
-0.01404166666666926 0.002413793103442214 7044
-0.01383333333333514 0.002413793103442213 7045
-0.01362500000000101 0.002413793103442213 7046
-0.01341666666666745 0.002413793103442214 7047
-0.01320833333333412 0.002413793103442213 7048
-0.01779166666666791 0.002655172413786505 7049
-0.01758333333333379 0.002655172413786506 7050
-0.01737499999999965 0.002655172413786506 7051
-0.01716666666666779 0.002655172413786506 7052
-0.01695833333333548 0.002655172413786505 7053
-0.01675000000000271 0.002655172413786506 7054
-0.01654166666666881 0.002655172413786505 7055
-0.01633333333333695 0.002655172413786505 7056
-0.0161250000000044 0.002655172413786506 7057
-0.0159166666666705 0.002655172413786505 7058
-0.01570833333333886 0.002655172413786505 7059
-0.01550000000000576 0.002655172413786505 7060
-0.01529166666667265 0.002655172413786505 7061
-0.01508333333333853 0.002655172413786505 7062
-0.01487500000000508 0.002655172413786505 7063
-0.01466666666667096 0.002655172413786505 7064
-0.01445833333333751 0.002655172413786505 7065
-0.01425000000000339 0.002655172413786505 7066
-0.01404166666666926 0.002655172413786505 7067
-0.01383333333333514 0.002655172413786505 7068
-0.01362500000000101 0.002655172413786505 7069
-0.01341666666666746 0.002655172413786505 7070
-0.01320833333333412 0.002655172413786505 7071
-0.01779166666666791 0.002896551724130459 7072
-0.01758333333333378 0.002896551724130459 7073
-0.01737499999999966 0.002896551724130459 7074
-0.01716666666666779 0.002896551724130458 7075
-0.01695833333333548 0.002896551724130459 7076
-0.0167500000000027 0.002896551724130459 7077
-0.0165416666666688 0.002896551724130459 7078
-0.01633333333333694 0.002896551724130459 7079
-0.01612500000000441 0.002896551724130458 7080
-0.0159166666666705 0.002896551724130459 7081
-0.01570833333333887 0.002896551724130459 7082
-0.01550000000000576 0.002896551724130459 7083
-0.01529166666667265 0.002896551724130459 7084
-0.01508333333333853 0.002896551724130459 7085
-0.01487500000000508 0.002896551724130459 7086
-0.01466666666667095 0.002896551724130458 7087
-0.01445833333333751 0.002896551724130459 7088
-0.01425000000000338 0.002896551724130459 7089
-0.01404166666666926 0.002896551724130458 7090
-0.01383333333333514 0.002896551724130458 7091
-0.01362500000000101 0.002896551724130458 7092
-0.01341666666666746 0.002896551724130458 7093
-0.01320833333333412 0.002896551724130459 7094
-0.0177916666666679 0.003137931034474752 7095
-0.01758333333333378 0.003137931034474752 7096
-0.01737499999999966 0.00313793103447475 7097
-0.01716666666666779 0.00313793103447475 7098
-0.01695833333333548 0.003137931034474751 7099
-0.0167500000000027 0.003137931034474751 7100
-0.0165416666666688 0.003137931034474751 7101
-0.01633333333333695 0.003137931034474751 7102
-0.0161250000000044 0.00313793103447475 7103
-0.0159166666666705 0.003137931034474751 7104
-0.01570833333333886 0.00313793103447475 7105
-0.01550000000000576 0.003137931034474751 7106
-0.01529166666667265 0.003137931034474751 7107
-0.01508333333333853 0.00313793103447475 7108
-0.01487500000000508 0.003137931034474752 7109
-0.01466666666667096 0.003137931034474751 7110
-0.01445833333333751 0.003137931034474751 7111
-0.01425000000000338 0.00313793103447475 7112
-0.01404166666666926 0.003137931034474751 7113
-0.01383333333333514 0.00313793103447475 7114
-0.01362500000000101 0.00313793103447475 7115
-0.01341666666666746 0.00313793103447475 7116
-0.01320833333333412 0.00313793103447475 7117
-0.01779166666666791 0.003379310344818704 7118
-0.01758333333333378 0.003379310344818705 7119
-0.01737499999999966 0.003379310344818704 7120
-0.01716666666666779 0.003379310344818704 7121
-0.01695833333333548 0.003379310344818705 7122
-0.01675000000000271 0.003379310344818704 7123
-0.0165416666666688 0.003379310344818705 7124
-0.01633333333333694 0.003379310344818704 7125
-0.0161250000000044 0.003379310344818705 7126
-0.0159166666666705 0.003379310344818704 7127
-0.01570833333333886 0.003379310344818704 7128
-0.01550000000000576 0.003379310344818704 7129
-0.01529166666667265 0.003379310344818704 7130
-0.01508333333333853 0.003379310344818703 7131
-0.01487500000000508 0.003379310344818703 7132
-0.01466666666667096 0.003379310344818703 7133
-0.01445833333333751 0.003379310344818703 7134
-0.01425000000000338 0.003379310344818703 7135
-0.01404166666666926 0.003379310344818704 7136
-0.01383333333333514 0.003379310344818704 7137
-0.01362500000000101 0.003379310344818704 7138
-0.01341666666666746 0.003379310344818703 7139
-0.01320833333333412 0.003379310344818704 7140
-0.0177916666666679 0.003620689655163726 7141
-0.01758333333333378 0.003620689655163726 7142
-0.01737499999999966 0.003620689655163725 7143
-0.01716666666666779 0.003620689655163725 7144
-0.01695833333333548 0.003620689655163725 7145
-0.01675000000000271 0.003620689655163724 7146
-0.0165416666666688 0.003620689655163726 7147
-0.01633333333333694 0.003620689655163723 7148
-0.0161250000000044 0.003620689655163725 7149
-0.0159166666666705 0.003620689655163725 7150
-0.01570833333333886 0.003620689655163725 7151
-0.01550000000000576 0.003620689655163724 7152
-0.01529166666667265 0.003620689655163726 7153
-0.01508333333333852 0.003620689655163724 7154
-0.01487500000000508 0.003620689655163724 7155
-0.01466666666667096 0.003620689655163725 7156
-0.01445833333333751 0.003620689655163725 7157
-0.01425000000000338 0.003620689655163725 7158
-0.01404166666666926 0.003620689655163724 7159
-0.01383333333333514 0.003620689655163725 7160
-0.01362500000000101 0.003620689655163725 7161
-0.01341666666666746 0.003620689655163723 7162
-0.01320833333333412 0.003620689655163725 7163
-0.01779166666666791 0.003862068965508884 7164
-0.01758333333333379 0.003862068965508883 7165
-0.01737499999999966 0.003862068965508883 7166
-0.01716666666666779 0.003862068965508883 7167
-0.01695833333333548 0.003862068965508884 7168
-0.01675000000000271 0.003862068965508884 7169
-0.0165416666666688 0.003862068965508883 7170
-0.01633333333333694 0.003862068965508884 7171
-0.0161250000000044 0.003862068965508883 7172
-0.0159166666666705 0.003862068965508884 7173
-0.01570833333333886 0.003862068965508883 7174
-0.01550000000000576 0.003862068965508884 7175
-0.01529166666667265 0.003862068965508884 7176
-0.01508333333333853 0.003862068965508884 7177
-0.01487500000000508 0.003862068965508883 7178
-0.01466666666667096 0.003862068965508882 7179
-0.01445833333333751 0.003862068965508883 7180
-0.01425000000000339 0.003862068965508883 7181
-0.01404166666666926 0.003862068965508883 7182
-0.01383333333333514 0.003862068965508882 7183
-0.01362500000000101 0.003862068965508884 7184
-0.01341666666666746 0.003862068965508881 7185
-0.01320833333333412 0.003862068965508882 7186
-0.01779166666666791 0.004103448275854639 7187
-0.01758333333333378 0.004103448275854637 7188
-0.01737499999999966 0.004103448275854637 7189
-0.01716666666666779 0.004103448275854637 7190
-0.01695833333333548 0.004103448275854637 7191
-0.0167500000000027 0.004103448275854637 7192
-0.0165416666666688 0.004103448275854637 7193
-0.01633333333333694 0.004103448275854637 7194
-0.0161250000000044 0.004103448275854637 7195
-0.0159166666666705 0.004103448275854636 7196
-0.01570833333333886 0.004103448275854637 7197
-0.01550000000000576 0.004103448275854637 7198
-0.01529166666667265 0.004103448275854637 7199
-0.01508333333333853 0.004103448275854637 7200
-0.01487500000000508 0.004103448275854637 7201
-0.01466666666667096 0.004103448275854637 7202
-0.01445833333333751 0.004103448275854637 7203
-0.01425000000000338 0.004103448275854637 7204
-0.01404166666666926 0.004103448275854637 7205
-0.01383333333333514 0.004103448275854637 7206
-0.01362500000000101 0.004103448275854638 7207
-0.01341666666666746 0.004103448275854638 7208
-0.01320833333333412 0.004103448275854638 7209
-0.0177916666666679 0.004344827586200424 7210
-0.01758333333333378 0.004344827586200423 7211
-0.01737499999999966 0.004344827586200422 7212
-0.01716666666666779 0.004344827586200422 7213
-0.01695833333333548 0.004344827586200422 7214
-0.01675000000000271 0.004344827586200422 7215
-0.0165416666666688 0.004344827586200422 7216
-0.01633333333333695 0.004344827586200422 7217
-0.0161250000000044 0.004344827586200422 7218
-0.0159166666666705 0.004344827586200421 7219
-0.01570833333333886 0.004344827586200422 7220
-0.01550000000000576 0.004344827586200422 7221
-0.01529166666667265 0.004344827586200422 7222
-0.01508333333333853 0.004344827586200422 7223
-0.01487500000000508 0.004344827586200422 7224
-0.01466666666667096 0.004344827586200422 7225
-0.01445833333333751 0.004344827586200422 7226
-0.01425000000000338 0.004344827586200422 7227
-0.01404166666666926 0.004344827586200422 7228
-0.01383333333333514 0.004344827586200422 7229
-0.01362500000000101 0.004344827586200423 7230
-0.01341666666666745 0.004344827586200422 7231
-0.01320833333333412 0.004344827586200422 7232
-0.0177916666666679 0.004586206896545068 7233
-0.01758333333333378 0.00458620689654507 7234
-0.01737499999999966 0.004586206896545071 7235
-0.01716666666666779 0.004586206896545068 7236
-0.01695833333333548 0.004586206896545068 7237
-0.01675000000000271 0.00458620689654507 7238
-0.0165416666666688 0.004586206896545069 7239
-0.01633333333333695 0.004586206896545068 7240
-0.0161250000000044 0.004586206896545068 7241
-0.0159166666666705 0.004586206896545068 7242
-0.01570833333333886 0.004586206896545069 7243
-0.01550000000000576 0.00458620689654507 7244
-0.01529166666667265 0.004586206896545071 7245
-0.01508333333333852 0.004586206896545071 7246
-0.01487500000000508 0.004586206896545069 7247
-0.01466666666667095 0.00458620689654507 7248
-0.01445833333333751 0.004586206896545068 7249
-0.01425000000000338 0.004586206896545069 7250
-0.01404166666666926 0.004586206896545071 7251
-0.01383333333333514 0.004586206896545071 7252
-0.01362500000000101 0.00458620689654507 7253
-0.01341666666666746 0.004586206896545071 7254
-0.01320833333333412 0.004586206896545071 7255
-0.0177916666666679 0.004827586206890638 7256
-0.01758333333333378 0.004827586206890637 7257
-0.01737499999999966 0.004827586206890638 7258
-0.01716666666666779 0.004827586206890638 7259
-0.01695833333333548 0.004827586206890637 7260
-0.01675000000000271 0.004827586206890639 7261
-0.0165416666666688 0.004827586206890638 7262
-0.01633333333333694 0.00482758620689064 7263
-0.0161250000000044 0.00482758620689064 7264
-0.0159166666666705 0.004827586206890637 7265
-0.01570833333333886 0.004827586206890638 7266
-0.01550000000000576 0.00482758620689064 7267
-0.01529166666667265 0.004827586206890638 7268
-0.01508333333333853 0.004827586206890638 7269
-0.01487500000000508 0.004827586206890638 7270
-0.01466666666667096 0.004827586206890637 7271
-0.01445833333333751 0.00482758620689064 7272
-0.01425000000000339 0.004827586206890638 7273
-0.01404166666666926 0.004827586206890637 7274
-0.01383333333333514 0.004827586206890638 7275
-0.01362500000000101 0.004827586206890638 7276
-0.01341666666666746 0.004827586206890638 7277
-0.01320833333333412 0.004827586206890637 7278
-0.01779166666666791 0.005068965517236424 7279
-0.01758333333333378 0.005068965517236424 7280
-0.01737499999999966 0.005068965517236425 7281
-0.01716666666666779 0.005068965517236424 7282
-0.01695833333333548 0.005068965517236425 7283
-0.01675000000000271 0.005068965517236423 7284
-0.0165416666666688 0.005068965517236424 7285
-0.01633333333333694 0.005068965517236424 7286
-0.0161250000000044 0.005068965517236424 7287
-0.0159166666666705 0.005068965517236425 7288
-0.01570833333333886 0.005068965517236424 7289
-0.01550000000000576 0.005068965517236424 7290
-0.01529166666667265 0.005068965517236425 7291
-0.01508333333333853 0.005068965517236424 7292
-0.01487500000000508 0.005068965517236424 7293
-0.01466666666667096 0.005068965517236425 7294
-0.01445833333333751 0.005068965517236424 7295
-0.01425000000000338 0.005068965517236424 7296
-0.01404166666666926 0.005068965517236424 7297
-0.01383333333333514 0.005068965517236423 7298
-0.01362500000000101 0.005068965517236424 7299
-0.01341666666666746 0.005068965517236424 7300
-0.01320833333333412 0.005068965517236423 7301
-0.01779166666666791 0.005310344827582212 7302
-0.01758333333333378 0.005310344827582209 7303
-0.01737499999999966 0.005310344827582212 7304
-0.01716666666666779 0.005310344827582212 7305
-0.01695833333333548 0.005310344827582212 7306
-0.0167500000000027 0.005310344827582211 7307
-0.0165416666666688 0.005310344827582209 7308
-0.01633333333333694 0.005310344827582212 7309
-0.0161250000000044 0.005310344827582211 7310
-0.0159166666666705 0.005310344827582211 7311
-0.01570833333333886 0.005310344827582211 7312
-0.01550000000000576 0.005310344827582211 7313
-0.01529166666667265 0.005310344827582211 7314
-0.01508333333333853 0.005310344827582211 7315
-0.01487500000000508 0.005310344827582209 7316
-0.01466666666667096 0.005310344827582212 7317
-0.01445833333333751 0.005310344827582212 7318
-0.01425000000000338 0.005310344827582212 7319
-0.01404166666666926 0.005310344827582212 7320
-0.01383333333333514 0.005310344827582211 7321
-0.01362500000000101 0.005310344827582211 7322
-0.01341666666666745 0.005310344827582211 7323
-0.01320833333333412 0.005310344827582211 7324
-0.01779166666666791 0.005551724137926975 7325
-0.01758333333333378 0.005551724137926973 7326
-0.01737499999999966 0.005551724137926974 7327
-0.01716666666666779 0.005551724137926975 7328
-0.01695833333333548 0.005551724137926975 7329
-0.0167500000000027 0.005551724137926974 7330
-0.01654166666666881 0.005551724137926975 7331
-0.01633333333333694 0.005551724137926974 7332
-0.0161250000000044 0.005551724137926974 7333
-0.0159166666666705 0.005551724137926975 7334
-0.01570833333333886 0.005551724137926975 7335
-0.01550000000000576 0.005551724137926975 7336
-0.01529166666667265 0.005551724137926974 7337
-0.01508333333333853 0.005551724137926973 7338
-0.01487500000000508 0.005551724137926975 7339
-0.01466666666667096 0.005551724137926973 7340
-0.01445833333333751 0.005551724137926974 7341
-0.01425000000000338 0.005551724137926973 7342
-0.01404166666666926 0.005551724137926975 7343
-0.01383333333333514 0.005551724137926975 7344
-0.01362500000000101 0.005551724137926975 7345
-0.01341666666666746 0.005551724137926975 7346
-0.01320833333333412 0.005551724137926975 7347
-0.0177916666666679 0.00579310344827243 7348
-0.01758333333333378 0.005793103448272428 7349
-0.01737499999999966 0.005793103448272429 7350
-0.01716666666666779 0.005793103448272428 7351
-0.01695833333333548 0.00579310344827243 7352
-0.01675000000000271 0.005793103448272427 7353
-0.0165416666666688 0.005793103448272428 7354
-0.01633333333333694 0.005793103448272428 7355
-0.0161250000000044 0.00579310344827243 7356
-0.0159166666666705 0.005793103448272429 7357
-0.01570833333333886 0.005793103448272428 7358
-0.01550000000000576 0.005793103448272427 7359
-0.01529166666667265 0.005793103448272428 7360
-0.01508333333333853 0.005793103448272428 7361
-0.01487500000000508 0.005793103448272427 7362
-0.01466666666667096 0.005793103448272428 7363
-0.01445833333333751 0.005793103448272428 7364
-0.01425000000000338 0.005793103448272428 7365
-0.01404166666666926 0.005793103448272429 7366
-0.01383333333333514 0.005793103448272429 7367
-0.01362500000000101 0.005793103448272428 7368
-0.01341666666666746 0.005793103448272428 7369
-0.01320833333333412 0.005793103448272428 7370
-0.01779166666666791 0.006034482758618215 7371
-0.01758333333333378 0.006034482758618215 7372
-0.01737499999999966 0.006034482758618212 7373
-0.01716666666666779 0.006034482758618212 7374
-0.01695833333333548 0.006034482758618212 7375
-0.01675000000000271 0.006034482758618213 7376
-0.0165416666666688 0.006034482758618213 7377
-0.01633333333333694 0.006034482758618213 7378
-0.0161250000000044 0.006034482758618212 7379
-0.0159166666666705 0.006034482758618213 7380
-0.01570833333333886 0.006034482758618212 7381
-0.01550000000000576 0.006034482758618214 7382
-0.01529166666667265 0.006034482758618213 7383
-0.01508333333333853 0.006034482758618213 7384
-0.01487500000000508 0.006034482758618214 7385
-0.01466666666667096 0.006034482758618214 7386
-0.01445833333333751 0.006034482758618213 7387
-0.01425000000000338 0.006034482758618213 7388
-0.01404166666666926 0.006034482758618214 7389
-0.01383333333333514 0.006034482758618212 7390
-0.01362500000000101 0.006034482758618213 7391
-0.01341666666666746 0.006034482758618213 7392
-0.01320833333333412 0.006034482758618213 7393
-0.0177916666666679 0.006275862068964 7394
-0.01758333333333379 0.006275862068964 7395
-0.01737499999999966 0.006275862068964 7396
-0.01716666666666779 0.006275862068964 7397
-0.01695833333333548 0.006275862068964 7398
-0.01675000000000271 0.006275862068964 7399
-0.0165416666666688 0.006275862068964 7400
-0.01633333333333694 0.006275862068964 7401
-0.0161250000000044 0.006275862068964 7402
-0.0159166666666705 0.006275862068963998 7403
-0.01570833333333886 0.006275862068964 7404
-0.01550000000000576 0.006275862068963999 7405
-0.01529166666667265 0.006275862068964 7406
-0.01508333333333852 0.006275862068964 7407
-0.01487500000000508 0.006275862068964 7408
-0.01466666666667096 0.006275862068964 7409
-0.01445833333333751 0.006275862068964 7410
-0.01425000000000339 0.006275862068964 7411
-0.01404166666666926 0.006275862068963999 7412
-0.01383333333333514 0.006275862068964 7413
-0.01362500000000101 0.006275862068964 7414
-0.01341666666666746 0.006275862068964 7415
-0.01320833333333412 0.006275862068964 7416
-0.01779166666666791 0.00651724137930888 7417
-0.01758333333333378 0.00651724137930888 7418
-0.01737499999999966 0.00651724137930888 7419
-0.01716666666666779 0.00651724137930888 7420
-0.01695833333333548 0.006517241379308879 7421
-0.01675000000000271 0.006517241379308879 7422
-0.01654166666666881 0.006517241379308879 7423
-0.01633333333333695 0.00651724137930888 7424
-0.0161250000000044 0.006517241379308879 7425
-0.0159166666666705 0.006517241379308879 7426
-0.01570833333333886 0.006517241379308881 7427
-0.01550000000000576 0.006517241379308881 7428
-0.01529166666667265 0.006517241379308879 7429
-0.01508333333333853 0.006517241379308881 7430
-0.01487500000000508 0.006517241379308882 7431
-0.01466666666667096 0.006517241379308878 7432
-0.01445833333333751 0.006517241379308878 7433
-0.01425000000000338 0.006517241379308879 7434
-0.01404166666666926 0.006517241379308879 7435
-0.01383333333333514 0.006517241379308881 7436
-0.01362500000000101 0.006517241379308879 7437
-0.01341666666666746 0.006517241379308882 7438
-0.01320833333333412 0.006517241379308879 7439
-0.0177916666666679 0.006758620689654216 7440
-0.01758333333333379 0.006758620689654217 7441
-0.01737499999999966 0.006758620689654219 7442
-0.01716666666666779 0.006758620689654216 7443
-0.01695833333333548 0.006758620689654216 7444
-0.0167500000000027 0.006758620689654219 7445
-0.01654166666666882 0.006758620689654216 7446
-0.01633333333333694 0.006758620689654216 7447
-0.0161250000000044 0.006758620689654216 7448
-0.0159166666666705 0.006758620689654216 7449
-0.01570833333333886 0.006758620689654217 7450
-0.01550000000000575 0.006758620689654216 7451
-0.01529166666667265 0.006758620689654216 7452
-0.01508333333333853 0.006758620689654218 7453
-0.01487500000000508 0.006758620689654215 7454
-0.01466666666667096 0.006758620689654216 7455
-0.01445833333333751 0.006758620689654217 7456
-0.01425000000000338 0.006758620689654216 7457
-0.01404166666666926 0.006758620689654217 7458
-0.01383333333333514 0.006758620689654216 7459
-0.01362500000000101 0.006758620689654217 7460
-0.01341666666666746 0.006758620689654217 7461
-0.01320833333333412 0.006758620689654216 7462
0.000208333333332924 0.0002413793103443646 7463
0.0002083333333329237 0.0004827586206886788 7464
0.0002083333333329235 0.0007241379310331313 7465
0.0002083333333329232 0.0009655172413774837 7466
0.000208333333332923 0.001206896551721599 7467
0.0002083333333329229 0.001448275862065744 7468
0.0002083333333329226 0.001689655172409849 7469
0.0002083333333329223 0.001931034482753996 7470
0.0002083333333329221 0.002172413793098259 7471
0.0002083333333329218 0.002413793103442212 7472
0.0002083333333329216 0.002655172413786504 7473
0.0002083333333329214 0.002896551724130458 7474
0.0002083333333329212 0.00313793103447475 7475
0.0002083333333329209 0.003379310344818703 7476
0.0002083333333329206 0.003620689655163724 7477
0.0002083333333329204 0.003862068965508882 7478
0.0002083333333329202 0.004103448275854635 7479
0.00020833333333292 0.004344827586200421 7480
0.0002083333333329197 0.00458620689654507 7481
0.0002083333333329195 0.004827586206890638 7482
0.0002083333333329192 0.005068965517236424 7483
0.000208333333332919 0.00531034482758221 7484
0.0002083333333329188 0.005551724137926975 7485
0.0002083333333329186 0.005793103448272427 7486
0.0002083333333329183 0.006034482758618212 7487
0.0002083333333329181 0.006275862068963998 7488
0.0002083333333329178 0.006517241379308879 7489
0.0002083333333329176 0.006758620689654216 7490
0.0004166666666658951 0.0002413793103443646 7491
0.0004166666666658946 0.0004827586206886789 7492
0.000416666666665894 0.0007241379310331313 7493
0.0004166666666658935 0.0009655172413774837 7494
0.0004166666666658931 0.001206896551721599 7495
0.0004166666666658927 0.001448275862065744 7496
0.0004166666666658921 0.001689655172409849 7497
0.0004166666666658917 0.001931034482753996 7498
0.0004166666666658911 0.002172413793098259 7499
0.0004166666666658906 0.002413793103442213 7500
0.0004166666666658902 0.002655172413786505 7501
0.0004166666666658896 0.002896551724130458 7502
0.0004166666666658892 0.003137931034474749 7503
0.0004166666666658887 0.003379310344818703 7504
0.0004166666666658882 0.003620689655163724 7505
0.0004166666666658877 0.003862068965508883 7506
0.0004166666666658873 0.004103448275854637 7507
0.0004166666666658868 0.004344827586200421 7508
0.0004166666666658863 0.00458620689654507 7509
0.0004166666666658859 0.004827586206890639 7510
0.0004166666666658852 0.005068965517236425 7511
0.0004166666666658849 0.00531034482758221 7512
0.0004166666666658843 0.005551724137926975 7513
0.0004166666666658838 0.005793103448272426 7514
0.0004166666666658834 0.006034482758618212 7515
0.0004166666666658828 0.006275862068963999 7516
0.0004166666666658823 0.006517241379308879 7517
0.0004166666666658819 0.006758620689654216 7518
0.000624999999998903 0.0002413793103443646 7519
0.0006249999999989026 0.0004827586206886789 7520
0.0006249999999989017 0.0007241379310331313 7521
0.000624999999998901 0.0009655172413774837 7522
0.0006249999999989003 0.001206896551721599 7523
0.0006249999999988997 0.001448275862065744 7524
0.0006249999999988988 0.001689655172409849 7525
0.0006249999999988981 0.001931034482753996 7526
0.0006249999999988972 0.002172413793098259 7527
0.0006249999999988965 0.002413793103442212 7528
0.0006249999999988959 0.002655172413786504 7529
0.0006249999999988951 0.002896551724130458 7530
0.0006249999999988943 0.003137931034474749 7531
0.0006249999999988937 0.003379310344818703 7532
0.0006249999999988928 0.003620689655163724 7533
0.0006249999999988922 0.003862068965508882 7534
0.0006249999999988913 0.004103448275854635 7535
0.0006249999999988907 0.004344827586200421 7536
0.0006249999999988898 0.004586206896545071 7537
0.0006249999999988891 0.004827586206890638 7538
0.0006249999999988884 0.005068965517236424 7539
0.0006249999999988875 0.00531034482758221 7540
0.0006249999999988869 0.005551724137926974 7541
0.0006249999999988862 0.005793103448272426 7542
0.0006249999999988853 0.006034482758618212 7543
0.0006249999999988845 0.006275862068963999 7544
0.000624999999998884 0.006517241379308879 7545
0.0006249999999988832 0.006758620689654216 7546
0.0008333333333316148 0.0002413793103443646 7547
0.0008333333333316138 0.0004827586206886788 7548
0.0008333333333316126 0.0007241379310331311 7549
0.0008333333333316119 0.0009655172413774837 7550
0.0008333333333316109 0.001206896551721599 7551
0.0008333333333316098 0.001448275862065744 7552
0.0008333333333316087 0.001689655172409849 7553
0.0008333333333316079 0.001931034482753996 7554
0.0008333333333316068 0.002172413793098259 7555
0.0008333333333316058 0.002413793103442212 7556
0.000833333333331605 0.002655172413786504 7557
0.0008333333333316041 0.002896551724130458 7558
0.000833333333331603 0.003137931034474749 7559
0.000833333333331602 0.003379310344818703 7560
0.0008333333333316009 0.003620689655163723 7561
0.0008333333333316001 0.003862068965508883 7562
0.000833333333331599 0.004103448275854636 7563
0.0008333333333315982 0.004344827586200421 7564
0.000833333333331597 0.00458620689654507 7565
0.0008333333333315961 0.004827586206890638 7566
0.0008333333333315949 0.005068965517236424 7567
0.000833333333331594 0.00531034482758221 7568
0.000833333333331593 0.005551724137926973 7569
0.0008333333333315922 0.005793103448272427 7570
0.0008333333333315911 0.006034482758618212 7571
0.0008333333333315899 0.006275862068963996 7572
0.0008333333333315891 0.006517241379308879 7573
0.0008333333333315881 0.006758620689654216 7574
0.00104166666666427 0.0002413793103443646 7575
0.001041666666664269 0.0004827586206886787 7576
0.001041666666664268 0.000724137931033131 7577
0.001041666666664266 0.0009655172413774837 7578
0.001041666666664265 0.001206896551721599 7579
0.001041666666664264 0.001448275862065744 7580
0.001041666666664263 0.001689655172409849 7581
0.001041666666664262 0.001931034482753996 7582
0.00104166666666426 0.002172413793098259 7583
0.001041666666664259 0.002413793103442212 7584
0.001041666666664258 0.002655172413786504 7585
0.001041666666664257 0.002896551724130459 7586
0.001041666666664255 0.00313793103447475 7587
0.001041666666664254 0.003379310344818703 7588
0.001041666666664253 0.003620689655163724 7589
0.001041666666664252 0.003862068965508882 7590
0.00104166666666425 0.004103448275854636 7591
0.001041666666664249 0.004344827586200421 7592
0.001041666666664248 0.004586206896545069 7593
0.001041666666664247 0.004827586206890638 7594
0.001041666666664245 0.005068965517236424 7595
0.001041666666664244 0.00531034482758221 7596
0.001041666666664243 0.005551724137926974 7597
0.001041666666664242 0.005793103448272427 7598
0.001041666666664241 0.006034482758618212 7599
0.001041666666664239 0.006275862068963999 7600
0.001041666666664238 0.006517241379308879 7601
0.001041666666664237 0.006758620689654216 7602
0.001249999999997038 0.0002413793103443645 7603
0.001249999999997037 0.0004827586206886786 7604
0.001249999999997036 0.0007241379310331311 7605
0.001249999999997034 0.0009655172413774836 7606
0.001249999999997033 0.001206896551721599 7607
0.001249999999997031 0.001448275862065744 7608
0.001249999999997029 0.001689655172409849 7609
0.001249999999997028 0.001931034482753996 7610
0.001249999999997026 0.002172413793098259 7611
0.001249999999997025 0.002413793103442212 7612
0.001249999999997023 0.002655172413786504 7613
0.001249999999997022 0.002896551724130457 7614
0.00124999999999702 0.003137931034474749 7615
0.001249999999997019 0.003379310344818703 7616
0.001249999999997018 0.003620689655163724 7617
0.001249999999997016 0.003862068965508883 7618
0.001249999999997015 0.004103448275854635 7619
0.001249999999997013 0.004344827586200421 7620
0.001249999999997012 0.004586206896545069 7621
0.00124999999999701 0.004827586206890638 7622
0.001249999999997008 0.005068965517236424 7623
0.001249999999997007 0.005310344827582211 7624
0.001249999999997005 0.005551724137926974 7625
0.001249999999997004 0.005793103448272427 7626
0.001249999999997003 0.006034482758618212 7627
0.001249999999997001 0.006275862068963998 7628
0.001249999999996999 0.006517241379308879 7629
0.001249999999996998 0.006758620689654216 7630
0.001458333333329807 0.0002413793103443645 7631
0.001458333333329806 0.0004827586206886787 7632
0.001458333333329803 0.0007241379310331309 7633
0.001458333333329802 0.0009655172413774836 7634
0.0014583333333298 0.001206896551721599 7635
0.001458333333329799 0.001448275862065744 7636
0.001458333333329797 0.001689655172409849 7637
0.001458333333329795 0.001931034482753996 7638
0.001458333333329793 0.002172413793098259 7639
0.001458333333329791 0.002413793103442212 7640
0.001458333333329789 0.002655172413786504 7641
0.001458333333329787 0.002896551724130458 7642
0.001458333333329786 0.00313793103447475 7643
0.001458333333329784 0.003379310344818703 7644
0.001458333333329782 0.003620689655163724 7645
0.001458333333329781 0.003862068965508882 7646
0.001458333333329779 0.004103448275854636 7647
0.001458333333329777 0.004344827586200421 7648
0.001458333333329775 0.004586206896545071 7649
0.001458333333329773 0.004827586206890638 7650
0.001458333333329772 0.005068965517236424 7651
0.00145833333332977 0.005310344827582211 7652
0.001458333333329768 0.005551724137926976 7653
0.001458333333329766 0.005793103448272427 7654
0.001458333333329765 0.006034482758618212 7655
0.001458333333329763 0.006275862068963999 7656
0.001458333333329761 0.006517241379308879 7657
0.001458333333329759 0.006758620689654216 7658
0.001666666666662476 0.0002413793103443645 7659
0.001666666666662474 0.0004827586206886787 7660
0.001666666666662472 0.0007241379310331311 7661
0.00166666666666247 0.0009655172413774837 7662
0.001666666666662469 0.001206896551721599 7663
0.001666666666662466 0.001448275862065744 7664
0.001666666666662464 0.001689655172409849 7665
0.001666666666662462 0.001931034482753996 7666
0.00166666666666246 0.002172413793098259 7667
0.001666666666662458 0.002413793103442213 7668
0.001666666666662456 0.002655172413786504 7669
0.001666666666662454 0.002896551724130458 7670
0.001666666666662452 0.003137931034474749 7671
0.00166666666666245 0.003379310344818703 7672
0.001666666666662448 0.003620689655163723 7673
0.001666666666662446 0.003862068965508881 7674
0.001666666666662444 0.004103448275854636 7675
0.001666666666662442 0.004344827586200421 7676
0.00166666666666244 0.00458620689654507 7677
0.001666666666662438 0.004827586206890639 7678
0.001666666666662436 0.005068965517236424 7679
0.001666666666662434 0.00531034482758221 7680
0.001666666666662432 0.005551724137926975 7681
0.001666666666662429 0.005793103448272427 7682
0.001666666666662428 0.006034482758618212 7683
0.001666666666662426 0.006275862068963997 7684
0.001666666666662423 0.006517241379308879 7685
0.001666666666662421 0.006758620689654216 7686
0.001874999999995216 0.0002413793103443645 7687
0.001874999999995214 0.0004827586206886787 7688
0.001874999999995212 0.0007241379310331311 7689
0.00187499999999521 0.0009655172413774837 7690
0.001874999999995207 0.001206896551721599 7691
0.001874999999995205 0.001448275862065744 7692
0.001874999999995203 0.001689655172409849 7693
0.0018749999999952 0.001931034482753996 7694
0.001874999999995199 0.002172413793098259 7695
0.001874999999995196 0.002413793103442213 7696
0.001874999999995193 0.002655172413786504 7697
0.001874999999995191 0.002896551724130458 7698
0.001874999999995188 0.003137931034474749 7699
0.001874999999995187 0.003379310344818703 7700
0.001874999999995184 0.003620689655163723 7701
0.001874999999995182 0.003862068965508881 7702
0.00187499999999518 0.004103448275854636 7703
0.001874999999995177 0.004344827586200421 7704
0.001874999999995175 0.004586206896545068 7705
0.001874999999995173 0.004827586206890639 7706
0.00187499999999517 0.005068965517236425 7707
0.001874999999995168 0.005310344827582209 7708
0.001874999999995166 0.005551724137926973 7709
0.001874999999995164 0.005793103448272427 7710
0.001874999999995161 0.006034482758618212 7711
0.001874999999995159 0.006275862068963998 7712
0.001874999999995157 0.006517241379308879 7713
0.001874999999995154 0.006758620689654216 7714
0.002083333333327801 0.0002413793103443645 7715
0.002083333333327799 0.0004827586206886787 7716
0.002083333333327796 0.000724137931033131 7717
0.002083333333327793 0.0009655172413774837 7718
0.002083333333327791 0.001206896551721599 7719
0.002083333333327788 0.001448275862065744 7720
0.002083333333327786 0.001689655172409849 7721
0.002083333333327783 0.001931034482753996 7722
0.002083333333327781 0.002172413793098259 7723
0.002083333333327779 0.002413793103442212 7724
0.002083333333327775 0.002655172413786504 7725
0.002083333333327773 0.002896551724130458 7726
0.002083333333327771 0.00313793103447475 7727
0.002083333333327768 0.003379310344818703 7728
0.002083333333327766 0.003620689655163724 7729
0.002083333333327763 0.003862068965508883 7730
0.002083333333327761 0.004103448275854636 7731
0.002083333333327758 0.004344827586200421 7732
0.002083333333327755 0.004586206896545069 7733
0.002083333333327753 0.004827586206890638 7734
0.002083333333327751 0.005068965517236424 7735
0.002083333333327747 0.005310344827582212 7736
0.002083333333327745 0.005551724137926974 7737
0.002083333333327742 0.005793103448272427 7738
0.00208333333332774 0.006034482758618212 7739
0.002083333333327738 0.006275862068964 7740
0.002083333333327735 0.006517241379308879 7741
0.002083333333327733 0.006758620689654216 7742
0.002291666666660711 0.0002413793103443644 7743
0.002291666666660708 0.0004827586206886787 7744
0.002291666666660706 0.000724137931033131 7745
0.002291666666660703 0.0009655172413774835 7746
0.0022916666666607 0.001206896551721599 7747
0.002291666666660697 0.001448275862065744 7748
0.002291666666660694 0.001689655172409849 7749
0.002291666666660692 0.001931034482753996 7750
0.002291666666660688 0.002172413793098259 7751
0.002291666666660686 0.002413793103442212 7752
0.002291666666660683 0.002655172413786504 7753
0.002291666666660679 0.002896551724130459 7754
0.002291666666660677 0.00313793103447475 7755
0.002291666666660675 0.003379310344818703 7756
0.002291666666660671 0.003620689655163723 7757
0.002291666666660668 0.003862068965508882 7758
0.002291666666660666 0.004103448275854636 7759
0.002291666666660663 0.004344827586200421 7760
0.002291666666660661 0.004586206896545069 7761
0.002291666666660657 0.004827586206890638 7762
0.002291666666660655 0.005068965517236424 7763
0.002291666666660652 0.005310344827582211 7764
0.002291666666660649 0.005551724137926975 7765
0.002291666666660646 0.005793103448272426 7766
0.002291666666660643 0.006034482758618212 7767
0.002291666666660641 0.006275862068964 7768
0.002291666666660638 0.006517241379308879 7769
0.002291666666660634 0.006758620689654216 7770
0.002499999999993479 0.0002413793103443645 7771
0.002499999999993476 0.0004827586206886786 7772
0.002499999999993473 0.0007241379310331311 7773
0.00249999999999347 0.0009655172413774837 7774
0.002499999999993466 0.001206896551721599 7775
0.002499999999993463 0.001448275862065744 7776
0.002499999999993461 0.001689655172409849 7777
0.002499999999993458 0.001931034482753996 7778
0.002499999999993455 0.002172413793098259 7779
0.002499999999993452 0.002413793103442212 7780
0.002499999999993448 0.002655172413786504 7781
0.002499999999993445 0.002896551724130458 7782
0.002499999999993442 0.003137931034474749 7783
0.002499999999993439 0.003379310344818703 7784
0.002499999999993436 0.003620689655163723 7785
0.002499999999993433 0.003862068965508881 7786
0.00249999999999343 0.004103448275854636 7787
0.002499999999993427 0.004344827586200421 7788
0.002499999999993424 0.004586206896545069 7789
0.002499999999993421 0.004827586206890638 7790
0.002499999999993417 0.005068965517236424 7791
0.002499999999993414 0.005310344827582211 7792
0.002499999999993411 0.005551724137926974 7793
0.002499999999993409 0.005793103448272427 7794
0.002499999999993405 0.006034482758618212 7795
0.002499999999993402 0.006275862068963998 7796
0.002499999999993399 0.006517241379308879 7797
0.002499999999993396 0.006758620689654216 7798
0.002708333333327432 0.0002413793103443644 7799
0.002708333333327429 0.0004827586206886785 7800
0.002708333333327426 0.0007241379310331311 7801
0.002708333333327424 0.0009655172413774837 7802
0.00270833333332742 0.001206896551721599 7803
0.002708333333327416 0.001448275862065744 7804
0.002708333333327413 0.001689655172409849 7805
0.002708333333327409 0.001931034482753996 7806
0.002708333333327406 0.002172413793098259 7807
0.002708333333327403 0.002413793103442212 7808
0.002708333333327401 0.002655172413786504 7809
0.002708333333327396 0.002896551724130458 7810
0.002708333333327394 0.003137931034474749 7811
0.00270833333332739 0.003379310344818703 7812
0.002708333333327387 0.003620689655163723 7813
0.002708333333327383 0.003862068965508881 7814
0.00270833333332738 0.004103448275854636 7815
0.002708333333327376 0.004344827586200421 7816
0.002708333333327373 0.00458620689654507 7817
0.002708333333327369 0.004827586206890638 7818
0.002708333333327367 0.005068965517236424 7819
0.002708333333327363 0.005310344827582211 7820
0.00270833333332736 0.005551724137926975 7821
0.002708333333327357 0.005793103448272427 7822
0.002708333333327354 0.006034482758618212 7823
0.00270833333332735 0.006275862068963998 7824
0.002708333333327347 0.006517241379308879 7825
0.002708333333327343 0.006758620689654216 7826
0.002916666666661078 0.0002413793103443644 7827
0.002916666666661074 0.0004827586206886786 7828
0.002916666666661071 0.0007241379310331311 7829
0.002916666666661067 0.0009655172413774837 7830
0.002916666666661063 0.001206896551721599 7831
0.00291666666666106 0.001448275862065744 7832
0.002916666666661056 0.001689655172409849 7833
0.002916666666661052 0.001931034482753996 7834
0.002916666666661049 0.002172413793098259 7835
0.002916666666661045 0.002413793103442212 7836
0.002916666666661041 0.002655172413786504 7837
0.002916666666661037 0.002896551724130458 7838
0.002916666666661034 0.003137931034474749 7839
0.002916666666661031 0.003379310344818703 7840
0.002916666666661027 0.003620689655163723 7841
0.002916666666661025 0.003862068965508881 7842
0.00291666666666102 0.004103448275854636 7843
0.002916666666661017 0.004344827586200421 7844
0.002916666666661013 0.004586206896545069 7845
0.00291666666666101 0.004827586206890638 7846
0.002916666666661006 0.005068965517236424 7847
0.002916666666661002 0.005310344827582211 7848
0.002916666666660999 0.005551724137926975 7849
0.002916666666660996 0.005793103448272427 7850
0.002916666666660992 0.006034482758618212 7851
0.002916666666660989 0.006275862068963999 7852
0.002916666666660984 0.006517241379308879 7853
0.00291666666666098 0.006758620689654216 7854
0.003124999999995257 0.0002413793103443644 7855
0.003124999999995252 0.0004827586206886785 7856
0.003124999999995249 0.0007241379310331311 7857
0.003124999999995245 0.0009655172413774836 7858
0.003124999999995241 0.001206896551721599 7859
0.003124999999995237 0.001448275862065744 7860
0.003124999999995234 0.001689655172409849 7861
0.003124999999995231 0.001931034482753996 7862
0.003124999999995227 0.002172413793098259 7863
0.003124999999995223 0.002413793103442212 7864
0.003124999999995219 0.002655172413786504 7865
0.003124999999995215 0.002896551724130458 7866
0.003124999999995211 0.00313793103447475 7867
0.003124999999995208 0.003379310344818703 7868
0.003124999999995204 0.003620689655163723 7869
0.0031249999999952 0.003862068965508881 7870
0.003124999999995197 0.004103448275854636 7871
0.003124999999995192 0.004344827586200421 7872
0.003124999999995189 0.00458620689654507 7873
0.003124999999995185 0.004827586206890638 7874
0.003124999999995181 0.005068965517236424 7875
0.003124999999995178 0.00531034482758221 7876
0.003124999999995173 0.005551724137926975 7877
0.00312499999999517 0.005793103448272427 7878
0.003124999999995166 0.006034482758618212 7879
0.003124999999995163 0.006275862068964 7880
0.003124999999995159 0.006517241379308879 7881
0.003124999999995155 0.006758620689654216 7882
0.003333333333328816 0.0002413793103443644 7883
0.003333333333328811 0.0004827586206886786 7884
0.003333333333328808 0.0007241379310331309 7885
0.003333333333328803 0.0009655172413774833 7886
0.0033333333333288 0.001206896551721599 7887
0.003333333333328797 0.001448275862065744 7888
0.003333333333328792 0.001689655172409849 7889
0.003333333333328787 0.001931034482753996 7890
0.003333333333328784 0.002172413793098259 7891
0.003333333333328779 0.002413793103442213 7892
0.003333333333328776 0.002655172413786504 7893
0.003333333333328772 0.002896551724130458 7894
0.003333333333328768 0.003137931034474749 7895
0.003333333333328764 0.003379310344818703 7896
0.00333333333332876 0.003620689655163723 7897
0.003333333333328755 0.003862068965508881 7898
0.003333333333328753 0.004103448275854636 7899
0.003333333333328748 0.004344827586200421 7900
0.003333333333328744 0.004586206896545069 7901
0.003333333333328739 0.004827586206890639 7902
0.003333333333328736 0.005068965517236425 7903
0.003333333333328732 0.00531034482758221 7904
0.003333333333328727 0.005551724137926975 7905
0.003333333333328724 0.005793103448272427 7906
0.00333333333332872 0.006034482758618212 7907
0.003333333333328715 0.006275862068963997 7908
0.003333333333328711 0.006517241379308878 7909
0.003333333333328708 0.006758620689654216 7910
0.003541666666662939 0.0002413793103443645 7911
0.003541666666662935 0.0004827586206886786 7912
0.00354166666666293 0.0007241379310331307 7913
0.003541666666662926 0.0009655172413774835 7914
0.003541666666662923 0.001206896551721599 7915
0.003541666666662918 0.001448275862065744 7916
0.003541666666662914 0.001689655172409849 7917
0.003541666666662909 0.001931034482753996 7918
0.003541666666662904 0.002172413793098259 7919
0.0035416666666629 0.002413793103442212 7920
0.003541666666662896 0.002655172413786505 7921
0.003541666666662892 0.002896551724130457 7922
0.003541666666662888 0.003137931034474749 7923
0.003541666666662884 0.003379310344818703 7924
0.00354166666666288 0.003620689655163723 7925
0.003541666666662874 0.003862068965508881 7926
0.00354166666666287 0.004103448275854636 7927
0.003541666666662867 0.004344827586200421 7928
0.003541666666662863 0.00458620689654507 7929
0.003541666666662858 0.004827586206890638 7930
0.003541666666662854 0.005068965517236424 7931
0.00354166666666285 0.00531034482758221 7932
0.003541666666662845 0.005551724137926973 7933
0.003541666666662841 0.005793103448272427 7934
0.003541666666662837 0.006034482758618212 7935
0.003541666666662833 0.006275862068963999 7936
0.003541666666662828 0.006517241379308879 7937
0.003541666666662825 0.006758620689654216 7938
0.003749999999996696 0.0002413793103443644 7939
0.00374999999999669 0.0004827586206886786 7940
0.003749999999996687 0.000724137931033131 7941
0.003749999999996682 0.0009655172413774835 7942
0.003749999999996678 0.001206896551721599 7943
0.003749999999996674 0.001448275862065744 7944
0.003749999999996668 0.001689655172409849 7945
0.003749999999996664 0.001931034482753996 7946
0.00374999999999666 0.002172413793098259 7947
0.003749999999996654 0.002413793103442213 7948
0.00374999999999665 0.002655172413786504 7949
0.003749999999996646 0.002896551724130458 7950
0.003749999999996641 0.003137931034474749 7951
0.003749999999996637 0.003379310344818703 7952
0.003749999999996633 0.003620689655163723 7953
0.003749999999996628 0.003862068965508881 7954
0.003749999999996623 0.004103448275854636 7955
0.00374999999999662 0.004344827586200421 7956
0.003749999999996615 0.004586206896545069 7957
0.00374999999999661 0.004827586206890638 7958
0.003749999999996606 0.005068965517236424 7959
0.003749999999996602 0.00531034482758221 7960
0.003749999999996596 0.005551724137926974 7961
0.003749999999996592 0.005793103448272427 7962
0.003749999999996589 0.006034482758618212 7963
0.003749999999996583 0.006275862068963998 7964
0.003749999999996578 0.006517241379308879 7965
0.003749999999996575 0.006758620689654216 7966
0.003958333333330457 0.0002413793103443644 7967
0.00395833333333046 0.0004827586206886786 7968
0.003958333333330459 0.0007241379310331309 7969
0.003958333333330459 0.0009655172413774833 7970
0.003958333333330463 0.001206896551721599 7971
0.003958333333330463 0.001448275862065744 7972
0.003958333333330464 0.001689655172409849 7973
0.003958333333330465 0.001931034482753996 7974
0.003958333333330466 0.002172413793098259 7975
0.003958333333330469 0.002413793103442212 7976
0.003958333333330469 0.002655172413786504 7977
0.00395833333333047 0.002896551724130457 7978
0.003958333333330471 0.003137931034474749 7979
0.003958333333330471 0.003379310344818703 7980
0.003958333333330473 0.003620689655163724 7981
0.003958333333330476 0.003862068965508882 7982
0.003958333333330475 0.004103448275854636 7983
0.003958333333330477 0.004344827586200421 7984
0.003958333333330478 0.004586206896545069 7985
0.003958333333330479 0.004827586206890638 7986
0.003958333333330478 0.005068965517236424 7987
0.003958333333330482 0.005310344827582209 7988
0.003958333333330482 0.005551724137926974 7989
0.003958333333330482 0.005793103448272427 7990
0.003958333333330484 0.006034482758618212 7991
0.003958333333330485 0.006275862068963999 7992
0.003958333333330485 0.006517241379308879 7993
0.00395833333333049 0.006758620689654216 7994
0.004166666666664636 0.0002413793103443644 7995
0.004166666666664638 0.0004827586206886786 7996
0.004166666666664638 0.0007241379310331309 7997
0.00416666666666464 0.0009655172413774836 7998
0.004166666666664641 0.001206896551721599 7999
0.004166666666664641 0.001448275862065744 8000
0.004166666666664643 0.001689655172409849 8001
0.004166666666664643 0.001931034482753996 8002
0.004166666666664645 0.002172413793098259 8003
0.004166666666664646 0.002413793103442212 8004
0.004166666666664647 0.002655172413786504 8005
0.004166666666664648 0.002896551724130457 8006
0.004166666666664648 0.003137931034474749 8007
0.004166666666664648 0.003379310344818703 8008
0.00416666666666465 0.003620689655163723 8009
0.00416666666666465 0.003862068965508881 8010
0.00416666666666465 0.004103448275854636 8011
0.004166666666664653 0.004344827586200421 8012
0.004166666666664653 0.00458620689654507 8013
0.004166666666664653 0.004827586206890638 8014
0.004166666666664655 0.005068965517236424 8015
0.004166666666664656 0.005310344827582211 8016
0.004166666666664658 0.005551724137926975 8017
0.004166666666664657 0.005793103448272427 8018
0.004166666666664659 0.006034482758618212 8019
0.00416666666666466 0.006275862068964 8020
0.00416666666666466 0.006517241379308879 8021
0.00416666666666466 0.006758620689654216 8022
0.004374999999998816 0.0002413793103443644 8023
0.004374999999998817 0.0004827586206886785 8024
0.004374999999998817 0.0007241379310331307 8025
0.004374999999998817 0.0009655172413774834 8026
0.004374999999998819 0.001206896551721599 8027
0.004374999999998821 0.001448275862065744 8028
0.004374999999998821 0.001689655172409849 8029
0.004374999999998821 0.001931034482753996 8030
0.004374999999998823 0.002172413793098259 8031
0.004374999999998823 0.002413793103442212 8032
0.004374999999998823 0.002655172413786504 8033
0.004374999999998824 0.002896551724130457 8034
0.004374999999998826 0.003137931034474749 8035
0.004374999999998826 0.003379310344818703 8036
0.004374999999998826 0.003620689655163723 8037
0.004374999999998826 0.003862068965508881 8038
0.004374999999998828 0.004103448275854636 8039
0.004374999999998828 0.004344827586200421 8040
0.004374999999998829 0.00458620689654507 8041
0.004374999999998829 0.004827586206890638 8042
0.004374999999998829 0.005068965517236424 8043
0.004374999999998831 0.00531034482758221 8044
0.004374999999998831 0.005551724137926975 8045
0.004374999999998833 0.005793103448272427 8046
0.004374999999998833 0.006034482758618212 8047
0.004374999999998833 0.006275862068963998 8048
0.004374999999998835 0.006517241379308879 8049
0.004374999999998836 0.006758620689654216 8050
0.004583333333331755 0.0002413793103443644 8051
0.004583333333331755 0.0004827586206886786 8052
0.004583333333331755 0.0007241379310331308 8053
0.004583333333331756 0.0009655172413774834 8054
0.004583333333331756 0.001206896551721599 8055
0.004583333333331756 0.001448275862065744 8056
0.004583333333331756 0.001689655172409849 8057
0.004583333333331758 0.001931034482753996 8058
0.004583333333331758 0.002172413793098259 8059
0.004583333333331758 0.002413793103442212 8060
0.004583333333331758 0.002655172413786504 8061
0.004583333333331759 0.002896551724130458 8062
0.00458333333333176 0.003137931034474749 8063
0.00458333333333176 0.003379310344818703 8064
0.00458333333333176 0.003620689655163723 8065
0.00458333333333176 0.003862068965508881 8066
0.004583333333331762 0.004103448275854636 8067
0.004583333333331762 0.004344827586200421 8068
0.004583333333331762 0.004586206896545069 8069
0.004583333333331762 0.004827586206890638 8070
0.004583333333331763 0.005068965517236424 8071
0.004583333333331763 0.00531034482758221 8072
0.004583333333331763 0.005551724137926974 8073
0.004583333333331763 0.005793103448272427 8074
0.004583333333331763 0.006034482758618212 8075
0.004583333333331763 0.006275862068963999 8076
0.004583333333331765 0.006517241379308879 8077
0.004583333333331767 0.006758620689654216 8078
0.004791666666665821 0.0002413793103443643 8079
0.004791666666665821 0.0004827586206886785 8080
0.004791666666665821 0.0007241379310331308 8081
0.004791666666665821 0.0009655172413774833 8082
0.004791666666665821 0.001206896551721599 8083
0.004791666666665821 0.001448275862065744 8084
0.004791666666665821 0.001689655172409849 8085
0.004791666666665823 0.001931034482753996 8086
0.004791666666665821 0.002172413793098259 8087
0.004791666666665821 0.002413793103442212 8088
0.004791666666665821 0.002655172413786505 8089
0.004791666666665823 0.002896551724130457 8090
0.004791666666665823 0.003137931034474749 8091
0.004791666666665823 0.003379310344818703 8092
0.004791666666665823 0.003620689655163723 8093
0.004791666666665823 0.003862068965508881 8094
0.004791666666665823 0.004103448275854636 8095
0.004791666666665823 0.004344827586200421 8096
0.004791666666665823 0.004586206896545069 8097
0.004791666666665825 0.004827586206890639 8098
0.004791666666665823 0.005068965517236425 8099
0.004791666666665825 0.005310344827582213 8100
0.004791666666665825 0.005551724137926975 8101
0.004791666666665825 0.005793103448272427 8102
0.004791666666665825 0.006034482758618212 8103
0.004791666666665825 0.006275862068963998 8104
0.004791666666665825 0.006517241379308879 8105
0.004791666666665827 0.006758620689654216 8106
NMARK= 7
MARKER_TAG= inlet_fuel
MARKER_ELEMS= 29
3 12 659 
3 659 660 
3 660 661 
3 661 662 
3 662 663 
3 663 664 
3 664 665 
3 665 666 
3 666 667 
3 667 668 
3 668 669 
3 669 670 
3 670 671 
3 671 672 
3 672 673 
3 673 674 
3 674 675 
3 675 676 
3 676 677 
3 677 678 
3 678 679 
3 679 680 
3 680 681 
3 681 682 
3 682 683 
3 683 684 
3 684 685 
3 685 686 
3 686 13 
MARKER_TAG= inlet_oxidizer
MARKER_ELEMS= 29
3 14 687 
3 687 688 
3 688 689 
3 689 690 
3 690 691 
3 691 692 
3 692 693 
3 693 694 
3 694 695 
3 695 696 
3 696 697 
3 697 698 
3 698 699 
3 699 700 
3 700 701 
3 701 702 
3 702 703 
3 703 704 
3 704 705 
3 705 706 
3 706 707 
3 707 708 
3 708 709 
3 709 710 
3 710 711 
3 711 712 
3 712 713 
3 713 714 
3 714 15 
MARKER_TAG= outlet
MARKER_ELEMS= 74
3 11 420 
3 420 421 
3 421 422 
3 422 423 
3 423 424 
3 424 425 
3 425 426 
3 426 427 
3 427 428 
3 428 429 
3 429 430 
3 430 431 
3 431 432 
3 432 433 
3 433 434 
3 434 435 
3 435 436 
3 436 437 
3 437 438 
3 438 439 
3 439 440 
3 440 441 
3 441 442 
3 442 443 
3 443 444 
3 444 445 
3 445 446 
3 446 447 
3 447 448 
3 448 449 
3 449 450 
3 450 451 
3 451 452 
3 452 453 
3 453 454 
3 454 455 
3 455 456 
3 456 457 
3 457 458 
3 458 459 
3 459 460 
3 460 461 
3 461 462 
3 462 463 
3 463 464 
3 464 465 
3 465 466 
3 466 467 
3 467 468 
3 468 469 
3 469 470 
3 470 471 
3 471 472 
3 472 473 
3 473 474 
3 474 475 
3 475 476 
3 476 477 
3 477 478 
3 478 479 
3 479 480 
3 480 481 
3 481 482 
3 482 483 
3 483 484 
3 484 485 
3 485 486 
3 486 487 
3 487 488 
3 488 489 
3 489 490 
3 490 491 
3 491 492 
3 492 10 
MARKER_TAG= wall_fuel
MARKER_ELEMS= 53
3 3 374 
3 374 375 
3 375 376 
3 376 377 
3 377 378 
3 378 379 
3 379 380 
3 380 381 
3 381 382 
3 382 383 
3 383 384 
3 384 385 
3 385 386 
3 386 387 
3 387 388 
3 388 389 
3 389 390 
3 390 391 
3 391 392 
3 392 393 
3 393 394 
3 394 395 
3 395 396 
3 396 397 
3 397 398 
3 398 399 
3 399 400 
3 400 401 
3 401 8 
3 3 590 
3 590 591 
3 591 592 
3 592 593 
3 593 594 
3 594 595 
3 595 596 
3 596 597 
3 597 598 
3 598 599 
3 599 600 
3 600 601 
3 601 602 
3 602 603 
3 603 604 
3 604 605 
3 605 606 
3 606 607 
3 607 608 
3 608 609 
3 609 610 
3 610 611 
3 611 612 
3 612 13 
MARKER_TAG= wall_oxidizer
MARKER_ELEMS= 53
3 2 346 
3 346 347 
3 347 348 
3 348 349 
3 349 350 
3 350 351 
3 351 352 
3 352 353 
3 353 354 
3 354 355 
3 355 356 
3 356 357 
3 357 358 
3 358 359 
3 359 360 
3 360 361 
3 361 362 
3 362 363 
3 363 364 
3 364 365 
3 365 366 
3 366 367 
3 367 368 
3 368 369 
3 369 370 
3 370 371 
3 371 372 
3 372 373 
3 373 9 
3 15 636 
3 636 637 
3 637 638 
3 638 639 
3 639 640 
3 640 641 
3 641 642 
3 642 643 
3 643 644 
3 644 645 
3 645 646 
3 646 647 
3 647 648 
3 648 649 
3 649 650 
3 650 651 
3 651 652 
3 652 653 
3 653 654 
3 654 655 
3 655 656 
3 656 657 
3 657 658 
3 658 2 
MARKER_TAG= symmetry
MARKER_ELEMS= 160
3 0 237 
3 237 238 
3 238 239 
3 239 240 
3 240 241 
3 241 242 
3 242 243 
3 243 244 
3 244 245 
3 245 246 
3 246 247 
3 247 248 
3 248 249 
3 249 250 
3 250 251 
3 251 252 
3 252 253 
3 253 254 
3 254 4 
3 4 255 
3 255 256 
3 256 257 
3 257 258 
3 258 259 
3 259 260 
3 260 261 
3 261 262 
3 262 263 
3 263 264 
3 264 265 
3 265 266 
3 266 267 
3 267 268 
3 268 269 
3 269 270 
3 270 271 
3 271 272 
3 272 273 
3 273 274 
3 274 275 
3 275 276 
3 276 277 
3 277 278 
3 278 279 
3 279 280 
3 280 281 
3 281 282 
3 282 283 
3 283 284 
3 284 285 
3 285 286 
3 286 287 
3 287 288 
3 288 289 
3 289 290 
3 290 291 
3 291 292 
3 292 293 
3 293 294 
3 294 295 
3 295 296 
3 296 297 
3 297 298 
3 298 299 
3 299 300 
3 300 301 
3 301 302 
3 302 303 
3 303 304 
3 304 305 
3 305 306 
3 306 307 
3 307 308 
3 308 309 
3 309 310 
3 310 311 
3 311 312 
3 312 313 
3 313 314 
3 314 315 
3 315 316 
3 316 317 
3 317 318 
3 318 319 
3 319 320 
3 320 321 
3 321 322 
3 322 323 
3 323 324 
3 324 325 
3 325 326 
3 326 327 
3 327 5 
3 5 328 
3 328 329 
3 329 330 
3 330 331 
3 331 332 
3 332 333 
3 333 334 
3 334 335 
3 335 336 
3 336 337 
3 337 338 
3 338 339 
3 339 340 
3 340 341 
3 341 342 
3 342 343 
3 343 344 
3 344 345 
3 345 1 
3 0 567 
3 567 568 
3 568 569 
3 569 570 
3 570 571 
3 571 572 
3 572 573 
3 573 574 
3 574 575 
3 575 576 
3 576 577 
3 577 578 
3 578 579 
3 579 580 
3 580 581 
3 581 582 
3 582 583 
3 583 584 
3 584 585 
3 585 586 
3 586 587 
3 587 588 
3 588 589 
3 589 12 
3 14 613 
3 613 614 
3 614 615 
3 615 616 
3 616 617 
3 617 618 
3 618 619 
3 619 620 
3 620 621 
3 621 622 
3 622 623 
3 623 624 
3 624 625 
3 625 626 
3 626 627 
3 627 628 
3 628 629 
3 629 630 
3 630 631 
3 631 632 
3 632 633 
3 633 634 
3 634 635 
3 635 1 
MARKER_TAG= wall_outlet
MARKER_ELEMS= 38
3 9 402 
3 402 403 
3 403 404 
3 404 405 
3 405 406 
3 406 407 
3 407 408 
3 408 409 
3 409 410 
3 410 411 
3 411 412 
3 412 413 
3 413 414 
3 414 415 
3 415 416 
3 416 417 
3 417 418 
3 418 419 
3 419 11 
3 10 493 
3 493 494 
3 494 495 
3 495 496 
3 496 497 
3 497 498 
3 498 499 
3 499 500 
3 500 501 
3 501 502 
3 502 503 
3 503 504 
3 504 505 
3 505 506 
3 506 507 
3 507 508 
3 508 509 
3 509 510 
3 510 8 
