"Time_Iter",    "Cur_Time"    ,      "mic1"
       5000,            0.0015,       949.1589812
       5001,             0.003,       949.0958032
       5002,            0.0045,       949.0417146
       5003,             0.006,       948.9949664
       5004,            0.0075,       948.9538284
       5005,             0.009,        948.912665
       5006,            0.0105,       948.8674114
       5007,             0.012,        948.818137
       5008,            0.0135,       948.7744029
       5009,             0.015,        948.731612
       5010,            0.0165,       948.6898931
       5011,             0.018,       948.6480108
       5012,            0.0195,       948.6104238
       5013,             0.021,       948.5775044
       5014,            0.0225,       948.5444051
       5015,             0.024,       948.5116328
       5016,            0.0255,       948.4817409
       5017,             0.027,       948.4497866
       5018,            0.0285,        948.414993
       5019,              0.03,       948.3802015
       5020,            0.0315,       948.3465571
       5021,             0.033,       948.3154248
       5022,            0.0345,       948.2832523
       5023,             0.036,       948.2497001
       5024,            0.0375,       948.2193847
       5025,             0.039,       948.1901693
       5026,            0.0405,       948.1614261
       5027,             0.042,       948.1332168
       5028,            0.0435,       948.0993509
       5029,             0.045,       948.0640357
       5030,            0.0465,       948.0287085
       5031,             0.048,       947.9926316
       5032,            0.0495,        947.957348
       5033,             0.051,       947.9209899
       5034,            0.0525,       947.8865192
       5035,             0.054,       947.8532565
       5036,            0.0555,       947.8197278
       5037,             0.057,       947.7865588
       5038,            0.0585,       947.7503611
       5039,              0.06,       947.7119438
       5040,            0.0615,       947.6725128
       5041,             0.063,       947.6345767
       5042,            0.0645,       947.5970791
       5043,             0.066,       947.5566997
       5044,            0.0675,       947.5154106
       5045,             0.069,       947.4729805
       5046,            0.0705,       947.4293237
       5047,             0.072,        947.385491
       5048,            0.0735,       947.3440444
       5049,             0.075,       947.3050883
       5050,            0.0765,       947.2669214
       5051,             0.078,       947.2291447
       5052,            0.0795,       947.1899791
       5053,             0.081,       947.1497222
       5054,            0.0825,       947.1068513
       5055,             0.084,       947.0593266
       5056,            0.0855,       947.0124602
       5057,             0.087,       946.9710807
       5058,            0.0885,       946.9300155
       5059,              0.09,       946.8860057
       5060,            0.0915,       946.8409951
       5061,             0.093,       946.7968144
       5062,            0.0945,       946.7528018
       5063,             0.096,       946.7054877
       5064,            0.0975,       946.6555962
       5065,             0.099,       946.6069655
       5066,            0.1005,       946.5598635
       5067,             0.102,       946.5120735
       5068,            0.1035,       946.4635326
       5069,             0.105,       946.4148685
       5070,            0.1065,       946.3663118
       5071,             0.108,       946.3202853
       5072,            0.1095,       946.2786288
       5073,             0.111,       946.2371021
       5074,            0.1125,       946.1932418
       5075,             0.114,        946.149233
       5076,            0.1155,       946.1069766
       5077,             0.117,       946.0681272
       5078,            0.1185,       946.0331429
       5079,              0.12,       946.0013439
       5080,            0.1215,       945.9727027
       5081,             0.123,       945.9456677
       5082,            0.1245,       945.9164049
       5083,             0.126,       945.8865259
       5084,            0.1275,       945.8616766
       5085,             0.129,       945.8440289
       5086,            0.1305,       945.8315293
       5087,             0.132,       945.8226836
       5088,            0.1335,       945.8160494
       5089,             0.135,       945.8102356
       5090,            0.1365,       945.8065738
       5091,             0.138,       945.8073363
       5092,            0.1395,       945.8129185
       5093,             0.141,       945.8233573
       5094,            0.1425,       945.8405007
       5095,             0.144,       945.8656898
       5096,            0.1455,       945.8964277
       5097,             0.147,       945.9307017
       5098,            0.1485,       945.9680201
       5099,              0.15,       946.0089068
       5100,            0.1515,       946.0543907
       5101,             0.153,       946.1051943
       5102,            0.1545,       946.1562598
       5103,             0.156,       946.2104868
       5104,            0.1575,        946.271211
       5105,             0.159,       946.3384757
       5106,            0.1605,       946.4129382
       5107,             0.162,       946.4917794
       5108,            0.1635,       946.5728282
       5109,             0.165,       946.6555139
       5110,            0.1665,       946.7403755
       5111,             0.168,       946.8277526
       5112,            0.1695,       946.9177753
       5113,             0.171,       947.0127167
       5114,            0.1725,       947.1151511
       5115,             0.174,       947.2242478
       5116,            0.1755,       947.3368384
       5117,             0.177,       947.4489101
       5118,            0.1785,       947.5588355
       5119,              0.18,       947.6690915
       5120,            0.1815,       947.7825915
       5121,             0.183,       947.9002711
       5122,            0.1845,       948.0204436
       5123,             0.186,       948.1416654
       5124,            0.1875,       948.2644365
       5125,             0.189,       948.3889795
       5126,            0.1905,       948.5155724
       5127,             0.192,       948.6461947
       5128,            0.1935,       948.7794382
       5129,             0.195,       948.9120757
       5130,            0.1965,       949.0457071
       5131,             0.198,       949.1830769
       5132,            0.1995,       949.3289017
       5133,             0.201,       949.4796923
       5134,            0.2025,       949.6304867
       5135,             0.204,       949.7772372
       5136,            0.2055,        949.925216
       5137,             0.207,       950.0668651
       5138,            0.2085,       950.2225534
       5139,              0.21,       950.3889677
       5140,            0.2115,       950.5591902
       5141,             0.213,        950.706226
       5142,            0.2145,       950.8488597
       5143,             0.216,       950.9906708
       5144,            0.2175,       951.1338956
       5145,             0.219,       951.2764482
       5146,            0.2205,       951.4150713
       5147,             0.222,       951.5493842
       5148,            0.2235,       951.6798205
       5149,             0.225,       951.8083823
       5150,            0.2265,       951.9353819
       5151,             0.228,       952.0618518
       5152,            0.2295,       952.1884665
       5153,             0.231,       952.3114924
       5154,            0.2325,       952.4305595
       5155,             0.234,       952.5455845
       5156,            0.2355,       952.6562665
       5157,             0.237,       952.7594075
       5158,            0.2385,       952.8562493
       5159,              0.24,       952.9501523
       5160,            0.2415,       953.0418351
       5161,             0.243,       953.1298084
       5162,            0.2445,       953.2105211
       5163,             0.246,       953.2858378
       5164,            0.2475,       953.3517049
       5165,             0.249,       953.4124081
       5166,            0.2505,       953.4683971
       5167,             0.252,       953.5205546
       5168,            0.2535,        953.570659
       5169,             0.255,       953.6208505
       5170,            0.2565,       953.6656849
       5171,             0.258,       953.7004413
       5172,            0.2595,       953.7286717
       5173,             0.261,       953.7534671
       5174,            0.2625,       953.7742135
       5175,             0.264,       953.7828867
       5176,            0.2655,        953.799056
       5177,             0.267,       953.8162219
       5178,            0.2685,       953.8297327
       5179,              0.27,       953.8408612
       5180,            0.2715,       953.8477193
       5181,             0.273,       953.8497892
       5182,            0.2745,       953.8477095
       5183,             0.276,       953.8423089
       5184,            0.2775,       953.8358397
       5185,             0.279,        953.829636
       5186,            0.2805,        953.822258
       5187,             0.282,       953.8136377
       5188,            0.2835,       953.8003932
       5189,             0.285,       953.7830583
       5190,            0.2865,       953.7656408
       5191,             0.288,       953.7503491
       5192,            0.2895,       953.7353136
       5193,             0.291,       953.7176986
       5194,            0.2925,       953.7002725
       5195,             0.294,       953.6835079
       5196,            0.2955,       953.6662673
       5197,             0.297,       953.6466822
       5198,            0.2985,       953.6253184
       5199,               0.3,       953.6025007
       5200,            0.3015,       953.5792585
       5201,             0.303,       953.5577815
       5202,            0.3045,       953.5384205
       5203,             0.306,       953.5197588
       5204,            0.3075,       953.5023757
       5205,             0.309,       953.4874346
       5206,            0.3105,       953.4733101
       5207,             0.312,       953.4587992
       5208,            0.3135,       953.4446144
       5209,             0.315,       953.4310928
       5210,            0.3165,        953.416899
       5211,             0.318,        953.401411
       5212,            0.3195,       953.3862263
       5213,             0.321,        953.372782
       5214,            0.3225,       953.3621816
       5215,             0.324,       953.3545439
       5216,            0.3255,       953.3512339
       5217,             0.327,       953.3438051
       5218,            0.3285,       953.3342783
       5219,              0.33,       953.3261266
       5220,            0.3315,       953.3182794
       5221,             0.333,       953.3094441
       5222,            0.3345,       953.3010866
       5223,             0.336,       953.2929034
       5224,            0.3375,       953.2854831
       5225,             0.339,       953.2781947
       5226,            0.3405,       953.2702955
       5227,             0.342,       953.2611711
       5228,            0.3435,       953.2521025
       5229,             0.345,       953.2432084
       5230,            0.3465,       953.2347199
       5231,             0.348,       953.2261981
       5232,            0.3495,       953.2158733
       5233,             0.351,       953.2044509
       5234,            0.3525,       953.1919947
       5235,             0.354,       953.1787202
       5236,            0.3555,       953.1641397
       5237,             0.357,       953.1479304
       5238,            0.3585,       953.1317467
       5239,              0.36,       953.1176545
       5240,            0.3615,        953.104253
       5241,             0.363,       953.0897381
       5242,            0.3645,       953.0738251
       5243,             0.366,       953.0560267
       5244,            0.3675,       953.0376904
       5245,             0.369,       953.0195468
       5246,            0.3705,       953.0016524
       5247,             0.372,       952.9837253
       5248,            0.3735,       952.9636864
       5249,             0.375,       952.9412371
       5250,            0.3765,       952.9202631
       5251,             0.378,       952.9012584
       5252,            0.3795,       952.8820558
       5253,             0.381,       952.8612874
       5254,            0.3825,       952.8388342
       5255,             0.384,       952.8135545
       5256,            0.3855,        952.785007
       5257,             0.387,       952.7550806
       5258,            0.3885,       952.7287315
       5259,              0.39,       952.7064481
       5260,            0.3915,       952.6808559
       5261,             0.393,       952.6504813
       5262,            0.3945,       952.6184615
       5263,             0.396,       952.5860912
       5264,            0.3975,        952.551585
       5265,             0.399,       952.5141881
       5266,            0.4005,       952.4741068
       5267,             0.402,       952.4319923
       5268,            0.4035,       952.3897768
       5269,             0.405,       952.3463966
       5270,            0.4065,       952.3045413
       5271,             0.408,         952.26678
       5272,            0.4095,        952.230603
       5273,             0.411,       952.1902016
       5274,            0.4125,       952.1435781
       5275,             0.414,       952.0897066
       5276,            0.4155,       952.0362787
       5277,             0.417,       951.9845285
       5278,            0.4185,       951.9332599
       5279,              0.42,       951.8786578
       5280,            0.4215,       951.8189045
       5281,             0.423,         951.76066
       5282,            0.4245,       951.7040798
       5283,             0.426,       951.6644282
       5284,            0.4275,       951.6273082
       5285,             0.429,       951.5792363
       5286,            0.4305,       951.4988785
       5287,             0.432,       951.4064665
       5288,            0.4335,       951.3080533
       5289,             0.435,       951.2117663
       5290,            0.4365,       951.1190895
       5291,             0.438,       951.0471682
       5292,            0.4395,       950.9748153
       5293,             0.441,       950.9052045
       5294,            0.4425,       950.8359774
       5295,             0.444,       950.7613479
       5296,            0.4455,       950.6737815
       5297,             0.447,        950.583288
       5298,            0.4485,       950.4936482
       5299,              0.45,       950.4071186
       5300,            0.4515,       950.3242941
       5301,             0.453,       950.2449645
       5302,            0.4545,       950.1711609
       5303,             0.456,       950.0981504
       5304,            0.4575,       950.0219834
       5305,             0.459,       949.9473786
       5306,            0.4605,       949.8747432
       5307,             0.462,       949.8009733
       5308,            0.4635,       949.7309015
       5309,             0.465,       949.6621049
       5310,            0.4665,       949.5856763
       5311,             0.468,       949.5128184
       5312,            0.4695,        949.448792
       5313,             0.471,        949.389239
       5314,            0.4725,       949.3291492
       5315,             0.474,        949.271389
       5316,            0.4755,       949.2162624
       5317,             0.477,       949.1565702
       5318,            0.4785,       949.0901441
       5319,              0.48,       949.0465068
       5320,            0.4815,       949.0083809
       5321,             0.483,       948.9526563
       5322,            0.4845,       948.8946111
       5323,             0.486,       948.8445533
       5324,            0.4875,       948.7992275
       5325,             0.489,        948.751943
       5326,            0.4905,       948.7026712
       5327,             0.492,       948.6435878
       5328,            0.4935,       948.5846897
       5329,             0.495,       948.5370418
       5330,            0.4965,       948.4995954
       5331,             0.498,       948.4631965
       5332,            0.4995,       948.4231772
       5333,             0.501,       948.3853565
       5334,            0.5025,       948.3500735
       5335,             0.504,       948.3089414
       5336,            0.5055,       948.2655239
       5337,             0.507,       948.2294849
       5338,            0.5085,       948.1926099
       5339,              0.51,       948.1562727
       5340,            0.5115,       948.1208699
       5341,             0.513,       948.0891547
       5342,            0.5145,       948.0612422
       5343,             0.516,       948.0331461
       5344,            0.5175,       948.0055262
       5345,             0.519,       947.9775409
       5346,            0.5205,       947.9502578
       5347,             0.522,       947.9260389
       5348,            0.5235,       947.8979307
       5349,             0.525,       947.8655427
       5350,            0.5265,       947.8350514
       5351,             0.528,       947.8053514
       5352,            0.5295,        947.777805
       5353,             0.531,       947.7522774
       5354,            0.5325,        947.728938
       5355,             0.534,        947.704292
       5356,            0.5355,         947.67942
       5357,             0.537,        947.656212
       5358,            0.5385,       947.6315303
       5359,              0.54,       947.6028619
       5360,            0.5415,           947.574
       5361,             0.543,       947.5451847
       5362,            0.5445,       947.5142275
       5363,             0.546,       947.4833559
       5364,            0.5475,        947.452693
       5365,             0.549,       947.4213902
       5366,            0.5505,       947.3898069
       5367,             0.552,       947.3602843
       5368,            0.5535,       947.3348475
       5369,             0.555,       947.3097404
       5370,            0.5565,       947.2801315
       5371,             0.558,       947.2460902
       5372,            0.5595,       947.2114543
       5373,             0.561,       947.1766923
       5374,            0.5625,       947.1373748
       5375,             0.564,       947.0928276
       5376,            0.5655,       947.0504753
       5377,             0.567,       947.0116015
       5378,            0.5685,       946.9719175
       5379,              0.57,        946.929687
       5380,            0.5715,       946.8873991
       5381,             0.573,       946.8471086
       5382,            0.5745,       946.8060821
       5383,             0.576,       946.7608381
       5384,            0.5775,       946.7093271
       5385,             0.579,       946.6542358
       5386,            0.5805,       946.6001831
       5387,             0.582,       946.5476844
       5388,            0.5835,       946.4956323
       5389,             0.585,       946.4447863
       5390,            0.5865,       946.3951133
       5391,             0.588,       946.3472946
       5392,            0.5895,       946.3004909
       5393,             0.591,        946.252433
       5394,            0.5925,       946.2046767
       5395,             0.594,       946.1615161
       5396,            0.5955,       946.1245917
       5397,             0.597,       946.0894811
       5398,            0.5985,       946.0522665
       5399,               0.6,       946.0133981
       5400,            0.6015,       945.9763389
       5401,             0.603,       945.9430111
       5402,            0.6045,       945.9123245
       5403,             0.606,       945.8840232
       5404,            0.6075,       945.8611388
       5405,             0.609,       945.8448068
       5406,            0.6105,       945.8328916
       5407,             0.612,       945.8240546
       5408,            0.6135,       945.8154717
       5409,             0.615,       945.8062859
       5410,            0.6165,       945.7992498
       5411,             0.618,       945.7989216
       5412,            0.6195,       945.8076912
       5413,             0.621,       945.8232372
       5414,            0.6225,       945.8433172
       5415,             0.624,       945.8687656
       5416,            0.6255,       945.9000961
       5417,             0.627,       945.9335173
       5418,            0.6285,       945.9663867
       5419,              0.63,       946.0012275
       5420,            0.6315,        946.040649
       5421,             0.633,       946.0873523
       5422,            0.6345,       946.1423994
       5423,             0.636,       946.2052991
       5424,            0.6375,       946.2733566
       5425,             0.639,        946.344011
       5426,            0.6405,       946.4175834
       5427,             0.642,       946.4920302
       5428,            0.6435,       946.5673791
       5429,             0.645,       946.6454498
       5430,            0.6465,       946.7280909
       5431,             0.648,        946.815467
       5432,            0.6495,       946.9075256
       5433,             0.651,       947.0063118
       5434,            0.6525,       947.1112347
       5435,             0.654,       947.2227259
       5436,            0.6555,       947.3384397
       5437,             0.657,       947.4543161
       5438,            0.6585,       947.5681761
       5439,              0.66,       947.6806926
       5440,            0.6615,       947.7953533
       5441,             0.663,       947.9160991
       5442,            0.6645,       948.0442444
       5443,             0.666,       948.1769617
       5444,            0.6675,       948.3102648
       5445,             0.669,         948.44356
       5446,            0.6705,       948.5794273
       5447,             0.672,       948.7194875
       5448,            0.6735,         948.86048
       5449,             0.675,       948.9995073
       5450,            0.6765,       949.1391152
       5451,             0.678,       949.2838872
       5452,            0.6795,       949.4374866
       5453,             0.681,       949.5967506
       5454,            0.6825,       949.7573678
       5455,             0.684,       949.9158571
       5456,            0.6855,       950.0746919
       5457,             0.687,       950.2242593
       5458,            0.6885,       950.3861344
       5459,              0.69,       950.5625436
       5460,            0.6915,       950.7397494
       5461,             0.693,       950.8962137
       5462,            0.6945,       951.0434405
       5463,             0.696,       951.1915383
       5464,            0.6975,       951.3401164
       5465,             0.699,       951.4885829
       5466,            0.7005,       951.6332805
       5467,             0.702,       951.7707402
       5468,            0.7035,       951.9016019
       5469,             0.705,       952.0321427
       5470,            0.7065,       952.1620481
       5471,             0.708,       952.2913085
       5472,            0.7095,       952.4199971
       5473,             0.711,        952.544656
       5474,            0.7125,       952.6627547
       5475,             0.714,       952.7719569
       5476,            0.7155,       952.8739715
       5477,             0.717,       952.9728119
       5478,            0.7185,        953.071647
       5479,              0.72,       953.1695545
       5480,            0.7215,       953.2627474
       5481,             0.723,        953.348467
       5482,            0.7245,       953.4238095
       5483,             0.726,        953.492004
       5484,            0.7275,       953.5531214
       5485,             0.729,        953.606423
       5486,            0.7305,       953.6581473
       5487,             0.732,       953.7078414
       5488,            0.7335,       953.7542396
       5489,             0.735,       953.7972388
       5490,            0.7365,       953.8361198
       5491,             0.738,        953.866402
       5492,            0.7395,       953.8900323
       5493,             0.741,       953.9126808
       5494,            0.7425,       953.9343292
       5495,             0.744,       953.9517461
       5496,            0.7455,       953.9593171
       5497,             0.747,       953.9750239
       5498,            0.7485,       953.9863163
       5499,              0.75,       953.9909434
       5500,            0.7515,       953.9945259
       5501,             0.753,        953.996159
       5502,            0.7545,       953.9959376
       5503,             0.756,       953.9910741
       5504,            0.7575,       953.9811087
       5505,             0.759,       953.9694061
       5506,            0.7605,       953.9583879
       5507,             0.762,       953.9453476
       5508,            0.7635,       953.9306594
       5509,             0.765,       953.9153058
       5510,            0.7665,       953.8984973
       5511,             0.768,       953.8806886
       5512,            0.7695,       953.8617623
       5513,             0.771,       953.8430881
       5514,            0.7725,        953.824773
       5515,             0.774,       953.8074472
       5516,            0.7755,       953.7897797
       5517,             0.777,       953.7721701
       5518,            0.7785,       953.7516756
       5519,              0.78,       953.7275554
       5520,            0.7815,       953.7036725
       5521,             0.783,       953.6833948
       5522,            0.7845,       953.6663544
       5523,             0.786,       953.6517846
       5524,            0.7875,       953.6396712
       5525,             0.789,       953.6280616
       5526,            0.7905,       953.6148627
       5527,             0.792,       953.5997961
       5528,            0.7935,       953.5862957
       5529,             0.795,       953.5760256
       5530,            0.7965,       953.5664017
       5531,             0.798,       953.5562003
       5532,            0.7995,       953.5455898
       5533,             0.801,       953.5375117
       5534,            0.8025,       953.5339877
       5535,             0.804,       953.5311418
       5536,            0.8055,       953.5259102
       5537,             0.807,       953.5185956
       5538,            0.8085,       953.5110203
       5539,              0.81,        953.505058
       5540,            0.8115,        953.499228
       5541,             0.813,       953.4930078
       5542,            0.8145,       953.4869086
       5543,             0.816,       953.4801772
       5544,            0.8175,        953.473116
       5545,             0.819,       953.4650947
       5546,            0.8205,       953.4573985
       5547,             0.822,       953.4500897
       5548,            0.8235,       953.4417946
       5549,             0.825,       953.4312313
       5550,            0.8265,       953.4194686
       5551,             0.828,       953.4081457
       5552,            0.8295,        953.398018
       5553,             0.831,       953.3888916
       5554,            0.8325,       953.3789701
       5555,             0.834,        953.366898
       5556,            0.8355,       953.3528085
       5557,             0.837,       953.3384132
       5558,            0.8385,       953.3248665
       5559,              0.84,       953.3117794
       5560,            0.8415,       953.2983853
       5561,             0.843,       953.2820554
       5562,            0.8445,       953.2660464
       5563,             0.846,       953.2509192
       5564,            0.8475,        953.236026
       5565,             0.849,       953.2208254
       5566,            0.8505,       953.2055905
       5567,             0.852,       953.1890297
       5568,            0.8535,       953.1701434
       5569,             0.855,       953.1495828
       5570,            0.8565,       953.1302514
       5571,             0.858,       953.1140229
       5572,            0.8595,        953.097173
       5573,             0.861,       953.0778618
       5574,            0.8625,       953.0566375
       5575,             0.864,       953.0357285
       5576,            0.8655,       953.0157833
       5577,             0.867,       952.9964945
       5578,            0.8685,       952.9754483
       5579,              0.87,       952.9518994
       5580,            0.8715,        952.926312
       5581,             0.873,       952.8971933
       5582,            0.8745,       952.8670901
       5583,             0.876,       952.8389454
       5584,            0.8775,       952.8092072
       5585,             0.879,       952.7730439
       5586,            0.8805,       952.7332784
       5587,             0.882,       952.6945097
       5588,            0.8835,       952.6558383
       5589,             0.885,       952.6156627
       5590,            0.8865,       952.5759431
       5591,             0.888,       952.5365378
       5592,            0.8895,        952.496264
       5593,             0.891,       952.4552325
       5594,            0.8925,       952.4126723
       5595,             0.894,       952.3620089
       5596,            0.8955,       952.3067112
       5597,             0.897,       952.2533359
       5598,            0.8985,       952.1985927
       5599,               0.9,       952.1430774
       5600,            0.9015,       952.0874669
       5601,             0.903,       952.0255931
       5602,            0.9045,       951.9607872
       5603,             0.906,       951.8939201
       5604,            0.9075,       951.8269786
       5605,             0.909,       951.7707338
       5606,            0.9105,       951.7302419
       5607,             0.912,       951.6897176
       5608,            0.9135,       951.6389478
       5609,             0.915,       951.5638195
       5610,            0.9165,       951.4619447
       5611,             0.918,       951.3545929
       5612,            0.9195,       951.2471236
       5613,             0.921,       951.1379884
       5614,            0.9225,       951.0404174
       5615,             0.924,       950.9723992
       5616,            0.9255,       950.9050632
       5617,             0.927,       950.8277026
       5618,            0.9285,       950.7497413
       5619,              0.93,       950.6653315
       5620,            0.9315,       950.5766214
       5621,             0.933,       950.4845392
       5622,            0.9345,       950.3892692
       5623,             0.936,        950.297375
       5624,            0.9375,       950.2094876
       5625,             0.939,       950.1258433
       5626,            0.9405,       950.0447002
       5627,             0.942,       949.9597949
       5628,            0.9435,       949.8738378
       5629,             0.945,       949.7908584
       5630,            0.9465,       949.7093727
       5631,             0.948,       949.6321647
       5632,            0.9495,       949.5605923
       5633,             0.951,       949.4886432
       5634,            0.9525,       949.4146478
       5635,             0.954,       949.3442255
       5636,            0.9555,       949.2696698
       5637,             0.957,       949.2032109
       5638,            0.9585,       949.1445094
       5639,              0.96,       949.0857819
       5640,            0.9615,       949.0222424
       5641,             0.963,       948.9513884
       5642,            0.9645,       948.8779601
       5643,             0.966,       948.8110367
       5644,            0.9675,       948.7800513
       5645,             0.969,       948.7533355
       5646,            0.9705,       948.6924492
       5647,             0.972,       948.6363401
       5648,            0.9735,       948.5836614
       5649,             0.975,       948.5297179
       5650,            0.9765,       948.4731823
       5651,             0.978,       948.4109102
       5652,            0.9795,       948.3475609
       5653,             0.981,       948.2982576
       5654,            0.9825,       948.2620221
       5655,             0.984,       948.2287229
       5656,            0.9855,       948.1898468
       5657,             0.987,       948.1515838
       5658,            0.9885,       948.1152074
       5659,              0.99,       948.0755148
       5660,            0.9915,       948.0379561
       5661,             0.993,       948.0035098
       5662,            0.9945,       947.9684504
       5663,             0.996,        947.938554
       5664,            0.9975,       947.9135866
       5665,             0.999,       947.8926632
       5666,            1.0005,       947.8708066
       5667,             1.002,        947.847764
       5668,            1.0035,       947.8283872
       5669,             1.005,       947.8119805
       5670,            1.0065,       947.7977839
       5671,             1.008,       947.7796048
       5672,            1.0095,       947.7585015
       5673,             1.011,       947.7363784
       5674,            1.0125,       947.7151187
       5675,             1.014,       947.6958441
       5676,            1.0155,       947.6793366
       5677,             1.017,       947.6630263
       5678,            1.0185,       947.6455768
       5679,              1.02,       947.6323438
       5680,            1.0215,       947.6216297
       5681,             1.023,       947.6101753
       5682,            1.0245,       947.5965261
       5683,             1.026,       947.5824101
       5684,            1.0275,       947.5659627
       5685,             1.029,       947.5466712
       5686,            1.0305,       947.5253458
       5687,             1.032,       947.5041225
       5688,            1.0335,       947.4840978
       5689,             1.035,       947.4620315
       5690,            1.0365,       947.4406262
       5691,             1.038,       947.4264394
       5692,            1.0395,       947.4125442
       5693,             1.041,       947.3897788
       5694,            1.0425,       947.3596302
       5695,             1.044,        947.326453
       5696,            1.0455,        947.292106
       5697,             1.047,       947.2546342
       5698,            1.0485,       947.2129605
       5699,              1.05,       947.1695209
       5700,            1.0515,       947.1249279
       5701,             1.053,       947.0801864
       5702,            1.0545,       947.0390476
       5703,             1.056,       946.9998742
       5704,            1.0575,       946.9577351
       5705,             1.059,       946.9128941
       5706,            1.0605,       946.8637559
       5707,             1.062,         946.80904
       5708,            1.0635,       946.7530251
       5709,             1.065,       946.6999672
       5710,            1.0665,        946.650575
       5711,             1.068,       946.6010347
       5712,            1.0695,       946.5506773
       5713,             1.071,        946.501974
       5714,            1.0725,       946.4529959
       5715,             1.074,       946.4016904
       5716,            1.0755,        946.350606
       5717,             1.077,       946.3025497
       5718,            1.0785,       946.2583007
       5719,              1.08,       946.2177457
       5720,            1.0815,       946.1800043
       5721,             1.083,       946.1414647
       5722,            1.0845,       946.1015836
       5723,             1.086,       946.0618837
       5724,            1.0875,        946.020582
       5725,             1.089,       945.9809473
       5726,            1.0905,       945.9507255
       5727,             1.092,       945.9333551
       5728,            1.0935,       945.9249064
       5729,             1.095,       945.9179007
       5730,            1.0965,        945.906861
       5731,             1.098,       945.8903676
       5732,            1.0995,       945.8730819
       5733,             1.101,       945.8619421
       5734,            1.1025,        945.859042
       5735,             1.104,       945.8640496
       5736,            1.1055,       945.8766452
       5737,             1.107,       945.8953527
       5738,            1.1085,       945.9181322
       5739,              1.11,       945.9430596
       5740,            1.1115,         945.96731
       5741,             1.113,       945.9914799
       5742,            1.1145,       946.0188233
       5743,             1.116,       946.0510992
       5744,            1.1175,       946.0909553
       5745,             1.119,       946.1402027
       5746,            1.1205,       946.1996896
       5747,             1.122,       946.2668522
       5748,            1.1235,       946.3371952
       5749,             1.125,        946.407758
       5750,            1.1265,       946.4743414
       5751,             1.128,       946.5432844
       5752,            1.1295,       946.6170706
       5753,             1.131,       946.6932318
       5754,            1.1325,       946.7740437
       5755,             1.134,       946.8611378
       5756,            1.1355,       946.9564442
       5757,             1.137,       947.0601647
       5758,            1.1385,       947.1698979
       5759,              1.14,       947.2835208
       5760,            1.1415,       947.4009255
       5761,             1.143,       947.5218555
       5762,            1.1445,        947.646218
       5763,             1.146,       947.7707645
       5764,            1.1475,       947.8950749
       5765,             1.149,       948.0231277
       5766,            1.1505,       948.1573328
       5767,             1.152,       948.2964127
       5768,            1.1535,       948.4379256
       5769,             1.155,        948.578308
       5770,            1.1565,       948.7197349
       5771,             1.158,       948.8656189
       5772,            1.1595,       949.0153975
       5773,             1.161,       949.1681443
       5774,            1.1625,       949.3220352
       5775,             1.164,       949.4787581
       5776,            1.1655,       949.6405782
       5777,             1.167,       949.8032528
       5778,            1.1685,       949.9635382
       5779,              1.17,       950.1223706
       5780,            1.1715,       950.2811097
       5781,             1.173,       950.4365939
       5782,            1.1745,       950.6152225
       5783,             1.176,       950.8078797
       5784,            1.1775,       950.9971846
       5785,             1.179,       951.1534621
       5786,            1.1805,       951.3024067
       5787,             1.182,       951.4531961
       5788,            1.1835,       951.6082417
       5789,             1.185,       951.7605383
       5790,            1.1865,       951.9061364
       5791,             1.188,        952.042151
       5792,            1.1895,       952.1725584
       5793,             1.191,       952.3019519
       5794,            1.1925,       952.4310368
       5795,             1.194,       952.5643866
       5796,            1.1955,       952.6977046
       5797,             1.197,       952.8203778
       5798,            1.1985,       952.9297534
       5799,               1.2,       953.0311408
       5800,            1.2015,       953.1257237
       5801,             1.203,       953.2189024
       5802,            1.2045,       953.3122072
       5803,             1.206,       953.4038028
       5804,            1.2075,       953.4908617
       5805,             1.209,       953.5699037
       5806,            1.2105,       953.6375266
       5807,             1.212,       953.6942604
       5808,            1.2135,       953.7439259
       5809,             1.215,       953.7919939
       5810,            1.2165,       953.8438233
       5811,             1.218,       953.8905892
       5812,            1.2195,       953.9323722
       5813,             1.221,       953.9666505
       5814,            1.2225,         953.99803
       5815,             1.224,       954.0242629
       5816,            1.2255,       954.0457685
       5817,             1.227,       954.0672776
       5818,            1.2285,       954.0876395
       5819,              1.23,       954.0957379
       5820,            1.2315,       954.1022472
       5821,             1.233,       954.1157937
       5822,            1.2345,       954.1231784
       5823,             1.236,       954.1209124
       5824,            1.2375,       954.1149618
       5825,             1.239,       954.1090144
       5826,            1.2405,       954.1039082
       5827,             1.242,       954.0977057
       5828,            1.2435,       954.0894445
       5829,             1.245,       954.0774485
       5830,            1.2465,       954.0597028
       5831,             1.248,       954.0401592
       5832,            1.2495,       954.0236647
       5833,             1.251,       954.0078109
       5834,            1.2525,       953.9888801
       5835,             1.254,       953.9680669
       5836,            1.2555,         953.94995
       5837,             1.257,       953.9330728
       5838,            1.2585,       953.9153308
       5839,              1.26,       953.8991076
       5840,            1.2615,       953.8829077
       5841,             1.263,       953.8638022
       5842,            1.2645,       953.8429364
       5843,             1.266,       953.8226024
       5844,            1.2675,       953.8052803
       5845,             1.269,       953.7904775
       5846,            1.2705,       953.7761302
       5847,             1.272,       953.7644536
       5848,            1.2735,       953.7551416
       5849,             1.275,       953.7450988
       5850,            1.2765,       953.7331318
       5851,             1.278,       953.7226883
       5852,            1.2795,       953.7156075
       5853,             1.281,       953.7091359
       5854,            1.2825,       953.6995049
       5855,             1.284,       953.6897561
       5856,            1.2855,       953.6836602
       5857,             1.287,       953.6803699
       5858,            1.2885,       953.6780381
       5859,              1.29,       953.6725383
       5860,            1.2915,       953.6667385
       5861,             1.293,       953.6618729
       5862,            1.2945,       953.6572686
       5863,             1.296,       953.6519319
       5864,            1.2975,       953.6463438
       5865,             1.299,       953.6410472
       5866,            1.3005,       953.6358379
       5867,             1.302,        953.629284
       5868,            1.3035,       953.6207487
       5869,             1.305,       953.6114347
       5870,            1.3065,       953.6020421
       5871,             1.308,       953.5930219
       5872,            1.3095,       953.5839991
       5873,             1.311,       953.5741069
       5874,            1.3125,       953.5635626
       5875,             1.314,       953.5536563
       5876,            1.3155,       953.5447082
       5877,             1.317,        953.534736
       5878,            1.3185,       953.5226036
       5879,              1.32,       953.5066171
       5880,            1.3215,       953.4901145
       5881,             1.323,       953.4759473
       5882,            1.3245,       953.4640666
       5883,             1.326,       953.4531513
       5884,            1.3275,       953.4424508
       5885,             1.329,       953.4307323
       5886,            1.3305,        953.419222
       5887,             1.332,       953.4086568
       5888,            1.3335,        953.397504
       5889,             1.335,       953.3852371
       5890,            1.3365,       953.3725444
       5891,             1.338,       953.3597228
       5892,            1.3395,        953.347111
       5893,             1.341,       953.3345266
       5894,            1.3425,       953.3208717
       5895,             1.344,       953.3045335
       5896,            1.3455,       953.2854704
       5897,             1.347,       953.2653306
       5898,            1.3485,       953.2475617
       5899,              1.35,       953.2303512
       5900,            1.3515,       953.2102643
       5901,             1.353,       953.1903701
       5902,            1.3545,       953.1697964
       5903,             1.356,       953.1484498
       5904,            1.3575,       953.1275576
       5905,             1.359,       953.1073339
       5906,            1.3605,       953.0840066
       5907,             1.362,       953.0574716
       5908,            1.3635,       953.0276037
       5909,             1.365,       952.9961442
       5910,            1.3665,       952.9620131
       5911,             1.368,       952.9259247
       5912,            1.3695,       952.8902459
       5913,             1.371,       952.8546318
       5914,            1.3725,       952.8161017
       5915,             1.374,         952.77259
       5916,            1.3755,       952.7277275
       5917,             1.377,       952.6829971
       5918,            1.3785,       952.6380911
       5919,              1.38,       952.5953796
       5920,            1.3815,       952.5521903
       5921,             1.383,       952.4998094
       5922,            1.3845,       952.4380148
       5923,             1.386,       952.3751446
       5924,            1.3875,       952.3145265
       5925,             1.389,       952.2534486
       5926,            1.3905,       952.1955868
       5927,             1.392,        952.137583
       5928,            1.3935,       952.0749502
       5929,             1.395,       952.0086264
       5930,            1.3965,       951.9345667
       5931,             1.398,       951.8570884
       5932,            1.3995,       951.7875696
       5933,             1.401,       951.7354114
       5934,            1.4025,       951.6844854
       5935,             1.404,       951.6255618
       5936,            1.4055,       951.5446723
       5937,             1.407,       951.4269797
       5938,            1.4085,       951.3127972
       5939,              1.41,       951.2029482
       5940,            1.4115,       951.0869925
       5941,             1.413,       950.9853955
       5942,            1.4145,       950.9033427
       5943,             1.416,       950.8244302
       5944,            1.4175,       950.7405044
       5945,             1.419,        950.647066
       5946,            1.4205,       950.5514787
       5947,             1.422,       950.4520191
       5948,            1.4235,       950.3482951
       5949,             1.425,       950.2547915
       5950,            1.4265,       950.1711363
       5951,             1.428,       950.0898091
       5952,            1.4295,       950.0073292
       5953,             1.431,       949.9206145
       5954,            1.4325,       949.8283306
       5955,             1.434,       949.7364906
       5956,            1.4355,       949.6488221
       5957,             1.437,       949.5643172
       5958,            1.4385,       949.4791078
       5959,              1.44,       949.3932189
       5960,            1.4415,       949.3073565
       5961,             1.443,       949.2282004
       5962,            1.4445,       949.1616221
       5963,             1.446,       949.0944606
       5964,            1.4475,       949.0205106
       5965,             1.449,        948.943397
       5966,            1.4505,       948.8753729
       5967,             1.452,       948.8039164
       5968,            1.4535,       948.7269744
       5969,             1.455,       948.6502311
       5970,            1.4565,       948.5782066
       5971,             1.458,       948.5130677
       5972,            1.4595,       948.4864887
       5973,             1.461,       948.4630482
       5974,            1.4625,       948.4015355
       5975,             1.464,       948.3392608
       5976,            1.4655,       948.2796737
       5977,             1.467,       948.2198079
       5978,            1.4685,        948.161148
       5979,              1.47,       948.1002765
       5980,            1.4715,       948.0484852
       5981,             1.473,       948.0182695
       5982,            1.4745,       947.9938642
       5983,             1.476,       947.9653228
       5984,            1.4775,       947.9315473
       5985,             1.479,        947.898994
       5986,            1.4805,       947.8642194
       5987,             1.482,       947.8321722
       5988,            1.4835,       947.8079013
       5989,             1.485,        947.785107
       5990,            1.4865,       947.7676073
       5991,             1.488,       947.7547361
       5992,            1.4895,       947.7454459
       5993,             1.491,       947.7346032
       5994,            1.4925,       947.7232032
       5995,             1.494,       947.7161557
       5996,            1.4955,       947.7138963
       5997,             1.497,        947.711687
       5998,            1.4985,       947.7065396
       5999,               1.5,       947.7008513
       6000,            1.5015,        947.692292
       6001,             1.503,       947.6815914
       6002,            1.5045,       947.6741782
       6003,             1.506,       947.6698608
       6004,            1.5075,        947.664654
       6005,             1.509,       947.6625274
       6006,            1.5105,       947.6635713
       6007,             1.512,       947.6665166
       6008,            1.5135,       947.6660637
       6009,             1.515,       947.6660571
       6010,            1.5165,       947.6687715
       6011,             1.518,       947.6688163
       6012,            1.5195,       947.6624355
       6013,             1.521,       947.6531154
       6014,            1.5225,       947.6424971
       6015,             1.524,       947.6302559
       6016,            1.5255,       947.6163796
       6017,             1.527,        947.605189
       6018,            1.5285,       947.5951421
       6019,              1.53,        947.581708
       6020,            1.5315,       947.5622934
       6021,             1.533,       947.5373807
       6022,            1.5345,       947.5072625
       6023,             1.536,       947.4723081
       6024,            1.5375,       947.4330437
       6025,             1.539,        947.389734
       6026,            1.5405,       947.3459931
       6027,             1.542,       947.3056094
       6028,            1.5435,       947.2670001
       6029,             1.545,       947.2268467
       6030,            1.5465,       947.1863644
       6031,             1.548,       947.1437471
       6032,            1.5495,        947.094829
       6033,             1.551,       947.0385247
       6034,            1.5525,       946.9790164
       6035,             1.554,       946.9217036
       6036,            1.5555,       946.8696059
       6037,             1.557,       946.8219639
       6038,            1.5585,        946.775101
       6039,              1.56,       946.7288453
       6040,            1.5615,       946.6841218
       6041,             1.563,       946.6381546
       6042,            1.5645,       946.5870785
       6043,             1.566,       946.5370834
       6044,            1.5675,       946.4927742
       6045,             1.569,       946.4510351
       6046,            1.5705,       946.4094778
       6047,             1.572,       946.3684246
       6048,            1.5735,       946.3275971
       6049,             1.575,       946.2857064
       6050,            1.5765,       946.2414348
       6051,             1.578,       946.1974553
       6052,            1.5795,       946.1610272
       6053,             1.581,       946.1393344
       6054,            1.5825,       946.1270715
       6055,             1.584,       946.1159286
       6056,            1.5855,       946.0995971
       6057,             1.587,       946.0798027
       6058,            1.5885,        946.061444
       6059,              1.59,       946.0478195
       6060,            1.5915,       946.0392692
       6061,             1.593,       946.0369978
       6062,            1.5945,       946.0419051
       6063,             1.596,       946.0517683
       6064,            1.5975,       946.0651681
       6065,             1.599,       946.0799015
       6066,            1.6005,       946.0939741
       6067,             1.602,       946.1079835
       6068,            1.6035,       946.1236994
       6069,             1.605,       946.1451871
       6070,            1.6065,       946.1747538
       6071,             1.608,       946.2128298
       6072,            1.6095,       946.2592172
       6073,             1.611,       946.3112732
       6074,            1.6125,       946.3672913
       6075,             1.614,       946.4255144
       6076,            1.6155,       946.4879372
       6077,             1.617,        946.556623
       6078,            1.6185,       946.6300928
       6079,              1.62,       946.7000398
       6080,            1.6215,       946.7727578
       6081,             1.623,       946.8557717
       6082,            1.6245,       946.9483391
       6083,             1.626,       947.0510562
       6084,            1.6275,       947.1625949
       6085,             1.629,       947.2764742
       6086,            1.6305,       947.3895331
       6087,             1.632,       947.5020327
       6088,            1.6335,        947.618262
       6089,             1.635,       947.7403065
       6090,            1.6365,       947.8702996
       6091,             1.638,       948.0085338
       6092,            1.6395,        948.152149
       6093,             1.641,       948.2986994
       6094,            1.6425,       948.4449907
       6095,             1.644,       948.5872117
       6096,            1.6455,        948.728554
       6097,             1.647,       948.8746754
       6098,            1.6485,       949.0287628
       6099,              1.65,        949.186385
       6100,            1.6515,       949.3438345
       6101,             1.653,       949.5008247
       6102,            1.6545,       949.6600936
       6103,             1.656,       949.8238539
       6104,            1.6575,       949.9918859
       6105,             1.659,       950.1604653
       6106,            1.6605,       950.3254317
       6107,             1.662,       950.4818751
       6108,            1.6635,       950.6351218
       6109,             1.665,          950.8086
       6110,            1.6665,       951.0039636
       6111,             1.668,       951.1984815
       6112,            1.6695,       951.3655187
       6113,             1.671,       951.5158378
       6114,            1.6725,       951.6676618
       6115,             1.674,       951.8175983
       6116,            1.6755,       951.9639012
       6117,             1.677,       952.1045583
       6118,            1.6785,       952.2419618
       6119,              1.68,       952.3746586
       6120,            1.6815,       952.5059774
       6121,             1.683,       952.6324146
       6122,            1.6845,       952.7592837
       6123,             1.686,       952.8805665
       6124,            1.6875,        952.994873
       6125,             1.689,       953.1018751
       6126,            1.6905,       953.2057733
       6127,             1.692,       953.3053603
       6128,            1.6935,       953.3981262
       6129,             1.695,       953.4876142
       6130,            1.6965,        953.572056
       6131,             1.698,       953.6480598
       6132,            1.6995,       953.7166801
       6133,             1.701,       953.7752786
       6134,            1.7025,       953.8281484
       6135,             1.704,       953.8791561
       6136,            1.7055,       953.9285948
       6137,             1.707,       953.9801632
       6138,            1.7085,       954.0299339
       6139,              1.71,       954.0746504
       6140,            1.7115,       954.1097545
       6141,             1.713,       954.1369461
       6142,            1.7145,       954.1613928
       6143,             1.716,       954.1796533
       6144,            1.7175,       954.1960414
       6145,             1.719,       954.2103283
       6146,            1.7205,       954.2212382
       6147,             1.722,       954.2184903
       6148,            1.7235,       954.2325183
       6149,             1.725,       954.2432774
       6150,            1.7265,       954.2419174
       6151,             1.728,       954.2326693
       6152,            1.7295,        954.217752
       6153,             1.731,        954.201975
       6154,            1.7325,       954.1924029
       6155,             1.734,       954.1855774
       6156,            1.7355,       954.1754476
       6157,             1.737,       954.1616881
       6158,            1.7385,       954.1433441
       6159,              1.74,       954.1249559
       6160,            1.7415,       954.1063333
       6161,             1.743,       954.0875233
       6162,            1.7445,       954.0695664
       6163,             1.746,       954.0493039
       6164,            1.7475,       954.0277631
       6165,             1.749,       954.0105137
       6166,            1.7505,       953.9961866
       6167,             1.752,       953.9809967
       6168,            1.7535,        953.964211
       6169,             1.755,       953.9482499
       6170,            1.7565,       953.9322559
       6171,             1.758,       953.9168409
       6172,            1.7595,       953.9032981
       6173,             1.761,       953.8918006
       6174,            1.7625,       953.8827911
       6175,             1.764,       953.8749484
       6176,            1.7655,       953.8669675
       6177,             1.767,       953.8591045
       6178,            1.7685,       953.8514315
       6179,              1.77,       953.8435846
       6180,            1.7715,       953.8352464
       6181,             1.773,       953.8269178
       6182,            1.7745,       953.8199505
       6183,             1.776,       953.8151339
       6184,            1.7775,       953.8121387
       6185,             1.779,       953.8100362
       6186,            1.7805,       953.8073774
       6187,             1.782,       953.7993076
       6188,            1.7835,       953.7898126
       6189,             1.785,       953.7821238
       6190,            1.7865,       953.7759906
       6191,             1.788,       953.7715605
       6192,            1.7895,       953.7667896
       6193,             1.791,       953.7601496
       6194,            1.7925,       953.7524042
       6195,             1.794,       953.7443503
       6196,            1.7955,       953.7343809
       6197,             1.797,       953.7227142
       6198,            1.7985,       953.7109413
       6199,               1.8,       953.7003259
       6200,            1.8015,       953.6901734
       6201,             1.803,       953.6793084
       6202,            1.8045,       953.6683836
       6203,             1.806,       953.6576842
       6204,            1.8075,       953.6468311
       6205,             1.809,       953.6354793
       6206,            1.8105,       953.6238301
       6207,             1.812,       953.6120776
       6208,            1.8135,       953.6009276
       6209,             1.815,       953.5905203
       6210,            1.8165,       953.5822825
       6211,             1.818,       953.5758093
       6212,            1.8195,       953.5706471
       6213,             1.821,       953.5641433
       6214,            1.8225,       953.5555313
       6215,             1.824,       953.5464605
       6216,            1.8255,        953.537519
       6217,             1.827,       953.5281891
       6218,            1.8285,       953.5201419
       6219,              1.83,       953.5124537
       6220,            1.8315,       953.5035877
       6221,             1.833,       953.4916279
       6222,            1.8345,       953.4779462
       6223,             1.836,       953.4644575
       6224,            1.8375,        953.448922
       6225,             1.839,       953.4331571
       6226,            1.8405,       953.4187275
       6227,             1.842,       953.4008883
       6228,            1.8435,       953.3794986
       6229,             1.845,       953.3603735
       6230,            1.8465,       953.3429094
       6231,             1.848,       953.3255329
       6232,            1.8495,       953.3061484
       6233,             1.851,        953.284471
       6234,            1.8525,       953.2644893
       6235,             1.854,       953.2437131
       6236,            1.8555,       953.2207781
       6237,             1.857,       953.1961144
       6238,            1.8585,       953.1694946
       6239,              1.86,       953.1427613
       6240,            1.8615,       953.1130668
       6241,             1.863,       953.0774308
       6242,            1.8645,       953.0400201
       6243,             1.866,       952.9995565
       6244,            1.8675,       952.9563662
       6245,             1.869,       952.9118876
       6246,            1.8705,       952.8666997
       6247,             1.872,       952.8219078
       6248,            1.8735,       952.7760808
       6249,             1.875,       952.7307628
       6250,            1.8765,       952.6778484
       6251,             1.878,       952.6198277
       6252,            1.8795,       952.5595404
       6253,             1.881,       952.4965829
       6254,            1.8825,       952.4321137
       6255,             1.884,       952.3686682
       6256,            1.8855,       952.3050882
       6257,             1.887,       952.2375461
       6258,            1.8885,       952.1639709
       6259,              1.89,        952.085959
       6260,            1.8915,       952.0110994
       6261,             1.893,       951.9315914
       6262,            1.8945,       951.8525047
       6263,             1.896,       951.7868998
       6264,            1.8975,       951.7229739
       6265,             1.899,        951.663301
       6266,            1.9005,       951.5805957
       6267,             1.902,       951.4732525
       6268,            1.9035,       951.3594583
       6269,             1.905,       951.2342607
       6270,            1.9065,       951.1017441
       6271,             1.908,       950.9956455
       6272,            1.9095,       950.9057075
       6273,             1.911,       950.8179781
       6274,            1.9125,       950.7288249
       6275,             1.914,       950.6286147
       6276,            1.9155,       950.5200027
       6277,             1.917,       950.4055233
       6278,            1.9185,       950.2889837
       6279,              1.92,       950.1843073
       6280,            1.9215,       950.0887213
       6281,             1.923,       949.9948805
       6282,            1.9245,       949.9022735
       6283,             1.926,       949.8115554
       6284,            1.9275,        949.720209
       6285,             1.929,       949.6298859
       6286,            1.9305,       949.5409623
       6287,             1.932,       949.4485534
       6288,            1.9335,       949.3529944
       6289,             1.935,       949.2548364
       6290,            1.9365,       949.1542505
       6291,             1.938,       949.0622133
       6292,            1.9395,       948.9798639
       6293,             1.941,       948.9027116
       6294,            1.9425,       948.8340184
       6295,             1.944,       948.7676911
       6296,            1.9455,       948.6887576
       6297,             1.947,       948.6004046
       6298,            1.9485,       948.5180915
       6299,              1.95,       948.4352895
       6300,            1.9515,       948.3577355
       6301,             1.953,       948.2899155
       6302,            1.9545,       948.2336446
       6303,             1.956,       948.2103181
       6304,            1.9575,       948.2016927
       6305,             1.959,       948.1437641
       6306,            1.9605,       948.0792976
       6307,             1.962,       948.0174512
       6308,            1.9635,       947.9592588
       6309,             1.965,       947.9109932
       6310,            1.9665,       947.8662311
       6311,             1.968,       947.8348612
       6312,            1.9695,        947.819959
       6313,             1.971,       947.8052418
       6314,            1.9725,       947.7814731
       6315,             1.974,        947.755941
       6316,            1.9755,       947.7343097
       6317,             1.977,       947.7096283
       6318,            1.9785,       947.6967204
       6319,              1.98,       947.6892853
       6320,            1.9815,       947.6852602
       6321,             1.983,       947.6830565
       6322,            1.9845,       947.6839936
       6323,             1.986,       947.6863457
       6324,            1.9875,       947.6878439
       6325,             1.989,        947.696557
       6326,            1.9905,       947.7097259
       6327,             1.992,       947.7208109
       6328,            1.9935,       947.7276276
       6329,             1.995,       947.7345394
       6330,            1.9965,       947.7399573
       6331,             1.998,       947.7416746
       6332,            1.9995,       947.7474644
       6333,             2.001,       947.7594773
       6334,            2.0025,       947.7680931
       6335,             2.004,       947.7759384
       6336,            2.0055,       947.7857833
       6337,             2.007,       947.7960586
       6338,            2.0085,       947.8030431
       6339,              2.01,       947.8070119
       6340,            2.0115,       947.8156877
       6341,             2.013,       947.8279053
       6342,            2.0145,       947.8357298
       6343,             2.016,       947.8389432
       6344,            2.0175,        947.835721
       6345,             2.019,       947.8262397
       6346,            2.0205,       947.8155869
       6347,             2.022,       947.8078786
       6348,            2.0235,       947.8029609
       6349,             2.025,       947.7934492
       6350,            2.0265,       947.7775999
       6351,             2.028,       947.7567084
       6352,            2.0295,       947.7278335
       6353,             2.031,       947.6927601
       6354,            2.0325,       947.6538968
       6355,             2.034,       947.6109864
       6356,            2.0355,       947.5684847
       6357,             2.037,       947.5299272
       6358,            2.0385,       947.4937379
       6359,              2.04,       947.4580445
       6360,            2.0415,       947.4213533
       6361,             2.043,       947.3823918
       6362,            2.0445,       947.3362771
       6363,             2.046,       947.2800658
       6364,            2.0475,       947.2227378
       6365,             2.049,       947.1695415
       6366,            2.0505,       947.1200659
       6367,             2.052,       947.0734123
       6368,            2.0535,       947.0268467
       6369,             2.055,       946.9785241
       6370,            2.0565,       946.9297095
       6371,             2.058,       946.8782242
       6372,            2.0595,       946.8266362
       6373,             2.061,       946.7784642
       6374,            2.0625,       946.7382599
       6375,             2.064,       946.7017296
       6376,            2.0655,       946.6631487
       6377,             2.067,       946.6231427
       6378,            2.0685,       946.5825522
       6379,              2.07,        946.540764
       6380,            2.0715,       946.4973801
       6381,             2.073,       946.4542166
       6382,            2.0745,       946.4190693
       6383,             2.076,       946.3973007
       6384,            2.0775,       946.3834518
       6385,             2.079,       946.3688299
       6386,            2.0805,       946.3494289
       6387,             2.082,       946.3248484
       6388,            2.0835,       946.3002472
       6389,             2.085,       946.2771809
       6390,            2.0865,       946.2580364
       6391,             2.088,       946.2475288
       6392,            2.0895,        946.247455
       6393,             2.091,        946.252229
       6394,            2.0925,       946.2565498
       6395,             2.094,       946.2590166
       6396,            2.0955,       946.2630691
       6397,             2.097,       946.2678405
       6398,            2.0985,       946.2725036
       6399,               2.1,       946.2809802
       6400,            2.1015,        946.298282
       6401,             2.103,       946.3254586
       6402,            2.1045,       946.3590971
       6403,             2.106,        946.397502
       6404,            2.1075,       946.4394444
       6405,             2.109,       946.4846361
       6406,            2.1105,       946.5358032
       6407,             2.112,       946.5923123
       6408,            2.1135,       946.6542075
       6409,             2.115,       946.7233086
       6410,            2.1165,       946.8022756
       6411,             2.118,       946.8909005
       6412,            2.1195,       946.9805143
       6413,             2.121,       947.0758366
       6414,            2.1225,       947.1770115
       6415,             2.124,        947.281105
       6416,            2.1255,       947.3896798
       6417,             2.127,       947.5017194
       6418,            2.1285,       947.6181702
       6419,              2.13,       947.7411527
       6420,            2.1315,       947.8722878
       6421,             2.133,       948.0105034
       6422,            2.1345,       948.1553015
       6423,             2.136,       948.3037393
       6424,            2.1375,        948.452448
       6425,             2.139,       948.6002741
       6426,            2.1405,       948.7492677
       6427,             2.142,       948.9015483
       6428,            2.1435,       949.0573246
       6429,             2.145,       949.2175561
       6430,            2.1465,       949.3829094
       6431,             2.148,       949.5475884
       6432,            2.1495,       949.7075942
       6433,             2.151,       949.8658183
       6434,            2.1525,       950.0272163
       6435,             2.154,       950.1957793
       6436,            2.1555,       950.3659457
       6437,             2.157,       950.5346982
       6438,            2.1585,       950.6931075
       6439,              2.16,       950.8434374
       6440,            2.1615,       951.0087112
       6441,             2.163,       951.2009802
       6442,            2.1645,       951.3948889
       6443,             2.166,       951.5694535
       6444,            2.1675,       951.7209357
       6445,             2.169,        951.867499
       6446,            2.1705,       952.0083571
       6447,             2.172,       952.1522474
       6448,            2.1735,       952.2939799
       6449,             2.175,       952.4332422
       6450,            2.1765,       952.5658574
       6451,             2.178,       952.6939784
       6452,            2.1795,       952.8142722
       6453,             2.181,       952.9324901
       6454,            2.1825,       953.0485258
       6455,             2.184,       953.1610232
       6456,            2.1855,        953.267813
       6457,             2.187,       953.3714436
       6458,            2.1885,       953.4700494
       6459,              2.19,       953.5553647
       6460,            2.1915,       953.6356729
       6461,             2.193,        953.712957
       6462,            2.1945,       953.7842291
       6463,             2.196,       953.8489669
       6464,            2.1975,       953.9118704
       6465,             2.199,        953.967029
       6466,            2.2005,       954.0155113
       6467,             2.202,       954.0613168
       6468,            2.2035,       954.1077794
       6469,             2.205,       954.1536006
       6470,            2.2065,       954.1914459
       6471,             2.208,       954.2231714
       6472,            2.2095,       954.2509929
       6473,             2.211,       954.2760357
       6474,            2.2125,       954.2944659
       6475,             2.214,       954.3083093
       6476,            2.2155,        954.319806
       6477,             2.217,       954.3280226
       6478,            2.2185,       954.3189774
       6479,              2.22,       954.3166982
       6480,            2.2215,        954.319613
       6481,             2.223,       954.3179309
       6482,            2.2245,       954.3087758
       6483,             2.226,        954.293618
       6484,            2.2275,       954.2781262
       6485,             2.229,       954.2640601
       6486,            2.2305,       954.2525887
       6487,             2.232,       954.2403152
       6488,            2.2335,       954.2258767
       6489,             2.235,       954.2061078
       6490,            2.2365,       954.1841578
       6491,             2.238,       954.1663623
       6492,            2.2395,       954.1511922
       6493,             2.241,       954.1341169
       6494,            2.2425,       954.1154483
       6495,             2.244,       954.0986542
       6496,            2.2455,       954.0847071
       6497,             2.247,        954.073868
       6498,            2.2485,       954.0634236
       6499,              2.25,       954.0499556
       6500,            2.2515,       954.0346082
       6501,             2.253,       954.0187206
       6502,            2.2545,       954.0052104
       6503,             2.256,       953.9937777
       6504,            2.2575,       953.9830494
       6505,             2.259,       953.9738499
       6506,            2.2605,       953.9667721
       6507,             2.262,       953.9612034
       6508,            2.2635,       953.9546164
       6509,             2.265,       953.9460469
       6510,            2.2665,       953.9370975
       6511,             2.268,       953.9281077
       6512,            2.2695,       953.9186202
       6513,             2.271,       953.9093143
       6514,            2.2725,       953.9026061
       6515,             2.274,       953.8992794
       6516,            2.2755,       953.8964587
       6517,             2.277,       953.8929793
       6518,            2.2785,       953.8867068
       6519,              2.28,       953.8767173
       6520,            2.2815,       953.8642092
       6521,             2.283,       953.8537367
       6522,            2.2845,       953.8470193
       6523,             2.286,        953.839943
       6524,            2.2875,       953.8326674
       6525,             2.289,       953.8253599
       6526,            2.2905,       953.8164338
       6527,             2.292,       953.8053389
       6528,            2.2935,       953.7932862
       6529,             2.295,       953.7805154
       6530,            2.2965,       953.7680961
       6531,             2.298,       953.7564525
       6532,            2.2995,       953.7452281
       6533,             2.301,       953.7343793
       6534,            2.3025,       953.7238396
       6535,             2.304,       953.7139496
       6536,            2.3055,       953.7056885
       6537,             2.307,       953.6982226
       6538,            2.3085,        953.690693
       6539,              2.31,       953.6859219
       6540,            2.3115,       953.6802347
       6541,             2.313,        953.674544
       6542,            2.3145,       953.6706599
       6543,             2.316,       953.6673341
       6544,            2.3175,       953.6635303
       6545,             2.319,       953.6589329
       6546,            2.3205,        953.652795
       6547,             2.322,       953.6468534
       6548,            2.3235,       953.6413881
       6549,             2.325,       953.6350509
       6550,            2.3265,       953.6258478
       6551,             2.328,       953.6149434
       6552,            2.3295,       953.6039626
       6553,             2.331,        953.592475
       6554,            2.3325,       953.5821349
       6555,             2.334,         953.57149
       6556,            2.3355,       953.5589772
       6557,             2.337,       953.5464184
       6558,            2.3385,       953.5353316
       6559,              2.34,        953.522242
       6560,            2.3415,       953.5081298
       6561,             2.343,       953.4921788
       6562,            2.3445,        953.475406
       6563,             2.346,        953.456233
       6564,            2.3475,       953.4365332
       6565,             2.349,        953.418447
       6566,            2.3505,       953.3983062
       6567,             2.352,       953.3746519
       6568,            2.3535,       953.3536322
       6569,             2.355,        953.333367
       6570,            2.3565,         953.31044
       6571,             2.358,       953.2858987
       6572,            2.3595,       953.2581714
       6573,             2.361,       953.2294866
       6574,            2.3625,        953.198161
       6575,             2.364,       953.1676426
       6576,            2.3655,       953.1317412
       6577,             2.367,       953.0865392
       6578,            2.3685,       953.0354243
       6579,              2.37,       952.9880039
       6580,            2.3715,       952.9456216
       6581,             2.373,       952.9101843
       6582,            2.3745,       952.8665786
       6583,             2.376,       952.8093106
       6584,            2.3775,       952.7442273
       6585,             2.379,       952.6784075
       6586,            2.3805,       952.6046818
       6587,             2.382,       952.5348729
       6588,            2.3835,       952.4694902
       6589,             2.385,       952.4036714
       6590,            2.3865,        952.328549
       6591,             2.388,       952.2459568
       6592,            2.3895,       952.1605629
       6593,             2.391,       952.0742952
       6594,            2.3925,       951.9844937
       6595,             2.394,       951.8919569
       6596,            2.3955,       951.8211091
       6597,             2.397,       951.7572876
       6598,            2.3985,       951.6966348
       6599,               2.4,       951.6202383
       6600,            2.4015,       951.5081932
       6601,             2.403,       951.3836677
       6602,            2.4045,       951.2469847
       6603,             2.406,       951.1097516
       6604,            2.4075,       950.9789537
       6605,             2.409,        950.886013
       6606,            2.4105,       950.8011256
       6607,             2.412,       950.7140744
       6608,            2.4135,       950.6135505
       6609,             2.415,       950.5024681
       6610,            2.4165,       950.3877441
       6611,             2.418,       950.2681218
       6612,            2.4195,       950.1470466
       6613,             2.421,       950.0415988
       6614,            2.4225,       949.9397278
       6615,             2.424,       949.8309908
       6616,            2.4255,       949.7194361
       6617,             2.427,       949.6128592
       6618,            2.4285,       949.5101217
       6619,              2.43,       949.4145924
       6620,            2.4315,       949.3264842
       6621,             2.433,       949.2375565
       6622,            2.4345,       949.1359187
       6623,             2.436,       949.0210534
       6624,            2.4375,        948.908731
       6625,             2.439,       948.8110645
       6626,            2.4405,       948.7269404
       6627,             2.442,       948.6504979
       6628,            2.4435,       948.5784869
       6629,             2.445,       948.5109803
       6630,            2.4465,       948.4362303
       6631,             2.448,        948.337158
       6632,            2.4495,        948.246391
       6633,             2.451,        948.169985
       6634,            2.4525,       948.1036462
       6635,             2.454,       948.0489595
       6636,            2.4555,       948.0041928
       6637,             2.457,       947.9739701
       6638,            2.4585,       947.9695842
       6639,              2.46,       947.9255012
       6640,            2.4615,       947.8638997
       6641,             2.463,       947.8069203
       6642,            2.4645,       947.7593848
       6643,             2.466,       947.7259257
       6644,            2.4675,       947.6989254
       6645,             2.469,       947.6808895
       6646,            2.4705,       947.6747799
       6647,             2.472,       947.6675221
       6648,            2.4735,       947.6530788
       6649,             2.475,       947.6383705
       6650,            2.4765,       947.6260572
       6651,             2.478,       947.6143237
       6652,            2.4795,       947.6203211
       6653,             2.481,       947.6294929
       6654,            2.4825,       947.6404889
       6655,             2.484,       947.6535407
       6656,            2.4855,       947.6691317
       6657,             2.487,       947.6831364
       6658,            2.4885,       947.7019171
       6659,              2.49,       947.7270661
       6660,            2.4915,       947.7530445
       6661,             2.493,       947.7740986
       6662,            2.4945,       947.7944979
       6663,             2.496,       947.8147625
       6664,            2.4975,       947.8310675
       6665,             2.499,       947.8457453
       6666,            2.5005,       947.8660733
       6667,             2.502,       947.8874798
       6668,            2.5035,       947.9062294
       6669,             2.505,       947.9213417
       6670,            2.5065,       947.9365935
       6671,             2.508,       947.9514324
       6672,            2.5095,       947.9601047
       6673,             2.511,       947.9681622
       6674,            2.5125,        947.978824
       6675,             2.514,        947.991059
       6676,            2.5155,        948.003162
       6677,             2.517,       948.0100905
       6678,            2.5185,       948.0119402
       6679,              2.52,       948.0112056
       6680,            2.5215,       948.0094713
       6681,             2.523,       948.0070844
       6682,            2.5245,       948.0023363
       6683,             2.526,       947.9943986
       6684,            2.5275,       947.9821669
       6685,             2.529,       947.9657887
       6686,            2.5305,       947.9444081
       6687,             2.532,       947.9141672
       6688,            2.5335,       947.8777114
       6689,             2.535,       947.8412732
       6690,            2.5365,       947.8071428
       6691,             2.538,       947.7766391
       6692,            2.5395,       947.7452467
       6693,             2.541,       947.7073187
       6694,            2.5425,       947.6627359
       6695,             2.544,        947.610904
       6696,            2.5455,       947.5487736
       6697,             2.547,       947.4828975
       6698,            2.5485,       947.4336979
       6699,              2.55,        947.391954
       6700,            2.5515,       947.3490444
       6701,             2.553,       947.3041059
       6702,            2.5545,       947.2580903
       6703,             2.556,       947.2107874
       6704,            2.5575,        947.161842
       6705,             2.559,       947.1127148
       6706,            2.5605,       947.0661477
       6707,             2.562,       947.0243124
       6708,            2.5635,       946.9864314
       6709,             2.565,       946.9493151
       6710,            2.5665,       946.9096143
       6711,             2.568,       946.8708348
       6712,            2.5695,       946.8284169
       6713,             2.571,       946.7838673
       6714,            2.5725,       946.7426548
       6715,             2.574,       946.7098087
       6716,            2.5755,       946.6890063
       6717,             2.577,       946.6747429
       6718,            2.5785,       946.6601354
       6719,              2.58,        946.638288
       6720,            2.5815,       946.6103575
       6721,             2.583,       946.5787634
       6722,            2.5845,       946.5441518
       6723,             2.586,       946.5132168
       6724,            2.5875,        946.490453
       6725,             2.589,       946.4775887
       6726,            2.5905,       946.4716277
       6727,             2.592,       946.4673041
       6728,            2.5935,       946.4646935
       6729,             2.595,       946.4619766
       6730,            2.5965,       946.4560169
       6731,             2.598,       946.4486163
       6732,            2.5995,       946.4434932
       6733,             2.601,         946.44725
       6734,            2.6025,       946.4614542
       6735,             2.604,       946.4866322
       6736,            2.6055,       946.5196877
       6737,             2.607,       946.5557044
       6738,            2.6085,       946.5921638
       6739,              2.61,       946.6322928
       6740,            2.6115,       946.6784799
       6741,             2.613,       946.7281837
       6742,            2.6145,       946.7835235
       6743,             2.616,       946.8486724
       6744,            2.6175,       946.9289989
       6745,             2.619,       947.0244098
       6746,            2.6205,       947.1293011
       6747,             2.622,       947.2326264
       6748,            2.6235,       947.3285119
       6749,             2.625,       947.4239933
       6750,            2.6265,       947.5260831
       6751,             2.628,       947.6376688
       6752,            2.6295,       947.7629314
       6753,             2.631,       947.8984029
       6754,            2.6325,       948.0380642
       6755,             2.634,       948.1777332
       6756,            2.6355,       948.3183186
       6757,             2.637,       948.4631616
       6758,            2.6385,       948.6119258
       6759,              2.64,       948.7631634
       6760,            2.6415,       948.9171386
       6761,             2.643,       949.0752854
       6762,            2.6445,       949.2384738
       6763,             2.646,       949.4030465
       6764,            2.6475,       949.5675748
       6765,             2.649,       949.7308704
       6766,            2.6505,       949.8886587
       6767,             2.652,       950.0447259
       6768,            2.6535,       950.2024208
       6769,             2.655,       950.3654346
       6770,            2.6565,        950.530234
       6771,             2.658,       950.6954485
       6772,            2.6595,       950.8518755
       6773,             2.661,       951.0005801
       6774,            2.6625,       951.1517181
       6775,             2.664,       951.3396446
       6776,            2.6655,       951.5303383
       6777,             2.667,       951.7025223
       6778,            2.6685,       951.8446429
       6779,              2.67,       951.9811184
       6780,            2.6715,        952.123444
       6781,             2.673,       952.2712525
       6782,            2.6745,       952.4153075
       6783,             2.676,       952.5538359
       6784,            2.6775,       952.6819408
       6785,             2.679,        952.802261
       6786,            2.6805,       952.9185496
       6787,             2.682,       953.0342041
       6788,            2.6835,        953.150634
       6789,             2.685,       953.2658989
       6790,            2.6865,       953.3775215
       6791,             2.688,       953.4820384
       6792,            2.6895,       953.5740015
       6793,             2.691,       953.6563899
       6794,            2.6925,       953.7332461
       6795,             2.694,       953.8063366
       6796,            2.6955,       953.8728225
       6797,             2.697,       953.9394508
       6798,            2.6985,       954.0002929
       6799,               2.7,       954.0565182
       6800,            2.7015,       954.1084492
       6801,             2.703,       954.1601929
       6802,            2.7045,       954.2064368
       6803,             2.706,       954.2463942
       6804,            2.7075,       954.2788081
       6805,             2.709,       954.3079043
       6806,            2.7105,       954.3324839
       6807,             2.712,       954.3542564
       6808,            2.7135,       954.3721125
       6809,             2.715,       954.3824333
       6810,            2.7165,       954.3933725
       6811,             2.718,       954.4039593
       6812,            2.7195,       954.4061561
       6813,             2.721,       954.3878989
       6814,            2.7225,       954.3804419
       6815,             2.724,       954.3732392
       6816,            2.7255,       954.3627681
       6817,             2.727,       954.3529747
       6818,            2.7285,       954.3429317
       6819,              2.73,       954.3289849
       6820,            2.7315,        954.315152
       6821,             2.733,       954.3034163
       6822,            2.7345,       954.2896603
       6823,             2.736,       954.2721574
       6824,            2.7375,       954.2530879
       6825,             2.739,       954.2346262
       6826,            2.7405,       954.2177706
       6827,             2.742,       954.2017738
       6828,            2.7435,       954.1853593
       6829,             2.745,       954.1684312
       6830,            2.7465,       954.1552752
       6831,             2.748,       954.1458972
       6832,            2.7495,       954.1379365
       6833,             2.751,       954.1283826
       6834,            2.7525,       954.1146962
       6835,             2.754,       954.1000652
       6836,            2.7555,       954.0875972
       6837,             2.757,        954.076865
       6838,            2.7585,       954.0652243
       6839,              2.76,        954.053408
       6840,            2.7615,       954.0441482
       6841,             2.763,         954.03668
       6842,            2.7645,       954.0282546
       6843,             2.766,       954.0186072
       6844,            2.7675,       954.0098036
       6845,             2.769,       954.0012404
       6846,            2.7705,       953.9916125
       6847,             2.772,       953.9809312
       6848,            2.7735,       953.9703147
       6849,             2.775,        953.961477
       6850,            2.7765,       953.9551195
       6851,             2.778,       953.9494325
       6852,            2.7795,       953.9426021
       6853,             2.781,       953.9350948
       6854,            2.7825,       953.9273909
       6855,             2.784,       953.9195106
       6856,            2.7855,       953.9085733
       6857,             2.787,        953.895597
       6858,            2.7885,       953.8848549
       6859,              2.79,       953.8756346
       6860,            2.7915,       953.8649722
       6861,             2.793,       953.8520448
       6862,            2.7945,       953.8393569
       6863,             2.796,       953.8279213
       6864,            2.7975,       953.8183037
       6865,             2.799,       953.8094835
       6866,            2.8005,       953.7990528
       6867,             2.802,       953.7883633
       6868,            2.8035,       953.7781486
       6869,             2.805,       953.7697134
       6870,            2.8065,       953.7639263
       6871,             2.808,       953.7603195
       6872,            2.8095,       953.7581815
       6873,             2.811,       953.7562602
       6874,            2.8125,       953.7530274
       6875,             2.814,       953.7519115
       6876,            2.8155,       953.7503064
       6877,             2.817,        953.746948
       6878,            2.8185,       953.7430617
       6879,              2.82,       953.7395703
       6880,            2.8215,       953.7385825
       6881,             2.823,       953.7340376
       6882,            2.8245,       953.7255879
       6883,             2.826,       953.7172926
       6884,            2.8275,       953.7089198
       6885,             2.829,       953.6996329
       6886,            2.8305,       953.6920749
       6887,             2.832,       953.6855076
       6888,            2.8335,       953.6775736
       6889,             2.835,       953.6704203
       6890,            2.8365,       953.6634465
       6891,             2.838,       953.6578884
       6892,            2.8395,       953.6508014
       6893,             2.841,       953.6410043
       6894,            2.8425,       953.6301038
       6895,             2.844,       953.6199306
       6896,            2.8455,       953.6078991
       6897,             2.847,        953.593204
       6898,            2.8485,       953.5781996
       6899,              2.85,       953.5603408
       6900,            2.8515,       953.5393278
       6901,             2.853,       953.5144747
       6902,            2.8545,       953.4840223
       6903,             2.856,       953.4569665
       6904,            2.8575,       953.4320381
       6905,             2.859,       953.4069384
       6906,            2.8605,       953.3881097
       6907,             2.862,       953.3707865
       6908,            2.8635,       953.3485003
       6909,             2.865,       953.3190225
       6910,            2.8665,       953.2887871
       6911,             2.868,       953.2555843
       6912,            2.8695,       953.2155012
       6913,             2.871,       953.1700337
       6914,            2.8725,       953.1225994
       6915,             2.874,       953.0843952
       6916,            2.8755,       953.0515497
       6917,             2.877,       953.0253547
       6918,            2.8785,        952.990067
       6919,              2.88,       952.9293618
       6920,            2.8815,       952.8575115
       6921,             2.883,       952.7865145
       6922,            2.8845,       952.7159622
       6923,             2.886,       952.6408621
       6924,            2.8875,       952.5669942
       6925,             2.889,       952.4956144
       6926,            2.8905,         952.41793
       6927,             2.892,       952.3352199
       6928,            2.8935,        952.251379
       6929,             2.895,       952.1645848
       6930,            2.8965,       952.0742553
       6931,             2.898,        951.977053
       6932,            2.8995,         951.87788
       6933,             2.901,       951.7939947
       6934,            2.9025,       951.7306258
       6935,             2.904,       951.6675689
       6936,            2.9055,       951.5832508
       6937,             2.907,       951.4514882
       6938,            2.9085,       951.3101146
       6939,              2.91,       951.1634867
       6940,            2.9115,       951.0117348
       6941,             2.913,       950.8874746
       6942,            2.9145,       950.7920099
       6943,             2.916,       950.6995923
       6944,            2.9175,       950.6011652
       6945,             2.919,       950.4879669
       6946,            2.9205,       950.3729029
       6947,             2.922,       950.2560542
       6948,            2.9235,       950.1310171
       6949,             2.925,       950.0136248
       6950,            2.9265,       949.8985977
       6951,             2.928,       949.7782251
       6952,            2.9295,       949.6558803
       6953,             2.931,       949.5380255
       6954,            2.9325,       949.4261193
       6955,             2.934,       949.3193323
       6956,            2.9355,       949.2196657
       6957,             2.937,       949.1244128
       6958,            2.9385,       949.0224261
       6959,              2.94,        948.912306
       6960,            2.9415,       948.7982787
       6961,             2.943,       948.6878408
       6962,            2.9445,       948.5904785
       6963,             2.946,         948.50888
       6964,            2.9475,       948.4394627
       6965,             2.949,       948.3711822
       6966,            2.9505,        948.298033
       6967,             2.952,       948.2231105
       6968,            2.9535,       948.1324161
       6969,             2.955,       948.0430975
       6970,            2.9565,       947.9778789
       6971,             2.958,       947.9222556
       6972,            2.9595,       947.8771332
       6973,             2.961,       947.8395753
       6974,            2.9625,       947.8077773
       6975,             2.964,       947.8100047
       6976,            2.9655,       947.7802562
       6977,             2.967,       947.7275506
       6978,            2.9685,       947.6818191
       6979,              2.97,       947.6480303
       6980,            2.9715,       947.6270413
       6981,             2.973,       947.6101837
       6982,            2.9745,       947.6031829
       6983,             2.976,        947.608008
       6984,            2.9775,       947.6137411
       6985,             2.979,       947.6134726
       6986,            2.9805,       947.6118597
       6987,             2.982,       947.6105451
       6988,            2.9835,       947.6160004
       6989,             2.985,       947.6361716
       6990,            2.9865,       947.6559124
       6991,             2.988,       947.6782026
       6992,            2.9895,       947.7051212
       6993,             2.991,       947.7337883
       6994,            2.9925,       947.7547651
       6995,             2.994,       947.7832119
       6996,            2.9955,       947.8200544
       6997,             2.997,       947.8532981
       6998,            2.9985,       947.8817893
       6999,                 3,       947.9101923
       7000,            3.0015,       947.9374231
       7001,             3.003,       947.9600582
       7002,            3.0045,       947.9820204
       7003,             3.006,       948.0073441
       7004,            3.0075,       948.0298008
       7005,             3.009,        948.051054
       7006,            3.0105,       948.0715809
       7007,             3.012,       948.0882255
       7008,            3.0135,       948.0996212
       7009,             3.015,       948.1078499
       7010,            3.0165,       948.1189206
       7011,             3.018,       948.1332988
       7012,            3.0195,       948.1497202
       7013,             3.021,       948.1645759
       7014,            3.0225,       948.1714779
       7015,             3.024,       948.1730849
       7016,            3.0255,       948.1732797
       7017,             3.027,       948.1728564
       7018,            3.0285,       948.1735993
       7019,              3.03,       948.1748262
       7020,            3.0315,       948.1732967
       7021,             3.033,       948.1657237
       7022,            3.0345,       948.1502557
       7023,             3.036,       948.1244545
       7024,            3.0375,       948.0893561
       7025,             3.039,       948.0574259
       7026,            3.0405,       948.0358744
       7027,             3.042,       948.0183028
       7028,            3.0435,       947.9996244
       7029,             3.045,        947.975189
       7030,            3.0465,       947.9402432
       7031,             3.048,       947.8998661
       7032,            3.0495,       947.8500974
       7033,             3.051,       947.7897761
       7034,            3.0525,       947.7283529
       7035,             3.054,        947.671914
       7036,            3.0555,       947.6190534
       7037,             3.057,       947.5635973
       7038,            3.0585,       947.5173476
       7039,              3.06,       947.4755211
       7040,            3.0615,        947.431091
       7041,             3.063,       947.3873457
       7042,            3.0645,       947.3460375
       7043,             3.066,       947.3101755
       7044,            3.0675,       947.2788245
       7045,             3.069,       947.2448426
       7046,            3.0705,        947.207655
       7047,             3.072,       947.1659147
       7048,            3.0735,       947.1189299
       7049,             3.075,       947.0696958
       7050,            3.0765,        947.026299
       7051,             3.078,       946.9925512
       7052,            3.0795,       946.9693374
       7053,             3.081,       946.9516903
       7054,            3.0825,       946.9333463
       7055,             3.084,       946.9100649
       7056,            3.0855,       946.8829827
       7057,             3.087,       946.8486093
       7058,            3.0885,       946.8072307
       7059,              3.09,       946.7647077
       7060,            3.0915,       946.7314843
       7061,             3.093,       946.7092935
       7062,            3.0945,       946.6932658
       7063,             3.096,       946.6789659
       7064,            3.0975,       946.6645716
       7065,             3.099,       946.6506537
       7066,            3.1005,       946.6337878
       7067,             3.102,       946.6139324
       7068,            3.1035,       946.5984186
       7069,             3.105,       946.5923604
       7070,            3.1065,       946.5966872
       7071,             3.108,       946.6088933
       7072,            3.1095,       946.6292305
       7073,             3.111,       946.6547961
       7074,            3.1125,       946.6834414
       7075,             3.114,       946.7147522
       7076,            3.1155,       946.7482785
       7077,             3.117,       946.7841965
       7078,            3.1185,       946.8293179
       7079,              3.12,       946.8889329
       7080,            3.1215,       946.9602333
       7081,             3.123,       947.0413774
       7082,            3.1245,       947.1301757
       7083,             3.126,       947.2241538
       7084,            3.1275,       947.3216097
       7085,             3.129,       947.4239934
       7086,            3.1305,       947.5259506
       7087,             3.132,       947.6300644
       7088,            3.1335,       947.7422188
       7089,             3.135,       947.8652335
       7090,            3.1365,       947.9961172
       7091,             3.138,       948.1307231
       7092,            3.1395,       948.2668914
       7093,             3.141,        948.406286
       7094,            3.1425,       948.5543612
       7095,             3.144,       948.7087215
       7096,            3.1455,       948.8655513
       7097,             3.147,       949.0211379
       7098,            3.1485,       949.1793147
       7099,              3.15,       949.3393835
       7100,            3.1515,       949.4981521
       7101,             3.153,       949.6554132
       7102,            3.1545,       949.8149896
       7103,             3.156,       949.9768452
       7104,            3.1575,        950.138045
       7105,             3.159,       950.2981714
       7106,            3.1605,       950.4567343
       7107,             3.162,       950.6145553
       7108,            3.1635,       950.7705219
       7109,             3.165,       950.9235668
       7110,            3.1665,       951.0694478
       7111,             3.168,       951.2169285
       7112,            3.1695,       951.3844463
       7113,             3.171,       951.5732662
       7114,            3.1725,       951.7533035
       7115,             3.174,       951.9031593
       7116,            3.1755,        952.037882
       7117,             3.177,       952.1790463
       7118,            3.1785,       952.3284623
       7119,              3.18,       952.4763654
       7120,            3.1815,        952.613014
       7121,             3.183,       952.7408917
       7122,            3.1845,       952.8581848
       7123,             3.186,       952.9738552
       7124,            3.1875,       953.0901513
       7125,             3.189,       953.2100968
       7126,            3.1905,       953.3282412
       7127,             3.192,       953.4406827
       7128,            3.1935,       953.5416655
       7129,             3.195,        953.629792
       7130,            3.1965,          953.7131
       7131,             3.198,       953.7904476
       7132,            3.1995,       953.8594625
       7133,             3.201,       953.9319872
       7134,            3.2025,       954.0005862
       7135,             3.204,       954.0621253
       7136,            3.2055,       954.1181625
       7137,             3.207,       954.1714257
       7138,            3.2085,       954.2226832
       7139,              3.21,        954.265939
       7140,            3.2115,       954.2997428
       7141,             3.213,        954.331927
       7142,            3.2145,       954.3626406
       7143,             3.216,       954.3907201
       7144,            3.2175,       954.4132556
       7145,             3.219,       954.4282328
       7146,            3.2205,       954.4350139
       7147,             3.222,       954.4390773
       7148,            3.2235,        954.447555
       7149,             3.225,        954.455281
       7150,            3.2265,       954.4459403
       7151,             3.228,       954.4266227
       7152,            3.2295,       954.4172262
       7153,             3.231,       954.4066148
       7154,            3.2325,       954.3975837
       7155,             3.234,       954.3877422
       7156,            3.2355,       954.3734065
       7157,             3.237,       954.3544064
       7158,            3.2385,       954.3406842
       7159,              3.24,       954.3305679
       7160,            3.2415,       954.3183486
       7161,             3.243,       954.3033523
       7162,            3.2445,        954.285854
       7163,             3.246,       954.2679619
       7164,            3.2475,       954.2517913
       7165,             3.249,       954.2370519
       7166,            3.2505,       954.2236196
       7167,             3.252,       954.2106425
       7168,            3.2535,       954.1995415
       7169,             3.255,       954.1915943
       7170,            3.2565,       954.1832883
       7171,             3.258,       954.1723866
       7172,            3.2595,       954.1604442
       7173,             3.261,       954.1487498
       7174,            3.2625,       954.1363105
       7175,             3.264,       954.1216823
       7176,            3.2655,       954.1074622
       7177,             3.267,       954.0953498
       7178,            3.2685,       954.0836199
       7179,              3.27,       954.0721909
       7180,            3.2715,       954.0618789
       7181,             3.273,       954.0522466
       7182,            3.2745,       954.0428749
       7183,             3.276,       954.0314804
       7184,            3.2775,       954.0177212
       7185,             3.279,       954.0048278
       7186,            3.2805,       953.9945977
       7187,             3.282,       953.9858443
       7188,            3.2835,       953.9776418
       7189,             3.285,       953.9694938
       7190,            3.2865,       953.9605018
       7191,             3.288,       953.9510394
       7192,            3.2895,       953.9422974
       7193,             3.291,       953.9338599
       7194,            3.2925,       953.9264297
       7195,             3.294,       953.9196795
       7196,            3.2955,       953.9063388
       7197,             3.297,       953.8888107
       7198,            3.2985,       953.8744717
       7199,               3.3,       953.8617731
       7200,            3.3015,       953.8504377
       7201,             3.303,       953.8412113
       7202,            3.3045,       953.8342768
       7203,             3.306,       953.8273288
       7204,            3.3075,       953.8203276
       7205,             3.309,       953.8131543
       7206,            3.3105,       953.8082058
       7207,             3.312,       953.8050116
       7208,            3.3135,       953.8019918
       7209,             3.315,        953.800189
       7210,            3.3165,       953.7992792
       7211,             3.318,       953.7983342
       7212,            3.3195,       953.7966941
       7213,             3.321,       953.7945831
       7214,            3.3225,        953.793707
       7215,             3.324,       953.7923575
       7216,            3.3255,       953.7889163
       7217,             3.327,       953.7848196
       7218,            3.3285,       953.7813313
       7219,              3.33,       953.7759127
       7220,            3.3315,       953.7682762
       7221,             3.333,       953.7604516
       7222,            3.3345,       953.7547309
       7223,             3.336,       953.7525459
       7224,            3.3375,       953.7521789
       7225,             3.339,         953.74955
       7226,            3.3405,        953.745677
       7227,             3.342,        953.740872
       7228,            3.3435,       953.7347904
       7229,             3.345,       953.7253241
       7230,            3.3465,       953.7137347
       7231,             3.348,       953.7045109
       7232,            3.3495,       953.7015249
       7233,             3.351,         953.69705
       7234,            3.3525,       953.6871291
       7235,             3.354,       953.6702893
       7236,            3.3555,        953.642216
       7237,             3.357,       953.6248418
       7238,            3.3585,       953.6112803
       7239,              3.36,       953.5918477
       7240,            3.3615,       953.5659664
       7241,             3.363,       953.5413068
       7242,            3.3645,       953.5222444
       7243,             3.366,       953.4999178
       7244,            3.3675,        953.477887
       7245,             3.369,       953.4535073
       7246,            3.3705,        953.436108
       7247,             3.372,       953.4121747
       7248,            3.3735,       953.3815045
       7249,             3.375,       953.3471492
       7250,            3.3765,       953.3090403
       7251,             3.378,       953.2681973
       7252,            3.3795,       953.2283092
       7253,             3.381,       953.1791216
       7254,            3.3825,       953.1348232
       7255,             3.384,       953.1045158
       7256,            3.3855,       953.0834335
       7257,             3.387,       953.0525033
       7258,            3.3885,       952.9893198
       7259,              3.39,         952.91364
       7260,            3.3915,       952.8330289
       7261,             3.393,         952.75343
       7262,            3.3945,       952.6800799
       7263,             3.396,        952.607343
       7264,            3.3975,       952.5273907
       7265,             3.399,       952.4492419
       7266,            3.4005,       952.3700181
       7267,             3.402,       952.2854707
       7268,            3.4035,       952.2020235
       7269,             3.405,       952.1087471
       7270,            3.4065,       952.0073027
       7271,             3.408,       951.9040651
       7272,            3.4095,       951.8017899
       7273,             3.411,       951.7369453
       7274,            3.4125,       951.6758516
       7275,             3.414,       951.5923932
       7276,            3.4155,       951.4509182
       7277,             3.417,       951.3025813
       7278,            3.4185,       951.1484376
       7279,              3.42,       950.9887716
       7280,            3.4215,       950.8684017
       7281,             3.423,        950.765841
       7282,            3.4245,       950.6578055
       7283,             3.426,       950.5423872
       7284,            3.4275,        950.419286
       7285,             3.429,       950.2945339
       7286,            3.4305,       950.1723693
       7287,             3.432,       950.0491953
       7288,            3.4335,       949.9285753
       7289,             3.435,       949.8023755
       7290,            3.4365,       949.6739853
       7291,             3.438,       949.5478342
       7292,            3.4395,       949.4247439
       7293,             3.441,        949.306972
       7294,            3.4425,       949.1970517
       7295,             3.444,       949.0982083
       7296,            3.4455,       949.0004976
       7297,             3.447,       948.8871216
       7298,            3.4485,       948.7654179
       7299,              3.45,       948.6539389
       7300,            3.4515,       948.5483573
       7301,             3.453,       948.4502941
       7302,            3.4545,        948.365607
       7303,             3.456,       948.2974019
       7304,            3.4575,       948.2316874
       7305,             3.459,       948.1596053
       7306,            3.4605,       948.0836026
       7307,             3.462,       948.0112389
       7308,            3.4635,       947.9264079
       7309,             3.465,       947.8511966
       7310,            3.4665,       947.7982581
       7311,             3.468,       947.7566126
       7312,            3.4695,       947.7224732
       7313,             3.471,        947.690476
       7314,            3.4725,        947.678656
       7315,             3.474,       947.6868758
       7316,            3.4755,         947.64487
       7317,             3.477,       947.6024142
       7318,            3.4785,       947.5732667
       7319,              3.48,       947.5571429
       7320,            3.4815,       947.5509813
       7321,             3.483,       947.5456803
       7322,            3.4845,       947.5591003
       7323,             3.486,       947.5754716
       7324,            3.4875,       947.5883552
       7325,             3.489,       947.5971685
       7326,            3.4905,       947.6062973
       7327,             3.492,       947.6174532
       7328,            3.4935,       947.6485051
       7329,             3.495,       947.6783059
       7330,            3.4965,       947.7079516
       7331,             3.498,       947.7422151
       7332,            3.4995,        947.780378
       7333,             3.501,       947.8116961
       7334,            3.5025,       947.8420837
       7335,             3.504,       947.8842602
       7336,            3.5055,       947.9284043
       7337,             3.507,       947.9661623
       7338,            3.5085,       948.0006884
       7339,              3.51,       948.0321133
       7340,            3.5115,       948.0588764
       7341,             3.513,       948.0835347
       7342,            3.5145,       948.1111362
       7343,             3.516,       948.1416518
       7344,            3.5175,       948.1650997
       7345,             3.519,       948.1869038
       7346,            3.5205,       948.2071996
       7347,             3.522,       948.2212241
       7348,            3.5235,       948.2331603
       7349,             3.525,       948.2458108
       7350,            3.5265,       948.2612931
       7351,             3.528,       948.2782649
       7352,            3.5295,        948.295389
       7353,             3.531,       948.3103127
       7354,            3.5325,       948.3191204
       7355,             3.534,       948.3223283
       7356,            3.5355,       948.3225342
       7357,             3.537,       948.3230949
       7358,            3.5385,       948.3252041
       7359,              3.54,        948.324644
       7360,            3.5415,       948.3186192
       7361,             3.543,       948.3053447
       7362,            3.5445,       948.2841759
       7363,             3.546,       948.2521971
       7364,            3.5475,       948.2183569
       7365,             3.549,       948.1930575
       7366,            3.5505,        948.171623
       7367,             3.552,       948.1544421
       7368,            3.5535,         948.13951
       7369,             3.555,       948.1200569
       7370,            3.5565,       948.0942443
       7371,             3.558,       948.0592515
       7372,            3.5595,       948.0101065
       7373,             3.561,       947.9607888
       7374,            3.5625,        947.915898
       7375,             3.564,       947.8721251
       7376,            3.5655,       947.8226584
       7377,             3.567,       947.7673463
       7378,            3.5685,       947.7146738
       7379,              3.57,       947.6629721
       7380,            3.5715,       947.6263259
       7381,             3.573,       947.5843229
       7382,            3.5745,       947.5425031
       7383,             3.576,       947.5127053
       7384,            3.5775,       947.4928892
       7385,             3.579,       947.4671886
       7386,            3.5805,       947.4293163
       7387,             3.582,       947.3823021
       7388,            3.5835,       947.3320211
       7389,             3.585,       947.2899552
       7390,            3.5865,       947.2590566
       7391,             3.588,        947.232912
       7392,            3.5895,       947.2077103
       7393,             3.591,        947.181899
       7394,            3.5925,       947.1490589
       7395,             3.594,       947.1085493
       7396,            3.5955,       947.0626179
       7397,             3.597,       947.0156987
       7398,            3.5985,       946.9770178
       7399,               3.6,       946.9468212
       7400,            3.6015,       946.9226594
       7401,             3.603,       946.8987048
       7402,            3.6045,       946.8743339
       7403,             3.606,       946.8502997
       7404,            3.6075,       946.8262029
       7405,             3.609,       946.8021303
       7406,            3.6105,       946.7778742
       7407,             3.612,       946.7558945
       7408,            3.6135,       946.7415776
       7409,             3.615,       946.7417366
       7410,            3.6165,       946.7546314
       7411,             3.618,       946.7719963
       7412,            3.6195,        946.791232
       7413,             3.621,       946.8133368
       7414,            3.6225,       946.8383751
       7415,             3.624,       946.8672016
       7416,            3.6255,        946.902045
       7417,             3.627,       946.9456141
       7418,            3.6285,       946.9987045
       7419,              3.63,       947.0645021
       7420,            3.6315,       947.1414927
       7421,             3.633,       947.2235097
       7422,            3.6345,       947.3078787
       7423,             3.636,       947.3949493
       7424,            3.6375,       947.4891661
       7425,             3.639,       947.5936764
       7426,            3.6405,       947.7082447
       7427,             3.642,       947.8243907
       7428,            3.6435,       947.9429596
       7429,             3.645,       948.0651465
       7430,            3.6465,       948.1918754
       7431,             3.648,       948.3220861
       7432,            3.6495,       948.4551177
       7433,             3.651,       948.5942614
       7434,            3.6525,       948.7397048
       7435,             3.654,       948.8922853
       7436,            3.6555,        949.050351
       7437,             3.657,       949.2094619
       7438,            3.6585,       949.3676044
       7439,              3.66,       949.5259263
       7440,            3.6615,       949.6808732
       7441,             3.663,       949.8337767
       7442,            3.6645,       949.9870384
       7443,             3.666,       950.1409145
       7444,            3.6675,       950.2961074
       7445,             3.669,       950.4516956
       7446,            3.6705,       950.6078406
       7447,             3.672,       950.7656379
       7448,            3.6735,       950.9231487
       7449,             3.675,       951.0710688
       7450,            3.6765,       951.2060767
       7451,             3.678,       951.3416411
       7452,            3.6795,       951.5057687
       7453,             3.681,       951.6910595
       7454,            3.6825,       951.8702412
       7455,             3.684,       952.0194354
       7456,            3.6855,        952.157537
       7457,             3.687,       952.2975137
       7458,            3.6885,       952.4422235
       7459,              3.69,       952.5831651
       7460,            3.6915,       952.7156913
       7461,             3.693,       952.8400955
       7462,            3.6945,       952.9560053
       7463,             3.696,       953.0710086
       7464,            3.6975,       953.1865564
       7465,             3.699,       953.3063525
       7466,            3.7005,       953.4255268
       7467,             3.702,        953.537913
       7468,            3.7035,       953.6322793
       7469,             3.705,       953.7159378
       7470,            3.7065,       953.7910957
       7471,             3.708,       953.8558694
       7472,            3.7095,       953.9268809
       7473,             3.711,       954.0017512
       7474,            3.7125,       954.0723862
       7475,             3.714,       954.1342455
       7476,            3.7155,       954.1889559
       7477,             3.717,       954.2408177
       7478,            3.7185,       954.2861577
       7479,              3.72,       954.3218389
       7480,            3.7215,       954.3529986
       7481,             3.723,       954.3853121
       7482,            3.7245,       954.4147057
       7483,             3.726,       954.4412706
       7484,            3.7275,       954.4623615
       7485,             3.729,       954.4755739
       7486,            3.7305,       954.4824797
       7487,             3.732,       954.4850584
       7488,            3.7335,        954.489504
       7489,             3.735,       954.4916391
       7490,            3.7365,       954.4817507
       7491,             3.738,       954.4580569
       7492,            3.7395,       954.4475935
       7493,             3.741,       954.4422689
       7494,            3.7425,       954.4357033
       7495,             3.744,       954.4264741
       7496,            3.7455,        954.413141
       7497,             3.747,       954.3953897
       7498,            3.7485,       954.3810439
       7499,              3.75,       954.3699616
       7500,            3.7515,       954.3586254
       7501,             3.753,        954.344486
       7502,            3.7545,       954.3275395
       7503,             3.756,       954.3104151
       7504,            3.7575,       954.2948955
       7505,             3.759,         954.28099
       7506,            3.7605,       954.2669058
       7507,             3.762,       954.2515995
       7508,            3.7635,       954.2409738
       7509,             3.765,       954.2333522
       7510,            3.7665,       954.2234103
       7511,             3.768,       954.2130436
       7512,            3.7695,       954.2021966
       7513,             3.771,       954.1891579
       7514,            3.7725,       954.1744349
       7515,             3.774,       954.1582268
       7516,            3.7755,       954.1434604
       7517,             3.777,       954.1292803
       7518,            3.7785,       954.1161521
       7519,              3.78,       954.1057062
       7520,            3.7815,       954.0967882
       7521,             3.783,        954.086101
       7522,            3.7845,       954.0719808
       7523,             3.786,       954.0558562
       7524,            3.7875,       954.0399506
       7525,             3.789,       954.0257973
       7526,            3.7905,       954.0140957
       7527,             3.792,       954.0049589
       7528,            3.7935,       953.9976188
       7529,             3.795,       953.9898059
       7530,            3.7965,       953.9804556
       7531,             3.798,       953.9695407
       7532,            3.7995,        953.958023
       7533,             3.801,       953.9478364
       7534,            3.8025,       953.9401814
       7535,             3.804,       953.9326007
       7536,            3.8055,       953.9242564
       7537,             3.807,       953.9143782
       7538,            3.8085,       953.9007449
       7539,              3.81,       953.8852209
       7540,            3.8115,       953.8727752
       7541,             3.813,        953.864097
       7542,            3.8145,       953.8563538
       7543,             3.816,       953.8483176
       7544,            3.8175,       953.8410465
       7545,             3.819,        953.837361
       7546,            3.8205,       953.8351654
       7547,             3.822,       953.8338239
       7548,            3.8235,       953.8338393
       7549,             3.825,       953.8342578
       7550,            3.8265,       953.8348778
       7551,             3.828,       953.8367715
       7552,            3.8295,       953.8378929
       7553,             3.831,       953.8359598
       7554,            3.8325,       953.8321738
       7555,             3.834,       953.8249254
       7556,            3.8355,       953.8204009
       7557,             3.837,       953.8206084
       7558,            3.8385,       953.8209992
       7559,              3.84,       953.8164788
       7560,            3.8415,        953.808573
       7561,             3.843,        953.802039
       7562,            3.8445,       953.8005121
       7563,             3.846,       953.8022899
       7564,            3.8475,       953.8032926
       7565,             3.849,       953.8019516
       7566,            3.8505,       953.8006882
       7567,             3.852,       953.7978783
       7568,            3.8535,       953.7939419
       7569,             3.855,       953.7881001
       7570,            3.8565,       953.7818449
       7571,             3.858,       953.7795565
       7572,            3.8595,       953.7754512
       7573,             3.861,       953.7653053
       7574,            3.8625,       953.7460864
       7575,             3.864,       953.7310487
       7576,            3.8655,        953.720848
       7577,             3.867,       953.7098306
       7578,            3.8685,       953.6930362
       7579,              3.87,       953.6731051
       7580,            3.8715,        953.656017
       7581,             3.873,       953.6457415
       7582,            3.8745,       953.6313562
       7583,             3.876,       953.6143047
       7584,            3.8775,       953.6011701
       7585,             3.879,       953.5838012
       7586,            3.8805,       953.5616986
       7587,             3.882,       953.5364729
       7588,            3.8835,       953.5084608
       7589,             3.885,       953.4755022
       7590,            3.8865,       953.4410993
       7591,             3.888,       953.4043596
       7592,            3.8895,       953.3648577
       7593,             3.891,       953.3170614
       7594,            3.8925,       953.2532827
       7595,             3.894,       953.2047744
       7596,            3.8955,       953.1816701
       7597,             3.897,       953.1624146
       7598,            3.8985,        953.128421
       7599,               3.9,        953.064384
       7600,            3.9015,       952.9883778
       7601,             3.903,       952.9097819
       7602,            3.9045,       952.8288368
       7603,             3.906,       952.7531403
       7604,            3.9075,       952.6811423
       7605,             3.909,       952.5986655
       7606,            3.9105,       952.5153654
       7607,             3.912,       952.4327316
       7608,            3.9135,       952.3468204
       7609,             3.915,       952.2635866
       7610,            3.9165,       952.1709335
       7611,             3.918,       952.0682643
       7612,            3.9195,       951.9621834
       7613,             3.921,       951.8567591
       7614,            3.9225,       951.7780703
       7615,             3.924,       951.7110036
       7616,            3.9255,       951.6303659
       7617,             3.927,        951.491979
       7618,            3.9285,       951.3463007
       7619,              3.93,       951.1897325
       7620,            3.9315,       951.0247128
       7621,             3.933,       950.8808922
       7622,            3.9345,       950.7689975
       7623,             3.936,       950.6554496
       7624,            3.9375,       950.5361683
       7625,             3.939,       950.4099523
       7626,            3.9405,       950.2819224
       7627,             3.942,       950.1518994
       7628,            3.9435,       950.0187194
       7629,             3.945,       949.8903502
       7630,            3.9465,        949.758553
       7631,             3.948,       949.6233461
       7632,            3.9495,       949.4914211
       7633,             3.951,       949.3697737
       7634,            3.9525,       949.2552633
       7635,             3.954,       949.1417431
       7636,            3.9555,       949.0335302
       7637,             3.957,       948.9339346
       7638,            3.9585,       948.8252202
       7639,              3.96,       948.7025164
       7640,            3.9615,       948.5802732
       7641,             3.963,       948.4765527
       7642,            3.9645,       948.3828698
       7643,             3.966,        948.298058
       7644,            3.9675,       948.2240016
       7645,             3.969,       948.1590124
       7646,            3.9705,       948.0915889
       7647,             3.972,       948.0176658
       7648,            3.9735,       947.9426834
       7649,             3.975,       947.8751092
       7650,            3.9765,       947.7967499
       7651,             3.978,       947.7357378
       7652,            3.9795,       947.6982182
       7653,             3.981,       947.6687485
       7654,            3.9825,       947.6419458
       7655,             3.984,       947.6164105
       7656,            3.9855,       947.6227581
       7657,             3.987,       947.6272264
       7658,            3.9885,       947.5893664
       7659,              3.99,       947.5595277
       7660,            3.9915,       947.5449317
       7661,             3.993,       947.5419272
       7662,            3.9945,       947.5448219
       7663,             3.996,       947.5574003
       7664,            3.9975,       947.5816767
       7665,             3.999,       947.6058914
       7666,            4.0005,       947.6220533
       7667,             4.002,       947.6361215
       7668,            4.0035,       947.6485482
       7669,             4.005,       947.6757367
       7670,            4.0065,       947.7125993
       7671,             4.008,       947.7462117
       7672,            4.0095,       947.7800938
       7673,             4.011,       947.8194174
       7674,            4.0125,       947.8597125
       7675,             4.014,       947.8935814
       7676,            4.0155,       947.9337435
       7677,             4.017,       947.9806291
       7678,            4.0185,       948.0233438
       7679,              4.02,       948.0621859
       7680,            4.0215,       948.0964633
       7681,             4.023,       948.1278772
       7682,            4.0245,       948.1557649
       7683,             4.026,       948.1854615
       7684,            4.0275,       948.2187158
       7685,             4.029,       948.2512976
       7686,            4.0305,       948.2781543
       7687,             4.032,       948.3003743
       7688,            4.0335,       948.3160669
       7689,             4.035,       948.3271192
       7690,            4.0365,       948.3380032
       7691,             4.038,       948.3531298
       7692,            4.0395,       948.3698663
       7693,             4.041,       948.3886054
       7694,            4.0425,       948.4074671
       7695,             4.044,        948.421842
       7696,            4.0455,       948.4295051
       7697,             4.047,       948.4326584
       7698,            4.0485,       948.4358649
       7699,              4.05,       948.4388454
       7700,            4.0515,       948.4415228
       7701,             4.053,       948.4409963
       7702,            4.0545,       948.4316104
       7703,             4.056,       948.4124783
       7704,            4.0575,       948.3835348
       7705,             4.059,       948.3484138
       7706,            4.0605,       948.3196672
       7707,             4.062,       948.3000572
       7708,            4.0635,       948.2831742
       7709,             4.065,       948.2647423
       7710,            4.0665,       948.2427545
       7711,             4.068,       948.2231787
       7712,            4.0695,       948.1978436
       7713,             4.071,       948.1658232
       7714,            4.0725,       948.1343549
       7715,             4.074,       948.1049904
       7716,            4.0755,       948.0739572
       7717,             4.077,        948.037882
       7718,            4.0785,       947.9963934
       7719,              4.08,       947.9545368
       7720,            4.0815,       947.9146417
       7721,             4.083,       947.8701312
       7722,            4.0845,       947.8173216
       7723,             4.086,       947.7702905
       7724,            4.0875,       947.7381075
       7725,             4.089,       947.7149624
       7726,            4.0905,       947.6883347
       7727,             4.092,        947.655003
       7728,            4.0935,       947.6130634
       7729,             4.095,       947.5638314
       7730,            4.0965,       947.5191696
       7731,             4.098,       947.4914928
       7732,            4.0995,       947.4679194
       7733,             4.101,       947.4441306
       7734,            4.1025,       947.4107905
       7735,             4.104,       947.3673916
       7736,            4.1055,       947.3185204
       7737,             4.107,       947.2682043
       7738,            4.1085,       947.2158084
       7739,              4.11,       947.1648757
       7740,            4.1115,       947.1212131
       7741,             4.113,        947.090613
       7742,            4.1145,       947.0706909
       7743,             4.116,       947.0494146
       7744,            4.1175,       947.0198402
       7745,             4.119,       946.9836674
       7746,            4.1205,       946.9508437
       7747,             4.122,       946.9202959
       7748,            4.1235,       946.8939156
       7749,             4.125,       946.8757645
       7750,            4.1265,       946.8691917
       7751,             4.128,        946.872758
       7752,            4.1295,       946.8823756
       7753,             4.131,       946.8942958
       7754,            4.1325,       946.9061891
       7755,             4.134,       946.9206025
       7756,            4.1355,       946.9408223
       7757,             4.137,       946.9707534
       7758,            4.1385,       947.0105344
       7759,              4.14,       947.0606981
       7760,            4.1415,       947.1199651
       7761,             4.143,       947.1846398
       7762,            4.1445,       947.2531984
       7763,             4.146,       947.3264375
       7764,            4.1475,       947.4046114
       7765,             4.149,       947.4895785
       7766,            4.1505,       947.5850884
       7767,             4.152,       947.6907396
       7768,            4.1535,       947.8036543
       7769,             4.155,        947.921366
       7770,            4.1565,       948.0368852
       7771,             4.158,       948.1529887
       7772,            4.1595,       948.2757303
       7773,             4.161,       948.4068346
       7774,            4.1625,        948.541569
       7775,             4.164,       948.6826924
       7776,            4.1655,       948.8284657
       7777,             4.167,       948.9773205
       7778,            4.1685,       949.1312577
       7779,              4.17,       949.2881268
       7780,            4.1715,       949.4408861
       7781,             4.173,        949.591533
       7782,            4.1745,       949.7413144
       7783,             4.176,       949.8953517
       7784,            4.1775,       950.0547413
       7785,             4.179,       950.2130032
       7786,            4.1805,       950.3651017
       7787,             4.182,       950.5121428
       7788,            4.1835,       950.6595737
       7789,             4.185,       950.8121669
       7790,            4.1865,       950.9682416
       7791,             4.188,       951.1225308
       7792,            4.1895,       951.2568149
       7793,             4.191,        951.384803
       7794,            4.1925,       951.5286939
       7795,             4.194,       951.7126621
       7796,            4.1955,       951.9005939
       7797,             4.197,       952.0630919
       7798,            4.1985,       952.2066295
       7799,               4.2,       952.3451421
       7800,            4.2015,       952.4840601
       7801,             4.203,       952.6215455
       7802,            4.2045,       952.7523211
       7803,             4.206,       952.8794042
       7804,            4.2075,       952.9993528
       7805,             4.209,       953.1138415
       7806,            4.2105,       953.2278962
       7807,             4.212,       953.3449757
       7808,            4.2135,       953.4643881
       7809,             4.215,       953.5765592
       7810,            4.2165,        953.673921
       7811,             4.218,       953.7572628
       7812,            4.2195,       953.8271767
       7813,             4.221,       953.8899999
       7814,            4.2225,       953.9602493
       7815,             4.224,       954.0363161
       7816,            4.2255,       954.1104538
       7817,             4.227,       954.1752742
       7818,            4.2285,       954.2290359
       7819,              4.23,       954.2776416
       7820,            4.2315,       954.3170197
       7821,             4.233,       954.3508327
       7822,            4.2345,       954.3823221
       7823,             4.236,       954.4148182
       7824,            4.2375,       954.4437495
       7825,             4.239,       954.4695731
       7826,            4.2405,       954.4889895
       7827,             4.242,        954.501001
       7828,            4.2435,       954.5110579
       7829,             4.245,        954.516073
       7830,            4.2465,       954.5184295
       7831,             4.248,       954.5192045
       7832,            4.2495,       954.5117049
       7833,             4.251,       954.4875344
       7834,            4.2525,       954.4723414
       7835,             4.254,       954.4638682
       7836,            4.2555,       954.4550993
       7837,             4.257,       954.4469545
       7838,            4.2585,        954.437646
       7839,              4.26,       954.4250744
       7840,            4.2615,        954.409744
       7841,             4.263,       954.3993769
       7842,            4.2645,       954.3893198
       7843,             4.266,       954.3739484
       7844,            4.2675,       954.3557846
       7845,             4.269,       954.3389696
       7846,            4.2705,        954.325613
       7847,             4.272,       954.3122413
       7848,            4.2735,       954.2958486
       7849,             4.275,       954.2803108
       7850,            4.2765,       954.2691755
       7851,             4.278,        954.259131
       7852,            4.2795,       954.2486317
       7853,             4.281,       954.2387069
       7854,            4.2825,       954.2261828
       7855,             4.284,        954.210515
       7856,            4.2855,       954.1947713
       7857,             4.287,       954.1806783
       7858,            4.2885,       954.1637496
       7859,              4.29,       954.1460054
       7860,            4.2915,        954.130287
       7861,             4.293,       954.1178739
       7862,            4.2945,       954.1076141
       7863,             4.296,       954.0956037
       7864,            4.2975,       954.0800084
       7865,             4.299,       954.0633051
       7866,            4.3005,       954.0472256
       7867,             4.302,       954.0321648
       7868,            4.3035,       954.0190866
       7869,             4.305,       954.0088304
       7870,            4.3065,       954.0007691
       7871,             4.308,       953.9925304
       7872,            4.3095,        953.982137
       7873,             4.311,       953.9708029
       7874,            4.3125,       953.9596868
       7875,             4.314,       953.9496474
       7876,            4.3155,        953.940973
       7877,             4.317,       953.9326514
       7878,            4.3185,        953.924158
       7879,              4.32,       953.9160436
       7880,            4.3215,       953.9075208
       7881,             4.323,       953.8984469
       7882,            4.3245,       953.8891867
       7883,             4.326,       953.8765012
       7884,            4.3275,       953.8656892
       7885,             4.329,       953.8610525
       7886,            4.3305,       953.8573663
       7887,             4.332,       953.8558642
       7888,            4.3335,       953.8535097
       7889,             4.335,       953.8520891
       7890,            4.3365,       953.8509882
       7891,             4.338,       953.8517729
       7892,            4.3395,       953.8535531
       7893,             4.341,       953.8564355
       7894,            4.3425,       953.8579072
       7895,             4.344,       953.8571846
       7896,            4.3455,       953.8498363
       7897,             4.347,       953.8435843
       7898,            4.3485,       953.8423363
       7899,              4.35,        953.843907
       7900,            4.3515,       953.8441418
       7901,             4.353,       953.8409909
       7902,            4.3545,       953.8352085
       7903,             4.356,       953.8346181
       7904,            4.3575,       953.8374111
       7905,             4.359,       953.8400671
       7906,            4.3605,       953.8420373
       7907,             4.362,       953.8432142
       7908,            4.3635,        953.842597
       7909,             4.365,       953.8400912
       7910,            4.3665,       953.8375103
       7911,             4.368,        953.831973
       7912,            4.3695,       953.8239711
       7913,             4.371,       953.8210795
       7914,            4.3725,       953.8152615
       7915,             4.374,       953.8068938
       7916,            4.3755,       953.7945363
       7917,             4.377,       953.7862525
       7918,            4.3785,       953.7776381
       7919,              4.38,       953.7669035
       7920,            4.3815,       953.7547518
       7921,             4.383,       953.7483468
       7922,            4.3845,       953.7398279
       7923,             4.386,       953.7304792
       7924,            4.3875,       953.7220087
       7925,             4.389,       953.7118258
       7926,            4.3905,       953.6986289
       7927,             4.392,       953.6808587
       7928,            4.3935,       953.6584155
       7929,             4.395,       953.6317255
       7930,            4.3965,       953.6005851
       7931,             4.398,       953.5693345
       7932,            4.3995,       953.5368144
       7933,             4.401,       953.4996663
       7934,            4.4025,       953.4570749
       7935,             4.404,        953.409953
       7936,            4.4055,       953.3585339
       7937,             4.407,       953.3051114
       7938,            4.4085,       953.2603094
       7939,              4.41,       953.2401078
       7940,            4.4115,       953.2159329
       7941,             4.413,       953.1703016
       7942,            4.4145,       953.1057121
       7943,             4.416,       953.0315678
       7944,            4.4175,       952.9500123
       7945,             4.419,       952.8680996
       7946,            4.4205,       952.7920277
       7947,             4.422,       952.7192562
       7948,            4.4235,       952.6353889
       7949,             4.425,       952.5513162
       7950,            4.4265,       952.4678698
       7951,             4.428,       952.3824088
       7952,            4.4295,       952.2981425
       7953,             4.431,        952.203856
       7954,            4.4325,       952.0966351
       7955,             4.434,       951.9854656
       7956,            4.4355,       951.8784866
       7957,             4.437,       951.7977162
       7958,            4.4385,       951.7300455
       7959,              4.44,       951.6406669
       7960,            4.4415,       951.5064649
       7961,             4.443,       951.3565766
       7962,            4.4445,       951.1929662
       7963,             4.446,       951.0266335
       7964,            4.4475,       950.8666867
       7965,             4.449,       950.7514973
       7966,            4.4505,       950.6375566
       7967,             4.452,       950.5133571
       7968,            4.4535,       950.3839387
       7969,             4.455,       950.2537273
       7970,            4.4565,       950.1220729
       7971,             4.458,       949.9875775
       7972,            4.4595,       949.8526111
       7973,             4.461,       949.7182507
       7974,            4.4625,       949.5764422
       7975,             4.464,       949.4380112
       7976,            4.4655,       949.3098772
       7977,             4.467,       949.1954891
       7978,            4.4685,        949.086943
       7979,              4.47,       948.9761721
       7980,            4.4715,       948.8723139
       7981,             4.473,       948.7686145
       7982,            4.4745,       948.6498981
       7983,             4.476,       948.5244269
       7984,            4.4775,       948.4079524
       7985,             4.479,       948.3114034
       7986,            4.4805,       948.2284906
       7987,             4.482,       948.1551267
       7988,            4.4835,        948.088556
       7989,             4.485,       948.0242592
       7990,            4.4865,        947.954476
       7991,             4.488,       947.8801626
       7992,            4.4895,        947.812484
       7993,             4.491,       947.7472086
       7994,            4.4925,       947.6786598
       7995,             4.494,        947.636398
       7996,            4.4955,       947.6088834
       7997,             4.497,       947.5843916
       7998,            4.4985,       947.5618782
       7999,               4.5,       947.5517023
       8000,            4.5015,       947.5781142
       8001,             4.503,       947.5639629
       8002,            4.5045,       947.5365732
       8003,             4.506,       947.5237998
       8004,            4.5075,       947.5220142
       8005,             4.509,       947.5288786
       8006,            4.5105,       947.5388773
       8007,             4.512,       947.5687321
       8008,            4.5135,       947.6006802
       8009,             4.515,       947.6269259
       8010,            4.5165,       947.6481569
       8011,             4.518,       947.6690064
       8012,            4.5195,       947.6892285
       8013,             4.521,       947.7317419
       8014,            4.5225,       947.7717991
       8015,             4.524,       947.8075032
       8016,            4.5255,       947.8477556
       8017,             4.527,        947.892345
       8018,            4.5285,       947.9322157
       8019,              4.53,       947.9748509
       8020,            4.5315,       948.0248122
       8021,             4.533,       948.0683143
       8022,            4.5345,       948.1072443
       8023,             4.536,       948.1434809
       8024,            4.5375,       948.1789699
       8025,             4.539,       948.2113884
       8026,            4.5405,       948.2414658
       8027,             4.542,       948.2759899
       8028,            4.5435,       948.3126172
       8029,             4.545,       948.3497527
       8030,            4.5465,       948.3785393
       8031,             4.548,        948.397653
       8032,            4.5495,       948.4108391
       8033,             4.551,       948.4202293
       8034,            4.5525,        948.429792
       8035,             4.554,       948.4441659
       8036,            4.5555,       948.4650956
       8037,             4.557,       948.4876604
       8038,            4.5585,       948.5065296
       8039,              4.56,       948.5206258
       8040,            4.5615,       948.5270464
       8041,             4.563,       948.5316021
       8042,            4.5645,       948.5335672
       8043,             4.566,       948.5363874
       8044,            4.5675,       948.5389225
       8045,             4.569,       948.5327858
       8046,            4.5705,       948.5159689
       8047,             4.572,       948.4905821
       8048,            4.5735,       948.4577443
       8049,             4.575,       948.4289797
       8050,            4.5765,         948.40999
       8051,             4.578,       948.3943082
       8052,            4.5795,       948.3767142
       8053,             4.581,        948.355496
       8054,            4.5825,       948.3319329
       8055,             4.584,       948.3045272
       8056,            4.5855,       948.2777965
       8057,             4.587,        948.253861
       8058,            4.5885,       948.2311551
       8059,              4.59,       948.2099486
       8060,            4.5915,       948.1860507
       8061,             4.593,       948.1593747
       8062,            4.5945,       948.1310273
       8063,             4.596,       948.1028464
       8064,            4.5975,       948.0689362
       8065,             4.599,       948.0250035
       8066,            4.6005,       947.9780665
       8067,             4.602,       947.9393253
       8068,            4.6035,       947.9133357
       8069,             4.605,       947.8860233
       8070,            4.6065,       947.8512078
       8071,             4.608,       947.8058288
       8072,            4.6095,       947.7541337
       8073,             4.611,       947.7087046
       8074,            4.6125,       947.6758726
       8075,             4.614,       947.6526725
       8076,            4.6155,       947.6322064
       8077,             4.617,       947.6019262
       8078,            4.6185,       947.5586851
       8079,              4.62,       947.5022587
       8080,            4.6215,       947.4411415
       8081,             4.623,       947.3800319
       8082,            4.6245,       947.3263238
       8083,             4.626,       947.2833789
       8084,            4.6275,       947.2492907
       8085,             4.629,       947.2189516
       8086,            4.6305,       947.1901873
       8087,             4.632,       947.1632889
       8088,            4.6335,       947.1324134
       8089,             4.635,       947.0942643
       8090,            4.6365,       947.0548293
       8091,             4.638,       947.0235182
       8092,            4.6395,       947.0032427
       8093,             4.641,       946.9967055
       8094,            4.6425,       946.9992403
       8095,             4.644,        947.006296
       8096,            4.6455,       947.0135863
       8097,             4.647,       947.0212984
       8098,            4.6485,       947.0318838
       8099,              4.65,       947.0471105
       8100,            4.6515,       947.0694584
       8101,             4.653,        947.102368
       8102,            4.6545,       947.1491905
       8103,             4.656,       947.2074258
       8104,            4.6575,       947.2713656
       8105,             4.659,       947.3358921
       8106,            4.6605,       947.3981883
       8107,             4.662,       947.4640133
       8108,            4.6635,        947.539023
       8109,             4.665,       947.6269323
       8110,            4.6665,       947.7272024
       8111,             4.668,       947.8379439
       8112,            4.6695,       947.9540575
       8113,             4.671,       948.0723611
       8114,            4.6725,       948.1898559
       8115,             4.674,       948.3012477
       8116,            4.6755,       948.4181199
       8117,             4.677,       948.5435344
       8118,            4.6785,        948.675009
       8119,              4.68,       948.8143118
       8120,            4.6815,        948.960388
       8121,             4.683,       949.1110737
       8122,            4.6845,       949.2661468
       8123,             4.686,       949.4210657
       8124,            4.6875,       949.5712417
       8125,             4.689,        949.717641
       8126,            4.6905,       949.8609648
       8127,             4.692,       950.0064512
       8128,            4.6935,        950.159217
       8129,             4.695,       950.3146853
       8130,            4.6965,       950.4682743
       8131,             4.698,       950.6183443
       8132,            4.6995,       950.7675649
       8133,             4.701,       950.9174632
       8134,            4.7025,       951.0651882
       8135,             4.704,       951.2053889
       8136,            4.7055,       951.3333447
       8137,             4.707,       951.4625114
       8138,            4.7085,       951.6157771
       8139,              4.71,       951.8026835
       8140,            4.7115,        951.987652
       8141,             4.713,       952.1434874
       8142,            4.7145,       952.2829473
       8143,             4.716,       952.4199007
       8144,            4.7175,       952.5577759
       8145,             4.719,       952.6932924
       8146,            4.7205,       952.8202717
       8147,             4.722,       952.9440688
       8148,            4.7235,       953.0618296
       8149,             4.725,       953.1769214
       8150,            4.7265,       953.2939512
       8151,             4.728,       953.4153549
       8152,            4.7295,       953.5323718
       8153,             4.731,       953.6352109
       8154,            4.7325,       953.7237835
       8155,             4.734,       953.7986098
       8156,            4.7355,        953.864854
       8157,             4.737,       953.9367919
       8158,            4.7385,        954.009691
       8159,              4.74,       954.0846684
       8160,            4.7415,       954.1556153
       8161,             4.743,       954.2169645
       8162,            4.7445,       954.2695824
       8163,             4.746,       954.3161733
       8164,            4.7475,       954.3528255
       8165,             4.749,       954.3848963
       8166,            4.7505,       954.4150052
       8167,             4.752,       954.4471812
       8168,            4.7535,       954.4778726
       8169,             4.755,       954.5043112
       8170,            4.7565,       954.5204044
       8171,             4.758,       954.5291087
       8172,            4.7595,       954.5375054
       8173,             4.761,       954.5393263
       8174,            4.7625,       954.5398686
       8175,             4.764,        954.543023
       8176,            4.7655,       954.5395182
       8177,             4.767,       954.5192257
       8178,            4.7685,       954.5023817
       8179,              4.77,       954.4924447
       8180,            4.7715,       954.4833779
       8181,             4.773,       954.4750582
       8182,            4.7745,       954.4676713
       8183,             4.776,       954.4536574
       8184,            4.7775,       954.4367631
       8185,             4.779,       954.4258608
       8186,            4.7805,       954.4140421
       8187,             4.782,       954.3980056
       8188,            4.7835,       954.3818486
       8189,             4.785,       954.3671352
       8190,            4.7865,       954.3525741
       8191,             4.788,       954.3363492
       8192,            4.7895,       954.3185909
       8193,             4.791,        954.302584
       8194,            4.7925,       954.2904965
       8195,             4.794,       954.2792039
       8196,            4.7955,       954.2678886
       8197,             4.797,       954.2559915
       8198,            4.7985,       954.2414455
       8199,               4.8,       954.2250638
       8200,            4.8015,       954.2096795
       8201,             4.803,       954.1951921
       8202,            4.8045,       954.1803314
       8203,             4.806,       954.1633732
       8204,            4.8075,       954.1485732
       8205,             4.809,       954.1357641
       8206,            4.8105,       954.1227086
       8207,             4.812,       954.1068078
       8208,            4.8135,       954.0886792
       8209,             4.815,       954.0708501
       8210,            4.8165,       954.0543198
       8211,             4.818,       954.0396168
       8212,            4.8195,       954.0271387
       8213,             4.821,       954.0172918
       8214,            4.8225,       954.0089499
       8215,             4.824,       954.0001236
       8216,            4.8255,       953.9890916
       8217,             4.827,       953.9767708
       8218,            4.8285,       953.9652401
       8219,              4.83,       953.9551125
       8220,            4.8315,       953.9460205
       8221,             4.833,       953.9388112
       8222,            4.8345,       953.9324876
       8223,             4.836,       953.9253476
       8224,            4.8375,       953.9172056
       8225,             4.839,       953.9094896
       8226,            4.8405,       953.9021138
       8227,             4.842,        953.894191
       8228,            4.8435,       953.8864874
       8229,             4.845,       953.8760108
       8230,            4.8465,       953.8695427
       8231,             4.848,       953.8691963
       8232,            4.8495,       953.8687074
       8233,             4.851,       953.8702907
       8234,            4.8525,       953.8722493
       8235,             4.854,       953.8715255
       8236,            4.8555,       953.8748831
       8237,             4.857,       953.8786738
       8238,            4.8585,       953.8794867
       8239,              4.86,       953.8751624
       8240,            4.8615,       953.8685895
       8241,             4.863,        953.864171
       8242,            4.8645,       953.8647544
       8243,             4.866,        953.868391
       8244,            4.8675,       953.8699954
       8245,             4.869,       953.8689911
       8246,            4.8705,       953.8663204
       8247,             4.872,       953.8665532
       8248,            4.8735,       953.8674297
       8249,             4.875,       953.8712657
       8250,            4.8765,       953.8765685
       8251,             4.878,       953.8807449
       8252,            4.8795,       953.8808479
       8253,             4.881,       953.8785565
       8254,            4.8825,       953.8752733
       8255,             4.884,       953.8692784
       8256,            4.8855,       953.8685974
       8257,             4.887,       953.8703528
       8258,            4.8885,       953.8667897
       8259,              4.89,       953.8566946
       8260,            4.8915,       953.8450444
       8261,             4.893,        953.834042
       8262,            4.8945,       953.8229494
       8263,             4.896,       953.8266674
       8264,            4.8975,       953.8309708
       8265,             4.899,       953.8255696
       8266,            4.9005,       953.8182536
       8267,             4.902,       953.8148107
       8268,            4.9035,       953.8104393
       8269,             4.905,       953.8025314
       8270,            4.9065,       953.7903418
       8271,             4.908,        953.771015
       8272,            4.9095,       953.7474998
       8273,             4.911,        953.719633
       8274,            4.9125,       953.6888715
       8275,             4.914,       953.6562345
       8276,            4.9155,       953.6238463
       8277,             4.917,       953.5882783
       8278,            4.9185,       953.5472094
       8279,              4.92,       953.5046273
       8280,            4.9215,       953.4613974
       8281,             4.923,       953.4125707
       8282,            4.9245,        953.359861
       8283,             4.926,       953.3127531
       8284,            4.9275,       953.2920007
       8285,             4.929,       953.2631441
       8286,            4.9305,       953.2077977
       8287,             4.932,       953.1396927
       8288,            4.9335,       953.0618242
       8289,             4.935,       952.9817886
       8290,            4.9365,       952.9012375
       8291,             4.938,        952.824935
       8292,            4.9395,       952.7464518
       8293,             4.941,       952.6598289
       8294,            4.9425,       952.5752532
       8295,             4.944,       952.4898008
       8296,            4.9455,       952.4040022
       8297,             4.947,       952.3123505
       8298,            4.9485,       952.2114936
       8299,              4.95,       952.1037235
       8300,            4.9515,       951.9917474
       8301,             4.953,       951.8813856
       8302,            4.9545,       951.7971361
       8303,             4.956,        951.719964
       8304,            4.9575,       951.6170277
       8305,             4.959,        951.478652
       8306,            4.9605,       951.3253121
       8307,             4.962,       951.1565703
       8308,            4.9635,        950.987772
       8309,             4.965,       950.8254302
       8310,            4.9665,       950.7050535
       8311,             4.968,       950.5881404
       8312,            4.9695,       950.4615599
       8313,             4.971,       950.3271726
       8314,            4.9725,       950.1952019
       8315,             4.974,       950.0632489
       8316,            4.9755,       949.9272431
       8317,             4.977,       949.7913677
       8318,            4.9785,       949.6574458
       8319,              4.98,       949.5151712
       8320,            4.9815,       949.3700269
       8321,             4.983,       949.2355445
       8322,            4.9845,       949.1191821
       8323,             4.986,       949.0116588
       8324,            4.9875,       948.9047212
       8325,             4.989,       948.8020737
       8326,            4.9905,       948.6993226
       8327,             4.992,       948.5856446
       8328,            4.9935,       948.4630147
       8329,             4.995,       948.3466617
       8330,            4.9965,        948.247745
       8331,             4.998,       948.1678685
       8332,            4.9995,       948.0961888
       8333,             5.001,       948.0293644
       8334,            5.0025,       947.9648235
       8335,             5.004,       947.8994702
       8336,            5.0055,       947.8309817
       8337,             5.007,       947.7675938
       8338,            5.0085,       947.7137092
       8339,              5.01,       947.6503705
       8340,            5.0115,       947.6089474
       8341,             5.013,       947.5846848
       8342,            5.0145,       947.5635414
       8343,             5.016,       947.5441269
       8344,            5.0175,       947.5328527
       8345,             5.019,       947.5654194
       8346,            5.0205,       947.5661531
       8347,             5.022,       947.5448917
       8348,            5.0235,       947.5374727
       8349,             5.025,       947.5401331
       8350,            5.0265,       947.5491508
       8351,             5.028,       947.5609641
       8352,            5.0295,       947.5923153
       8353,             5.031,       947.6268347
       8354,            5.0325,       947.6559411
       8355,             5.034,       947.6806031
       8356,            5.0355,       947.7064077
       8357,             5.037,       947.7275993
       8358,            5.0385,       947.7686706
       8359,              5.04,       947.8093902
       8360,            5.0415,       947.8472126
       8361,             5.043,       947.8901669
       8362,            5.0445,       947.9370347
       8363,             5.046,       947.9790822
       8364,            5.0475,       948.0233021
       8365,             5.049,        948.074148
       8366,            5.0505,       948.1174871
       8367,             5.052,       948.1566134
       8368,            5.0535,       948.1948905
       8369,             5.055,       948.2327529
       8370,            5.0565,        948.265697
       8371,             5.058,       948.2957007
       8372,            5.0595,       948.3306255
       8373,             5.061,       948.3681714
       8374,            5.0625,       948.4066419
       8375,             5.064,       948.4418418
       8376,            5.0655,        948.463028
       8377,             5.067,       948.4771526
       8378,            5.0685,       948.4859706
       8379,              5.07,       948.4949687
       8380,            5.0715,       948.5096723
       8381,             5.073,       948.5310428
       8382,            5.0745,       948.5540417
       8383,             5.076,       948.5748542
       8384,            5.0775,       948.5911518
       8385,             5.079,       948.5955354
       8386,            5.0805,        948.597064
       8387,             5.082,       948.5987511
       8388,            5.0835,       948.6023375
       8389,             5.085,       948.6054872
       8390,            5.0865,       948.6026872
       8391,             5.088,       948.5918585
       8392,            5.0895,       948.5738122
       8393,             5.091,       948.5487342
       8394,            5.0925,       948.5240861
       8395,             5.094,       948.5045592
       8396,            5.0955,       948.4896781
       8397,             5.097,       948.4731731
       8398,            5.0985,       948.4539645
       8399,               5.1,       948.4328856
       8400,            5.1015,       948.4044435
       8401,             5.103,        948.369052
       8402,            5.1045,       948.3368566
       8403,             5.106,       948.3254712
       8404,            5.1075,        948.317026
       8405,             5.109,       948.3023442
       8406,            5.1105,       948.2811642
       8407,             5.112,       948.2596461
       8408,            5.1135,       948.2400895
       8409,             5.115,       948.2100969
       8410,            5.1165,       948.1727321
       8411,             5.118,       948.1388147
       8412,            5.1195,       948.1107161
       8413,             5.121,       948.0848283
       8414,            5.1225,       948.0569983
       8415,             5.124,       948.0099786
       8416,            5.1255,       947.9565458
       8417,             5.127,       947.9048857
       8418,            5.1285,       947.8617286
       8419,              5.13,       947.8276909
       8420,            5.1315,       947.8013294
       8421,             5.133,       947.7765472
       8422,            5.1345,       947.7440783
       8423,             5.136,       947.7049654
       8424,            5.1375,       947.6544092
       8425,             5.139,       947.5904659
       8426,            5.1405,       947.5211185
       8427,             5.142,       947.4566926
       8428,            5.1435,        947.406246
       8429,             5.145,       947.3734734
       8430,            5.1465,       947.3458374
       8431,             5.148,       947.3118173
       8432,            5.1495,       947.2722419
       8433,             5.151,       947.2353656
       8434,            5.1525,        947.200735
       8435,             5.154,       947.1630465
       8436,            5.1555,       947.1265957
       8437,             5.157,       947.1045842
       8438,            5.1585,       947.0977421
       8439,              5.16,       947.1005189
       8440,            5.1615,       947.1044133
       8441,             5.163,       947.1061496
       8442,            5.1645,       947.1062362
       8443,             5.166,       947.1097443
       8444,            5.1675,       947.1213811
       8445,             5.169,       947.1433281
       8446,            5.1705,       947.1778921
       8447,             5.172,       947.2235918
       8448,            5.1735,       947.2762424
       8449,             5.175,       947.3325048
       8450,            5.1765,       947.3898493
       8451,             5.178,       947.4491375
       8452,            5.1795,       947.5124475
       8453,             5.181,       947.5834545
       8454,            5.1825,       947.6657791
       8455,             5.184,       947.7589724
       8456,            5.1855,       947.8589283
       8457,             5.187,       947.9650602
       8458,            5.1885,       948.0767513
       8459,              5.19,       948.1930983
       8460,            5.1915,       948.3126645
       8461,             5.193,       948.4287003
       8462,            5.1945,        948.548486
       8463,             5.196,       948.6749411
       8464,            5.1975,       948.8097477
       8465,             5.199,       948.9514499
       8466,            5.2005,       949.0973764
       8467,             5.202,       949.2445484
       8468,            5.2035,       949.3922529
       8469,             5.205,       949.5386777
       8470,            5.2065,       949.6865558
       8471,             5.208,       949.8370161
       8472,            5.2095,       949.9867507
       8473,             5.211,       950.1340761
       8474,            5.2125,       950.2819143
       8475,             5.214,       950.4301768
       8476,            5.2155,       950.5782172
       8477,             5.217,       950.7271425
       8478,            5.2185,       950.8780398
       8479,              5.22,       951.0277623
       8480,            5.2215,       951.1699979
       8481,             5.223,       951.2994407
       8482,            5.2245,       951.4228612
       8483,             5.226,       951.5548673
       8484,            5.2275,       951.7276278
       8485,             5.229,       951.9217979
       8486,            5.2305,       952.1057744
       8487,             5.232,       952.2498416
       8488,            5.2335,       952.3831248
       8489,             5.235,       952.5148289
       8490,            5.2365,       952.6500414
       8491,             5.238,       952.7840485
       8492,            5.2395,       952.9124516
       8493,             5.241,       953.0348566
       8494,            5.2425,       953.1498479
       8495,             5.244,       953.2641689
       8496,            5.2455,       953.3838342
       8497,             5.247,       953.5055266
       8498,            5.2485,       953.6131222
       8499,              5.25,       953.7076885
       8500,            5.2515,       953.7841374
       8501,             5.253,       953.8496758
       8502,            5.2545,       953.9200517
       8503,             5.256,       953.9962359
       8504,            5.2575,       954.0739898
       8505,             5.259,        954.148785
       8506,            5.2605,       954.2145709
       8507,             5.262,       954.2679401
       8508,            5.2635,       954.3147346
       8509,             5.265,       954.3539715
       8510,            5.2665,       954.3885209
       8511,             5.268,       954.4188439
       8512,            5.2695,       954.4487071
       8513,             5.271,       954.4797813
       8514,            5.2725,       954.5085959
       8515,             5.274,       954.5290207
       8516,            5.2755,       954.5412166
       8517,             5.277,       954.5532856
       8518,            5.2785,       954.5594461
       8519,              5.28,       954.5578732
       8520,            5.2815,       954.5578664
       8521,             5.283,       954.5570083
       8522,            5.2845,       954.5403714
       8523,             5.286,       954.5167279
       8524,            5.2875,       954.5064256
       8525,             5.289,       954.4987395
       8526,            5.2905,       954.4925225
       8527,             5.292,       954.4890548
       8528,            5.2935,       954.4784411
       8529,             5.295,       954.4616216
       8530,            5.2965,       954.4471617
       8531,             5.298,       954.4346055
       8532,            5.2995,       954.4194709
       8533,             5.301,       954.4042495
       8534,            5.3025,       954.3892488
       8535,             5.304,       954.3742159
       8536,            5.3055,       954.3578646
       8537,             5.307,       954.3404991
       8538,            5.3085,       954.3231825
       8539,              5.31,       954.3076679
       8540,            5.3115,       954.2932352
       8541,             5.313,       954.2814348
       8542,            5.3145,       954.2704501
       8543,             5.316,        954.256026
       8544,            5.3175,       954.2388458
       8545,             5.319,       954.2210439
       8546,            5.3205,       954.2031082
       8547,             5.322,       954.1854607
       8548,            5.3235,       954.1698717
       8549,             5.325,       954.1542652
       8550,            5.3265,       954.1401602
       8551,             5.328,       954.1261059
       8552,            5.3295,       954.1098792
       8553,             5.331,       954.0915454
       8554,            5.3325,       954.0731686
       8555,             5.334,       954.0558268
       8556,            5.3355,       954.0401637
       8557,             5.337,       954.0266184
       8558,            5.3385,       954.0152581
       8559,              5.34,       954.0057657
       8560,            5.3415,        953.997191
       8561,             5.343,       953.9877285
       8562,            5.3445,       953.9762631
       8563,             5.346,       953.9642858
       8564,            5.3475,       953.9533679
       8565,             5.349,       953.9430659
       8566,            5.3505,       953.9352141
       8567,             5.352,       953.9285613
       8568,            5.3535,       953.9222739
       8569,             5.355,       953.9157039
       8570,            5.3565,       953.9090011
       8571,             5.358,       953.9027872
       8572,            5.3595,       953.8978726
       8573,             5.361,        953.893194
       8574,            5.3625,       953.8890566
       8575,             5.364,       953.8863544
       8576,            5.3655,       953.8820387
       8577,             5.367,       953.8766094
       8578,            5.3685,       953.8760703
       8579,              5.37,       953.8778691
       8580,            5.3715,       953.8804108
       8581,             5.373,       953.8828723
       8582,            5.3745,       953.8867203
       8583,             5.376,       953.8870137
       8584,            5.3775,       953.8823602
       8585,             5.379,        953.878095
       8586,            5.3805,       953.8749689
       8587,             5.382,       953.8763011
       8588,            5.3835,        953.880474
       8589,             5.385,       953.8842444
       8590,            5.3865,        953.883955
       8591,             5.388,        953.885661
       8592,            5.3895,       953.8878058
       8593,             5.391,       953.8893692
       8594,            5.3925,       953.8929605
       8595,             5.394,       953.8995991
       8596,            5.3955,         953.90684
       8597,             5.397,       953.9100061
       8598,            5.3985,       953.9093917
       8599,               5.4,       953.9017303
       8600,            5.4015,       953.8959241
       8601,             5.403,       953.8944892
       8602,            5.4045,       953.8956428
       8603,             5.406,       953.8942279
       8604,            5.4075,        953.887967
       8605,             5.409,       953.8802043
       8606,            5.4105,       953.8720432
       8607,             5.412,        953.878807
       8608,            5.4135,        953.883446
       8609,             5.415,       953.8828308
       8610,            5.4165,        953.878123
       8611,             5.418,       953.8751583
       8612,            5.4195,       953.8751808
       8613,             5.421,       953.8723784
       8614,            5.4225,       953.8688447
       8615,             5.424,        953.859843
       8616,            5.4255,       953.8437602
       8617,             5.427,       953.8215212
       8618,            5.4285,       953.7956291
       8619,              5.43,       953.7677265
       8620,            5.4315,       953.7365679
       8621,             5.433,       953.7052562
       8622,            5.4345,       953.6691997
       8623,             5.436,        953.629578
       8624,            5.4375,       953.5934394
       8625,             5.439,       953.5533908
       8626,            5.4405,       953.5116337
       8627,             5.442,       953.4659795
       8628,            5.4435,       953.4118905
       8629,             5.445,       953.3577724
       8630,            5.4465,       953.3360724
       8631,             5.448,       953.3040984
       8632,            5.4495,       953.2483371
       8633,             5.451,       953.1801903
       8634,            5.4525,       953.1021669
       8635,             5.454,         953.02096
       8636,            5.4555,       952.9422985
       8637,             5.457,        952.871936
       8638,            5.4585,       952.7954854
       8639,              5.46,       952.7117713
       8640,            5.4615,       952.6249915
       8641,             5.463,       952.5335697
       8642,            5.4645,       952.4447938
       8643,             5.466,       952.3498588
       8644,            5.4675,       952.2495695
       8645,             5.469,       952.1465778
       8646,            5.4705,         952.03727
       8647,             5.472,       951.9260538
       8648,            5.4735,       951.8157718
       8649,             5.475,       951.7356392
       8650,            5.4765,        951.638544
       8651,             5.478,       951.5057399
       8652,            5.4795,       951.3492191
       8653,             5.481,       951.1821777
       8654,            5.4825,       951.0124413
       8655,             5.484,       950.8286784
       8656,            5.4855,        950.698406
       8657,             5.487,       950.5792609
       8658,            5.4885,       950.4540866
       8659,              5.49,       950.3224792
       8660,            5.4915,       950.1913734
       8661,             5.493,       950.0621049
       8662,            5.4945,       949.9277918
       8663,             5.496,       949.7883876
       8664,            5.4975,       949.6547683
       8665,             5.499,       949.5140502
       8666,            5.5005,        949.366126
       8667,             5.502,       949.2237834
       8668,            5.5035,       949.0970414
       8669,             5.505,       948.9852474
       8670,            5.5065,       948.8780633
       8671,             5.508,       948.7766197
       8672,            5.5095,       948.6746639
       8673,             5.511,       948.5649471
       8674,            5.5125,       948.4446669
       8675,             5.514,       948.3257476
       8676,            5.5155,       948.2187924
       8677,             5.517,       948.1288566
       8678,            5.5185,       948.0578067
       8679,              5.52,        947.992849
       8680,            5.5215,       947.9270024
       8681,             5.523,       947.8635911
       8682,            5.5245,       947.7997285
       8683,             5.526,       947.7357005
       8684,            5.5275,       947.6838627
       8685,             5.529,       947.6300497
       8686,            5.5305,       947.5778277
       8687,             5.532,       947.5499007
       8688,            5.5335,       947.5309308
       8689,             5.535,       947.5153641
       8690,            5.5365,       947.5056601
       8691,             5.538,       947.5246656
       8692,            5.5395,       947.5607498
       8693,             5.541,       947.5429666
       8694,            5.5425,       947.5325065
       8695,             5.544,       947.5366026
       8696,            5.5455,       947.5451235
       8697,             5.547,       947.5581342
       8698,            5.5485,       947.5855375
       8699,              5.55,       947.6237462
       8700,            5.5515,       947.6599475
       8701,             5.553,       947.6878889
       8702,            5.5545,       947.7185619
       8703,             5.556,       947.7445175
       8704,            5.5575,       947.7813015
       8705,             5.559,       947.8231877
       8706,            5.5605,       947.8641691
       8707,             5.562,       947.9074627
       8708,            5.5635,       947.9556656
       8709,             5.565,       948.0014635
       8710,            5.5665,        948.043668
       8711,             5.568,       948.0935687
       8712,            5.5695,        948.140019
       8713,             5.571,       948.1819412
       8714,            5.5725,       948.2219143
       8715,             5.574,        948.260305
       8716,            5.5755,       948.2955676
       8717,             5.577,       948.3281168
       8718,            5.5785,       948.3638142
       8719,              5.58,       948.4018408
       8720,            5.5815,        948.440125
       8721,             5.583,       948.4770765
       8722,            5.5845,       948.5091104
       8723,             5.586,       948.5270512
       8724,            5.5875,       948.5372792
       8725,             5.589,       948.5448996
       8726,            5.5905,       948.5568319
       8727,             5.592,       948.5766925
       8728,            5.5935,       948.6011611
       8729,             5.595,       948.6216922
       8730,            5.5965,       948.6375792
       8731,             5.598,       948.6459106
       8732,            5.5995,       948.6478492
       8733,             5.601,       948.6498597
       8734,            5.6025,       948.6536608
       8735,             5.604,       948.6574868
       8736,            5.6055,       948.6584565
       8737,             5.607,       948.6542432
       8738,            5.6085,       948.6447076
       8739,              5.61,       948.6277948
       8740,            5.6115,        948.607677
       8741,             5.613,       948.5923914
       8742,            5.6145,       948.5810811
       8743,             5.616,       948.5682131
       8744,            5.6175,       948.5550654
       8745,             5.619,       948.5383071
       8746,            5.6205,       948.5132601
       8747,             5.622,       948.4819831
       8748,            5.6235,       948.4502944
       8749,             5.625,       948.4224306
       8750,            5.6265,       948.4041412
       8751,             5.628,       948.3997383
       8752,            5.6295,       948.3903256
       8753,             5.631,       948.3758497
       8754,            5.6325,       948.3543219
       8755,             5.634,       948.3291129
       8756,            5.6355,       948.3056608
       8757,             5.637,       948.2825312
       8758,            5.6385,        948.261909
       8759,              5.64,        948.243021
       8760,            5.6415,       948.2186043
       8761,             5.643,       948.1811644
       8762,            5.6445,       948.1251847
       8763,             5.646,       948.0597127
       8764,            5.6475,       948.0058091
       8765,             5.649,       947.9696921
       8766,            5.6505,       947.9444707
       8767,             5.652,       947.9171706
       8768,            5.6535,       947.8824028
       8769,             5.655,       947.8399196
       8770,            5.6565,       947.7885719
       8771,             5.658,        947.735331
       8772,            5.6595,       947.6700167
       8773,             5.661,       947.5999572
       8774,            5.6625,       947.5412521
       8775,             5.664,       947.4987293
       8776,            5.6655,       947.4703322
       8777,             5.667,       947.4421347
       8778,            5.6685,       947.4031495
       8779,              5.67,       947.3576332
       8780,            5.6715,       947.3153661
       8781,             5.673,       947.2806669
       8782,            5.6745,       947.2484916
       8783,             5.676,       947.2221222
       8784,            5.6775,       947.2081002
       8785,             5.679,        947.205431
       8786,            5.6805,       947.2066513
       8787,             5.682,       947.2087624
       8788,            5.6835,       947.2100672
       8789,             5.685,        947.211463
       8790,            5.6865,       947.2157071
       8791,             5.688,       947.2292732
       8792,            5.6895,       947.2563216
       8793,             5.691,       947.2978068
       8794,            5.6925,       947.3476111
       8795,             5.694,       947.4008132
       8796,            5.6955,       947.4533897
       8797,             5.697,       947.5063012
       8798,            5.6985,       947.5633163
       8799,               5.7,       947.6275515
       8800,            5.7015,         947.70132
       8801,             5.703,       947.7877687
       8802,            5.7045,       947.8841703
       8803,             5.706,        947.985524
       8804,            5.7075,       948.0896611
       8805,             5.709,       948.1985655
       8806,            5.7105,        948.312046
       8807,             5.712,       948.4293246
       8808,            5.7135,       948.5450202
       8809,             5.715,       948.6616192
       8810,            5.7165,       948.7849113
       8811,             5.718,       948.9192699
       8812,            5.7195,       949.0623795
       8813,             5.721,       949.2096393
       8814,            5.7225,         949.35801
       8815,             5.724,       949.5034806
       8816,            5.7255,       949.6445955
       8817,             5.727,       949.7850557
       8818,            5.7285,       949.9282342
       8819,              5.73,        950.074141
       8820,            5.7315,       950.2219204
       8821,             5.733,       950.3723385
       8822,            5.7345,       950.5237007
       8823,             5.736,       950.6707982
       8824,            5.7375,       950.8141614
       8825,             5.739,       950.9571115
       8826,            5.7405,       951.0984402
       8827,             5.742,       951.2397259
       8828,            5.7435,       951.3675162
       8829,             5.745,       951.4939985
       8830,            5.7465,        951.628304
       8831,             5.748,       951.8050612
       8832,            5.7495,       951.9943424
       8833,             5.751,       952.1719227
       8834,            5.7525,       952.3113952
       8835,             5.754,       952.4441395
       8836,            5.7555,       952.5739536
       8837,             5.757,       952.7062354
       8838,            5.7585,       952.8372061
       8839,              5.76,       952.9638089
       8840,            5.7615,       953.0873614
       8841,             5.763,       953.2055046
       8842,            5.7645,       953.3227689
       8843,             5.766,       953.4403502
       8844,            5.7675,       953.5516189
       8845,             5.769,       953.6526295
       8846,            5.7705,       953.7432173
       8847,             5.772,       953.8173507
       8848,            5.7735,       953.8853664
       8849,             5.775,       953.9605197
       8850,            5.7765,       954.0346956
       8851,             5.778,       954.1089861
       8852,            5.7795,       954.1809925
       8853,             5.781,       954.2459348
       8854,            5.7825,       954.2988198
       8855,             5.784,       954.3438699
       8856,            5.7855,       954.3807685
       8857,             5.787,         954.41333
       8858,            5.7885,       954.4416993
       8859,              5.79,       954.4734494
       8860,            5.7915,       954.5073012
       8861,             5.793,       954.5337579
       8862,            5.7945,       954.5487982
       8863,             5.796,       954.5580449
       8864,            5.7975,       954.5683795
       8865,             5.799,       954.5735746
       8866,            5.8005,       954.5753094
       8867,             5.802,       954.5792404
       8868,            5.8035,       954.5806352
       8869,             5.805,       954.5629074
       8870,            5.8065,       954.5385032
       8871,             5.808,       954.5267982
       8872,            5.8095,       954.5174967
       8873,             5.811,       954.5117838
       8874,            5.8125,       954.5065582
       8875,             5.814,       954.4932258
       8876,            5.8155,       954.4762417
       8877,             5.817,       954.4607694
       8878,            5.8185,       954.4468374
       8879,              5.82,       954.4322007
       8880,            5.8215,       954.4168135
       8881,             5.823,       954.4011545
       8882,            5.8245,       954.3844952
       8883,             5.826,       954.3673457
       8884,            5.8275,       954.3506337
       8885,             5.829,       954.3335659
       8886,            5.8305,       954.3164476
       8887,             5.832,       954.3004554
       8888,            5.8335,       954.2872541
       8889,             5.835,        954.273692
       8890,            5.8365,       954.2578328
       8891,             5.838,       954.2414504
       8892,            5.8395,       954.2258503
       8893,             5.841,       954.2087629
       8894,            5.8425,       954.1912006
       8895,             5.844,       954.1749819
       8896,            5.8455,       954.1608305
       8897,             5.847,       954.1451962
       8898,            5.8485,       954.1285128
       8899,              5.85,       954.1101011
       8900,            5.8515,       954.0907502
       8901,             5.853,       954.0720572
       8902,            5.8545,       954.0550589
       8903,             5.856,       954.0395948
       8904,            5.8575,       954.0262985
       8905,             5.859,       954.0149424
       8906,            5.8605,       954.0049183
       8907,             5.862,       953.9958055
       8908,            5.8635,       953.9861042
       8909,             5.865,       953.9751321
       8910,            5.8665,       953.9637896
       8911,             5.868,       953.9528095
       8912,            5.8695,       953.9429041
       8913,             5.871,       953.9360046
       8914,            5.8725,       953.9302918
       8915,             5.874,       953.9243482
       8916,            5.8755,       953.9181217
       8917,             5.877,       953.9109777
       8918,            5.8785,       953.9044734
       8919,              5.88,       953.8995431
       8920,            5.8815,       953.8957487
       8921,             5.883,       953.8935834
       8922,            5.8845,        953.892589
       8923,             5.886,       953.8915317
       8924,            5.8875,       953.8881088
       8925,             5.889,       953.8844997
       8926,            5.8905,       953.8868408
       8927,             5.892,       953.8903459
       8928,            5.8935,       953.8952009
       8929,             5.895,       953.8989101
       8930,            5.8965,       953.8969552
       8931,             5.898,       953.8931829
       8932,            5.8995,       953.8910056
       8933,             5.901,       953.8913184
       8934,            5.9025,       953.8936267
       8935,             5.904,       953.8985078
       8936,            5.9055,       953.9031882
       8937,             5.907,       953.9056981
       8938,            5.9085,       953.9086687
       8939,              5.91,       953.9092059
       8940,            5.9115,       953.9099931
       8941,             5.913,        953.913361
       8942,            5.9145,       953.9235392
       8943,             5.916,       953.9324763
       8944,            5.9175,       953.9347155
       8945,             5.919,       953.9290825
       8946,            5.9205,       953.9233259
       8947,             5.922,         953.92299
       8948,            5.9235,       953.9277129
       8949,             5.925,       953.9315032
       8950,            5.9265,       953.9292348
       8951,             5.928,       953.9199506
       8952,            5.9295,       953.9126022
       8953,             5.931,       953.9194551
       8954,            5.9325,       953.9277073
       8955,             5.934,       953.9328875
       8956,            5.9355,        953.934263
       8957,             5.937,       953.9331707
       8958,            5.9385,       953.9342045
       8959,              5.94,         953.93172
       8960,            5.9415,       953.9311031
       8961,             5.943,       953.9300758
       8962,            5.9445,       953.9211651
       8963,             5.946,        953.903755
       8964,            5.9475,       953.8740271
       8965,             5.949,       953.8427587
       8966,            5.9505,       953.8170918
       8967,             5.952,       953.7892818
       8968,            5.9535,       953.7575392
       8969,             5.955,       953.7271824
       8970,            5.9565,       953.6962459
       8971,             5.958,       953.6641432
       8972,            5.9595,       953.6218473
       8973,             5.961,       953.5818384
       8974,            5.9625,       953.5435753
       8975,             5.964,        953.490609
       8976,            5.9655,       953.4322842
       8977,             5.967,       953.3971262
       8978,            5.9685,       953.3719095
       8979,              5.97,       953.3314171
       8980,            5.9715,        953.262803
       8981,             5.973,       953.1869067
       8982,            5.9745,       953.1041853
       8983,             5.976,       953.0264242
       8984,            5.9775,        952.956463
       8985,             5.979,       952.8808947
       8986,            5.9805,       952.7962263
       8987,             5.982,       952.7095677
       8988,            5.9835,       952.6189536
       8989,             5.985,       952.5253508
       8990,            5.9865,       952.4311477
       8991,             5.988,       952.3295858
       8992,            5.9895,       952.2274064
       8993,             5.991,       952.1220352
       8994,            5.9925,       952.0083745
       8995,             5.994,         951.89096
       8996,            5.9955,       951.7832706
       8997,             5.997,       951.6933181
       8998,            5.9985,       951.5836841
       8999,                 6,       951.4363932
       9000,            6.0015,       951.2772236
       9001,             6.003,       951.1033447
       9002,            6.0045,       950.9219059
       9003,             6.006,       950.7497914
       9004,            6.0075,       950.6216549
       9005,             6.009,       950.4986022
       9006,            6.0105,       950.3698706
       9007,             6.012,       950.2342444
       9008,            6.0135,       950.1051811
       9009,             6.015,       949.9766423
       9010,            6.0165,       949.8397493
       9011,             6.018,       949.7047176
       9012,            6.0195,       949.5691851
       9013,             6.021,       949.4231257
       9014,            6.0225,       949.2727267
       9015,             6.024,       949.1333153
       9016,            6.0255,       949.0096827
       9017,             6.027,       948.8976196
       9018,            6.0285,       948.7944347
       9019,              6.03,       948.6997171
       9020,            6.0315,       948.5989513
       9021,             6.033,       948.4874227
       9022,            6.0345,       948.3680346
       9023,             6.036,       948.2539439
       9024,            6.0375,       948.1501034
       9025,             6.039,       948.0652027
       9026,            6.0405,        947.999002
       9027,             6.042,       947.9373405
       9028,            6.0435,       947.8750243
       9029,             6.045,       947.8163897
       9030,            6.0465,       947.7580077
       9031,             6.048,       947.6997413
       9032,            6.0495,       947.6550746
       9033,             6.051,       947.6048462
       9034,            6.0525,        947.559462
       9035,             6.054,       947.5381488
       9036,            6.0555,       947.5227745
       9037,             6.057,       947.5111231
       9038,            6.0585,       947.5078881
       9039,              6.06,       947.5419909
       9040,            6.0615,       947.5700058
       9041,             6.063,       947.5554818
       9042,            6.0645,        947.552172
       9043,             6.066,       947.5610267
       9044,            6.0675,       947.5721078
       9045,             6.069,       947.5860072
       9046,            6.0705,       947.6210301
       9047,             6.072,       947.6622581
       9048,            6.0735,       947.6956873
       9049,             6.075,       947.7234944
       9050,            6.0765,        947.755898
       9051,             6.078,       947.7826543
       9052,            6.0795,       947.8254254
       9053,             6.081,       947.8672978
       9054,            6.0825,       947.9078769
       9055,             6.084,       947.9548344
       9056,            6.0855,       948.0043434
       9057,             6.087,       948.0483483
       9058,            6.0885,       948.0936424
       9059,              6.09,       948.1438552
       9060,            6.0915,        948.189475
       9061,             6.093,       948.2314623
       9062,            6.0945,       948.2702144
       9063,             6.096,       948.3065331
       9064,            6.0975,       948.3398516
       9065,             6.099,       948.3748776
       9066,            6.1005,       948.4128128
       9067,             6.102,       948.4508344
       9068,            6.1035,        948.488252
       9069,             6.105,       948.5232781
       9070,            6.1065,       948.5538902
       9071,             6.108,       948.5711658
       9072,            6.1095,       948.5794002
       9073,             6.111,       948.5893839
       9074,            6.1125,       948.6067928
       9075,             6.114,       948.6277558
       9076,            6.1155,        948.647352
       9077,             6.117,       948.6653693
       9078,            6.1185,       948.6812842
       9079,              6.12,       948.6878029
       9080,            6.1215,       948.6896096
       9081,             6.123,        948.695128
       9082,            6.1245,       948.7026612
       9083,             6.126,        948.708545
       9084,            6.1275,       948.7105535
       9085,             6.129,       948.7070913
       9086,            6.1305,       948.6965332
       9087,             6.132,       948.6812223
       9088,            6.1335,       948.6669642
       9089,             6.135,       948.6576916
       9090,            6.1365,       948.6528685
       9091,             6.138,       948.6463446
       9092,            6.1395,       948.6339172
       9093,             6.141,       948.6161292
       9094,            6.1425,       948.5929602
       9095,             6.144,       948.5668107
       9096,            6.1455,       948.5391179
       9097,             6.147,       948.5128262
       9098,            6.1485,       948.4912548
       9099,              6.15,       948.4793737
       9100,            6.1515,       948.4731842
       9101,             6.153,        948.459849
       9102,            6.1545,       948.4385239
       9103,             6.156,       948.4111688
       9104,            6.1575,       948.3897276
       9105,             6.159,        948.377789
       9106,            6.1605,       948.3659891
       9107,             6.162,       948.3502751
       9108,            6.1635,       948.3273432
       9109,             6.165,       948.2934048
       9110,            6.1665,       948.2432369
       9111,             6.168,       948.1736382
       9112,            6.1695,       948.1143475
       9113,             6.171,       948.0756375
       9114,            6.1725,       948.0508587
       9115,             6.174,       948.0246691
       9116,            6.1755,        947.983734
       9117,             6.177,       947.9337774
       9118,            6.1785,       947.8798954
       9119,              6.18,       947.8201405
       9120,            6.1815,       947.7598932
       9121,             6.183,       947.6911345
       9122,            6.1845,        947.631272
       9123,             6.186,       947.5890812
       9124,            6.1875,       947.5555354
       9125,             6.189,       947.5238288
       9126,            6.1905,       947.4844291
       9127,             6.192,       947.4369484
       9128,            6.1935,       947.3885524
       9129,             6.195,       947.3494287
       9130,            6.1965,        947.323314
       9131,             6.198,       947.3054901
       9132,            6.1995,       947.2935409
       9133,             6.201,       947.2879844
       9134,            6.2025,       947.2852659
       9135,             6.204,       947.2832213
       9136,            6.2055,       947.2818031
       9137,             6.207,       947.2809038
       9138,            6.2085,       947.2846351
       9139,              6.21,       947.2997165
       9140,            6.2115,       947.3292421
       9141,             6.213,       947.3721306
       9142,            6.2145,       947.4197815
       9143,             6.216,       947.4650641
       9144,            6.2175,       947.5105562
       9145,             6.219,       947.5618005
       9146,            6.2205,       947.6226165
       9147,             6.222,        947.691138
       9148,            6.2235,       947.7640581
       9149,             6.225,        947.843071
       9150,            6.2265,       947.9302317
       9151,             6.228,       948.0244879
       9152,            6.2295,       948.1244941
       9153,             6.231,       948.2303685
       9154,            6.2325,       948.3424988
       9155,             6.234,        948.461226
       9156,            6.2355,       948.5834338
       9157,             6.237,       948.7012572
       9158,            6.2385,       948.8225408
       9159,              6.24,       948.9527365
       9160,            6.2415,       949.0897001
       9161,             6.243,         949.22793
       9162,            6.2445,       949.3676874
       9163,             6.246,        949.511077
       9164,            6.2475,       949.6573668
       9165,             6.249,       949.8035121
       9166,            6.2505,       949.9488294
       9167,             6.252,       950.0916794
       9168,            6.2535,       950.2326567
       9169,             6.255,       950.3768092
       9170,            6.2565,       950.5254625
       9171,             6.258,       950.6759551
       9172,            6.2595,       950.8218698
       9173,             6.261,       950.9634843
       9174,            6.2625,        951.102525
       9175,             6.264,       951.2385896
       9176,            6.2655,       951.3660597
       9177,             6.267,        951.492841
       9178,            6.2685,       951.6301382
       9179,              6.27,       951.8008763
       9180,            6.2715,       951.9898112
       9181,             6.273,       952.1701212
       9182,            6.2745,       952.3121343
       9183,             6.276,       952.4438199
       9184,            6.2775,       952.5739774
       9185,             6.279,       952.7072552
       9186,            6.2805,       952.8411816
       9187,             6.282,       952.9675967
       9188,            6.2835,       953.0904162
       9189,             6.285,        953.210437
       9190,            6.2865,       953.3297579
       9191,             6.288,       953.4477577
       9192,            6.2895,       953.5569085
       9193,             6.291,        953.653912
       9194,            6.2925,       953.7412431
       9195,             6.294,       953.8148006
       9196,            6.2955,       953.8868435
       9197,             6.297,       953.9682818
       9198,            6.2985,        954.046831
       9199,               6.3,       954.1206199
       9200,            6.3015,       954.1895744
       9201,             6.303,       954.2520276
       9202,            6.3045,       954.3036158
       9203,             6.306,       954.3487963
       9204,            6.3075,        954.387318
       9205,             6.309,       954.4195098
       9206,            6.3105,       954.4462588
       9207,             6.312,       954.4777012
       9208,            6.3135,       954.5128205
       9209,             6.315,       954.5402822
       9210,            6.3165,       954.5578626
       9211,             6.318,       954.5691504
       9212,            6.3195,       954.5797718
       9213,             6.321,       954.5836183
       9214,            6.3225,       954.5829747
       9215,             6.324,        954.583447
       9216,            6.3255,       954.5829309
       9217,             6.327,       954.5645475
       9218,            6.3285,       954.5415611
       9219,              6.33,       954.5310519
       9220,            6.3315,       954.5249851
       9221,             6.333,       954.5216053
       9222,            6.3345,       954.5161159
       9223,             6.336,       954.5025445
       9224,            6.3375,       954.4844069
       9225,             6.339,       954.4672158
       9226,            6.3405,       954.4526417
       9227,             6.342,       954.4388231
       9228,            6.3435,       954.4241299
       9229,             6.345,       954.4077369
       9230,            6.3465,       954.3897195
       9231,             6.348,       954.3722966
       9232,            6.3495,       954.3549849
       9233,             6.351,       954.3358267
       9234,            6.3525,       954.3166465
       9235,             6.354,       954.3002112
       9236,            6.3555,       954.2867865
       9237,             6.357,       954.2723829
       9238,            6.3585,       954.2546165
       9239,              6.36,       954.2356786
       9240,            6.3615,        954.217393
       9241,             6.363,       954.1987849
       9242,            6.3645,       954.1808323
       9243,             6.366,       954.1646123
       9244,            6.3675,       954.1503383
       9245,             6.369,        954.135943
       9246,            6.3705,       954.1176758
       9247,             6.372,       954.0984961
       9248,            6.3735,       954.0791847
       9249,             6.375,       954.0604736
       9250,            6.3765,        954.043518
       9251,             6.378,       954.0282529
       9252,            6.3795,       954.0154201
       9253,             6.381,       954.0044081
       9254,            6.3825,       953.9943883
       9255,             6.384,       953.9846374
       9256,            6.3855,       953.9741781
       9257,             6.387,       953.9630418
       9258,            6.3885,       953.9514323
       9259,              6.39,       953.9404986
       9260,            6.3915,       953.9312923
       9261,             6.393,       953.9251481
       9262,            6.3945,       953.9197798
       9263,             6.396,       953.9138441
       9264,            6.3975,       953.9079581
       9265,             6.399,       953.9027927
       9266,            6.4005,       953.8987494
       9267,             6.402,       953.8952725
       9268,            6.4035,       953.8924087
       9269,             6.405,        953.891558
       9270,            6.4065,       953.8922168
       9271,             6.408,       953.8913854
       9272,            6.4095,       953.8886791
       9273,             6.411,       953.8867186
       9274,            6.4125,       953.8882519
       9275,             6.414,       953.8914455
       9276,            6.4155,       953.8971515
       9277,             6.417,       953.8984678
       9278,            6.4185,       953.8942261
       9279,              6.42,       953.8922261
       9280,            6.4215,       953.8917045
       9281,             6.423,       953.8956294
       9282,            6.4245,       953.9004369
       9283,             6.426,       953.9064381
       9284,            6.4275,       953.9101284
       9285,             6.429,       953.9154901
       9286,            6.4305,       953.9191147
       9287,             6.432,       953.9210632
       9288,            6.4335,       953.9248517
       9289,             6.435,       953.9306715
       9290,            6.4365,        953.941632
       9291,             6.438,        953.948103
       9292,            6.4395,       953.9474267
       9293,             6.441,       953.9429364
       9294,            6.4425,       953.9411787
       9295,             6.444,       953.9425579
       9296,            6.4455,       953.9429675
       9297,             6.447,       953.9430866
       9298,            6.4485,       953.9378633
       9299,              6.45,       953.9336892
       9300,            6.4515,       953.9451013
       9301,             6.453,       953.9566166
       9302,            6.4545,       953.9657392
       9303,             6.456,       953.9696564
       9304,            6.4575,       953.9713402
       9305,             6.459,       953.9715075
       9306,            6.4605,       953.9707785
       9307,             6.462,       953.9702686
       9308,            6.4635,       953.9722093
       9309,             6.465,       953.9680552
       9310,            6.4665,       953.9447236
       9311,             6.468,       953.9162228
       9312,            6.4695,       953.8885111
       9313,             6.471,       953.8683622
       9314,            6.4725,       953.8438773
       9315,             6.474,       953.8153454
       9316,            6.4755,       953.7832106
       9317,             6.477,       953.7557921
       9318,            6.4785,       953.7256168
       9319,              6.48,       953.6967464
       9320,            6.4815,       953.6673386
       9321,             6.483,       953.6326247
       9322,            6.4845,       953.5941823
       9323,             6.486,       953.5457846
       9324,            6.4875,       953.4910386
       9325,             6.489,       953.4421721
       9326,            6.4905,       953.4221246
       9327,             6.492,         953.39152
       9328,            6.4935,       953.3252967
       9329,             6.495,        953.253204
       9330,            6.4965,       953.1721808
       9331,             6.498,       953.0961622
       9332,            6.4995,       953.0255229
       9333,             6.501,        952.955536
       9334,            6.5025,       952.8723024
       9335,             6.504,       952.7831709
       9336,            6.5055,       952.6916843
       9337,             6.507,       952.5981607
       9338,            6.5085,       952.5032694
       9339,              6.51,       952.4056688
       9340,            6.5115,       952.3038918
       9341,             6.513,        952.197932
       9342,            6.5145,       952.0890223
       9343,             6.516,       951.9738654
       9344,            6.5175,       951.8515043
       9345,             6.519,       951.7503844
       9346,            6.5205,       951.6563212
       9347,             6.522,       951.5331682
       9348,            6.5235,       951.3705153
       9349,             6.525,       951.2007914
       9350,            6.5265,       951.0241852
       9351,             6.528,       950.8314824
       9352,            6.5295,        950.681533
       9353,             6.531,       950.5533167
       9354,            6.5325,       950.4245054
       9355,             6.534,       950.2922655
       9356,            6.5355,       950.1581482
       9357,             6.537,       950.0293028
       9358,            6.5385,       949.8988652
       9359,              6.54,       949.7610276
       9360,            6.5415,       949.6305842
       9361,             6.543,       949.4923673
       9362,            6.5445,       949.3428606
       9363,             6.546,        949.192122
       9364,            6.5475,       949.0541941
       9365,             6.549,       948.9292395
       9366,            6.5505,       948.8148805
       9367,             6.552,       948.7147653
       9368,            6.5535,       948.6221372
       9369,             6.555,       948.5197984
       9370,            6.5565,       948.4064927
       9371,             6.558,       948.2889955
       9372,            6.5595,       948.1786375
       9373,             6.561,       948.0761882
       9374,            6.5625,       947.9960189
       9375,             6.564,       947.9352378
       9376,            6.5655,       947.8762301
       9377,             6.567,       947.8151379
       9378,            6.5685,       947.7585671
       9379,              6.57,       947.7032929
       9380,            6.5715,       947.6488545
       9381,             6.573,       947.6096158
       9382,            6.5745,       947.5625394
       9383,             6.576,       947.5239524
       9384,            6.5775,       947.5099167
       9385,             6.579,       947.5001925
       9386,            6.5805,       947.4933328
       9387,             6.582,       947.4957087
       9388,            6.5835,        947.540206
       9389,             6.585,       947.5627813
       9390,            6.5865,       947.5533269
       9391,             6.588,       947.5562068
       9392,            6.5895,       947.5693766
       9393,             6.591,       947.5826188
       9394,            6.5925,        947.598126
       9395,             6.594,       947.6408341
       9396,            6.5955,       947.6853421
       9397,             6.597,       947.7191316
       9398,            6.5985,       947.7505428
       9399,               6.6,       947.7857669
       9400,            6.6015,       947.8176088
       9401,             6.603,       947.8613389
       9402,            6.6045,       947.9028121
       9403,             6.606,       947.9448566
       9404,            6.6075,       947.9935388
       9405,             6.609,        948.042601
       9406,            6.6105,       948.0852702
       9407,             6.612,       948.1320691
       9408,            6.6135,       948.1813891
       9409,             6.615,       948.2284713
       9410,            6.6165,       948.2717482
       9411,             6.618,       948.3108376
       9412,            6.6195,       948.3455486
       9413,             6.621,       948.3771638
       9414,            6.6225,       948.4131943
       9415,             6.624,       948.4506787
       9416,            6.6255,       948.4884257
       9417,             6.627,       948.5257831
       9418,            6.6285,       948.5597803
       9419,              6.63,       948.5876318
       9420,            6.6315,       948.6033775
       9421,             6.633,       948.6118066
       9422,            6.6345,       948.6222197
       9423,             6.636,       948.6395717
       9424,            6.6375,       948.6601314
       9425,             6.639,       948.6797746
       9426,            6.6405,       948.6986705
       9427,             6.642,       948.7140734
       9428,            6.6435,       948.7194404
       9429,             6.645,       948.7226096
       9430,            6.6465,       948.7303151
       9431,             6.648,       948.7404909
       9432,            6.6495,        948.748594
       9433,             6.651,       948.7512589
       9434,            6.6525,       948.7472489
       9435,             6.654,       948.7366744
       9436,            6.6555,       948.7244636
       9437,             6.657,       948.7183487
       9438,            6.6585,       948.7181367
       9439,              6.66,       948.7181408
       9440,            6.6615,       948.7147405
       9441,             6.663,        948.704819
       9442,            6.6645,       948.6887957
       9443,             6.666,       948.6683311
       9444,            6.6675,       948.6434683
       9445,             6.669,       948.6183661
       9446,            6.6705,       948.5963233
       9447,             6.672,       948.5780686
       9448,            6.6735,       948.5597964
       9449,             6.675,       948.5496052
       9450,            6.6765,        948.534724
       9451,             6.678,        948.511925
       9452,            6.6795,       948.4874367
       9453,             6.681,       948.4661894
       9454,            6.6825,       948.4570983
       9455,             6.684,       948.4495277
       9456,            6.6855,       948.4352567
       9457,             6.687,       948.4114045
       9458,            6.6885,       948.3764642
       9459,              6.69,       948.3316049
       9460,            6.6915,       948.2699412
       9461,             6.693,       948.2103316
       9462,            6.6945,       948.1694359
       9463,             6.696,       948.1408006
       9464,            6.6975,       948.1121836
       9465,             6.699,       948.0703392
       9466,            6.7005,       948.0139324
       9467,             6.702,       947.9533713
       9468,            6.7035,       947.8912073
       9469,             6.705,       947.8286646
       9470,            6.7065,       947.7728273
       9471,             6.708,       947.7186642
       9472,            6.7095,       947.6766759
       9473,             6.711,        947.640579
       9474,            6.7125,       947.6034683
       9475,             6.714,       947.5649547
       9476,            6.7155,       947.5192036
       9477,             6.717,       947.4698972
       9478,            6.7185,       947.4287705
       9479,              6.72,       947.4059342
       9480,            6.7215,       947.3938374
       9481,             6.723,       947.3837977
       9482,            6.7245,       947.3733329
       9483,             6.726,       947.3669521
       9484,            6.7275,       947.3656586
       9485,             6.729,       947.3670227
       9486,            6.7305,       947.3679231
       9487,             6.732,       947.3725637
       9488,            6.7335,       947.3873811
       9489,             6.735,       947.4166788
       9490,            6.7365,       947.4587112
       9491,             6.738,       947.5056345
       9492,            6.7395,       947.5485266
       9493,             6.741,       947.5902871
       9494,            6.7425,       947.6388014
       9495,             6.744,       947.6981806
       9496,            6.7455,       947.7675347
       9497,             6.747,       947.8429186
       9498,            6.7485,       947.9221015
       9499,              6.75,       948.0064601
       9500,            6.7515,        948.097646
       9501,             6.753,       948.1951359
       9502,            6.7545,       948.2977614
       9503,             6.756,       948.4068777
       9504,            6.7575,       948.5218702
       9505,             6.759,       948.6408103
       9506,            6.7605,       948.7583269
       9507,             6.762,       948.8765823
       9508,            6.7635,       949.0054417
       9509,             6.765,         949.14308
       9510,            6.7665,       949.2822057
       9511,             6.768,       949.4195057
       9512,            6.7695,       949.5570361
       9513,             6.771,       949.6962321
       9514,            6.7725,       949.8370753
       9515,             6.774,       949.9793132
       9516,            6.7755,       950.1245289
       9517,             6.777,       950.2703325
       9518,            6.7785,       950.4159497
       9519,              6.78,       950.5606283
       9520,            6.7815,       950.7042388
       9521,             6.783,       950.8428202
       9522,            6.7845,       950.9802537
       9523,             6.786,       951.1212395
       9524,            6.7875,       951.2610315
       9525,             6.789,       951.3917864
       9526,            6.7905,       951.5153082
       9527,             6.792,        951.645901
       9528,            6.7935,       951.8069787
       9529,             6.795,       951.9942512
       9530,            6.7965,       952.1776334
       9531,             6.798,        952.323584
       9532,            6.7995,       952.4541314
       9533,             6.801,       952.5814624
       9534,            6.8025,       952.7117333
       9535,             6.804,       952.8467173
       9536,            6.8055,       952.9758417
       9537,             6.807,       953.1007128
       9538,            6.8085,       953.2228465
       9539,              6.81,       953.3394405
       9540,            6.8115,       953.4533984
       9541,             6.813,       953.5592472
       9542,            6.8145,       953.6589835
       9543,             6.816,       953.7493211
       9544,            6.8175,       953.8241676
       9545,             6.819,       953.8965741
       9546,            6.8205,       953.9749705
       9547,             6.822,        954.052179
       9548,            6.8235,        954.125426
       9549,             6.825,         954.19596
       9550,            6.8265,       954.2602684
       9551,             6.828,       954.3134849
       9552,            6.8295,       954.3581319
       9553,             6.831,       954.3966722
       9554,            6.8325,       954.4290337
       9555,             6.834,       954.4572721
       9556,            6.8355,       954.4901866
       9557,             6.837,       954.5250847
       9558,            6.8385,       954.5493605
       9559,              6.84,       954.5650914
       9560,            6.8415,       954.5760373
       9561,             6.843,       954.5869327
       9562,            6.8445,       954.5954703
       9563,             6.846,        954.599004
       9564,            6.8475,       954.6016429
       9565,             6.849,       954.6016192
       9566,            6.8505,       954.5858847
       9567,             6.852,       954.5623063
       9568,            6.8535,       954.5464565
       9569,             6.855,       954.5390604
       9570,            6.8565,       954.5339084
       9571,             6.858,       954.5266578
       9572,            6.8595,       954.5132825
       9573,             6.861,       954.4951856
       9574,            6.8625,       954.4773279
       9575,             6.864,       954.4621196
       9576,            6.8655,       954.4471701
       9577,             6.867,       954.4320222
       9578,            6.8685,       954.4141107
       9579,              6.87,       954.3962443
       9580,            6.8715,       954.3801697
       9581,             6.873,       954.3636457
       9582,            6.8745,       954.3437183
       9583,             6.876,        954.322771
       9584,            6.8775,       954.3044131
       9585,             6.879,       954.2884903
       9586,            6.8805,       954.2722708
       9587,             6.882,       954.2555659
       9588,            6.8835,       954.2391416
       9589,             6.885,       954.2224691
       9590,            6.8865,       954.2051936
       9591,             6.888,       954.1872491
       9592,            6.8895,       954.1693748
       9593,             6.891,       954.1527464
       9594,            6.8925,       954.1377047
       9595,             6.894,       954.1205843
       9596,            6.8955,       954.1010542
       9597,             6.897,       954.0814554
       9598,            6.8985,       954.0619955
       9599,               6.9,       954.0438791
       9600,            6.9015,       954.0275279
       9601,             6.903,       954.0136003
       9602,            6.9045,       954.0018561
       9603,             6.906,       953.9911392
       9604,            6.9075,       953.9811728
       9605,             6.909,       953.9715925
       9606,            6.9105,       953.9617801
       9607,             6.912,       953.9516622
       9608,            6.9135,       953.9411168
       9609,             6.915,       953.9312187
       9610,            6.9165,        953.924252
       9611,             6.918,       953.9189555
       9612,            6.9195,       953.9133676
       9613,             6.921,       953.9068035
       9614,            6.9225,       953.9012504
       9615,             6.924,       953.8972579
       9616,            6.9255,       953.8950306
       9617,             6.927,       953.8923709
       9618,            6.9285,       953.8920158
       9619,              6.93,       953.8937283
       9620,            6.9315,       953.8939108
       9621,             6.933,       953.8914512
       9622,            6.9345,       953.8895826
       9623,             6.936,       953.8890681
       9624,            6.9375,       953.8949861
       9625,             6.939,       953.9024292
       9626,            6.9405,       953.9054124
       9627,             6.942,       953.9016804
       9628,            6.9435,       953.9003365
       9629,             6.945,       953.9012083
       9630,            6.9465,       953.9049808
       9631,             6.948,       953.9104649
       9632,            6.9495,       953.9178495
       9633,             6.951,       953.9233013
       9634,            6.9525,       953.9304983
       9635,             6.954,       953.9336715
       9636,            6.9555,       953.9336845
       9637,             6.957,       953.9361969
       9638,            6.9585,       953.9429154
       9639,              6.96,       953.9548749
       9640,            6.9615,       953.9629826
       9641,             6.963,       953.9598345
       9642,            6.9645,       953.9561243
       9643,             6.966,       953.9566011
       9644,            6.9675,       953.9622186
       9645,             6.969,       953.9654701
       9646,            6.9705,       953.9638259
       9647,             6.972,       953.9603588
       9648,            6.9735,        953.965295
       9649,             6.975,       953.9779533
       9650,            6.9765,       953.9883606
       9651,             6.978,       953.9951413
       9652,            6.9795,       954.0016047
       9653,             6.981,       954.0068898
       9654,            6.9825,       954.0114771
       9655,             6.984,       954.0110695
       9656,            6.9855,       954.0107249
       9657,             6.987,       954.0069537
       9658,            6.9885,       953.9916639
       9659,              6.99,        953.971237
       9660,            6.9915,       953.9451244
       9661,             6.993,       953.9239681
       9662,            6.9945,        953.907533
       9663,             6.996,       953.8845656
       9664,            6.9975,       953.8555941
       9665,             6.999,       953.8269616
       9666,            7.0005,       953.7987222
       9667,             7.002,       953.7696806
       9668,            7.0035,       953.7425103
       9669,             7.005,       953.7153074
       9670,            7.0065,       953.6878814
       9671,             7.008,       953.6574194
       9672,            7.0095,       953.6135042
       9673,             7.011,       953.5602752
       9674,            7.0125,       953.5093706
       9675,             7.014,       953.4811315
       9676,            7.0155,       953.4534778
       9677,             7.017,       953.4050933
       9678,            7.0185,       953.3335113
       9679,              7.02,       953.2583321
       9680,            7.0215,          953.1819
       9681,             7.023,       953.1074432
       9682,            7.0245,       953.0389011
       9683,             7.026,       952.9617059
       9684,            7.0275,       952.8695809
       9685,             7.029,       952.7769268
       9686,            7.0305,       952.6830304
       9687,             7.032,       952.5909417
       9688,            7.0335,       952.4932017
       9689,             7.035,       952.3907445
       9690,            7.0365,       952.2837827
       9691,             7.038,        952.171281
       9692,            7.0395,       952.0591768
       9693,             7.041,       951.9433213
       9694,            7.0425,       951.8176392
       9695,             7.044,       951.7238349
       9696,            7.0455,       951.6202104
       9697,             7.047,         951.47845
       9698,            7.0485,       951.3106199
       9699,              7.05,       951.1343963
       9700,            7.0515,       950.9490963
       9701,             7.053,       950.7533587
       9702,            7.0545,       950.6234609
       9703,             7.056,       950.4969467
       9704,            7.0575,       950.3612636
       9705,             7.059,       950.2235865
       9706,            7.0605,       950.0917187
       9707,             7.062,       949.9621256
       9708,            7.0635,       949.8298635
       9709,             7.065,       949.6967624
       9710,            7.0665,       949.5678371
       9711,             7.068,       949.4250592
       9712,            7.0695,       949.2722622
       9713,             7.071,       949.1233158
       9714,            7.0725,       948.9886853
       9715,             7.074,       948.8659924
       9716,            7.0755,       948.7539969
       9717,             7.077,       948.6596689
       9718,            7.0785,       948.5698434
       9719,              7.08,       948.4669321
       9720,            7.0815,       948.3537319
       9721,             7.083,       948.2387455
       9722,            7.0845,       948.1310154
       9723,             7.086,       948.0301085
       9724,            7.0875,       947.9565976
       9725,             7.089,        947.901949
       9726,            7.0905,       947.8479096
       9727,             7.092,        947.789726
       9728,            7.0935,       947.7361163
       9729,             7.095,       947.6843181
       9730,            7.0965,       947.6343719
       9731,             7.098,       947.6003424
       9732,            7.0995,       947.5553564
       9733,             7.101,       947.5222506
       9734,            7.1025,       947.5114813
       9735,             7.104,       947.5048005
       9736,            7.1055,       947.5009333
       9737,             7.107,       947.5087332
       9738,            7.1085,       947.5628623
       9739,              7.11,       947.5781811
       9740,            7.1115,       947.5723447
       9741,             7.113,       947.5788123
       9742,            7.1145,       947.5931599
       9743,             7.116,       947.6051748
       9744,            7.1175,       947.6263977
       9745,             7.119,       947.6713331
       9746,            7.1205,       947.7142188
       9747,             7.122,       947.7452377
       9748,            7.1235,       947.7783228
       9749,             7.125,       947.8126622
       9750,            7.1265,       947.8513017
       9751,             7.128,        947.894781
       9752,            7.1295,       947.9357107
       9753,             7.131,       947.9795025
       9754,            7.1325,       948.0287343
       9755,             7.134,       948.0769056
       9756,            7.1355,       948.1193507
       9757,             7.137,       948.1680717
       9758,            7.1385,       948.2168335
       9759,              7.14,       948.2633937
       9760,            7.1415,       948.3054682
       9761,             7.143,       948.3436031
       9762,            7.1445,       948.3772712
       9763,             7.146,        948.408726
       9764,            7.1475,        948.444082
       9765,             7.149,       948.4806762
       9766,            7.1505,       948.5189286
       9767,             7.152,       948.5558417
       9768,            7.1535,       948.5878342
       9769,             7.155,       948.6125983
       9770,            7.1565,       948.6260899
       9771,             7.158,       948.6352551
       9772,            7.1595,       948.6481313
       9773,             7.161,       948.6666787
       9774,            7.1625,       948.6868381
       9775,             7.164,        948.706773
       9776,            7.1655,       948.7267316
       9777,             7.167,       948.7410543
       9778,            7.1685,       948.7474008
       9779,              7.17,        948.755704
       9780,            7.1715,       948.7681734
       9781,             7.173,       948.7797751
       9782,            7.1745,       948.7874387
       9783,             7.176,       948.7890689
       9784,            7.1775,       948.7849469
       9785,             7.179,       948.7765111
       9786,            7.1805,       948.7676297
       9787,             7.182,       948.7652424
       9788,            7.1835,       948.7690037
       9789,             7.185,       948.7709572
       9790,            7.1865,       948.7675503
       9791,             7.188,       948.7608779
       9792,            7.1895,       948.7504712
       9793,             7.191,        948.733434
       9794,            7.1925,       948.7101535
       9795,             7.194,       948.6866558
       9796,            7.1955,       948.6686706
       9797,             7.197,       948.6547857
       9798,            7.1985,       948.6368625
       9799,               7.2,       948.6133666
       9800,            7.2015,       948.5963664
       9801,             7.203,       948.5742511
       9802,            7.2045,       948.5519476
       9803,             7.206,       948.5331243
       9804,            7.2075,       948.5199247
       9805,             7.209,         948.51584
       9806,            7.2105,        948.502751
       9807,             7.212,       948.4790698
       9808,            7.2135,       948.4449108
       9809,             7.215,        948.402981
       9810,            7.2165,       948.3596817
       9811,             7.218,       948.3003343
       9812,            7.2195,       948.2545161
       9813,             7.221,       948.2185237
       9814,            7.2225,       948.1810652
       9815,             7.224,       948.1397953
       9816,            7.2255,       948.0838831
       9817,             7.227,       948.0179968
       9818,            7.2285,       947.9512436
       9819,              7.23,       947.8898044
       9820,            7.2315,       947.8388637
       9821,             7.233,       947.7923155
       9822,            7.2345,       947.7479723
       9823,             7.236,       947.7063221
       9824,            7.2375,       947.6623073
       9825,             7.239,       947.6186196
       9826,            7.2405,        947.574112
       9827,             7.242,       947.5275607
       9828,            7.2435,       947.4876166
       9829,             7.245,       947.4651181
       9830,            7.2465,       947.4575702
       9831,             7.248,       947.4499685
       9832,            7.2495,       947.4374395
       9833,             7.251,       947.4246977
       9834,            7.2525,       947.4182364
       9835,             7.254,       947.4163314
       9836,            7.2555,       947.4177942
       9837,             7.257,       947.4251026
       9838,            7.2585,       947.4434382
       9839,              7.26,       947.4737676
       9840,            7.2615,       947.5117761
       9841,             7.263,       947.5513921
       9842,            7.2645,       947.5906811
       9843,             7.266,       947.6315465
       9844,            7.2675,       947.6824119
       9845,             7.269,       947.7440129
       9846,            7.2705,        947.812421
       9847,             7.272,       947.8836381
       9848,            7.2735,       947.9565142
       9849,             7.275,       948.0340783
       9850,            7.2765,       948.1201454
       9851,             7.278,       948.2157403
       9852,            7.2795,       948.3180303
       9853,             7.281,       948.4256149
       9854,            7.2825,       948.5392536
       9855,             7.284,       948.6601408
       9856,            7.2855,       948.7836721
       9857,             7.287,       948.9017726
       9858,            7.2885,       949.0233276
       9859,              7.29,       949.1514755
       9860,            7.2915,       949.2831638
       9861,             7.293,       949.4177318
       9862,            7.2945,       949.5585517
       9863,             7.296,       949.7026074
       9864,            7.2975,       949.8463611
       9865,             7.299,       949.9856242
       9866,            7.3005,       950.1236296
       9867,             7.302,       950.2648269
       9868,            7.3035,       950.4101554
       9869,             7.305,       950.5571965
       9870,            7.3065,       950.7043807
       9871,             7.308,       950.8442397
       9872,            7.3095,       950.9779795
       9873,             7.311,       951.1124527
       9874,            7.3125,       951.2490114
       9875,             7.314,       951.3840876
       9876,            7.3155,       951.5117907
       9877,             7.317,       951.6453015
       9878,            7.3185,       951.7983281
       9879,              7.32,       951.9820537
       9880,            7.3215,        952.165047
       9881,             7.323,       952.3159337
       9882,            7.3245,       952.4480073
       9883,             7.326,       952.5781857
       9884,            7.3275,       952.7089615
       9885,             7.329,       952.8431134
       9886,            7.3305,       952.9724039
       9887,             7.332,       953.0982341
       9888,            7.3335,       953.2241412
       9889,             7.335,       953.3430294
       9890,            7.3365,       953.4543129
       9891,             7.338,       953.5553395
       9892,            7.3395,        953.650342
       9893,             7.341,        953.740275
       9894,            7.3425,         953.81921
       9895,             7.344,       953.8971658
       9896,            7.3455,       953.9802786
       9897,             7.347,       954.0582777
       9898,            7.3485,       954.1291725
       9899,              7.35,       954.1965102
       9900,            7.3515,       954.2587408
       9901,             7.353,       954.3123701
       9902,            7.3545,       954.3580736
       9903,             7.356,        954.397183
       9904,            7.3575,        954.429178
       9905,             7.359,       954.4571312
       9906,            7.3605,       954.4907627
       9907,             7.362,       954.5264236
       9908,            7.3635,       954.5523555
       9909,             7.365,       954.5710305
       9910,            7.3665,       954.5828946
       9911,             7.368,       954.5915594
       9912,            7.3695,       954.5980347
       9913,             7.371,        954.599191
       9914,            7.3725,       954.5996433
       9915,             7.374,       954.5982277
       9916,            7.3755,       954.5826689
       9917,             7.377,       954.5613156
       9918,            7.3785,       954.5483539
       9919,              7.38,       954.5430468
       9920,            7.3815,       954.5382919
       9921,             7.383,       954.5309447
       9922,            7.3845,       954.5170006
       9923,             7.386,       954.4975171
       9924,            7.3875,       954.4784606
       9925,             7.389,       954.4633962
       9926,            7.3905,       954.4488597
       9927,             7.392,       954.4335224
       9928,            7.3935,       954.4148823
       9929,             7.395,       954.3963277
       9930,            7.3965,       954.3793105
       9931,             7.398,        954.360961
       9932,            7.3995,       954.3391991
       9933,             7.401,       954.3180705
       9934,            7.4025,       954.3000797
       9935,             7.404,       954.2832746
       9936,            7.4055,       954.2652496
       9937,             7.407,       954.2465198
       9938,            7.4085,       954.2276255
       9939,              7.41,        954.208981
       9940,            7.4115,       954.1915167
       9941,             7.413,       954.1740252
       9942,            7.4145,       954.1560929
       9943,             7.416,       954.1390239
       9944,            7.4175,       954.1228944
       9945,             7.419,       954.1067086
       9946,            7.4205,       954.0873402
       9947,             7.422,       954.0681109
       9948,            7.4235,       954.0489031
       9949,             7.425,       954.0307865
       9950,            7.4265,       954.0149484
       9951,             7.428,       954.0019176
       9952,            7.4295,       953.9906985
       9953,             7.431,        953.979672
       9954,            7.4325,       953.9685767
       9955,             7.434,       953.9576717
       9956,            7.4355,       953.9469451
       9957,             7.437,       953.9368904
       9958,            7.4385,       953.9272573
       9959,              7.44,        953.918315
       9960,            7.4415,       953.9122253
       9961,             7.443,        953.907617
       9962,            7.4445,       953.9023052
       9963,             7.446,        953.895834
       9964,            7.4475,       953.8910623
       9965,             7.449,        953.889267
       9966,            7.4505,        953.888721
       9967,             7.452,       953.8869375
       9968,            7.4535,       953.8863844
       9969,             7.455,       953.8890677
       9970,            7.4565,       953.8910743
       9971,             7.458,       953.8899732
       9972,            7.4595,       953.8881985
       9973,             7.461,       953.8870265
       9974,            7.4625,       953.8897242
       9975,             7.464,       953.8992334
       9976,            7.4655,       953.9016859
       9977,             7.467,       953.8982035
       9978,            7.4685,       953.8965065
       9979,              7.47,       953.8983229
       9980,            7.4715,        953.904634
       9981,             7.473,       953.9126412
       9982,            7.4745,       953.9202362
       9983,             7.476,       953.9277644
       9984,            7.4775,         953.93526
       9985,             7.479,       953.9392745
       9986,            7.4805,       953.9407714
       9987,             7.482,        953.945376
       9988,            7.4835,       953.9541017
       9989,             7.485,       953.9649416
       9990,            7.4865,       953.9711001
       9991,             7.488,        953.968087
       9992,            7.4895,       953.9660121
       9993,             7.491,       953.9684656
       9994,            7.4925,       953.9725216
       9995,             7.494,       953.9706613
       9996,            7.4955,       953.9665186
       9997,             7.497,        953.964507
       9998,            7.4985,       953.9807814
       9999,               7.5,       953.9975333
