NDIME= 2
NELEM= 1704
9 3 8 2003 0 0
9 8 9 2002 2003 1
9 9 10 2001 2002 2
9 10 11 2000 2001 3
9 11 12 1999 2000 4
9 12 13 1998 1999 5
9 13 14 1997 1998 6
9 14 15 1996 1997 7
9 15 16 1995 1996 8
9 16 17 1994 1995 9
9 17 18 1993 1994 10
9 18 19 1992 1993 11
9 19 20 1991 1992 12
9 20 21 1990 1991 13
9 21 22 1989 1990 14
9 22 23 1988 1989 15
9 23 24 1987 1988 16
9 24 25 1986 1987 17
9 25 26 1985 1986 18
9 26 27 1984 1985 19
9 27 28 1983 1984 20
9 28 29 1982 1983 21
9 29 30 1981 1982 22
9 30 31 1980 1981 23
9 31 32 1979 1980 24
9 32 33 1978 1979 25
9 33 34 1977 1978 26
9 34 35 1976 1977 27
9 35 36 1975 1976 28
9 36 37 1974 1975 29
9 37 38 1973 1974 30
9 38 39 1972 1973 31
9 39 40 1971 1972 32
9 40 41 1970 1971 33
9 41 42 1969 1970 34
9 42 43 1968 1969 35
9 43 44 1967 1968 36
9 44 45 1966 1967 37
9 45 46 1965 1966 38
9 46 47 1964 1965 39
9 47 48 1963 1964 40
9 48 49 1962 1963 41
9 49 50 1961 1962 42
9 50 51 1960 1961 43
9 51 52 1959 1960 44
9 52 53 1958 1959 45
9 53 54 1957 1958 46
9 54 55 1956 1957 47
9 55 56 1955 1956 48
9 56 57 1954 1955 49
9 57 58 1953 1954 50
9 58 59 1952 1953 51
9 59 60 1951 1952 52
9 60 61 1950 1951 53
9 61 62 1949 1950 54
9 62 63 1948 1949 55
9 63 64 1947 1948 56
9 64 65 1946 1947 57
9 65 66 1945 1946 58
9 66 67 1944 1945 59
9 67 68 1943 1944 60
9 68 69 1942 1943 61
9 69 70 1941 1942 62
9 70 71 1940 1941 63
9 71 72 1939 1940 64
9 72 73 1938 1939 65
9 73 74 1937 1938 66
9 74 75 1936 1937 67
9 75 76 1935 1936 68
9 76 77 1934 1935 69
9 77 78 1933 1934 70
9 78 79 1932 1933 71
9 79 80 1931 1932 72
9 80 81 1930 1931 73
9 81 82 1929 1930 74
9 82 83 1928 1929 75
9 83 84 1927 1928 76
9 84 85 1926 1927 77
9 85 86 1925 1926 78
9 86 87 1924 1925 79
9 87 88 1923 1924 80
9 88 89 1922 1923 81
9 89 90 1921 1922 82
9 90 91 1920 1921 83
9 91 92 1919 1920 84
9 92 93 1918 1919 85
9 93 94 1917 1918 86
9 94 95 1916 1917 87
9 95 96 1915 1916 88
9 96 97 1914 1915 89
9 97 98 1913 1914 90
9 98 99 1912 1913 91
9 99 100 1911 1912 92
9 100 101 1910 1911 93
9 101 102 1909 1910 94
9 102 103 1908 1909 95
9 103 104 1907 1908 96
9 104 105 1906 1907 97
9 105 106 1905 1906 98
9 106 107 1904 1905 99
9 107 108 1903 1904 100
9 108 109 1902 1903 101
9 109 110 1901 1902 102
9 110 111 1900 1901 103
9 111 112 1899 1900 104
9 112 113 1898 1899 105
9 113 114 1897 1898 106
9 114 115 1896 1897 107
9 115 116 1895 1896 108
9 116 117 1894 1895 109
9 117 118 1893 1894 110
9 118 119 1892 1893 111
9 119 120 1891 1892 112
9 120 121 1890 1891 113
9 121 122 1889 1890 114
9 122 123 1888 1889 115
9 123 124 1887 1888 116
9 124 125 1886 1887 117
9 125 126 1885 1886 118
9 126 127 1884 1885 119
9 127 128 1883 1884 120
9 128 129 1882 1883 121
9 129 130 1881 1882 122
9 130 131 1880 1881 123
9 131 132 1879 1880 124
9 132 133 1878 1879 125
9 133 134 1877 1878 126
9 134 135 1876 1877 127
9 135 136 1875 1876 128
9 136 137 1874 1875 129
9 137 138 1873 1874 130
9 138 139 1872 1873 131
9 139 140 1871 1872 132
9 140 141 1870 1871 133
9 141 142 1869 1870 134
9 142 143 1868 1869 135
9 143 144 1867 1868 136
9 144 145 1866 1867 137
9 145 146 1865 1866 138
9 146 147 1864 1865 139
9 147 148 1863 1864 140
9 148 149 1862 1863 141
9 149 150 1861 1862 142
9 150 151 1860 1861 143
9 151 152 1859 1860 144
9 152 153 1858 1859 145
9 153 154 1857 1858 146
9 154 155 1856 1857 147
9 155 156 1855 1856 148
9 156 157 1854 1855 149
9 157 158 1853 1854 150
9 158 159 1852 1853 151
9 159 160 1851 1852 152
9 160 161 1850 1851 153
9 161 162 1849 1850 154
9 162 163 1848 1849 155
9 163 164 1847 1848 156
9 164 165 1846 1847 157
9 165 166 1845 1846 158
9 166 167 1844 1845 159
9 167 168 1843 1844 160
9 168 169 1842 1843 161
9 169 170 1841 1842 162
9 170 171 1840 1841 163
9 171 172 1839 1840 164
9 172 173 1838 1839 165
9 173 174 1837 1838 166
9 174 175 1836 1837 167
9 175 176 1835 1836 168
9 176 177 1834 1835 169
9 177 178 1833 1834 170
9 178 179 1832 1833 171
9 179 180 1831 1832 172
9 180 181 1830 1831 173
9 181 182 1829 1830 174
9 182 183 1828 1829 175
9 183 184 1827 1828 176
9 184 185 1826 1827 177
9 185 186 1825 1826 178
9 186 187 1824 1825 179
9 187 188 1823 1824 180
9 188 189 1822 1823 181
9 189 190 1821 1822 182
9 190 191 1820 1821 183
9 191 192 1819 1820 184
9 192 193 1818 1819 185
9 193 194 1817 1818 186
9 194 195 1816 1817 187
9 195 196 1815 1816 188
9 196 197 1814 1815 189
9 197 198 1813 1814 190
9 198 199 1812 1813 191
9 199 200 1811 1812 192
9 200 201 1810 1811 193
9 201 202 1809 1810 194
9 202 203 1808 1809 195
9 203 204 1807 1808 196
9 204 205 1806 1807 197
9 205 206 1805 1806 198
9 206 207 1804 1805 199
9 207 208 1803 1804 200
9 208 209 1802 1803 201
9 209 210 1801 1802 202
9 210 211 1800 1801 203
9 211 212 1799 1800 204
9 212 213 1798 1799 205
9 213 214 1797 1798 206
9 214 215 1796 1797 207
9 215 216 1795 1796 208
9 216 217 1794 1795 209
9 217 218 1793 1794 210
9 218 219 1792 1793 211
9 219 220 1791 1792 212
9 220 221 1790 1791 213
9 221 222 1789 1790 214
9 222 223 1788 1789 215
9 223 224 1787 1788 216
9 224 225 1786 1787 217
9 225 226 1785 1786 218
9 226 227 1784 1785 219
9 227 228 1783 1784 220
9 228 229 1782 1783 221
9 229 230 1781 1782 222
9 230 231 1780 1781 223
9 231 232 1779 1780 224
9 232 233 1778 1779 225
9 233 234 1777 1778 226
9 234 235 1776 1777 227
9 235 236 1775 1776 228
9 236 237 1774 1775 229
9 237 238 1773 1774 230
9 238 239 1772 1773 231
9 239 240 1771 1772 232
9 240 241 1770 1771 233
9 241 242 1769 1770 234
9 242 243 1768 1769 235
9 243 244 1767 1768 236
9 244 245 1766 1767 237
9 245 246 1765 1766 238
9 246 247 1764 1765 239
9 247 248 1763 1764 240
9 248 249 1762 1763 241
9 249 250 1761 1762 242
9 250 251 1760 1761 243
9 251 252 1759 1760 244
9 252 253 1758 1759 245
9 253 254 1757 1758 246
9 254 255 1756 1757 247
9 255 256 1755 1756 248
9 256 257 1754 1755 249
9 257 258 1753 1754 250
9 258 259 1752 1753 251
9 259 260 1751 1752 252
9 260 261 1750 1751 253
9 261 262 1749 1750 254
9 262 263 1748 1749 255
9 263 264 1747 1748 256
9 264 265 1746 1747 257
9 265 266 1745 1746 258
9 266 267 1744 1745 259
9 267 268 1743 1744 260
9 268 269 1742 1743 261
9 269 270 1741 1742 262
9 270 271 1740 1741 263
9 271 272 1739 1740 264
9 272 273 1738 1739 265
9 273 274 1737 1738 266
9 274 275 1736 1737 267
9 275 276 1735 1736 268
9 276 277 1734 1735 269
9 277 278 1733 1734 270
9 278 279 1732 1733 271
9 279 280 1731 1732 272
9 280 281 1730 1731 273
9 281 282 1729 1730 274
9 282 283 1728 1729 275
9 283 284 1727 1728 276
9 284 285 1726 1727 277
9 285 286 1725 1726 278
9 286 287 1724 1725 279
9 287 288 1723 1724 280
9 288 289 1722 1723 281
9 289 290 1721 1722 282
9 290 291 1720 1721 283
9 291 292 1719 1720 284
9 292 293 1718 1719 285
9 293 294 1717 1718 286
9 294 295 1716 1717 287
9 295 296 1715 1716 288
9 296 297 1714 1715 289
9 297 298 1713 1714 290
9 298 299 1712 1713 291
9 299 300 1711 1712 292
9 300 301 1710 1711 293
9 301 302 1709 1710 294
9 302 303 1708 1709 295
9 303 304 1707 1708 296
9 304 305 1706 1707 297
9 305 306 1705 1706 298
9 306 307 1704 1705 299
9 307 308 1703 1704 300
9 308 309 1702 1703 301
9 309 310 1701 1702 302
9 310 311 1700 1701 303
9 311 312 1699 1700 304
9 312 313 1698 1699 305
9 313 314 1697 1698 306
9 314 315 1696 1697 307
9 315 316 1695 1696 308
9 316 317 1694 1695 309
9 317 318 1693 1694 310
9 318 319 1692 1693 311
9 319 320 1691 1692 312
9 320 321 1690 1691 313
9 321 322 1689 1690 314
9 322 323 1688 1689 315
9 323 324 1687 1688 316
9 324 325 1686 1687 317
9 325 326 1685 1686 318
9 326 327 1684 1685 319
9 327 328 1683 1684 320
9 328 329 1682 1683 321
9 329 330 1681 1682 322
9 330 331 1680 1681 323
9 331 332 1679 1680 324
9 332 333 1678 1679 325
9 333 334 1677 1678 326
9 334 335 1676 1677 327
9 335 336 1675 1676 328
9 336 337 1674 1675 329
9 337 338 1673 1674 330
9 338 339 1672 1673 331
9 339 340 1671 1672 332
9 340 341 1670 1671 333
9 341 342 1669 1670 334
9 342 343 1668 1669 335
9 343 344 1667 1668 336
9 344 345 1666 1667 337
9 345 346 1665 1666 338
9 346 347 1664 1665 339
9 347 348 1663 1664 340
9 348 349 1662 1663 341
9 349 350 1661 1662 342
9 350 351 1660 1661 343
9 351 352 1659 1660 344
9 352 353 1658 1659 345
9 353 354 1657 1658 346
9 354 355 1656 1657 347
9 355 356 1655 1656 348
9 356 357 1654 1655 349
9 357 358 1653 1654 350
9 358 359 1652 1653 351
9 359 360 1651 1652 352
9 360 361 1650 1651 353
9 361 362 1649 1650 354
9 362 363 1648 1649 355
9 363 364 1647 1648 356
9 364 365 1646 1647 357
9 365 366 1645 1646 358
9 366 367 1644 1645 359
9 367 368 1643 1644 360
9 368 369 1642 1643 361
9 369 370 1641 1642 362
9 370 371 1640 1641 363
9 371 372 1639 1640 364
9 372 373 1638 1639 365
9 373 374 1637 1638 366
9 374 375 1636 1637 367
9 375 376 1635 1636 368
9 376 377 1634 1635 369
9 377 378 1633 1634 370
9 378 379 1632 1633 371
9 379 380 1631 1632 372
9 380 381 1630 1631 373
9 381 382 1629 1630 374
9 382 383 1628 1629 375
9 383 384 1627 1628 376
9 384 385 1626 1627 377
9 385 386 1625 1626 378
9 386 387 1624 1625 379
9 387 388 1623 1624 380
9 388 389 1622 1623 381
9 389 390 1621 1622 382
9 390 391 1620 1621 383
9 391 392 1619 1620 384
9 392 393 1618 1619 385
9 393 394 1617 1618 386
9 394 395 1616 1617 387
9 395 396 1615 1616 388
9 396 397 1614 1615 389
9 397 398 1613 1614 390
9 398 399 1612 1613 391
9 399 400 1611 1612 392
9 400 401 1610 1611 393
9 401 402 1609 1610 394
9 402 403 1608 1609 395
9 403 404 1607 1608 396
9 404 405 1606 1607 397
9 405 406 1605 1606 398
9 406 407 1604 1605 399
9 407 408 1603 1604 400
9 408 409 1602 1603 401
9 409 410 1601 1602 402
9 410 411 1600 1601 403
9 411 412 1599 1600 404
9 412 413 1598 1599 405
9 413 414 1597 1598 406
9 414 415 1596 1597 407
9 415 416 1595 1596 408
9 416 417 1594 1595 409
9 417 418 1593 1594 410
9 418 419 1592 1593 411
9 419 420 1591 1592 412
9 420 421 1590 1591 413
9 421 422 1589 1590 414
9 422 423 1588 1589 415
9 423 424 1587 1588 416
9 424 425 1586 1587 417
9 425 426 1585 1586 418
9 426 427 1584 1585 419
9 427 428 1583 1584 420
9 428 429 1582 1583 421
9 429 430 1581 1582 422
9 430 431 1580 1581 423
9 431 432 1579 1580 424
9 432 433 1578 1579 425
9 433 434 1577 1578 426
9 434 435 1576 1577 427
9 435 436 1575 1576 428
9 436 437 1574 1575 429
9 437 438 1573 1574 430
9 438 439 1572 1573 431
9 439 440 1571 1572 432
9 440 441 1570 1571 433
9 441 442 1569 1570 434
9 442 443 1568 1569 435
9 443 444 1567 1568 436
9 444 445 1566 1567 437
9 445 446 1565 1566 438
9 446 447 1564 1565 439
9 447 448 1563 1564 440
9 448 449 1562 1563 441
9 449 450 1561 1562 442
9 450 451 1560 1561 443
9 451 452 1559 1560 444
9 452 453 1558 1559 445
9 453 454 1557 1558 446
9 454 455 1556 1557 447
9 455 456 1555 1556 448
9 456 457 1554 1555 449
9 457 458 1553 1554 450
9 458 459 1552 1553 451
9 459 460 1551 1552 452
9 460 461 1550 1551 453
9 461 462 1549 1550 454
9 462 463 1548 1549 455
9 463 464 1547 1548 456
9 464 465 1546 1547 457
9 465 466 1545 1546 458
9 466 467 1544 1545 459
9 467 468 1543 1544 460
9 468 469 1542 1543 461
9 469 470 1541 1542 462
9 470 471 1540 1541 463
9 471 472 1539 1540 464
9 472 473 1538 1539 465
9 473 474 1537 1538 466
9 474 475 1536 1537 467
9 475 476 1535 1536 468
9 476 477 1534 1535 469
9 477 478 1533 1534 470
9 478 479 1532 1533 471
9 479 480 1531 1532 472
9 480 481 1530 1531 473
9 481 482 1529 1530 474
9 482 483 1528 1529 475
9 483 484 1527 1528 476
9 484 485 1526 1527 477
9 485 486 1525 1526 478
9 486 487 1524 1525 479
9 487 488 1523 1524 480
9 488 489 1522 1523 481
9 489 490 1521 1522 482
9 490 491 1520 1521 483
9 491 492 1519 1520 484
9 492 493 1518 1519 485
9 493 494 1517 1518 486
9 494 495 1516 1517 487
9 495 496 1515 1516 488
9 496 497 1514 1515 489
9 497 498 1513 1514 490
9 498 499 1512 1513 491
9 499 500 1511 1512 492
9 500 501 1510 1511 493
9 501 502 1509 1510 494
9 502 503 1508 1509 495
9 503 504 1507 1508 496
9 504 505 1506 1507 497
9 505 506 1505 1506 498
9 506 507 1504 1505 499
9 507 508 1503 1504 500
9 508 509 1502 1503 501
9 509 510 1501 1502 502
9 510 511 1500 1501 503
9 511 512 1499 1500 504
9 512 513 1498 1499 505
9 513 514 1497 1498 506
9 514 515 1496 1497 507
9 515 516 1495 1496 508
9 516 517 1494 1495 509
9 517 518 1493 1494 510
9 518 519 1492 1493 511
9 519 520 1491 1492 512
9 520 521 1490 1491 513
9 521 522 1489 1490 514
9 522 523 1488 1489 515
9 523 524 1487 1488 516
9 524 525 1486 1487 517
9 525 526 1485 1486 518
9 526 527 1484 1485 519
9 527 528 1483 1484 520
9 528 529 1482 1483 521
9 529 530 1481 1482 522
9 530 531 1480 1481 523
9 531 532 1479 1480 524
9 532 533 1478 1479 525
9 533 534 1477 1478 526
9 534 535 1476 1477 527
9 535 536 1475 1476 528
9 536 537 1474 1475 529
9 537 538 1473 1474 530
9 538 539 1472 1473 531
9 539 540 1471 1472 532
9 540 541 1470 1471 533
9 541 542 1469 1470 534
9 542 543 1468 1469 535
9 543 544 1467 1468 536
9 544 545 1466 1467 537
9 545 546 1465 1466 538
9 546 547 1464 1465 539
9 547 548 1463 1464 540
9 548 549 1462 1463 541
9 549 550 1461 1462 542
9 550 551 1460 1461 543
9 551 552 1459 1460 544
9 552 553 1458 1459 545
9 553 554 1457 1458 546
9 554 555 1456 1457 547
9 555 556 1455 1456 548
9 556 557 1454 1455 549
9 557 558 1453 1454 550
9 558 559 1452 1453 551
9 559 560 1451 1452 552
9 560 561 1450 1451 553
9 561 562 1449 1450 554
9 562 563 1448 1449 555
9 563 564 1447 1448 556
9 564 565 1446 1447 557
9 565 566 1445 1446 558
9 566 567 1444 1445 559
9 567 568 1443 1444 560
9 568 569 1442 1443 561
9 569 570 1441 1442 562
9 570 571 1440 1441 563
9 571 572 1439 1440 564
9 572 573 1438 1439 565
9 573 574 1437 1438 566
9 574 575 1436 1437 567
9 575 576 1435 1436 568
9 576 577 1434 1435 569
9 577 578 1433 1434 570
9 578 579 1432 1433 571
9 579 580 1431 1432 572
9 580 581 1430 1431 573
9 581 582 1429 1430 574
9 582 583 1428 1429 575
9 583 584 1427 1428 576
9 584 585 1426 1427 577
9 585 586 1425 1426 578
9 586 587 1424 1425 579
9 587 588 1423 1424 580
9 588 589 1422 1423 581
9 589 590 1421 1422 582
9 590 591 1420 1421 583
9 591 592 1419 1420 584
9 592 593 1418 1419 585
9 593 594 1417 1418 586
9 594 595 1416 1417 587
9 595 596 1415 1416 588
9 596 597 1414 1415 589
9 597 598 1413 1414 590
9 598 599 1412 1413 591
9 599 600 1411 1412 592
9 600 601 1410 1411 593
9 601 602 1409 1410 594
9 602 603 1408 1409 595
9 603 604 1407 1408 596
9 604 605 1406 1407 597
9 605 606 1405 1406 598
9 606 607 1404 1405 599
9 607 608 1403 1404 600
9 608 609 1402 1403 601
9 609 610 1401 1402 602
9 610 611 1400 1401 603
9 611 612 1399 1400 604
9 612 613 1398 1399 605
9 613 614 1397 1398 606
9 614 615 1396 1397 607
9 615 616 1395 1396 608
9 616 617 1394 1395 609
9 617 618 1393 1394 610
9 618 619 1392 1393 611
9 619 620 1391 1392 612
9 620 621 1390 1391 613
9 621 622 1389 1390 614
9 622 623 1388 1389 615
9 623 624 1387 1388 616
9 624 625 1386 1387 617
9 625 626 1385 1386 618
9 626 627 1384 1385 619
9 627 628 1383 1384 620
9 628 629 1382 1383 621
9 629 630 1381 1382 622
9 630 631 1380 1381 623
9 631 632 1379 1380 624
9 632 633 1378 1379 625
9 633 634 1377 1378 626
9 634 635 1376 1377 627
9 635 636 1375 1376 628
9 636 637 1374 1375 629
9 637 638 1373 1374 630
9 638 639 1372 1373 631
9 639 640 1371 1372 632
9 640 641 1370 1371 633
9 641 642 1369 1370 634
9 642 643 1368 1369 635
9 643 644 1367 1368 636
9 644 645 1366 1367 637
9 645 646 1365 1366 638
9 646 647 1364 1365 639
9 647 648 1363 1364 640
9 648 649 1362 1363 641
9 649 650 1361 1362 642
9 650 651 1360 1361 643
9 651 652 1359 1360 644
9 652 653 1358 1359 645
9 653 654 1357 1358 646
9 654 655 1356 1357 647
9 655 656 1355 1356 648
9 656 657 1354 1355 649
9 657 658 1353 1354 650
9 658 659 1352 1353 651
9 659 660 1351 1352 652
9 660 661 1350 1351 653
9 661 662 1349 1350 654
9 662 663 1348 1349 655
9 663 664 1347 1348 656
9 664 665 1346 1347 657
9 665 666 1345 1346 658
9 666 667 1344 1345 659
9 667 668 1343 1344 660
9 668 669 1342 1343 661
9 669 670 1341 1342 662
9 670 671 1340 1341 663
9 671 672 1339 1340 664
9 672 673 1338 1339 665
9 673 674 1337 1338 666
9 674 675 1336 1337 667
9 675 676 1335 1336 668
9 676 677 1334 1335 669
9 677 678 1333 1334 670
9 678 679 1332 1333 671
9 679 680 1331 1332 672
9 680 681 1330 1331 673
9 681 682 1329 1330 674
9 682 683 1328 1329 675
9 683 684 1327 1328 676
9 684 685 1326 1327 677
9 685 686 1325 1326 678
9 686 687 1324 1325 679
9 687 688 1323 1324 680
9 688 689 1322 1323 681
9 689 690 1321 1322 682
9 690 691 1320 1321 683
9 691 692 1319 1320 684
9 692 693 1318 1319 685
9 693 694 1317 1318 686
9 694 695 1316 1317 687
9 695 696 1315 1316 688
9 696 697 1314 1315 689
9 697 698 1313 1314 690
9 698 699 1312 1313 691
9 699 700 1311 1312 692
9 700 701 1310 1311 693
9 701 702 1309 1310 694
9 702 703 1308 1309 695
9 703 704 1307 1308 696
9 704 705 1306 1307 697
9 705 706 1305 1306 698
9 706 707 1304 1305 699
9 707 708 1303 1304 700
9 708 709 1302 1303 701
9 709 710 1301 1302 702
9 710 711 1300 1301 703
9 711 712 1299 1300 704
9 712 713 1298 1299 705
9 713 714 1297 1298 706
9 714 715 1296 1297 707
9 715 716 1295 1296 708
9 716 717 1294 1295 709
9 717 718 1293 1294 710
9 718 719 1292 1293 711
9 719 720 1291 1292 712
9 720 721 1290 1291 713
9 721 722 1289 1290 714
9 722 723 1288 1289 715
9 723 724 1287 1288 716
9 724 725 1286 1287 717
9 725 726 1285 1286 718
9 726 727 1284 1285 719
9 727 728 1283 1284 720
9 728 729 1282 1283 721
9 729 730 1281 1282 722
9 730 731 1280 1281 723
9 731 732 1279 1280 724
9 732 733 1278 1279 725
9 733 734 1277 1278 726
9 734 735 1276 1277 727
9 735 736 1275 1276 728
9 736 737 1274 1275 729
9 737 738 1273 1274 730
9 738 739 1272 1273 731
9 739 740 1271 1272 732
9 740 741 1270 1271 733
9 741 742 1269 1270 734
9 742 743 1268 1269 735
9 743 744 1267 1268 736
9 744 745 1266 1267 737
9 745 746 1265 1266 738
9 746 747 1264 1265 739
9 747 748 1263 1264 740
9 748 749 1262 1263 741
9 749 750 1261 1262 742
9 750 751 1260 1261 743
9 751 752 1259 1260 744
9 752 753 1258 1259 745
9 753 754 1257 1258 746
9 754 755 1256 1257 747
9 755 756 1255 1256 748
9 756 757 1254 1255 749
9 757 758 1253 1254 750
9 758 759 1252 1253 751
9 759 760 1251 1252 752
9 760 761 1250 1251 753
9 761 762 1249 1250 754
9 762 763 1248 1249 755
9 763 764 1247 1248 756
9 764 765 1246 1247 757
9 765 766 1245 1246 758
9 766 767 1244 1245 759
9 767 768 1243 1244 760
9 768 769 1242 1243 761
9 769 770 1241 1242 762
9 770 771 1240 1241 763
9 771 772 1239 1240 764
9 772 773 1238 1239 765
9 773 774 1237 1238 766
9 774 775 1236 1237 767
9 775 776 1235 1236 768
9 776 777 1234 1235 769
9 777 778 1233 1234 770
9 778 779 1232 1233 771
9 779 780 1231 1232 772
9 780 781 1230 1231 773
9 781 782 1229 1230 774
9 782 783 1228 1229 775
9 783 784 1227 1228 776
9 784 785 1226 1227 777
9 785 786 1225 1226 778
9 786 787 1224 1225 779
9 787 788 1223 1224 780
9 788 789 1222 1223 781
9 789 790 1221 1222 782
9 790 791 1220 1221 783
9 791 792 1219 1220 784
9 792 793 1218 1219 785
9 793 794 1217 1218 786
9 794 795 1216 1217 787
9 795 796 1215 1216 788
9 796 797 1214 1215 789
9 797 798 1213 1214 790
9 798 799 1212 1213 791
9 799 800 1211 1212 792
9 800 801 1210 1211 793
9 801 802 1209 1210 794
9 802 803 1208 1209 795
9 803 804 1207 1208 796
9 804 805 1206 1207 797
9 805 806 1205 1206 798
9 806 807 1204 1205 799
9 807 808 1203 1204 800
9 808 809 1202 1203 801
9 809 810 1201 1202 802
9 810 811 1200 1201 803
9 811 812 1199 1200 804
9 812 813 1198 1199 805
9 813 814 1197 1198 806
9 814 815 1196 1197 807
9 815 816 1195 1196 808
9 816 817 1194 1195 809
9 817 818 1193 1194 810
9 818 819 1192 1193 811
9 819 820 1191 1192 812
9 820 821 1190 1191 813
9 821 822 1189 1190 814
9 822 823 1188 1189 815
9 823 824 1187 1188 816
9 824 825 1186 1187 817
9 825 826 1185 1186 818
9 826 827 1184 1185 819
9 827 828 1183 1184 820
9 828 829 1182 1183 821
9 829 830 1181 1182 822
9 830 831 1180 1181 823
9 831 832 1179 1180 824
9 832 833 1178 1179 825
9 833 834 1177 1178 826
9 834 835 1176 1177 827
9 835 836 1175 1176 828
9 836 837 1174 1175 829
9 837 838 1173 1174 830
9 838 839 1172 1173 831
9 839 840 1171 1172 832
9 840 841 1170 1171 833
9 841 842 1169 1170 834
9 842 843 1168 1169 835
9 843 844 1167 1168 836
9 844 845 1166 1167 837
9 845 846 1165 1166 838
9 846 847 1164 1165 839
9 847 848 1163 1164 840
9 848 849 1162 1163 841
9 849 850 1161 1162 842
9 850 851 1160 1161 843
9 851 852 1159 1160 844
9 852 853 1158 1159 845
9 853 854 1157 1158 846
9 854 855 1156 1157 847
9 855 856 1155 1156 848
9 856 857 1154 1155 849
9 857 858 1153 1154 850
9 858 859 1152 1153 851
9 859 860 1151 1152 852
9 860 861 1150 1151 853
9 861 862 1149 1150 854
9 862 863 1148 1149 855
9 863 864 1147 1148 856
9 864 865 1146 1147 857
9 865 866 1145 1146 858
9 866 867 1144 1145 859
9 867 868 1143 1144 860
9 868 869 1142 1143 861
9 869 870 1141 1142 862
9 870 871 1140 1141 863
9 871 872 1139 1140 864
9 872 873 1138 1139 865
9 873 874 1137 1138 866
9 874 875 1136 1137 867
9 875 876 1135 1136 868
9 876 877 1134 1135 869
9 877 878 1133 1134 870
9 878 879 1132 1133 871
9 879 880 1131 1132 872
9 880 881 1130 1131 873
9 881 882 1129 1130 874
9 882 883 1128 1129 875
9 883 884 1127 1128 876
9 884 885 1126 1127 877
9 885 886 1125 1126 878
9 886 887 1124 1125 879
9 887 888 1123 1124 880
9 888 889 1122 1123 881
9 889 890 1121 1122 882
9 890 891 1120 1121 883
9 891 892 1119 1120 884
9 892 893 1118 1119 885
9 893 894 1117 1118 886
9 894 895 1116 1117 887
9 895 896 1115 1116 888
9 896 897 1114 1115 889
9 897 898 1113 1114 890
9 898 899 1112 1113 891
9 899 900 1111 1112 892
9 900 901 1110 1111 893
9 901 902 1109 1110 894
9 902 903 1108 1109 895
9 903 904 1107 1108 896
9 904 905 1106 1107 897
9 905 906 1105 1106 898
9 906 907 1104 1105 899
9 907 908 1103 1104 900
9 908 909 1102 1103 901
9 909 910 1101 1102 902
9 910 911 1100 1101 903
9 911 912 1099 1100 904
9 912 913 1098 1099 905
9 913 914 1097 1098 906
9 914 915 1096 1097 907
9 915 916 1095 1096 908
9 916 917 1094 1095 909
9 917 918 1093 1094 910
9 918 919 1092 1093 911
9 919 920 1091 1092 912
9 920 921 1090 1091 913
9 921 922 1089 1090 914
9 922 923 1088 1089 915
9 923 924 1087 1088 916
9 924 925 1086 1087 917
9 925 926 1085 1086 918
9 926 927 1084 1085 919
9 927 928 1083 1084 920
9 928 929 1082 1083 921
9 929 930 1081 1082 922
9 930 931 1080 1081 923
9 931 932 1079 1080 924
9 932 933 1078 1079 925
9 933 934 1077 1078 926
9 934 935 1076 1077 927
9 935 936 1075 1076 928
9 936 937 1074 1075 929
9 937 938 1073 1074 930
9 938 939 1072 1073 931
9 939 940 1071 1072 932
9 940 941 1070 1071 933
9 941 942 1069 1070 934
9 942 943 1068 1069 935
9 943 944 1067 1068 936
9 944 945 1066 1067 937
9 945 946 1065 1066 938
9 946 947 1064 1065 939
9 947 948 1063 1064 940
9 948 949 1062 1063 941
9 949 950 1061 1062 942
9 950 951 1060 1061 943
9 951 952 1059 1060 944
9 952 953 1058 1059 945
9 953 954 1057 1058 946
9 954 955 1056 1057 947
9 955 956 1055 1056 948
9 956 957 1054 1055 949
9 957 958 1053 1054 950
9 958 959 1052 1053 951
9 959 960 1051 1052 952
9 960 961 1050 1051 953
9 961 962 1049 1050 954
9 962 963 1048 1049 955
9 963 964 1047 1048 956
9 964 965 1046 1047 957
9 965 966 1045 1046 958
9 966 967 1044 1045 959
9 967 968 1043 1044 960
9 968 969 1042 1043 961
9 969 970 1041 1042 962
9 970 971 1040 1041 963
9 971 972 1039 1040 964
9 972 973 1038 1039 965
9 973 974 1037 1038 966
9 974 975 1036 1037 967
9 975 976 1035 1036 968
9 976 977 1034 1035 969
9 977 978 1033 1034 970
9 978 979 1032 1033 971
9 979 980 1031 1032 972
9 980 981 1030 1031 973
9 981 982 1029 1030 974
9 982 983 1028 1029 975
9 983 984 1027 1028 976
9 984 985 1026 1027 977
9 985 986 1025 1026 978
9 986 987 1024 1025 979
9 987 988 1023 1024 980
9 988 989 1022 1023 981
9 989 990 1021 1022 982
9 990 991 1020 1021 983
9 991 992 1019 1020 984
9 992 993 1018 1019 985
9 993 994 1017 1018 986
9 994 995 1016 1017 987
9 995 996 1015 1016 988
9 996 997 1014 1015 989
9 997 998 1013 1014 990
9 998 999 1012 1013 991
9 999 1000 1011 1012 992
9 1000 1001 1010 1011 993
9 1001 1002 1009 1010 994
9 1002 1003 1008 1009 995
9 1003 1004 1007 1008 996
9 1004 1005 1006 1007 997
9 1005 2 1 1006 998
5 2487 2565 2099 999
5 2419 2501 2404 1000
5 2453 2664 2330 1001
5 2298 2412 2141 1002
5 2438 2472 2244 1003
5 2463 2498 2192 1004
5 2008 2361 2007 1005
5 2250 2275 2230 1006
5 2137 2138 2136 1007
5 2295 2296 2282 1008
5 2122 2627 2470 1009
5 2418 2673 2386 1010
5 2010 2117 2009 1011
5 2147 2265 2145 1012
5 2323 2404 2322 1013
5 2424 2565 2422 1014
5 2233 2431 2273 1015
5 2414 2672 2249 1016
5 2241 2420 2242 1017
5 2426 2448 2430 1018
5 2583 2637 2390 1019
5 2361 2606 2365 1020
5 2172 2564 2154 1021
5 2308 2309 2271 1022
5 2480 2481 2479 1023
5 2135 2608 2425 1024
5 2179 2430 2178 1025
5 2220 2221 2189 1026
5 2482 2543 2368 1027
5 2147 2523 2266 1028
5 2439 2477 2302 1029
5 2438 2440 2439 1030
5 2178 2188 2187 1031
5 2468 2469 2461 1032
5 2382 2639 2383 1033
5 2447 2632 2341 1034
5 2305 2613 2495 1035
5 2239 2465 2274 1036
5 2344 2574 2445 1037
5 2325 2340 2339 1038
5 2091 2103 2092 1039
5 2461 2462 2460 1040
5 2328 2476 2360 1041
5 2094 2115 2095 1042
5 2343 2582 2580 1043
5 2013 2447 2012 1044
5 2093 2433 2094 1045
5 2237 2457 2227 1046
5 2183 2515 2257 1047
5 2483 2562 2482 1048
5 2240 2290 2239 1049
5 2016 2128 2015 1050
5 2062 2112 2063 1051
5 2458 2459 2226 1052
5 2491 2492 2490 1053
5 2039 2104 2040 1054
5 2017 2484 2016 1055
5 2044 2109 2045 1056
5 2022 2489 2021 1057
5 2555 2658 2394 1058
5 2208 2209 2203 1059
5 7 2502 2028 1060
5 2235 2236 2227 1061
5 2351 2359 2358 1062
5 2305 2496 2299 1063
5 2255 2285 2256 1064
5 2090 2470 2091 1065
5 2169 2171 2168 1066
5 2320 2350 2319 1067
5 2372 2374 2373 1068
5 2095 2471 2096 1069
5 2369 2372 2371 1070
5 2222 2512 2223 1071
5 2315 2512 2260 1072
5 2193 2194 2192 1073
5 2352 2506 2319 1074
5 2182 2186 2181 1075
5 2397 2635 2418 1076
5 2303 2399 2398 1077
5 2202 2519 2208 1078
5 2182 2218 2217 1079
5 2334 2366 2335 1080
5 2238 2521 2240 1081
5 2218 2232 2231 1082
5 2263 2337 2264 1083
5 2516 2548 2380 1084
5 2320 2563 2351 1085
5 2161 2163 2162 1086
5 2082 2486 2083 1087
5 2215 2546 2205 1088
5 2083 2101 2084 1089
5 2467 2616 2175 1090
5 2499 2534 2500 1091
5 2072 2503 2073 1092
5 2423 2627 2424 1093
5 2081 2528 2082 1094
5 2071 2522 2072 1095
5 2149 2150 2148 1096
5 2075 2126 2076 1097
5 2028 2540 2029 1098
5 2030 2542 2031 1099
5 2255 2585 2287 1100
5 2434 2617 2435 1101
5 2267 2541 2307 1102
5 2089 2610 2122 1103
5 2108 2630 2479 1104
5 2038 2556 2039 1105
5 2111 2614 2415 1106
5 2133 2557 2047 1107
5 2045 2559 2046 1108
5 2496 2595 2336 1109
5 2216 2552 2157 1110
5 2452 2629 2291 1111
5 2215 2563 2551 1112
5 2393 2621 2535 1113
5 2009 2657 2008 1114
5 2245 2578 2572 1115
5 2195 2573 2197 1116
5 2300 2639 2452 1117
5 2144 2570 2146 1118
5 2277 2672 2323 1119
5 2561 2576 2362 1120
5 2165 2575 2167 1121
5 2263 2636 2382 1122
5 2554 2587 2497 1123
5 2506 2579 2514 1124
5 2378 2636 2232 1125
5 2348 2668 2473 1126
5 2247 2612 2443 1127
5 2585 2642 2492 1128
5 2049 2663 2050 1129
5 2311 2550 2387 1130
5 2389 2608 2541 1131
5 2366 2660 2567 1132
5 2620 2666 2383 1133
5 2376 2622 2432 1134
5 2454 2625 2433 1135
5 2124 2626 2513 1136
5 2545 2602 2528 1137
5 2252 2665 2478 1138
5 2060 2451 2061 1139
5 2290 2629 2624 1140
5 2133 2618 2558 1141
5 2401 2649 2402 1142
5 2334 2628 2510 1143
5 2050 2633 2051 1144
5 2476 2664 2105 1145
5 2280 2668 2295 1146
5 2631 2644 2262 1147
5 2602 2667 2486 1148
5 2578 2670 2359 1149
5 2346 2347 2283 1150
5 2592 2655 2357 1151
5 2577 2666 2107 1152
5 2598 2626 2388 1153
5 2646 2673 2522 1154
5 2609 2662 2109 1155
5 2402 2661 2612 1156
5 2601 2657 2136 1157
5 2005 2355 2004 1158
5 2345 2445 2346 1159
9 2378 2629 2452 2636 1160
9 2547 2252 2478 2400 1161
9 2432 2625 2417 2659 1162
9 2394 2579 2132 2555 1163
9 2353 2508 2564 2401 1164
9 2544 2397 2418 2387 1165
9 2321 2010 4 2615 1166
9 2413 2185 2508 2353 1167
9 2354 2355 2005 2006 1168
9 2497 2305 2495 2619 1169
9 2577 2337 2383 2666 1170
9 2653 2471 2638 2364 1171
9 2456 2455 2510 2628 1172
9 2401 2564 2172 2649 1173
9 2323 2672 2414 2647 1174
9 2375 2490 2492 2642 1175
9 2580 2574 2344 2343 1176
9 2441 2439 2440 2661 1177
9 2249 2230 2229 2251 1178
9 2329 2360 2395 2396 1179
9 2454 2671 2417 2625 1180
9 2595 2496 2587 2129 1181
9 2400 2511 2216 2547 1182
9 2638 2115 2622 2376 1183
9 2276 2277 2278 2279 1184
9 2594 2131 2036 2035 1185
9 2626 2419 2647 2388 1186
9 2391 2416 2417 2671 1187
9 2665 2539 2644 2480 1188
9 2108 2479 2481 2615 1189
9 2390 2119 2365 2648 1190
9 2538 2596 2131 2594 1191
9 2300 2303 2398 2639 1192
9 2558 2618 2359 2670 1193
9 2406 2230 2275 2606 1194
9 2389 2118 2425 2608 1195
9 2272 2603 2448 2426 1196
9 2099 2565 2424 2610 1197
9 2537 2500 2538 2605 1198
9 2589 2371 2600 2214 1199
9 2605 2525 2349 2537 1200
9 2609 2350 2358 2662 1201
9 2651 2544 2387 2550 1202
9 2605 2538 2594 2100 1203
9 2596 2538 2500 2534 1204
9 2172 2442 2441 2649 1205
9 2103 2091 2470 2645 1206
9 2429 2271 2309 2634 1207
9 2324 2259 2325 2339 1208
9 2525 2605 2100 2623 1209
9 2456 2324 2339 2632 1210
9 2645 2470 2627 2377 1211
9 2121 2407 2409 2449 1212
9 2398 2399 2130 2620 1213
9 2480 2479 2478 2665 1214
9 2600 2373 2607 2509 1215
9 2493 2120 2495 2613 1216
9 2450 2365 2606 2275 1217
9 2128 2016 2484 2660 1218
9 2487 2087 2086 2125 1219
9 2661 2440 2443 2612 1220
9 2606 2361 2601 2406 1221
9 2631 2481 2480 2644 1222
9 2581 2348 2473 2405 1223
9 2130 2032 2031 2542 1224
9 2413 2312 2429 2652 1225
9 2620 2383 2639 2398 1226
9 2378 2379 2624 2629 1227
9 2277 2276 2250 2672 1228
9 2671 2103 2645 2391 1229
9 2006 2007 2119 2354 1230
9 2421 2420 2422 2565 1231
9 2535 2621 2556 2611 1232
9 2252 2151 2539 2665 1233
9 2447 2013 2102 2632 1234
9 2405 2114 2485 2581 1235
9 2125 2410 2428 2487 1236
9 2453 2127 2531 2664 1237
9 2392 2314 2394 2658 1238
9 2090 2089 2122 2470 1239
9 2601 2361 2008 2657 1240
9 2263 2231 2232 2636 1241
9 2114 2405 2404 2501 1242
9 2568 2381 2634 2309 1243
9 2050 2663 2436 2633 1244
9 2423 2294 2377 2627 1245
9 2578 2505 2435 2670 1246
9 2121 2096 2471 2653 1247
9 2170 2169 2167 2575 1248
9 2503 2072 2522 2673 1249
9 2520 2078 2077 2529 1250
9 2539 2149 2570 2644 1251
9 2471 2095 2115 2638 1252
9 2572 2351 2563 2504 1253
9 2214 2204 2586 2589 1254
9 2352 2319 2350 2609 1255
9 2099 2088 2087 2487 1256
9 2508 2150 2152 2564 1257
9 2371 2372 2373 2600 1258
9 2509 2206 2214 2600 1259
9 2442 2477 2439 2441 1260
9 2643 2591 2566 2321 1261
9 2611 2556 2038 2037 1262
9 2326 2448 2603 2327 1263
9 2298 2143 2411 2640 1264
9 2569 2464 2575 2165 1265
9 2611 2131 2596 2535 1266
9 2570 2144 2262 2644 1267
9 2646 2113 2598 2385 1268
9 2565 2487 2428 2421 1269
9 2330 2328 2266 2331 1270
9 2466 2593 2469 2468 1271
9 2204 2201 2200 2586 1272
9 2534 2393 2535 2596 1273
9 2615 2481 2643 2321 1274
9 2342 2478 2479 2630 1275
9 2426 2430 2179 2181 1276
9 2540 2028 2502 2604 1277
9 2366 2334 2510 2660 1278
9 2124 2501 2419 2626 1279
9 2273 2431 2432 2659 1280
9 2108 2011 2446 2630 1281
9 2367 2335 2366 2567 1282
9 2461 2469 2584 2462 1283
9 2532 2430 2448 2326 1284
9 2403 2309 2308 2410 1285
9 2170 2584 2469 2593 1286
9 2373 2374 2375 2607 1287
9 2377 2327 2391 2645 1288
9 2101 2083 2486 2667 1289
9 2112 2062 2444 2574 1290
9 2254 2210 2509 2607 1291
9 2110 2074 2073 2503 1292
9 2169 2170 2593 2175 1293
9 2104 2039 2556 2621 1294
9 2586 2200 2573 2483 1295
9 2125 2086 2085 2524 1296
9 2279 2280 2281 2301 1297
9 2562 2483 2573 2195 1298
9 2604 2502 2597 2669 1299
9 2330 2664 2476 2328 1300
9 2187 2244 2472 2176 1301
9 2037 2036 2131 2611 1302
9 2496 2305 2497 2587 1303
9 2138 2229 2230 2406 1304
9 2282 2281 2280 2295 1305
9 2262 2142 2591 2631 1306
9 2303 2349 2525 2399 1307
9 2475 2257 2515 2552 1308
9 2374 2384 2415 2614 1309
9 2393 2315 2392 2621 1310
9 2384 2517 2106 2599 1311
9 2501 2068 2067 2114 1312
9 2203 2209 2459 2488 1313
9 2231 2263 2264 2561 1314
9 2333 2331 2588 2652 1315
9 2126 2075 2527 2654 1316
9 2120 2494 2023 2024 1317
9 2464 2463 2462 2584 1318
9 2420 2421 2268 2242 1319
9 2337 2263 2382 2383 1320
9 2552 2515 2159 2157 1321
9 2536 2025 2134 2619 1322
9 2320 2318 2551 2563 1323
9 2243 2532 2326 2294 1324
9 2196 2488 2253 2194 1325
9 2290 2240 2291 2629 1326
9 2201 2204 2205 2546 1327
9 2598 2113 2513 2626 1328
9 2460 2253 2488 2459 1329
9 2334 2317 2286 2628 1330
9 2542 2030 2107 2666 1331
9 2555 2132 2041 2040 1332
9 2463 2192 2194 2253 1333
9 2511 2475 2552 2216 1334
9 2553 2357 2053 2052 1335
9 2346 2282 2296 2345 1336
9 2370 2369 2371 2589 1337
9 2546 2215 2551 2356 1338
9 2381 2332 2333 2634 1339
9 2174 2173 2171 2571 1340
9 2292 2349 2303 2300 1341
9 2272 2212 2233 2273 1342
9 2399 2525 2623 2656 1343
9 2188 2220 2189 2187 1344
9 2248 2269 2270 2549 1345
9 2185 2148 2150 2508 1346
9 2192 2184 2191 2193 1347
9 2533 2217 2561 2362 1348
9 2200 2199 2197 2573 1349
9 2173 2174 2176 2472 1350
9 2646 2385 2386 2673 1351
9 2443 2189 2221 2247 1352
9 2482 2368 2370 2483 1353
9 2117 2010 2321 2566 1354
9 2183 2184 2163 2161 1355
9 2271 2429 2312 2270 1356
9 2408 2307 2541 2608 1357
9 2520 2360 2476 2105 1358
9 2491 2490 2489 2494 1359
9 2228 2255 2256 2505 1360
9 2258 2286 2317 2526 1361
9 2049 2048 2116 2663 1362
9 2603 2272 2273 2416 1363
9 2335 2367 2368 2543 1364
9 2133 2047 2046 2559 1365
9 2204 2214 2206 2205 1366
9 2215 2207 2504 2563 1367
9 2475 2511 2325 2259 1368
9 2143 2298 2141 2142 1369
9 2245 2228 2505 2578 1370
9 2472 2438 2437 2173 1371
9 2173 2437 2168 2171 1372
9 2384 2374 2372 2517 1373
9 2199 2200 2201 2518 1374
9 2454 2433 2093 2092 1375
9 2159 2160 2158 2157 1376
9 2557 2133 2558 2617 1377
9 2427 2428 2410 2308 1378
9 2316 2435 2505 2256 1379
9 2210 2254 2225 2219 1380
9 2318 2288 2356 2551 1381
9 2149 2148 2146 2570 1382
9 2302 2437 2438 2439 1383
9 2177 2176 2174 2548 1384
9 2317 2334 2335 2543 1385
9 2228 2245 2219 2225 1386
9 2178 2187 2176 2177 1387
9 2457 2458 2226 2227 1388
9 2363 2304 2362 2576 1389
9 2549 2313 2402 2612 1390
9 2195 2196 2194 2193 1391
9 2356 2288 2519 2518 1392
9 2318 2320 2319 2289 1393
9 2146 2147 2145 2144 1394
9 2483 2370 2589 2586 1395
9 2164 2166 2302 2477 1396
9 2465 2239 2290 2624 1397
9 2184 2192 2498 2163 1398
9 2437 2302 2166 2168 1399
9 2364 2306 2307 2407 1400
9 2164 2477 2160 2162 1401
9 2466 2274 2465 2467 1402
9 2376 2432 2431 2306 1403
9 2246 2267 2234 2213 1404
9 2401 2402 2313 2353 1405
9 2575 2464 2584 2170 1406
9 2238 2236 2284 2521 1407
9 2526 2191 2190 2258 1408
9 2213 2186 2533 2246 1409
9 2149 2539 2151 2150 1410
9 2419 2404 2323 2647 1411
9 2423 2424 2422 2293 1412
9 2202 2199 2518 2519 1413
9 2132 2579 2507 2641 1414
9 2511 2400 2340 2325 1415
9 4 2011 2108 2615 1416
9 2207 2210 2219 2504 1417
9 2211 2543 2482 2562 1418
9 2181 2179 2180 2182 1419
9 2518 2201 2546 2356 1420
9 2142 2141 2140 2591 1421
9 2206 2509 2210 2207 1422
9 2211 2193 2191 2526 1423
9 2299 2316 2256 2285 1424
9 2198 2197 2199 2202 1425
9 2212 2181 2186 2213 1426
9 2458 2461 2460 2459 1427
9 2207 2215 2205 2206 1428
9 2165 2164 2162 2569 1429
9 2217 2218 2231 2561 1430
9 2452 2639 2382 2636 1431
9 2454 2092 2103 2671 1432
9 2306 2234 2267 2307 1433
9 2186 2182 2217 2533 1434
9 2427 2308 2269 2268 1435
9 2424 2627 2122 2610 1436
9 2292 2291 2240 2521 1437
9 2222 2223 2209 2208 1438
9 2222 2224 2260 2512 1439
9 2585 2225 2254 2642 1440
9 2362 2304 2246 2533 1441
9 2261 2289 2514 2314 1442
9 2111 2489 2490 2614 1443
9 2499 2236 2235 2530 1444
9 2203 2198 2202 2208 1445
9 2498 2463 2464 2569 1446
9 2021 2489 2111 2020 1447
9 2415 2019 2020 2111 1448
9 2530 2393 2534 2499 1449
9 2288 2318 2289 2261 1450
9 2305 2299 2285 2613 1451
9 2224 2222 2208 2519 1452
9 2022 2023 2494 2489 1453
9 2488 2196 2198 2203 1454
9 2239 2237 2238 2240 1455
9 2331 2266 2523 2588 1456
9 2288 2261 2224 2519 1457
9 2155 2154 2153 2547 1458
9 2227 2226 2223 2235 1459
9 2284 2236 2499 2500 1460
9 2315 2260 2314 2392 1461
9 2477 2442 2158 2160 1462
9 2188 2178 2430 2532 1463
9 2543 2211 2526 2317 1464
9 2486 2082 2528 2602 1465
9 2315 2393 2530 2512 1466
9 2235 2223 2512 2530 1467
9 2237 2227 2236 2238 1468
9 2532 2243 2220 2188 1469
9 2166 2164 2165 2167 1470
9 2124 2069 2068 2501 1471
9 2618 2133 2559 2662 1472
9 2267 2246 2304 2541 1473
9 2493 2491 2494 2120 1474
9 2190 2183 2257 2258 1475
9 2226 2459 2209 2223 1476
9 2190 2191 2184 2183 1477
9 2247 2248 2549 2612 1478
9 2327 2377 2294 2326 1479
9 2322 2404 2405 2473 1480
9 2515 2183 2161 2159 1481
9 7 2058 2118 2502 1482
9 2440 2438 2244 2443 1483
9 2350 2320 2351 2358 1484
9 2294 2423 2293 2243 1485
9 2242 2248 2247 2221 1486
9 2376 2306 2364 2638 1487
9 2237 2239 2274 2457 1488
9 2336 2316 2299 2496 1489
9 2114 2067 2066 2485 1490
9 2260 2224 2261 2314 1491
9 2168 2166 2167 2169 1492
9 2540 2604 2577 2107 1493
9 2431 2233 2234 2306 1494
9 2243 2293 2241 2220 1495
9 2054 2053 2357 2655 1496
9 2559 2045 2109 2662 1497
9 2338 2264 2337 2577 1498
9 2349 2292 2521 2537 1499
9 2522 2071 2113 2646 1500
9 2270 2312 2313 2549 1501
9 2253 2460 2462 2463 1502
9 2153 2151 2252 2547 1503
9 2266 2328 2265 2147 1504
9 2369 2367 2517 2372 1505
9 2161 2162 2160 2159 1506
9 2156 2158 2442 2172 1507
9 2504 2219 2245 2572 1508
9 2156 2172 2154 2155 1509
9 2529 2077 2076 2126 1510
9 2524 2085 2084 2101 1511
9 2485 2066 2065 2123 1512
9 2293 2422 2420 2241 1513
9 2312 2413 2353 2313 1514
9 2179 2178 2177 2180 1515
9 2140 2137 2566 2591 1516
9 2593 2466 2467 2175 1517
9 2197 2198 2196 2195 1518
9 2269 2308 2271 2270 1519
9 2581 2485 2123 2582 1520
9 2513 2070 2069 2124 1521
9 2531 2079 2105 2664 1522
9 2339 2340 2341 2632 1523
9 2275 2250 2276 2450 1524
9 2257 2475 2259 2258 1525
9 2233 2212 2213 2234 1526
9 2289 2319 2506 2514 1527
9 2081 2080 2127 2528 1528
9 2527 2075 2074 2110 1529
9 2241 2242 2221 2220 1530
9 2468 2461 2458 2457 1531
9 2617 2434 2116 2557 1532
9 2516 2218 2182 2180 1533
9 2157 2158 2156 2155 1534
9 2369 2370 2368 2367 1535
9 2444 2062 2061 2451 1536
9 2259 2324 2286 2258 1537
9 2137 2136 2117 2566 1538
9 2548 2516 2180 2177 1539
9 2144 2143 2142 2262 1540
9 2602 2381 2568 2667 1541
9 2412 2229 2139 2141 1542
9 2140 2141 2139 2137 1543
9 2264 2338 2576 2561 1544
9 2304 2363 2389 2541 1545
9 2216 2157 2155 2547 1546
9 2139 2229 2138 2137 1547
9 2278 2322 2473 2668 1548
9 2348 2343 2295 2668 1549
9 2145 2411 2143 2144 1550
9 2537 2521 2284 2500 1551
9 2571 2380 2548 2174 1552
9 2506 2352 2507 2579 1553
9 2265 2329 2411 2145 1554
9 2035 2034 2100 2594 1555
9 2106 2484 2017 2018 1556
9 2311 2310 2251 2550 1557
9 2468 2457 2274 2466 1558
9 2163 2498 2569 2162 1559
9 2545 2332 2381 2602 1560
9 2582 2343 2348 2581 1561
9 2135 2425 2057 2056 1562
9 2395 2529 2126 2654 1563
9 2015 2128 2455 2014 1564
9 2279 2301 2450 2276 1565
9 2152 2150 2151 2153 1566
9 2654 2527 2635 2397 1567
9 2134 2025 2026 2592 1568
9 2592 2026 2027 2655 1569
9 2661 2402 2649 2441 1570
9 2113 2071 2070 2513 1571
9 2248 2242 2268 2269 1572
9 2425 2118 2058 2057 1573
9 2232 2218 2297 2378 1574
9 2553 2587 2554 2357 1575
9 2297 2218 2516 2380 1576
9 2359 2351 2572 2578 1577
9 2553 2052 2129 2587 1578
9 2107 2030 2029 2540 1579
9 2152 2153 2154 2564 1580
9 2406 2601 2136 2138 1581
9 2009 2117 2136 2657 1582
9 2385 2310 2311 2386 1583
9 2536 2120 2024 2025 1584
9 2560 2109 2044 2043 1585
9 2436 2434 2336 2595 1586
9 2300 2452 2291 2292 1587
9 2193 2211 2562 2195 1588
9 2012 2447 2446 2011 1589
9 2115 2094 2433 2622 1590
9 2354 2119 2390 2637 1591
9 2434 2435 2316 2336 1592
9 2474 2064 2063 2112 1593
9 2123 2065 2064 2474 1594
9 2171 2169 2175 2571 1595
9 2342 2340 2400 2478 1596
9 2343 2344 2296 2295 1597
9 2147 2146 2148 2523 1598
9 2582 2123 2474 2580 1599
9 2322 2278 2277 2323 1600
9 2112 2574 2580 2474 1601
9 2105 2079 2078 2520 1602
9 2388 2310 2385 2598 1603
9 2426 2181 2212 2272 1604
9 2127 2453 2545 2528 1605
9 2255 2228 2225 2585 1606
9 2449 2409 2590 2650 1607
9 2098 2097 2449 2650 1608
9 2121 2449 2097 2096 1609
9 2555 2040 2104 2658 1610
9 2427 2268 2421 2428 1611
9 2361 2365 2119 2007 1612
9 2014 2455 2102 2013 1613
9 2588 2185 2413 2652 1614
9 2387 2418 2386 2311 1615
9 2557 2116 2048 2047 1616
9 2523 2148 2185 2588 1617
9 2542 2666 2620 2130 1618
9 2416 2391 2327 2603 1619
9 2446 2447 2341 2630 1620
9 2492 2491 2287 2585 1621
9 2634 2333 2652 2429 1622
9 2328 2360 2329 2265 1623
9 2624 2379 2467 2465 1624
9 2583 2301 2281 2283 1625
9 2285 2255 2287 2613 1626
9 2129 2052 2051 2633 1627
9 2651 2550 2412 2298 1628
9 2670 2435 2617 2558 1629
9 2495 2120 2536 2619 1630
9 2643 2481 2631 2591 1631
9 2297 2380 2379 2378 1632
9 2189 2443 2244 2187 1633
9 2524 2403 2410 2125 1634
9 2453 2330 2332 2545 1635
9 2341 2340 2342 2630 1636
9 2445 2574 2444 2451 1637
9 2560 2352 2609 2109 1638
9 2590 2409 2135 2056 1639
9 2583 2283 2347 2637 1640
9 2403 2524 2101 2667 1641
9 2658 2104 2621 2392 1642
9 2619 2134 2554 2497 1643
9 2396 2397 2544 2640 1644
9 2397 2396 2395 2654 1645
9 2503 2673 2418 2110 1646
9 2080 2079 2531 2127 1647
9 2414 2310 2388 2647 1648
9 2287 2491 2493 2613 1649
9 2529 2395 2360 2520 1650
9 2394 2314 2514 2579 1651
9 2042 2041 2132 2641 1652
9 2567 2106 2517 2367 1653
9 2408 2409 2407 2307 1654
9 2623 2100 2034 2033 1655
9 2358 2359 2618 2662 1656
9 2102 2455 2456 2632 1657
9 2411 2329 2396 2640 1658
9 2250 2230 2249 2672 1659
9 2251 2229 2412 2550 1660
9 2510 2455 2128 2660 1661
9 2507 2352 2560 2641 1662
9 2249 2251 2310 2414 1663
9 2332 2330 2331 2333 1664
9 2590 2056 2055 2650 1665
9 2484 2106 2567 2660 1666
9 2568 2309 2403 2667 1667
9 2640 2544 2651 2298 1668
9 2554 2134 2592 2357 1669
9 2280 2279 2278 2668 1670
9 2583 2390 2648 2301 1671
9 2597 2389 2363 2669 1672
9 2338 2577 2604 2669 1673
9 2135 2409 2408 2608 1674
9 2118 2389 2597 2502 1675
9 2663 2116 2434 2436 1676
9 2324 2456 2628 2286 1677
9 2595 2129 2633 2436 1678
9 5 2054 2655 2027 1679
9 2625 2432 2622 2433 1680
9 2571 2175 2616 2380 1681
9 2088 2099 2610 2089 1682
9 2607 2375 2642 2254 1683
9 2599 2106 2018 2019 1684
9 2033 2032 2656 2623 1685
9 2614 2490 2375 2374 1686
9 2344 2445 2345 2296 1687
9 2282 2346 2283 2281 1688
9 2637 2347 2355 2354 1689
9 2599 2019 2415 2384 1690
9 2648 2365 2450 2301 1691
9 2576 2338 2669 2363 1692
9 2616 2467 2379 2380 1693
9 2641 2560 2043 2042 1694
9 2451 2060 2059 2445 1695
9 2110 2418 2635 2527 1696
9 2650 2055 6 2098 1697
9 2130 2399 2656 2032 1698
9 2346 1 2 2347 1699
9 2 2004 2355 2347 1700
9 2445 2059 1 2346 1701
9 2407 2121 2653 2364 1702
9 2416 2273 2659 2417 1703
NPOIN= 2674
0 0 0
0.01 0 1
0.01 5e-05 2
0 5e-05 3
0.01005 0.0001 4
0.01005 0.00045 5
0.0104 0 6
0.0104 0.0001 7
1.001001000999113e-05 5e-05 8
2.002002001998226e-05 5e-05 9
3.003003002997338e-05 5e-05 10
4.004004003996452e-05 5e-05 11
5.005005004995565e-05 5e-05 12
6.006006005994677e-05 5e-05 13
7.00700700699379e-05 5e-05 14
8.008008007992901e-05 5e-05 15
9.009009008992002e-05 5e-05 16
0.000100100100099911 5e-05 17
0.000110110110109902 5e-05 18
0.000120120120119893 5e-05 19
0.000130130130129884 5e-05 20
0.000140140140139875 5e-05 21
0.000150150150149866 5e-05 22
0.0001601601601598573 5e-05 23
0.000170170170169849 5e-05 24
0.0001801801801798407 5e-05 25
0.0001901901901898324 5e-05 26
0.000200200200199824 5e-05 27
0.0002102102102098158 5e-05 28
0.0002202202202198074 5e-05 29
0.0002302302302297991 5e-05 30
0.00024024024023979 5e-05 31
0.0002502502502497803 5e-05 32
0.0002602602602597706 5e-05 33
0.0002702702702697609 5e-05 34
0.0002802802802797513 5e-05 35
0.0002902902902897416 5e-05 36
0.0003003003002997319 5e-05 37
0.0003103103103097223 5e-05 38
0.000320320320319711 5e-05 39
0.0003303303303296993 5e-05 40
0.0003403403403396876 5e-05 41
0.0003503503503496759 5e-05 42
0.0003603603603596642 5e-05 43
0.0003703703703696526 5e-05 44
0.0003803803803796408 5e-05 45
0.0003903903903896291 5e-05 46
0.0004004004003996174 5e-05 47
0.0004104104104096057 5e-05 48
0.000420420420419594 5e-05 49
0.0004304304304295823 5e-05 50
0.0004404404404395706 5e-05 51
0.0004504504504495589 5e-05 52
0.0004604604604595472 5e-05 53
0.0004704704704695357 5e-05 54
0.0004804804804795253 5e-05 55
0.0004904904904895149 5e-05 56
0.0005005005004995045 5e-05 57
0.0005105105105094943 5e-05 58
0.000520520520519484 5e-05 59
0.0005305305305294736 5e-05 60
0.0005405405405394633 5e-05 61
0.0005505505505494534 5e-05 62
0.0005605605605594443 5e-05 63
0.0005705705705694354 5e-05 64
0.0005805805805794264 5e-05 65
0.0005905905905894174 5e-05 66
0.0006006006005994084 5e-05 67
0.0006106106106093993 5e-05 68
0.0006206206206193904 5e-05 69
0.000630630630629383 5e-05 70
0.0006406406406393767 5e-05 71
0.0006506506506493703 5e-05 72
0.000660660660659364 5e-05 73
0.0006706706706693577 5e-05 74
0.0006806806806793516 5e-05 75
0.0006906906906893452 5e-05 76
0.0007007007006993389 5e-05 77
0.0007107107107093347 5e-05 78
0.0007207207207193311 5e-05 79
0.0007307307307293275 5e-05 80
0.0007407407407393241 5e-05 81
0.0007507507507493204 5e-05 82
0.0007607607607593168 5e-05 83
0.0007707707707693132 5e-05 84
0.0007807807807793098 5e-05 85
0.0007907907907893061 5e-05 86
0.0008008008007993026 5e-05 87
0.0008108108108092991 5e-05 88
0.0008208208208192954 5e-05 89
0.0008308308308292918 5e-05 90
0.0008408408408392884 5e-05 91
0.0008508508508492847 5e-05 92
0.000860860860859281 5e-05 93
0.0008708708708692744 5e-05 94
0.0008808808808792683 5e-05 95
0.000890890890889262 5e-05 96
0.0009009009008992559 5e-05 97
0.0009109109109092493 5e-05 98
0.0009209209209192432 5e-05 99
0.0009309309309292369 5e-05 100
0.0009409409409392306 5e-05 101
0.0009509509509492242 5e-05 102
0.000960960960959218 5e-05 103
0.0009709709709692118 5e-05 104
0.0009809809809792054 5e-05 105
0.0009909909909891993 5e-05 106
0.001001001000999193 5e-05 107
0.001011011011009187 5e-05 108
0.001021021021019182 5e-05 109
0.001031031031029178 5e-05 110
0.001041041041039175 5e-05 111
0.001051051051049171 5e-05 112
0.001061061061059168 5e-05 113
0.001071071071069164 5e-05 114
0.001081081081079161 5e-05 115
0.001091091091089157 5e-05 116
0.001101101101099153 5e-05 117
0.00111111111110915 5e-05 118
0.001121121121119146 5e-05 119
0.001131131131129143 5e-05 120
0.001141141141139139 5e-05 121
0.001151151151149136 5e-05 122
0.001161161161159132 5e-05 123
0.001171171171169128 5e-05 124
0.00118118118117912 5e-05 125
0.001191191191189111 5e-05 126
0.001201201201199102 5e-05 127
0.001211211211209093 5e-05 128
0.001221221221219084 5e-05 129
0.001231231231229075 5e-05 130
0.001241241241239066 5e-05 131
0.001251251251249056 5e-05 132
0.001261261261259036 5e-05 133
0.001271271271269016 5e-05 134
0.001281281281278996 5e-05 135
0.001291291291288976 5e-05 136
0.001301301301298956 5e-05 137
0.001311311311308936 5e-05 138
0.001321321321318916 5e-05 139
0.001331331331328895 5e-05 140
0.00134134134133887 5e-05 141
0.001351351351348844 5e-05 142
0.001361361361358819 5e-05 143
0.001371371371368794 5e-05 144
0.001381381381378769 5e-05 145
0.001391391391388743 5e-05 146
0.001401401401398718 5e-05 147
0.001411411411408696 5e-05 148
0.001421421421418676 5e-05 149
0.001431431431428656 5e-05 150
0.001441441441438636 5e-05 151
0.001451451451448616 5e-05 152
0.001461461461458596 5e-05 153
0.001471471471468576 5e-05 154
0.001481481481478556 5e-05 155
0.001491491491488541 5e-05 156
0.001501501501498526 5e-05 157
0.001511511511508512 5e-05 158
0.001521521521518498 5e-05 159
0.001531531531528483 5e-05 160
0.001541541541538468 5e-05 161
0.001551551551548454 5e-05 162
0.00156156156155844 5e-05 163
0.001571571571568421 5e-05 164
0.0015815815815784 5e-05 165
0.001591591591588381 5e-05 166
0.001601601601598361 5e-05 167
0.001611611611608341 5e-05 168
0.001621621621618321 5e-05 169
0.001631631631628301 5e-05 170
0.001641641641638281 5e-05 171
0.001651651651648262 5e-05 172
0.001661661661658242 5e-05 173
0.001671671671668222 5e-05 174
0.001681681681678202 5e-05 175
0.001691691691688182 5e-05 176
0.001701701701698162 5e-05 177
0.001711711711708143 5e-05 178
0.001721721721718124 5e-05 179
0.00173173173172811 5e-05 180
0.001741741741738095 5e-05 181
0.001751751751748081 5e-05 182
0.001761761761758067 5e-05 183
0.001771771771768052 5e-05 184
0.001781781781778038 5e-05 185
0.001791791791788024 5e-05 186
0.001801801801798006 5e-05 187
0.001811811811807986 5e-05 188
0.001821821821817967 5e-05 189
0.001831831831827947 5e-05 190
0.001841841841837927 5e-05 191
0.001851851851847907 5e-05 192
0.001861861861857887 5e-05 193
0.001871871871867868 5e-05 194
0.001881881881877844 5e-05 195
0.001891891891887819 5e-05 196
0.001901901901897793 5e-05 197
0.001911911911907768 5e-05 198
0.001921921921917742 5e-05 199
0.001931931931927717 5e-05 200
0.001941941941937692 5e-05 201
0.001951951951947667 5e-05 202
0.001961961961957637 5e-05 203
0.001971971971967606 5e-05 204
0.001981981981977575 5e-05 205
0.001991991991987545 5e-05 206
0.002002002001997514 5e-05 207
0.002012012012007483 5e-05 208
0.002022022022017453 5e-05 209
0.002032032032027422 5e-05 210
0.002042042042037397 5e-05 211
0.002052052052047372 5e-05 212
0.002062062062057347 5e-05 213
0.002072072072067321 5e-05 214
0.002082082082077296 5e-05 215
0.00209209209208727 5e-05 216
0.002102102102097245 5e-05 217
0.002112112112107223 5e-05 218
0.002122122122117208 5e-05 219
0.002132132132127194 5e-05 220
0.00214214214213718 5e-05 221
0.002152152152147166 5e-05 222
0.002162162162157151 5e-05 223
0.002172172172167137 5e-05 224
0.002182182182177122 5e-05 225
0.002192192192187108 5e-05 226
0.002202202202197093 5e-05 227
0.002212212212207079 5e-05 228
0.002222222222217064 5e-05 229
0.00223223223222705 5e-05 230
0.002242242242237036 5e-05 231
0.002252252252247021 5e-05 232
0.002262262262257007 5e-05 233
0.002272272272266992 5e-05 234
0.002282282282276978 5e-05 235
0.002292292292286964 5e-05 236
0.00230230230229695 5e-05 237
0.002312312312306935 5e-05 238
0.00232232232231692 5e-05 239
0.002332332332326906 5e-05 240
0.002342342342336892 5e-05 241
0.002352352352346877 5e-05 242
0.002362362362356863 5e-05 243
0.002372372372366848 5e-05 244
0.002382382382376834 5e-05 245
0.00239239239238682 5e-05 246
0.002402402402396805 5e-05 247
0.002412412412406791 5e-05 248
0.002422422422416776 5e-05 249
0.002432432432426751 5e-05 250
0.002442442442436725 5e-05 251
0.0024524524524467 5e-05 252
0.002462462462456675 5e-05 253
0.002472472472466649 5e-05 254
0.002482482482476624 5e-05 255
0.002492492492486599 5e-05 256
0.002502502502496574 5e-05 257
0.002512512512506549 5e-05 258
0.002522522522516523 5e-05 259
0.002532532532526497 5e-05 260
0.002542542542536472 5e-05 261
0.002552552552546447 5e-05 262
0.002562562562556422 5e-05 263
0.002572572572566396 5e-05 264
0.002582582582576376 5e-05 265
0.002592592592586361 5e-05 266
0.002602602602596347 5e-05 267
0.002612612612606333 5e-05 268
0.002622622622616319 5e-05 269
0.002632632632626304 5e-05 270
0.00264264264263629 5e-05 271
0.002652652652646275 5e-05 272
0.002662662662656261 5e-05 273
0.002672672672666247 5e-05 274
0.002682682682676232 5e-05 275
0.002692692692686218 5e-05 276
0.002702702702696203 5e-05 277
0.002712712712706189 5e-05 278
0.002722722722716175 5e-05 279
0.00273273273272616 5e-05 280
0.002742742742736146 5e-05 281
0.002752752752746131 5e-05 282
0.002762762762756116 5e-05 283
0.002772772772766102 5e-05 284
0.002782782782776088 5e-05 285
0.002792792792786074 5e-05 286
0.002802802802796059 5e-05 287
0.002812812812806045 5e-05 288
0.002822822822816031 5e-05 289
0.002832832832826016 5e-05 290
0.002842842842836001 5e-05 291
0.002852852852845987 5e-05 292
0.002862862862855973 5e-05 293
0.002872872872865959 5e-05 294
0.002882882882875944 5e-05 295
0.002892892892885927 5e-05 296
0.002902902902895902 5e-05 297
0.002912912912905876 5e-05 298
0.002922922922915851 5e-05 299
0.002932932932925826 5e-05 300
0.002942942942935801 5e-05 301
0.002952952952945775 5e-05 302
0.00296296296295575 5e-05 303
0.00297297297296572 5e-05 304
0.002982982982975684 5e-05 305
0.002992992992985648 5e-05 306
0.003003003002995612 5e-05 307
0.003013013013005576 5e-05 308
0.00302302302301554 5e-05 309
0.003033033033025503 5e-05 310
0.003043043043035468 5e-05 311
0.003053053053045438 5e-05 312
0.003063063063055413 5e-05 313
0.003073073073065388 5e-05 314
0.003083083083075362 5e-05 315
0.003093093093085337 5e-05 316
0.003103103103095312 5e-05 317
0.003113113113105286 5e-05 318
0.003123123123115261 5e-05 319
0.003133133133125245 5e-05 320
0.00314314314313523 5e-05 321
0.003153153153145216 5e-05 322
0.003163163163155201 5e-05 323
0.003173173173165187 5e-05 324
0.003183183183175173 5e-05 325
0.003193193193185158 5e-05 326
0.003203203203195144 5e-05 327
0.00321321321320513 5e-05 328
0.003223223223215115 5e-05 329
0.003233233233225101 5e-05 330
0.003243243243235086 5e-05 331
0.003253253253245072 5e-05 332
0.003263263263255057 5e-05 333
0.003273273273265043 5e-05 334
0.003283283283275029 5e-05 335
0.003293293293285014 5e-05 336
0.003303303303294999 5e-05 337
0.003313313313304985 5e-05 338
0.003323323323314971 5e-05 339
0.003333333333324957 5e-05 340
0.003343343343334942 5e-05 341
0.003353353353344927 5e-05 342
0.003363363363354913 5e-05 343
0.003373373373364899 5e-05 344
0.003383383383374885 5e-05 345
0.00339339339338487 5e-05 346
0.003403403403394856 5e-05 347
0.003413413413404842 5e-05 348
0.003423423423414827 5e-05 349
0.003433433433424813 5e-05 350
0.003443443443434792 5e-05 351
0.003453453453444767 5e-05 352
0.003463463463454741 5e-05 353
0.003473473473464716 5e-05 354
0.00348348348347469 5e-05 355
0.003493493493484666 5e-05 356
0.00350350350349464 5e-05 357
0.003513513513504614 5e-05 358
0.00352352352351459 5e-05 359
0.003533533533524564 5e-05 360
0.003543543543534539 5e-05 361
0.003553553553544513 5e-05 362
0.003563563563554488 5e-05 363
0.003573573573564462 5e-05 364
0.003583583583574438 5e-05 365
0.003593593593584412 5e-05 366
0.003603603603594398 5e-05 367
0.003613613613604383 5e-05 368
0.003623623623614369 5e-05 369
0.003633633633624355 5e-05 370
0.00364364364363434 5e-05 371
0.003653653653644325 5e-05 372
0.003663663663654311 5e-05 373
0.003673673673664297 5e-05 374
0.003683683683674283 5e-05 375
0.003693693693684268 5e-05 376
0.003703703703694254 5e-05 377
0.003713713713704239 5e-05 378
0.003723723723714225 5e-05 379
0.00373373373372421 5e-05 380
0.003743743743734196 5e-05 381
0.003753753753744182 5e-05 382
0.003763763763754168 5e-05 383
0.003773773773764153 5e-05 384
0.003783783783774139 5e-05 385
0.003793793793784125 5e-05 386
0.00380380380379411 5e-05 387
0.003813813813804095 5e-05 388
0.003823823823814081 5e-05 389
0.003833833833824066 5e-05 390
0.003843843843834052 5e-05 391
0.003853853853844038 5e-05 392
0.003863863863854023 5e-05 393
0.003873873873864009 5e-05 394
0.003883883883873994 5e-05 395
0.00389389389388398 5e-05 396
0.003903903903893966 5e-05 397
0.003913913913903943 5e-05 398
0.003923923923913918 5e-05 399
0.003933933933923892 5e-05 400
0.003943943943933867 5e-05 401
0.003953953953943842 5e-05 402
0.003963963963953817 5e-05 403
0.003973973973963791 5e-05 404
0.003983983983973765 5e-05 405
0.00399399399398373 5e-05 406
0.004004004003993694 5e-05 407
0.004014014014003658 5e-05 408
0.004024024024013622 5e-05 409
0.004034034034023586 5e-05 410
0.004044044044033549 5e-05 411
0.004054054054043513 5e-05 412
0.004064064064053478 5e-05 413
0.004074074074063442 5e-05 414
0.004084084084073405 5e-05 415
0.004094094094083369 5e-05 416
0.004104104104093333 5e-05 417
0.004114114114103297 5e-05 418
0.004124124124113261 5e-05 419
0.004134134134123225 5e-05 420
0.004144144144133189 5e-05 421
0.004154154154143152 5e-05 422
0.004164164164153116 5e-05 423
0.004174174174163081 5e-05 424
0.004184184184173045 5e-05 425
0.004194194194183008 5e-05 426
0.004204204204192972 5e-05 427
0.004214214214202936 5e-05 428
0.0042242242242129 5e-05 429
0.004234234234222864 5e-05 430
0.004244244244232828 5e-05 431
0.004254254254242792 5e-05 432
0.004264264264252755 5e-05 433
0.004274274274262719 5e-05 434
0.004284284284272683 5e-05 435
0.004294294294282647 5e-05 436
0.004304304304292627 5e-05 437
0.004314314314302612 5e-05 438
0.004324324324312598 5e-05 439
0.004334334334322585 5e-05 440
0.004344344344332569 5e-05 441
0.004354354354342555 5e-05 442
0.004364364364352541 5e-05 443
0.004374374374362527 5e-05 444
0.004384384384372532 5e-05 445
0.00439439439438254 5e-05 446
0.004404404404392547 5e-05 447
0.004414414414402554 5e-05 448
0.004424424424412561 5e-05 449
0.004434434434422568 5e-05 450
0.004444444444432576 5e-05 451
0.004454454454442583 5e-05 452
0.004464464464452591 5e-05 453
0.004474474474462599 5e-05 454
0.004484484484472605 5e-05 455
0.004494494494482613 5e-05 456
0.00450450450449262 5e-05 457
0.004514514514502627 5e-05 458
0.004524524524512634 5e-05 459
0.004534534534522641 5e-05 460
0.004544544544532649 5e-05 461
0.004554554554542656 5e-05 462
0.004564564564552663 5e-05 463
0.004574574574562671 5e-05 464
0.004584584584572678 5e-05 465
0.004594594594582685 5e-05 466
0.004604604604592693 5e-05 467
0.0046146146146027 5e-05 468
0.004624624624612707 5e-05 469
0.004634634634622715 5e-05 470
0.004644644644632722 5e-05 471
0.004654654654642729 5e-05 472
0.004664664664652736 5e-05 473
0.004674674674662743 5e-05 474
0.004684684684672751 5e-05 475
0.004694694694682742 5e-05 476
0.004704704704692727 5e-05 477
0.004714714714702715 5e-05 478
0.004724724724712699 5e-05 479
0.004734734734722685 5e-05 480
0.004744744744732671 5e-05 481
0.004754754754742656 5e-05 482
0.004764764764752642 5e-05 483
0.004774774774762607 5e-05 484
0.004784784784772571 5e-05 485
0.004794794794782536 5e-05 486
0.004804804804792499 5e-05 487
0.004814814814802463 5e-05 488
0.004824824824812427 5e-05 489
0.004834834834822391 5e-05 490
0.004844844844832355 5e-05 491
0.004854854854842319 5e-05 492
0.004864864864852283 5e-05 493
0.004874874874862246 5e-05 494
0.00488488488487221 5e-05 495
0.004894894894882174 5e-05 496
0.004904904904892139 5e-05 497
0.004914914914902102 5e-05 498
0.004924924924912073 5e-05 499
0.004934934934922058 5e-05 500
0.004944944944932043 5e-05 501
0.004954954954942029 5e-05 502
0.004964964964952015 5e-05 503
0.004974974974962 5e-05 504
0.004984984984971986 5e-05 505
0.004994994994981971 5e-05 506
0.005005005004991979 5e-05 507
0.005015015015002008 5e-05 508
0.005025025025012037 5e-05 509
0.005035035035022065 5e-05 510
0.005045045045032095 5e-05 511
0.005055055055042124 5e-05 512
0.005065065065052153 5e-05 513
0.005075075075062182 5e-05 514
0.005085085085072225 5e-05 515
0.005095095095082276 5e-05 516
0.005105105105092328 5e-05 517
0.005115115115102378 5e-05 518
0.005125125125112429 5e-05 519
0.00513513513512248 5e-05 520
0.00514514514513253 5e-05 521
0.005155155155142581 5e-05 522
0.005165165165152632 5e-05 523
0.005175175175162682 5e-05 524
0.005185185185172732 5e-05 525
0.005195195195182784 5e-05 526
0.005205205205192833 5e-05 527
0.005215215215202886 5e-05 528
0.005225225225212936 5e-05 529
0.005235235235222986 5e-05 530
0.005245245245233037 5e-05 531
0.005255255255243087 5e-05 532
0.005265265265253139 5e-05 533
0.005275275275263189 5e-05 534
0.005285285285273239 5e-05 535
0.00529529529528329 5e-05 536
0.005305305305293341 5e-05 537
0.005315315315303386 5e-05 538
0.005325325325313415 5e-05 539
0.005335335335323444 5e-05 540
0.005345345345333472 5e-05 541
0.005355355355343502 5e-05 542
0.005365365365353531 5e-05 543
0.00537537537536356 5e-05 544
0.005385385385373589 5e-05 545
0.005395395395383608 5e-05 546
0.005405405405393614 5e-05 547
0.005415415415403622 5e-05 548
0.005425425425413631 5e-05 549
0.005435435435423637 5e-05 550
0.005445445445433644 5e-05 551
0.005455455455443651 5e-05 552
0.005465465465453658 5e-05 553
0.005475475475463665 5e-05 554
0.005485485485473673 5e-05 555
0.00549549549548368 5e-05 556
0.005505505505493688 5e-05 557
0.005515515515503695 5e-05 558
0.005525525525513702 5e-05 559
0.00553553553552371 5e-05 560
0.005545545545533717 5e-05 561
0.005555555555543724 5e-05 562
0.00556556556555373 5e-05 563
0.005575575575563738 5e-05 564
0.005585585585573747 5e-05 565
0.005595595595583753 5e-05 566
0.005605605605593761 5e-05 567
0.005615615615603768 5e-05 568
0.005625625625613776 5e-05 569
0.005635635635623804 5e-05 570
0.005645645645633835 5e-05 571
0.005655655655643865 5e-05 572
0.005665665665653893 5e-05 573
0.005675675675663921 5e-05 574
0.00568568568567395 5e-05 575
0.00569569569568398 5e-05 576
0.005705705705694015 5e-05 577
0.005715715715704065 5e-05 578
0.005725725725714116 5e-05 579
0.005735735735724166 5e-05 580
0.005745745745734217 5e-05 581
0.005755755755744269 5e-05 582
0.005765765765754318 5e-05 583
0.005775775775764369 5e-05 584
0.00578578578577442 5e-05 585
0.00579579579578447 5e-05 586
0.005805805805794522 5e-05 587
0.005815815815804573 5e-05 588
0.005825825825814622 5e-05 589
0.005835835835824674 5e-05 590
0.005845845845834723 5e-05 591
0.005855855855844775 5e-05 592
0.005865865865854826 5e-05 593
0.005875875875864875 5e-05 594
0.005885885885874927 5e-05 595
0.005895895895884977 5e-05 596
0.005905905905895027 5e-05 597
0.005915915915905079 5e-05 598
0.00592592592591513 5e-05 599
0.00593593593592518 5e-05 600
0.005945945945935231 5e-05 601
0.005955955955945281 5e-05 602
0.005965965965955332 5e-05 603
0.005975975975965383 5e-05 604
0.005985985985975432 5e-05 605
0.005995995995985484 5e-05 606
0.006006006005995534 5e-05 607
0.006016016016005586 5e-05 608
0.006026026026015636 5e-05 609
0.006036036036025687 5e-05 610
0.006046046046035737 5e-05 611
0.006056056056045788 5e-05 612
0.006066066066055839 5e-05 613
0.006076076076065889 5e-05 614
0.006086086086075941 5e-05 615
0.006096096096085991 5e-05 616
0.006106106106096041 5e-05 617
0.006116116116106092 5e-05 618
0.006126126126116144 5e-05 619
0.006136136136126194 5e-05 620
0.006146146146136244 5e-05 621
0.006156156156146294 5e-05 622
0.006166166166156345 5e-05 623
0.006176176176166396 5e-05 624
0.006186186186176446 5e-05 625
0.006196196196186498 5e-05 626
0.006206206206196548 5e-05 627
0.006216216216206598 5e-05 628
0.006226226226216649 5e-05 629
0.006236236236226701 5e-05 630
0.006246246246236751 5e-05 631
0.006256256256246802 5e-05 632
0.006266266266256853 5e-05 633
0.006276276276266902 5e-05 634
0.006286286286276955 5e-05 635
0.006296296296287004 5e-05 636
0.006306306306297055 5e-05 637
0.006316316316307106 5e-05 638
0.006326326326317156 5e-05 639
0.006336336336327189 5e-05 640
0.006346346346337219 5e-05 641
0.006356356356347247 5e-05 642
0.006366366366357277 5e-05 643
0.006376376376367306 5e-05 644
0.006386386386377334 5e-05 645
0.006396396396387364 5e-05 646
0.006406406406397392 5e-05 647
0.0064164164164074 5e-05 648
0.006426426426417406 5e-05 649
0.006436436436427414 5e-05 650
0.006446446446437421 5e-05 651
0.00645645645644743 5e-05 652
0.006466466466457436 5e-05 653
0.006476476476467444 5e-05 654
0.00648648648647745 5e-05 655
0.006496496496487457 5e-05 656
0.006506506506497466 5e-05 657
0.006516516516507472 5e-05 658
0.00652652652651748 5e-05 659
0.006536536536527486 5e-05 660
0.006546546546537494 5e-05 661
0.006556556556547502 5e-05 662
0.006566566566557509 5e-05 663
0.006576576576567517 5e-05 664
0.006586586586577523 5e-05 665
0.006596596596587531 5e-05 666
0.006606606606597537 5e-05 667
0.006616616616607546 5e-05 668
0.006626626626617552 5e-05 669
0.00663663663662756 5e-05 670
0.006646646646637579 5e-05 671
0.006656656656647608 5e-05 672
0.00666666666665764 5e-05 673
0.006676676676667668 5e-05 674
0.006686686686677696 5e-05 675
0.006696696696687725 5e-05 676
0.006706706706697754 5e-05 677
0.006716716716707784 5e-05 678
0.00672672672671783 5e-05 679
0.006736736736727881 5e-05 680
0.006746746746737931 5e-05 681
0.006756756756747981 5e-05 682
0.006766766766758033 5e-05 683
0.006776776776768083 5e-05 684
0.006786786786778134 5e-05 685
0.006796796796788185 5e-05 686
0.006806806806798234 5e-05 687
0.006816816816808286 5e-05 688
0.006826826826818337 5e-05 689
0.006836836836828388 5e-05 690
0.006846846846838438 5e-05 691
0.006856856856848489 5e-05 692
0.006866866866858539 5e-05 693
0.00687687687686859 5e-05 694
0.006886886886878642 5e-05 695
0.006896896896888691 5e-05 696
0.006906906906898742 5e-05 697
0.006916916916908792 5e-05 698
0.006926926926918843 5e-05 699
0.006936936936928895 5e-05 700
0.006946946946938945 5e-05 701
0.006956956956948995 5e-05 702
0.006966966966959046 5e-05 703
0.006976976976969096 5e-05 704
0.006986986986979148 5e-05 705
0.006996996996989199 5e-05 706
0.007007007006999248 5e-05 707
0.0070170170170093 5e-05 708
0.00702702702701935 5e-05 709
0.0070370370370294 5e-05 710
0.007047047047039452 5e-05 711
0.007057057057049502 5e-05 712
0.007067067067059553 5e-05 713
0.007077077077069603 5e-05 714
0.007087087087079653 5e-05 715
0.007097097097089705 5e-05 716
0.007107107107099756 5e-05 717
0.007117117117109806 5e-05 718
0.007127127127119857 5e-05 719
0.007137137137129907 5e-05 720
0.007147147147139958 5e-05 721
0.007157157157150009 5e-05 722
0.00716716716716006 5e-05 723
0.00717717717717011 5e-05 724
0.007187187187180161 5e-05 725
0.007197197197190211 5e-05 726
0.007207207207200262 5e-05 727
0.007217217217210314 5e-05 728
0.007227227227220363 5e-05 729
0.007237237237230414 5e-05 730
0.007247247247240465 5e-05 731
0.007257257257250516 5e-05 732
0.007267267267260564 5e-05 733
0.007277277277270592 5e-05 734
0.00728728728728062 5e-05 735
0.007297297297290649 5e-05 736
0.007307307307300678 5e-05 737
0.007317317317310709 5e-05 738
0.007327327327320737 5e-05 739
0.007337337337330766 5e-05 740
0.007347347347340787 5e-05 741
0.007357357357350795 5e-05 742
0.007367367367360802 5e-05 743
0.00737737737737081 5e-05 744
0.007387387387380816 5e-05 745
0.007397397397390823 5e-05 746
0.007407407407400831 5e-05 747
0.007417417417410838 5e-05 748
0.007427427427420846 5e-05 749
0.007437437437430853 5e-05 750
0.007447447447440861 5e-05 751
0.007457457457450867 5e-05 752
0.007467467467460874 5e-05 753
0.007477477477470882 5e-05 754
0.00748748748748089 5e-05 755
0.007497497497490897 5e-05 756
0.007507507507500903 5e-05 757
0.007517517517510911 5e-05 758
0.007527527527520918 5e-05 759
0.007537537537530926 5e-05 760
0.007547547547540933 5e-05 761
0.007557557557550941 5e-05 762
0.007567567567560948 5e-05 763
0.007577577577570954 5e-05 764
0.007587587587580963 5e-05 765
0.007597597597590969 5e-05 766
0.007607607607600977 5e-05 767
0.007617617617610983 5e-05 768
0.007627627627620991 5e-05 769
0.007637637637631 5e-05 770
0.007647647647641006 5e-05 771
0.007657657657651016 5e-05 772
0.007667667667661046 5e-05 773
0.007677677677671075 5e-05 774
0.007687687687681103 5e-05 775
0.007697697697691133 5e-05 776
0.007707707707701162 5e-05 777
0.00771771771771119 5e-05 778
0.00772772772772122 5e-05 779
0.007737737737731255 5e-05 780
0.007747747747741307 5e-05 781
0.007757757757751358 5e-05 782
0.007767767767761407 5e-05 783
0.007777777777771459 5e-05 784
0.007787787787781509 5e-05 785
0.007797797797791561 5e-05 786
0.007807807807801611 5e-05 787
0.007817817817811662 5e-05 788
0.007827827827821711 5e-05 789
0.007837837837831763 5e-05 790
0.007847847847841812 5e-05 791
0.007857857857851865 5e-05 792
0.007867867867861915 5e-05 793
0.007877877877871965 5e-05 794
0.007887887887882016 5e-05 795
0.007897897897892067 5e-05 796
0.007907907907902117 5e-05 797
0.007917917917912168 5e-05 798
0.00792792792792222 5e-05 799
0.007937937937932269 5e-05 800
0.00794794794794232 5e-05 801
0.00795795795795237 5e-05 802
0.007967967967962421 5e-05 803
0.007977977977972473 5e-05 804
0.007987987987982522 5e-05 805
0.007997997997992574 5e-05 806
0.008008008008002623 5e-05 807
0.008018018018012675 5e-05 808
0.008028028028022726 5e-05 809
0.008038038038032777 5e-05 810
0.008048048048042827 5e-05 811
0.008058058058052877 5e-05 812
0.00806806806806293 5e-05 813
0.008078078078072979 5e-05 814
0.008088088088083031 5e-05 815
0.00809809809809308 5e-05 816
0.00810810810810313 5e-05 817
0.008118118118113181 5e-05 818
0.008128128128123233 5e-05 819
0.008138138138133282 5e-05 820
0.008148148148143334 5e-05 821
0.008158158158153383 5e-05 822
0.008168168168163435 5e-05 823
0.008178178178173486 5e-05 824
0.008188188188183535 5e-05 825
0.008198198198193587 5e-05 826
0.008208208208203638 5e-05 827
0.008218218218213688 5e-05 828
0.008228228228223739 5e-05 829
0.00823823823823379 5e-05 830
0.00824824824824384 5e-05 831
0.008258258258253891 5e-05 832
0.008268268268263941 5e-05 833
0.008278278278273992 5e-05 834
0.008288288288284044 5e-05 835
0.008298298298294093 5e-05 836
0.008308308308304145 5e-05 837
0.008318318318314196 5e-05 838
0.008328328328324246 5e-05 839
0.008338338338334297 5e-05 840
0.008348348348344348 5e-05 841
0.008358358358354398 5e-05 842
0.008368368368364449 5e-05 843
0.008378378378374499 5e-05 844
0.008388388388384549 5e-05 845
0.008398398398394602 5e-05 846
0.008408408408404651 5e-05 847
0.008418418418414701 5e-05 848
0.008428428428424752 5e-05 849
0.008438438438434802 5e-05 850
0.008448448448444855 5e-05 851
0.008458458458454905 5e-05 852
0.008468468468464954 5e-05 853
0.008478478478475006 5e-05 854
0.008488488488485057 5e-05 855
0.008498498498495108 5e-05 856
0.008508508508505158 5e-05 857
0.008518518518515209 5e-05 858
0.008528528528525259 5e-05 859
0.00853853853853531 5e-05 860
0.008548548548545361 5e-05 861
0.008558558558555411 5e-05 862
0.008568568568565462 5e-05 863
0.008578578578575512 5e-05 864
0.008588588588585563 5e-05 865
0.008598598598595615 5e-05 866
0.008608608608605664 5e-05 867
0.008618618618615716 5e-05 868
0.008628628628625767 5e-05 869
0.008638638638635817 5e-05 870
0.008648648648645866 5e-05 871
0.008658658658655918 5e-05 872
0.008668668668665969 5e-05 873
0.00867867867867602 5e-05 874
0.00868868868868607 5e-05 875
0.00869869869869612 5e-05 876
0.008708708708706171 5e-05 877
0.008718718718716222 5e-05 878
0.008728728728726274 5e-05 879
0.008738738738736323 5e-05 880
0.008748748748746373 5e-05 881
0.008758758758756424 5e-05 882
0.008768768768766476 5e-05 883
0.008778778778776527 5e-05 884
0.008788788788786576 5e-05 885
0.008798798798796628 5e-05 886
0.008808808808806677 5e-05 887
0.008818818818816729 5e-05 888
0.008828828828826777 5e-05 889
0.008838838838836783 5e-05 890
0.008848848848846791 5e-05 891
0.008858858858856799 5e-05 892
0.008868868868866805 5e-05 893
0.008878878878876813 5e-05 894
0.008888888888886821 5e-05 895
0.008898898898896827 5e-05 896
0.008908908908906823 5e-05 897
0.008918918918916786 5e-05 898
0.008928928928926752 5e-05 899
0.008938938938936715 5e-05 900
0.00894894894894668 5e-05 901
0.008958958958956643 5e-05 902
0.008968968968966607 5e-05 903
0.00897897897897657 5e-05 904
0.008988988988986535 5e-05 905
0.008998998998996498 5e-05 906
0.009009009009006462 5e-05 907
0.009019019019016425 5e-05 908
0.00902902902902639 5e-05 909
0.009039039039036354 5e-05 910
0.009049049049046319 5e-05 911
0.009059059059056282 5e-05 912
0.009069069069066247 5e-05 913
0.009079079079076209 5e-05 914
0.009089089089086174 5e-05 915
0.009099099099096137 5e-05 916
0.009109109109106102 5e-05 917
0.009119119119116064 5e-05 918
0.009129129129126029 5e-05 919
0.009139139139135992 5e-05 920
0.009149149149145995 5e-05 921
0.009159159159156001 5e-05 922
0.009169169169166009 5e-05 923
0.009179179179176015 5e-05 924
0.009189189189186023 5e-05 925
0.009199199199196031 5e-05 926
0.009209209209206037 5e-05 927
0.009219219219216047 5e-05 928
0.009229229229226097 5e-05 929
0.009239239239236148 5e-05 930
0.009249249249246199 5e-05 931
0.009259259259256249 5e-05 932
0.0092692692692663 5e-05 933
0.009279279279276352 5e-05 934
0.009289289289286401 5e-05 935
0.009299299299296453 5e-05 936
0.009309309309306504 5e-05 937
0.009319319319316554 5e-05 938
0.009329329329326605 5e-05 939
0.009339339339336655 5e-05 940
0.009349349349346706 5e-05 941
0.009359359359356756 5e-05 942
0.009369369369366807 5e-05 943
0.009379379379376858 5e-05 944
0.009389389389386908 5e-05 945
0.009399399399396959 5e-05 946
0.009409409409407009 5e-05 947
0.009419419419417062 5e-05 948
0.009429429429427112 5e-05 949
0.009439439439437161 5e-05 950
0.009449449449447212 5e-05 951
0.009459459459457262 5e-05 952
0.009469469469467315 5e-05 953
0.009479479479477365 5e-05 954
0.009489489489487414 5e-05 955
0.009499499499497466 5e-05 956
0.009509509509507515 5e-05 957
0.009519519519517567 5e-05 958
0.009529529529527618 5e-05 959
0.009539539539537668 5e-05 960
0.009549549549547719 5e-05 961
0.00955955955955777 5e-05 962
0.00956956956956782 5e-05 963
0.009579579579577871 5e-05 964
0.009589589589587923 5e-05 965
0.009599599599597972 5e-05 966
0.009609609609608024 5e-05 967
0.009619619619618073 5e-05 968
0.009629629629628125 5e-05 969
0.009639639639638176 5e-05 970
0.009649649649648226 5e-05 971
0.009659659659658277 5e-05 972
0.009669669669668327 5e-05 973
0.009679679679678378 5e-05 974
0.009689689689688429 5e-05 975
0.009699699699698481 5e-05 976
0.00970970970970853 5e-05 977
0.00971971971971858 5e-05 978
0.009729729729728631 5e-05 979
0.009739739739738682 5e-05 980
0.009749749749748734 5e-05 981
0.009759759759758783 5e-05 982
0.009769769769768833 5e-05 983
0.009779779779778884 5e-05 984
0.009789789789788934 5e-05 985
0.009799799799798987 5e-05 986
0.009809809809809037 5e-05 987
0.009819819819819086 5e-05 988
0.009829829829829138 5e-05 989
0.009839839839839189 5e-05 990
0.009849849849849239 5e-05 991
0.00985985985985929 5e-05 992
0.009869869869869341 5e-05 993
0.009879879879879391 5e-05 994
0.009889889889889442 5e-05 995
0.009899899899899494 5e-05 996
0.009909909909909543 5e-05 997
0.009919919919919595 5e-05 998
0.009929929929929644 5e-05 999
0.009939939939939696 5e-05 1000
0.009949949949949745 5e-05 1001
0.009959959959959797 5e-05 1002
0.009969969969969848 5e-05 1003
0.009979979979979899 5e-05 1004
0.009989989989989949 5e-05 1005
0.009989989989989949 0 1006
0.009979979979979898 0 1007
0.009969969969969848 0 1008
0.009959959959959797 0 1009
0.009949949949949745 0 1010
0.009939939939939694 0 1011
0.009929929929929643 0 1012
0.009919919919919591 0 1013
0.009909909909909542 0 1014
0.00989989989989949 0 1015
0.009889889889889439 0 1016
0.009879879879879387 0 1017
0.009869869869869336 0 1018
0.009859859859859287 0 1019
0.009849849849849235 0 1020
0.009839839839839184 0 1021
0.009829829829829132 0 1022
0.009819819819819081 0 1023
0.00980980980980903 0 1024
0.00979979979979898 0 1025
0.009789789789788929 0 1026
0.009779779779778877 0 1027
0.009769769769768826 0 1028
0.009759759759758801 0 1029
0.009749749749748793 0 1030
0.009739739739738785 0 1031
0.009729729729728779 0 1032
0.009719719719718771 0 1033
0.009709709709708763 0 1034
0.009699699699698755 0 1035
0.009689689689688747 0 1036
0.009679679679678773 0 1037
0.009669669669668809 0 1038
0.009659659659658846 0 1039
0.009649649649648881 0 1040
0.009639639639638917 0 1041
0.009629629629628952 0 1042
0.009619619619618987 0 1043
0.009609609609609025 0 1044
0.00959959959959906 0 1045
0.009589589589589095 0 1046
0.009579579579579131 0 1047
0.009569569569569168 0 1048
0.009559559559559203 0 1049
0.009549549549549239 0 1050
0.009539539539539274 0 1051
0.009529529529529311 0 1052
0.009519519519519347 0 1053
0.009509509509509382 0 1054
0.009499499499499417 0 1055
0.009489489489489453 0 1056
0.00947947947947949 0 1057
0.009469469469469525 0 1058
0.009459459459459561 0 1059
0.009449449449449596 0 1060
0.009439439439439633 0 1061
0.009429429429429668 0 1062
0.009419419419419704 0 1063
0.009409409409409739 0 1064
0.009399399399399776 0 1065
0.009389389389389812 0 1066
0.009379379379379847 0 1067
0.009369369369369883 0 1068
0.009359359359359918 0 1069
0.009349349349349955 0 1070
0.00933933933933999 0 1071
0.009329329329330026 0 1072
0.009319319319320061 0 1073
0.009309309309310098 0 1074
0.009299299299300134 0 1075
0.009289289289290169 0 1076
0.009279279279280205 0 1077
0.009269269269270242 0 1078
0.009259259259260277 0 1079
0.009249249249250312 0 1080
0.009239239239240348 0 1081
0.009229229229230383 0 1082
0.00921921921922042 0 1083
0.009209209209210456 0 1084
0.009199199199200491 0 1085
0.009189189189190526 0 1086
0.009179179179180564 0 1087
0.009169169169170599 0 1088
0.009159159159160634 0 1089
0.00914914914915067 0 1090
0.009139139139140707 0 1091
0.009129129129130742 0 1092
0.009119119119120778 0 1093
0.009109109109110813 0 1094
0.009099099099100848 0 1095
0.009089089089090886 0 1096
0.009079079079080921 0 1097
0.009069069069070956 0 1098
0.009059059059060992 0 1099
0.009049049049051027 0 1100
0.009039039039041064 0 1101
0.0090290290290311 0 1102
0.009019019019021135 0 1103
0.009009009009011172 0 1104
0.008998998999001208 0 1105
0.008988988988991243 0 1106
0.008978978978981278 0 1107
0.008968968968971314 0 1108
0.008958958958961351 0 1109
0.008948948948951386 0 1110
0.008938938938941422 0 1111
0.008928928928931457 0 1112
0.008918918918921494 0 1113
0.008908908908911529 0 1114
0.008898898898901565 0 1115
0.0088888888888916 0 1116
0.008878878878881637 0 1117
0.008868868868871673 0 1118
0.008858858858861708 0 1119
0.008848848848851744 0 1120
0.008838838838841779 0 1121
0.008828828828831816 0 1122
0.008818818818821851 0 1123
0.008808808808811887 0 1124
0.008798798798801922 0 1125
0.008788788788791958 0 1126
0.008778778778781995 0 1127
0.00876876876877203 0 1128
0.008758758758762065 0 1129
0.008748748748752103 0 1130
0.008738738738742138 0 1131
0.008728728728732173 0 1132
0.008718718718722209 0 1133
0.008708708708712244 0 1134
0.008698698698702281 0 1135
0.008688688688692317 0 1136
0.008678678678682352 0 1137
0.008668668668672387 0 1138
0.008658658658662425 0 1139
0.00864864864865246 0 1140
0.008638638638642495 0 1141
0.008628628628632531 0 1142
0.008618618618622566 0 1143
0.008608608608612603 0 1144
0.008598598598602639 0 1145
0.008588588588592674 0 1146
0.008578578578582709 0 1147
0.008568568568572747 0 1148
0.008558558558562782 0 1149
0.008548548548552817 0 1150
0.008538538538542853 0 1151
0.008528528528532888 0 1152
0.008518518518522925 0 1153
0.008508508508512961 0 1154
0.008498498498502996 0 1155
0.008488488488493031 0 1156
0.008478478478483069 0 1157
0.008468468468473104 0 1158
0.008458458458463139 0 1159
0.008448448448453175 0 1160
0.008438438438443212 0 1161
0.008428428428433247 0 1162
0.008418418418423283 0 1163
0.008408408408413318 0 1164
0.008398398398403353 0 1165
0.00838838838839339 0 1166
0.008378378378383426 0 1167
0.008368368368373461 0 1168
0.008358358358363493 0 1169
0.008348348348353485 0 1170
0.008338338338343477 0 1171
0.008328328328333469 0 1172
0.008318318318323463 0 1173
0.008308308308313455 0 1174
0.008298298298303447 0 1175
0.008288288288293439 0 1176
0.008278278278283431 0 1177
0.008268268268273425 0 1178
0.008258258258263417 0 1179
0.008248248248253409 0 1180
0.008238238238243401 0 1181
0.008228228228233395 0 1182
0.008218218218223387 0 1183
0.008208208208213379 0 1184
0.008198198198203371 0 1185
0.008188188188193363 0 1186
0.008178178178183355 0 1187
0.008168168168173348 0 1188
0.00815815815816334 0 1189
0.008148148148153333 0 1190
0.008138138138143325 0 1191
0.008128128128133317 0 1192
0.00811811811812331 0 1193
0.008108108108113302 0 1194
0.008098098098103294 0 1195
0.008088088088093286 0 1196
0.008078078078083278 0 1197
0.00806806806807327 0 1198
0.008058058058063264 0 1199
0.008048048048053256 0 1200
0.008038038038043248 0 1201
0.00802802802803324 0 1202
0.008018018018023234 0 1203
0.008008008008013226 0 1204
0.007997997998003218 0 1205
0.00798798798799321 0 1206
0.007977977977983202 0 1207
0.007967967967973194 0 1208
0.007957957957963188 0 1209
0.00794794794795318 0 1210
0.007937937937943172 0 1211
0.007927927927933166 0 1212
0.007917917917923158 0 1213
0.00790790790791315 0 1214
0.007897897897903142 0 1215
0.007887887887893134 0 1216
0.007877877877883126 0 1217
0.007867867867873118 0 1218
0.007857857857863111 0 1219
0.007847847847853104 0 1220
0.007837837837843096 0 1221
0.007827827827833088 0 1222
0.00781781781782308 0 1223
0.007807807807813063 0 1224
0.007797797797803033 0 1225
0.007787787787793004 0 1226
0.007777777777782975 0 1227
0.007767767767772946 0 1228
0.007757757757762915 0 1229
0.007747747747752887 0 1230
0.007737737737742858 0 1231
0.007727727727732843 0 1232
0.007717717717722835 0 1233
0.007707707707712827 0 1234
0.007697697697702819 0 1235
0.007687687687692812 0 1236
0.007677677677682805 0 1237
0.007667667667672797 0 1238
0.007657657657662789 0 1239
0.007647647647652781 0 1240
0.007637637637642774 0 1241
0.007627627627632767 0 1242
0.007617617617622759 0 1243
0.007607607607612751 0 1244
0.007597597597602744 0 1245
0.007587587587592736 0 1246
0.007577577577582728 0 1247
0.007567567567572743 0 1248
0.007557557557562758 0 1249
0.007547547547552771 0 1250
0.007537537537542785 0 1251
0.0075275275275328 0 1252
0.007517517517522813 0 1253
0.007507507507512827 0 1254
0.007497497497502847 0 1255
0.007487487487492882 0 1256
0.007477477477482918 0 1257
0.007467467467472955 0 1258
0.00745745745746299 0 1259
0.007447447447453025 0 1260
0.007437437437443063 0 1261
0.007427427427433098 0 1262
0.007417417417423133 0 1263
0.007407407407413169 0 1264
0.007397397397403206 0 1265
0.007387387387393241 0 1266
0.007377377377383277 0 1267
0.007367367367373312 0 1268
0.007357357357363348 0 1269
0.007347347347353385 0 1270
0.00733733733734342 0 1271
0.007327327327333455 0 1272
0.007317317317323492 0 1273
0.007307307307313527 0 1274
0.007297297297303563 0 1275
0.007287287287293599 0 1276
0.007277277277283635 0 1277
0.007267267267273671 0 1278
0.007257257257263706 0 1279
0.007247247247253742 0 1280
0.007237237237243779 0 1281
0.007227227227233814 0 1282
0.00721721721722385 0 1283
0.007207207207213886 0 1284
0.007197197197203921 0 1285
0.007187187187193958 0 1286
0.007177177177183993 0 1287
0.007167167167174028 0 1288
0.007157157157164065 0 1289
0.007147147147154101 0 1290
0.007137137137144136 0 1291
0.007127127127134173 0 1292
0.007117117117124207 0 1293
0.007107107107114244 0 1294
0.00709709709710428 0 1295
0.007087087087094315 0 1296
0.007077077077084351 0 1297
0.007067067067074388 0 1298
0.007057057057064423 0 1299
0.007047047047054459 0 1300
0.007037037037044495 0 1301
0.007027027027034531 0 1302
0.007017017017024566 0 1303
0.007007007007014602 0 1304
0.006996996997004638 0 1305
0.006986986986994674 0 1306
0.006976976976984709 0 1307
0.006966966966974745 0 1308
0.006956956956964781 0 1309
0.006946946946954817 0 1310
0.006936936936944853 0 1311
0.006926926926934889 0 1312
0.006916916916924924 0 1313
0.006906906906914961 0 1314
0.006896896896904996 0 1315
0.006886886886895031 0 1316
0.006876876876885069 0 1317
0.006866866866875104 0 1318
0.006856856856865139 0 1319
0.006846846846855175 0 1320
0.006836836836845211 0 1321
0.006826826826835247 0 1322
0.006816816816825283 0 1323
0.006806806806815318 0 1324
0.006796796796805355 0 1325
0.006786786786795391 0 1326
0.006776776776785426 0 1327
0.006766766766775461 0 1328
0.006756756756765498 0 1329
0.006746746746755534 0 1330
0.006736736736745569 0 1331
0.006726726726735605 0 1332
0.006716716716725641 0 1333
0.006706706706715677 0 1334
0.006696696696705712 0 1335
0.006686686686695748 0 1336
0.006676676676685785 0 1337
0.006666666666675819 0 1338
0.006656656656665856 0 1339
0.006646646646655891 0 1340
0.006636636636645927 0 1341
0.006626626626635964 0 1342
0.006616616616625999 0 1343
0.006606606606616034 0 1344
0.006596596596606072 0 1345
0.006586586586596106 0 1346
0.006576576576586142 0 1347
0.006566566566576178 0 1348
0.006556556556566214 0 1349
0.00654654654655625 0 1350
0.006536536536546286 0 1351
0.006526526526536321 0 1352
0.006516516516526357 0 1353
0.006506506506516394 0 1354
0.006496496496506429 0 1355
0.006486486486496465 0 1356
0.006476476476486484 0 1357
0.006466466466476497 0 1358
0.006456456456466511 0 1359
0.006446446446456525 0 1360
0.006436436436446539 0 1361
0.006426426426436553 0 1362
0.006416416416426568 0 1363
0.006406406406416582 0 1364
0.006396396396406575 0 1365
0.006386386386396567 0 1366
0.00637637637638656 0 1367
0.006366366366376552 0 1368
0.006356356356366544 0 1369
0.006346346346356536 0 1370
0.006336336336346528 0 1371
0.006326326326336521 0 1372
0.006316316316326514 0 1373
0.006306306306316505 0 1374
0.006296296296306498 0 1375
0.00628628628629649 0 1376
0.006276276276286482 0 1377
0.006266266266276475 0 1378
0.006256256256266468 0 1379
0.00624624624625646 0 1380
0.006236236236246452 0 1381
0.006226226226236445 0 1382
0.006216216216226437 0 1383
0.00620620620621643 0 1384
0.006196196196206422 0 1385
0.006186186186196414 0 1386
0.006176176176186406 0 1387
0.006166166166176398 0 1388
0.006156156156166392 0 1389
0.006146146146156384 0 1390
0.006136136136146376 0 1391
0.006126126126136368 0 1392
0.006116116116126362 0 1393
0.006106106106116354 0 1394
0.006096096096106346 0 1395
0.006086086086096354 0 1396
0.006076076076086368 0 1397
0.006066066066076382 0 1398
0.006056056056066396 0 1399
0.006046046046056411 0 1400
0.006036036036046425 0 1401
0.006026026026036439 0 1402
0.006016016016026453 0 1403
0.006006006006016488 0 1404
0.005995995996006523 0 1405
0.00598598598599656 0 1406
0.005975975975986596 0 1407
0.00596596596597663 0 1408
0.005955955955966667 0 1409
0.005945945945956702 0 1410
0.005935935935946738 0 1411
0.005925925925936775 0 1412
0.00591591591592681 0 1413
0.005905905905916845 0 1414
0.005895895895906882 0 1415
0.005885885885896917 0 1416
0.005875875875886953 0 1417
0.00586586586587699 0 1418
0.005855855855867025 0 1419
0.005845845845857061 0 1420
0.005835835835847097 0 1421
0.005825825825837133 0 1422
0.005815815815827168 0 1423
0.005805805805817204 0 1424
0.00579579579580724 0 1425
0.005785785785797276 0 1426
0.005775775775787311 0 1427
0.005765765765777348 0 1428
0.005755755755767383 0 1429
0.005745745745757419 0 1430
0.005735735735747455 0 1431
0.005725725725737491 0 1432
0.005715715715727526 0 1433
0.005705705705717563 0 1434
0.005695695695707582 0 1435
0.005685685685697596 0 1436
0.005675675675687611 0 1437
0.005665665665677624 0 1438
0.005655655655667638 0 1439
0.005645645645657653 0 1440
0.005635635635647666 0 1441
0.00562562562563768 0 1442
0.005615615615627675 0 1443
0.005605605605617666 0 1444
0.005595595595607659 0 1445
0.005585585585597652 0 1446
0.005575575575587644 0 1447
0.005565565565577636 0 1448
0.005555555555567628 0 1449
0.005545545545557621 0 1450
0.005535535535547613 0 1451
0.005525525525537606 0 1452
0.005515515515527598 0 1453
0.00550550550551759 0 1454
0.005495495495507582 0 1455
0.005485485485497575 0 1456
0.005475475475487567 0 1457
0.005465465465477559 0 1458
0.005455455455467552 0 1459
0.005445445445457544 0 1460
0.005435435435447536 0 1461
0.005425425425437529 0 1462
0.005415415415427521 0 1463
0.005405405405417514 0 1464
0.005395395395407506 0 1465
0.005385385385397498 0 1466
0.005375375375387491 0 1467
0.005365365365377484 0 1468
0.005355355355367476 0 1469
0.005345345345357468 0 1470
0.005335335335347461 0 1471
0.005325325325337453 0 1472
0.005315315315327445 0 1473
0.005305305305317452 0 1474
0.005295295295307467 0 1475
0.005285285285297482 0 1476
0.005275275275287495 0 1477
0.005265265265277509 0 1478
0.005255255255267524 0 1479
0.005245245245257537 0 1480
0.005235235235247551 0 1481
0.005225225225237586 0 1482
0.005215215215227621 0 1483
0.005205205205217657 0 1484
0.005195195195207693 0 1485
0.005185185185197728 0 1486
0.005175175175187764 0 1487
0.0051651651651778 0 1488
0.005155155155167836 0 1489
0.005145145145157872 0 1490
0.005135135135147907 0 1491
0.005125125125137944 0 1492
0.005115115115127979 0 1493
0.005105105105118015 0 1494
0.005095095095108051 0 1495
0.005085085085098087 0 1496
0.005075075075088115 0 1497
0.00506506506507813 0 1498
0.005055055055068144 0 1499
0.005045045045058158 0 1500
0.005035035035048172 0 1501
0.005025025025038187 0 1502
0.0050150150150282 0 1503
0.005005005005018214 0 1504
0.004994994995008206 0 1505
0.004984984984998177 0 1506
0.004974974974988148 0 1507
0.00496496496497812 0 1508
0.004954954954968089 0 1509
0.004944944944958059 0 1510
0.004934934934948031 0 1511
0.004924924924938001 0 1512
0.004914914914927957 0 1513
0.004904904904917906 0 1514
0.004894894894907854 0 1515
0.004884884884897803 0 1516
0.004874874874887753 0 1517
0.004864864864877702 0 1518
0.004854854854867651 0 1519
0.004844844844857599 0 1520
0.004834834834847548 0 1521
0.004824824824837497 0 1522
0.004814814814827447 0 1523
0.004804804804817395 0 1524
0.004794794794807345 0 1525
0.004784784784797293 0 1526
0.004774774774787242 0 1527
0.004764764764777191 0 1528
0.00475475475476714 0 1529
0.004744744744757089 0 1530
0.004734734734747038 0 1531
0.004724724724736986 0 1532
0.004714714714726936 0 1533
0.004704704704716884 0 1534
0.004694694694706834 0 1535
0.004684684684696789 0 1536
0.004674674674686759 0 1537
0.004664664664676728 0 1538
0.0046546546546667 0 1539
0.004644644644656671 0 1540
0.004634634634646642 0 1541
0.004624624624636613 0 1542
0.004614614614626582 0 1543
0.004604604604616563 0 1544
0.004594594594606556 0 1545
0.004584584584596548 0 1546
0.004574574574586542 0 1547
0.004564564564576533 0 1548
0.004554554554566526 0 1549
0.004544544544556518 0 1550
0.00453453453454651 0 1551
0.004524524524536503 0 1552
0.004514514514526497 0 1553
0.004504504504516488 0 1554
0.00449449449450648 0 1555
0.004484484484496473 0 1556
0.004474474474486465 0 1557
0.004464464464476459 0 1558
0.00445445445446645 0 1559
0.004444444444456443 0 1560
0.004434434434446435 0 1561
0.004424424424436428 0 1562
0.00441441441442642 0 1563
0.004404404404416413 0 1564
0.004394394394406404 0 1565
0.004384384384396397 0 1566
0.004374374374386389 0 1567
0.004364364364376359 0 1568
0.00435435435436633 0 1569
0.0043443443443563 0 1570
0.004334334334346271 0 1571
0.004324324324336242 0 1572
0.004314314314326212 0 1573
0.004304304304316183 0 1574
0.004294294294306148 0 1575
0.004284284284296096 0 1576
0.004274274274286045 0 1577
0.004264264264275995 0 1578
0.004254254254265943 0 1579
0.004244244244255893 0 1580
0.004234234234245841 0 1581
0.00422422422423579 0 1582
0.004214214214225739 0 1583
0.004204204204215688 0 1584
0.004194194194205637 0 1585
0.004184184184195586 0 1586
0.004174174174185534 0 1587
0.004164164164175484 0 1588
0.004154154154165432 0 1589
0.004144144144155382 0 1590
0.004134134134145331 0 1591
0.00412412412413528 0 1592
0.004114114114125228 0 1593
0.004104104104115177 0 1594
0.004094094094105126 0 1595
0.004084084084095075 0 1596
0.004074074074085025 0 1597
0.004064064064074973 0 1598
0.004054054054064921 0 1599
0.004044044044054871 0 1600
0.00403403403404482 0 1601
0.004024024024034769 0 1602
0.004014014014024719 0 1603
0.004004004004014666 0 1604
0.003993993994004615 0 1605
0.003983983983994565 0 1606
0.003973973973984514 0 1607
0.003963963963974462 0 1608
0.00395395395396441 0 1609
0.003943943943954359 0 1610
0.003933933933944308 0 1611
0.003923923923934257 0 1612
0.003913913913924206 0 1613
0.003903903903914156 0 1614
0.003893893893904103 0 1615
0.003883883883894053 0 1616
0.003873873873884002 0 1617
0.003863863863873951 0 1618
0.0038538538538639 0 1619
0.003843843843853848 0 1620
0.003833833833843797 0 1621
0.003823823823833747 0 1622
0.003813813813823695 0 1623
0.003803803803813645 0 1624
0.003793793793803594 0 1625
0.003783783783793542 0 1626
0.003773773773783491 0 1627
0.00376376376377344 0 1628
0.003753753753763389 0 1629
0.003743743743753338 0 1630
0.003733733733743288 0 1631
0.003723723723733236 0 1632
0.003713713713723184 0 1633
0.003703703703713134 0 1634
0.003693693693703083 0 1635
0.003683683683693032 0 1636
0.00367367367368298 0 1637
0.003663663663672947 0 1638
0.003653653653662917 0 1639
0.003643643643652888 0 1640
0.003633633633642858 0 1641
0.003623623623632831 0 1642
0.0036136136136228 0 1643
0.00360360360361277 0 1644
0.003593593593602742 0 1645
0.003583583583592734 0 1646
0.003573573573582726 0 1647
0.003563563563572719 0 1648
0.003553553553562711 0 1649
0.003543543543552704 0 1650
0.003533533533542696 0 1651
0.003523523523532689 0 1652
0.003513513513522681 0 1653
0.003503503503512674 0 1654
0.003493493493502666 0 1655
0.003483483483492659 0 1656
0.003473473473482651 0 1657
0.003463463463472644 0 1658
0.003453453453462636 0 1659
0.003443443443452629 0 1660
0.003433433433442621 0 1661
0.003423423423432614 0 1662
0.003413413413422606 0 1663
0.003403403403412599 0 1664
0.003393393393402591 0 1665
0.003383383383392584 0 1666
0.003373373373382576 0 1667
0.003363363363372568 0 1668
0.003353353353362548 0 1669
0.003343343343352519 0 1670
0.003333333333342489 0 1671
0.003323323323332459 0 1672
0.003313313313322431 0 1673
0.003303303303312401 0 1674
0.003293293293302372 0 1675
0.003283283283292342 0 1676
0.003273273273282295 0 1677
0.003263263263272244 0 1678
0.003253253253262193 0 1679
0.003243243243252142 0 1680
0.003233233233242091 0 1681
0.00322322322323204 0 1682
0.003213213213221988 0 1683
0.003203203203211938 0 1684
0.003193193193201886 0 1685
0.003183183183191836 0 1686
0.003173173173181784 0 1687
0.003163163163171733 0 1688
0.003153153153161682 0 1689
0.003143143143151631 0 1690
0.00313313313314158 0 1691
0.003123123123131529 0 1692
0.003113113113121477 0 1693
0.003103103103111427 0 1694
0.003093093093101375 0 1695
0.003083083083091325 0 1696
0.003073073073081274 0 1697
0.003063063063071222 0 1698
0.003053053053061171 0 1699
0.00304304304305112 0 1700
0.003033033033041069 0 1701
0.003023023023031019 0 1702
0.003013013013020967 0 1703
0.003003003003010916 0 1704
0.002992992993000865 0 1705
0.002982982982990814 0 1706
0.002972972972980763 0 1707
0.002962962962970712 0 1708
0.002952952952960662 0 1709
0.00294294294295061 0 1710
0.002932932932940558 0 1711
0.002922922922930507 0 1712
0.002912912912920456 0 1713
0.002902902902910405 0 1714
0.002892892892900353 0 1715
0.002882882882890302 0 1716
0.002872872872880251 0 1717
0.002862862862870201 0 1718
0.002852852852860149 0 1719
0.002842842842850099 0 1720
0.002832832832840046 0 1721
0.002822822822829996 0 1722
0.002812812812819945 0 1723
0.002802802802809894 0 1724
0.002792792792799843 0 1725
0.002782782782789791 0 1726
0.00277277277277974 0 1727
0.00276276276276969 0 1728
0.002752752752759638 0 1729
0.002742742742749588 0 1730
0.00273273273273954 0 1731
0.00272272272272951 0 1732
0.002712712712719481 0 1733
0.002702702702709452 0 1734
0.002692692692699422 0 1735
0.002682682682689393 0 1736
0.002672672672679364 0 1737
0.002662662662669334 0 1738
0.002652652652659313 0 1739
0.002642642642649306 0 1740
0.002632632632639298 0 1741
0.002622622622629291 0 1742
0.002612612612619282 0 1743
0.002602602602609276 0 1744
0.002592592592599268 0 1745
0.00258258258258926 0 1746
0.002572572572579253 0 1747
0.002562562562569244 0 1748
0.002552552552559238 0 1749
0.00254254254254923 0 1750
0.002532532532539222 0 1751
0.002522522522529214 0 1752
0.002512512512519207 0 1753
0.002502502502509199 0 1754
0.002492492492499192 0 1755
0.002482482482489184 0 1756
0.002472472472479177 0 1757
0.002462462462469169 0 1758
0.002452452452459162 0 1759
0.002442442442449154 0 1760
0.002432432432439147 0 1761
0.002422422422429139 0 1762
0.002412412412419132 0 1763
0.002402402402409124 0 1764
0.002392392392399115 0 1765
0.002382382382389109 0 1766
0.002372372372379102 0 1767
0.002362362362369094 0 1768
0.002352352352359086 0 1769
0.002342342342349076 0 1770
0.002332332332339046 0 1771
0.002322322322329017 0 1772
0.002312312312318987 0 1773
0.002302302302308958 0 1774
0.002292292292298929 0 1775
0.002282282282288899 0 1776
0.00227227227227887 0 1777
0.002262262262268834 0 1778
0.002252252252258783 0 1779
0.002242242242248732 0 1780
0.00223223223223868 0 1781
0.002222222222228628 0 1782
0.002212212212218578 0 1783
0.002202202202208526 0 1784
0.002192192192198476 0 1785
0.002182182182188425 0 1786
0.002172172172178372 0 1787
0.002162162162168323 0 1788
0.002152152152158271 0 1789
0.00214214214214822 0 1790
0.002132132132138169 0 1791
0.002122122122128119 0 1792
0.002112112112118066 0 1793
0.002102102102108016 0 1794
0.002092092092097965 0 1795
0.002082082082087914 0 1796
0.002072072072077862 0 1797
0.002062062062067813 0 1798
0.00205205205205776 0 1799
0.00204204204204771 0 1800
0.002032032032037659 0 1801
0.002022022022027607 0 1802
0.002012012012017556 0 1803
0.002002002002007505 0 1804
0.001991991991997453 0 1805
0.001981981981987404 0 1806
0.001971971971977352 0 1807
0.001961961961967301 0 1808
0.001951951951957251 0 1809
0.001941941941947198 0 1810
0.001931931931937147 0 1811
0.001921921921927097 0 1812
0.001911911911917046 0 1813
0.001901901901906995 0 1814
0.001891891891896941 0 1815
0.001881881881886892 0 1816
0.00187187187187684 0 1817
0.001861861861866789 0 1818
0.001851851851856738 0 1819
0.001841841841846688 0 1820
0.001831831831836635 0 1821
0.001821821821826585 0 1822
0.001811811811816534 0 1823
0.001801801801806483 0 1824
0.001791791791796431 0 1825
0.00178178178178638 0 1826
0.001771771771776329 0 1827
0.001761761761766279 0 1828
0.001751751751756228 0 1829
0.001741741741746176 0 1830
0.001731731731736125 0 1831
0.001721721721726074 0 1832
0.001711711711716022 0 1833
0.001701701701705973 0 1834
0.001691691691695921 0 1835
0.00168168168168587 0 1836
0.001671671671675819 0 1837
0.001661661661665767 0 1838
0.001651651651655716 0 1839
0.001641641641645666 0 1840
0.001631631631635615 0 1841
0.001621621621625564 0 1842
0.001611611611615512 0 1843
0.001601601601605461 0 1844
0.00159159159159541 0 1845
0.00158158158158536 0 1846
0.001571571571575309 0 1847
0.001561561561565257 0 1848
0.001551551551555206 0 1849
0.001541541541545155 0 1850
0.001531531531535103 0 1851
0.001521521521525052 0 1852
0.001511511511515001 0 1853
0.001501501501504949 0 1854
0.001491491491494898 0 1855
0.001481481481484848 0 1856
0.001471471471474797 0 1857
0.001461461461464746 0 1858
0.001451451451454694 0 1859
0.001441441441444643 0 1860
0.001431431431434592 0 1861
0.001421421421424542 0 1862
0.001411411411414491 0 1863
0.001401401401404439 0 1864
0.001391391391394388 0 1865
0.001381381381384337 0 1866
0.001371371371374285 0 1867
0.001361361361364236 0 1868
0.001351351351354184 0 1869
0.001341341341344133 0 1870
0.001331331331334082 0 1871
0.00132132132132403 0 1872
0.001311311311313979 0 1873
0.001301301301303929 0 1874
0.001291291291293878 0 1875
0.001281281281283827 0 1876
0.001271271271273775 0 1877
0.001261261261263724 0 1878
0.001251251251253672 0 1879
0.001241241241243623 0 1880
0.001231231231233572 0 1881
0.00122122122122352 0 1882
0.001211211211213469 0 1883
0.001201201201203417 0 1884
0.001191191191193366 0 1885
0.001181181181183315 0 1886
0.001171171171173267 0 1887
0.001161161161163259 0 1888
0.001151151151153253 0 1889
0.001141141141143245 0 1890
0.001131131131133237 0 1891
0.00112112112112323 0 1892
0.001111111111113221 0 1893
0.001101101101103213 0 1894
0.001091091091093219 0 1895
0.001081081081083254 0 1896
0.001071071071073289 0 1897
0.001061061061063327 0 1898
0.00105105105105336 0 1899
0.001041041041043397 0 1900
0.001031031031033434 0 1901
0.00102102102102347 0 1902
0.001011011011013505 0 1903
0.001001001001003539 0 1904
0.000990990990993576 0 1905
0.0009809809809836131 0 1906
0.0009709709709736485 0 1907
0.0009609609609636839 0 1908
0.000950950950953721 0 1909
0.0009409409409437547 0 1910
0.0009309309309337918 0 1911
0.0009209209209238272 0 1912
0.0009109109109138643 0 1913
0.0009009009009038997 0 1914
0.0008908908908939334 0 1915
0.0008808808808839705 0 1916
0.0008708708708740059 0 1917
0.000860860860864043 0 1918
0.000850850850854042 0 1919
0.000840840840844034 0 1920
0.0008308308308340243 0 1921
0.000820820820824018 0 1922
0.0008108108108140118 0 1923
0.0008008008008040038 0 1924
0.0007907907907939958 0 1925
0.0007807807807839861 0 1926
0.0007707707707739347 0 1927
0.0007607607607638834 0 1928
0.000750750750753832 0 1929
0.0007407407407437824 0 1930
0.0007307307307337311 0 1931
0.000720720720723678 0 1932
0.0007107107107136284 0 1933
0.000700700700703577 0 1934
0.0006906906906935257 0 1935
0.0006806806806834761 0 1936
0.0006706706706734247 0 1937
0.0006606606606633716 0 1938
0.000650650650653322 0 1939
0.0006406406406432707 0 1940
0.0006306306306332193 0 1941
0.0006206206206231697 0 1942
0.0006106106106131166 0 1943
0.000600600600603067 0 1944
0.0005905905905930157 0 1945
0.0005805805805829643 0 1946
0.000570570570572913 0 1947
0.0005605605605628634 0 1948
0.0005505505505528103 0 1949
0.0005405405405427607 0 1950
0.0005305305305327093 0 1951
0.000520520520522658 0 1952
0.0005105105105126066 0 1953
0.0005005005005025535 0 1954
0.0004904904904925039 0 1955
0.0004804804804824526 0 1956
0.0004704704704724012 0 1957
0.0004604604604623516 0 1958
0.0004504504504523003 0 1959
0.0004404404404422472 0 1960
0.0004304304304321976 0 1961
0.0004204204204221462 0 1962
0.0004104104104120949 0 1963
0.0004004004004020453 0 1964
0.0003903903903919939 0 1965
0.0003803803803819408 0 1966
0.0003703703703718912 0 1967
0.0003603603603618399 0 1968
0.0003503503503517885 0 1969
0.0003403403403417389 0 1970
0.0003303303303316858 0 1971
0.0003203203203216362 0 1972
0.0003103103103115849 0 1973
0.0003003003003015335 0 1974
0.0002902902902914822 0 1975
0.0002802802802814326 0 1976
0.0002702702702713795 0 1977
0.0002602602602613299 0 1978
0.0002502502502512785 0 1979
0.0002402402402412272 0 1980
0.0002302302302311758 0 1981
0.0002202202202211245 0 1982
0.0002102102102110731 0 1983
0.0002002002002010235 0 1984
0.0001901901901909721 0 1985
0.0001801801801809208 0 1986
0.0001701701701708695 0 1987
0.0001601601601608164 0 1988
0.0001501501501507668 0 1989
0.0001401401401407154 0 1990
0.0001301301301306641 0 1991
0.0001201201201206144 0 1992
0.0001101101101105614 0 1993
0.00010010010010051 0 1994
9.00900900904604e-05 0 1995
8.008008008040905e-05 0 1996
7.00700700703577e-05 0 1997
6.006006006030809e-05 0 1998
5.005005005025501e-05 0 1999
4.004004004020539e-05 0 2000
3.003003003015405e-05 0 2001
2.00200200201027e-05 0 2002
1.001001001005135e-05 0 2003
0.01000436996001983 5.019133158349761e-05 2004
0.01000966492824438 5.094300088640821e-05 2005
0.01001598355144626 5.262357038394922e-05 2006
0.01002332823230084 5.57756449711471e-05 2007
0.01003148173702682 6.11554349519221e-05 2008
0.01003979126873329 6.972369024146289e-05 2009
0.01004683318576918 8.248849775976151e-05 2010
0.01005 0.0001194444444444083 2011
0.01005 0.0001388888888888231 2012
0.01005 0.0001583333333332355 2013
0.01005 0.0001777777777776385 2014
0.01005 0.000197222222222031 2015
0.01005 0.0002166666666664234 2016
0.01005 0.0002361111111108264 2017
0.01005 0.0002555555555552083 2018
0.01005 0.0002749999999996113 2019
0.01005 0.0002944444444440789 2020
0.01005 0.0003138888888885677 2021
0.01005 0.0003333333333330566 2022
0.01005 0.0003527777777775606 2023
0.01005 0.0003722222222220506 2024
0.01005 0.0003916666666665336 2025
0.01005 0.0004111111111110224 2026
0.01005 0.0004305555555555113 2027
0.01039944938525225 0.0001196246566040284 2028
0.01039779927344925 0.0001391875667549816 2029
0.01039505485644867 0.0001586271783491902 2030
0.01039122476919983 0.0001778823271642822 2031
0.01038632106256314 0.0001968924294070366 2032
0.01038035916546878 0.0002155976720819783 2033
0.010373357836196 0.0002339392017694658 2034
0.01036533910358888 0.0002518593090586146 2035
0.01035632819749808 0.0002693016107943924 2036
0.01034635346954587 0.000286211227073246 2037
0.01033544630406354 0.0003025349537646912 2038
0.01032364101869083 0.0003182214308674618 2039
0.01031097475758979 0.0003332213024167219 2040
0.01029748737334 0.0003474873734905805 2041
0.01028322130232518 0.00036097475767159 2042
0.01026822143049128 0.0003736410189908324 2043
0.01025253495362992 0.0003854463041591614 2044
0.01023621122685783 0.0003963534696812234 2045
0.01021930161033349 0.0004063281977528137 2046
0.01020185930851144 0.0004153391038523859 2047
0.01018393920155014 0.0004233578362868451 2048
0.01016559767197035 0.0004303591655078381 2049
0.01014689242920435 0.0004363210626215378 2050
0.0101278823271954 0.0004412247691927248 2051
0.01010862717847111 0.0004450548564279539 2052
0.01008918756678832 0.0004477992734454894 2053
0.01006962465680585 0.0004494493852409132 2054
0.0104 1.999999999995522e-05 2055
0.0104 3.999999999989803e-05 2056
0.0104 5.99999999998963e-05 2057
0.0104 7.999999999994936e-05 2058
0.01000400352259459 0 2059
0.01000816732771735 0 2060
0.01001249783058205 0 2061
0.01001700170698996 0 2062
0.01002168589656004 0 2063
0.0100265576187784 0 2064
0.01003162438171615 0 2065
0.01003689399333564 0 2066
0.01004237457539045 0 2067
0.0100480745750636 0 2068
0.01005400277214011 0 2069
0.01006016830901083 0 2070
0.01006658068365768 0 2071
0.01007324977794512 0 2072
0.01008018587199608 0 2073
0.01008739965320079 0 2074
0.0100949022416916 0 2075
0.01010270519676944 0 2076
0.01011082054491554 0 2077
0.01011926079292525 0 2078
0.01012803894777021 0 2079
0.01013716853834182 0 2080
0.01014666363447747 0 2081
0.01015653886798826 0 2082
0.01016680945994047 0 2083
0.01017749123607838 0 2084
0.01018860066346983 0 2085
0.01020015485647045 0 2086
0.01021217162326532 0 2087
0.01022466948432428 0 2088
0.01023766769952664 0 2089
0.01025118630069943 0 2090
0.01026524612300445 0 2091
0.01027986883397757 0 2092
0.01029507696971345 0 2093
0.0103108939651095 0 2094
0.01032734419473735 0 2095
0.01034445301761835 0 2096
0.01036224679514924 0 2097
0.01038075294809747 0 2098
0.0102225447540201 1.092790727020401e-05 2099
0.01035614171101989 0.0002333179326130483 2100
0.01017435246857424 7.122957477797509e-06 2101
0.0100666499159591 0.0001667226800713609 2102
0.01027091837040085 1.362022244979952e-05 2103
0.01030465303602115 0.0003130978078400574 2104
0.01012289356042005 9.845345452821835e-06 2105
0.01007075627557399 0.0002476529359927432 2106
0.01037869400602485 0.0001448975056666517 2107
0.01006822216066105 0.00011011123830852 2108
0.01023908183954956 0.0003748062522157246 2109
0.01008430683708684 6.029889769760759e-06 2110
0.01006483190278664 0.0002997725023383525 2111
0.01002030305024673 3.19414854706528e-06 2112
0.01006299794248184 6.77299633568934e-06 2113
0.01003985285163284 5.398760025261233e-06 2114
0.01031766724808332 1.429544007183183e-05 2115
0.0101702618135987 0.0004126290857512197 2116
0.01005110626924716 6.971977992811492e-05 2117
0.01038318098829181 8.293360392471984e-05 2118
0.01002281764856728 4.617938674514781e-05 2119
0.01007150234477995 0.0003660725644326695 2120
0.01035007453773663 1.964814939699918e-05 2121
0.01024208388108877 1.171458543178968e-05 2122
0.01002931723786891 4.242023602116803e-06 2123
0.01005309281438524 4.931321418281931e-06 2124
0.01019524523044277 1.128359142556075e-05 2125
0.01010043162329019 5.495137835780904e-06 2126
0.01013866993645052 7.974505374678124e-06 2127
0.01006268457259119 0.0002031743672940606 2128
0.0101194405117774 0.0004230289105993438 2129
0.01037008331183744 0.0001830422312964623 2130
0.0103387150428461 0.0002667274294113172 2131
0.01028072777420844 0.0003396405082702952 2132
0.01019919951376833 0.0003939753676243943 2133
0.0100707364428648 0.0004035457855291182 2134
0.01038040721643421 5.006610705313242e-05 2135
0.010049538026789 5.947607676463626e-05 2136
0.01006248595233713 5.808825663517077e-05 2137
0.01005398779869476 5.035466000836e-05 2138
0.01006638660318657 5.016636382615184e-05 2139
0.01007177017307463 6.009392321156571e-05 2140
0.01007504488827578 5.148634087277416e-05 2141
0.01008438645100985 6.013238885849846e-05 2142
0.01009117898010418 4.986888702161773e-05 2143
0.01010102876992216 5.850790368162348e-05 2144
0.01010566499996577 4.583468983718515e-05 2145
0.0101140727275527 5.891852698655243e-05 2146
0.01011689620407111 4.70244061934623e-05 2147
0.01012719268256874 6.28715971126287e-05 2148
0.01011739801137976 7.476640232471111e-05 2149
0.01013206788428662 7.89389180908666e-05 2150
0.01012301073000253 9.157595977927609e-05 2151
0.01013933029329794 8.786566627868653e-05 2152
0.01013476265955839 9.744360905700471e-05 2153
0.01014648593431585 0.0001013262028321428 2154
0.01014567878095353 0.0001142963302644938 2155
0.01015648495598265 0.0001138776541803971 2156
0.01014830406540873 0.0001313661657996998 2157
0.01016234431016424 0.0001238144075699883 2158
0.01015790344896322 0.0001472420956389815 2159
0.01017063120507725 0.0001386750921837514 2160
0.01016435305942943 0.0001618016862056868 2161
0.01017938144538787 0.0001571974646777715 2162
0.01017312141129967 0.0001745529674064731 2163
0.01019327173343651 0.0001473926423914679 2164
0.01020074938755796 0.000160305250647583 2165
0.01020743136512716 0.0001427092457714705 2166
0.01021262807997382 0.0001552818727503843 2167
0.01022056298472354 0.0001396621738931937 2168
0.01022891292599013 0.0001533288868564754 2169
0.01022535855783314 0.0001701596321864879 2170
0.01023482875900295 0.0001389669655246692 2171
0.01016133397610383 0.000102722799647957 2172
0.01023142226596758 0.0001261493794187492 2173
0.01024745888644714 0.0001261063989560995 2174
0.01025056658132453 0.0001551199290671412 2175
0.01024151428899287 0.0001114828488074958 2176
0.01025777951031742 0.0001107891838373343 2177
0.01025306222822528 9.387957679024332e-05 2178
0.01027005468537167 9.55379522928716e-05 2179
0.01027496344263741 0.0001098125822224349 2180
0.01028544033296746 8.862244944242568e-05 2181
0.01029335618585861 0.0001061952084364215 2182
0.01015241268003429 0.0001724479321767896 2183
0.01016409184021298 0.0001860670160061284 2184
0.01014292123499647 6.069499868534553e-05 2185
0.0103038504283435 9.212669369965468e-05 2186
0.01023406024301808 9.392082751344733e-05 2187
0.0102413490036195 7.90622033954766e-05 2188
0.01022184914794443 8.06235362228023e-05 2189
0.01014559723692834 0.0001844202672534966 2190
0.01015245750574467 0.0001954164677360003 2191
0.01017812692384806 0.0001988780710325788 2192
0.01016510479285451 0.0002130238934586136 2193
0.01018642162431522 0.0002171514423395001 2194
0.0101718122324579 0.0002351044849244748 2195
0.01019201651959462 0.0002328870650531284 2196
0.01018519507479329 0.0002511376827935126 2197
0.01020020150552653 0.0002486290542900178 2198
0.01019168085963344 0.0002651726718030748 2199
0.01017421958773975 0.0002655797397891371 2200
0.01018040185855742 0.0002808323888264148 2201
0.0102070675132615 0.0002625965858495611 2202
0.01021536168615922 0.0002458698208810119 2203
0.01016301242482582 0.0002810436398878976 2204
0.01016886869652331 0.0002948995513638811 2205
0.01015373475618959 0.0002970178588496925 2206
0.01016252335122319 0.0003126038257146118 2207
0.01022593968007137 0.000260313708923334 2208
0.01023194904693155 0.0002459899359399287 2209
0.01014469249666206 0.0003139947149780926 2210
0.01014529161786933 0.0002167207628975326 2211
0.01029539373049843 7.377820259159625e-05 2212
0.01031011231163018 7.864243856793096e-05 2213
0.01014593687419614 0.0002817922767245869 2214
0.01018038015395806 0.0003083629931598661 2215
0.01013248089516503 0.0001320566294986743 2216
0.01031161859066565 0.000110519875563967 2217
0.01029873979680276 0.0001271455761997509 2218
0.01015251905954551 0.0003298293100689898 2219
0.01022928822101516 6.713821687431537e-05 2220
0.01021475104049245 6.801483780491083e-05 2221
0.01024418792807565 0.0002663791528243274 2222
0.01025208032786508 0.0002500654586673498 2223
0.01024230539335022 0.0002819862619890693 2224
0.01013489771331347 0.0003311407560896159 2225
0.0102490344333597 0.0002325051926518608 2226
0.01026703634212281 0.0002280245401488094 2227
0.01014305928723843 0.0003472914712738808 2228
0.01006128538411974 4.217919610923607e-05 2229
0.01004930028019684 3.784263428917048e-05 2230
0.01031813842430571 0.0001312784755241654 2231
0.01030899780750411 0.0001416072584489487 2232
0.01030293992944667 6.154733384510914e-05 2233
0.01031732368144056 6.430521005443148e-05 2234
0.01027154870325281 0.0002455127056469566 2235
0.01028817848348836 0.0002346863660869063 2236
0.01027710155480598 0.0002126698271963623 2237
0.01029073999689021 0.0002170893624921794 2238
0.01028108509004394 0.0001966258112153412 2239
0.01029756493444902 0.00019986733370115 2240
0.01022336129508711 5.241448245342837e-05 2241
0.01021028504541747 5.355315099805745e-05 2242
0.01023957013609447 5.613117466250329e-05 2243
0.01022019124010652 0.0001000753818602737 2244
0.0101584554880205 0.0003443190993061873 2245
0.01032529144004292 8.220189534261658e-05 2246
0.01020428956587058 7.14238836655821e-05 2247
0.01019790282116674 5.98467569865005e-05 2248
0.01005379609810983 2.996122373808551e-05 2249
0.01004325607753853 3.219768435982595e-05 2250
0.01006212693953585 3.072218493205712e-05 2251
0.0101156136595839 0.0001032442069405072 2252
0.01020280379338447 0.0002153369279846062 2253
0.01012736011322573 0.0003154582133287856 2254
0.01012479621947936 0.0003515162031572181 2255
0.01013549034432515 0.0003664166543612247 2256
0.01013819371273276 0.0001660348498507706 2257
0.010130234936247 0.0001830282838228063 2258
0.01011771274439191 0.0001640938967082592 2259
0.01026051862351551 0.0002848958861363025 2260
0.01023990372525179 0.0002992342450591631 2261
0.01009223517761629 6.801170844088702e-05 2262
0.01033066451335246 0.0001414642629063874 2263
0.01033925163140446 0.0001287177967713378 2264
0.01011175811327049 3.645678763585299e-05 2265
0.01012642215126714 3.955400715202397e-05 2266
0.01033155368466063 6.846946150560135e-05 2267
0.01020140499863765 4.167134777940543e-05 2268
0.01019153038046767 4.801304022650517e-05 2269
0.01018038907219041 5.280710341681236e-05 2270
0.01017462403921621 4.243733042157968e-05 2271
0.01028301347490612 6.481068351303539e-05 2272
0.01029106464144154 5.123742470061761e-05 2273
0.0102660842557615 0.0001933505123345898 2274
0.01004004137881426 3.8268850772671e-05 2275
0.010037205203197 2.990413515608403e-05 2276
0.01004008693985654 2.453549684617762e-05 2277
0.0100351425216524 2.182950705596311e-05 2278
0.01003157438774873 2.687510752026089e-05 2279
0.01002704403127342 2.336308471049603e-05 2280
0.01002259224624343 2.644445131540319e-05 2281
0.01001934175497268 2.131459880498269e-05 2282
0.01001783893152546 3.006795308634373e-05 2283
0.01030299455977266 0.0002317899827481799 2284
0.0101188456553222 0.000366510005188477 2285
0.01011178312527496 0.0001864535422284394 2286
0.01010484065014024 0.000346016102558727 2287
0.01021992835622225 0.0002973863306111312 2288
0.01023545011884887 0.0003162684227176167 2289
0.01029186319007328 0.0001860679870261726 2290
0.01030995403662446 0.0001895835574351261 2291
0.01032040890225952 0.0002006040747207666 2292
0.01023157911755908 4.453791622416465e-05 2293
0.01024720796715586 4.51017805064569e-05 2294
0.01002347253768218 1.819197475100482e-05 2295
0.0100179991386605 1.628906815643499e-05 2296
0.01029033932368174 0.0001415759916615205 2297
0.010082896265513 4.043900516642672e-05 2298
0.01012062842727882 0.0003802866017220323 2299
0.01032987354931913 0.0001881108700777966 2300
0.01002683991256966 3.292538879369293e-05 2301
0.01020246781941642 0.0001290118037163146 2302
0.01034046883845478 0.0001955742819540105 2303
0.01033946453042443 8.807745943356185e-05 2304
0.01010263079901565 0.0003845656476015344 2305
0.0103235164049037 4.82949747208956e-05 2306
0.01034388388961396 5.323312436597526e-05 2307
0.01018610097760063 3.52873248607631e-05 2308
0.01017151123861245 3.004878621259194e-05 2309
0.01006174892294006 2.102154596903826e-05 2310
0.01007065820867783 2.172849801089636e-05 2311
0.01016867528260879 5.596687908483584e-05 2312
0.01017395773299026 6.794536593392609e-05 2313
0.01026240701274678 0.0003040616337302248 2314
0.01027772380663995 0.0002830966026168887 2315
0.01013728140935293 0.0003812223972151913 2316
0.01011933446070863 0.0002028762993910123 2317
0.01021668523139741 0.0003143751704668155 2318
0.01023183530701073 0.0003344907900750344 2319
0.01021157235655119 0.0003329989558224226 2320
0.01006250194353914 8.283836430025038e-05 2321
0.01003809127708863 1.724819886821906e-05 2322
0.01004435879849981 1.926743990298231e-05 2323
0.01010354468391898 0.0001706552114972111 2324
0.01011018781544847 0.0001498841837415498 2325
0.01025630807193279 5.591707340448915e-05 2326
0.01026318105398356 4.405246707962521e-05 2327
0.01012109535479847 2.891297105163286e-05 2328
0.01010461709461545 3.015015865042432e-05 2329
0.01013451636030276 2.540927856019682e-05 2330
0.01013719323706313 3.747821678682361e-05 2331
0.01014672009631058 2.59813053761e-05 2332
0.01014878469205759 3.607405484120826e-05 2333
0.01010104636321405 0.0002060982626339632 2334
0.01010673891363173 0.0002214427411928462 2335
0.01013636638374957 0.0003959599801021979 2336
0.01034674804353286 0.0001419506723592241 2337
0.01035045840762632 0.0001200868200640015 2338
0.01009720389646861 0.0001557788065191776 2339
0.01009792741186005 0.0001374208960798306 2340
0.01008176083171198 0.0001395041928128854 2341
0.01009287902676908 0.0001240949005185815 2342
0.01002393754657229 1.226554755315532e-05 2343
0.0100182390835602 1.212430133225136e-05 2344
0.01001508729530532 1.586687001558569e-05 2345
0.01001215456478567 2.004772642723278e-05 2346
0.01001114560009623 3.59617119971405e-05 2347
0.01002954164990012 1.336357627350145e-05 2348
0.01033330951599741 0.0002094643487061427 2349
0.01021982569476314 0.0003491836828220352 2350
0.01019369595690796 0.0003458895524701018 2351
0.01024530722107773 0.0003483872569340039 2352
0.01016080275213813 7.044273375478057e-05 2353
0.01001650091850205 4.602998704443971e-05 2354
0.01001054005766531 4.621190176646206e-05 2355
0.01020080123085835 0.0002961829587193222 2356
0.01008263221375377 0.0004279532359699835 2357
0.0102077874538382 0.0003582692536061398 2358
0.01019041281857076 0.0003644760807363616 2359
0.01011194617395755 1.995550631079517e-05 2360
0.01003336344753608 5.163940246583608e-05 2361
0.01033118250317691 0.000100680988924856 2362
0.01035122453058041 9.767715851135071e-05 2363
0.01033452935379824 3.285705826410209e-05 2364
0.01002991378769078 4.300437139688045e-05 2365
0.01009261756245839 0.0002185328521677591 2366
0.01010401401186783 0.000240171300262309 2367
0.01012409082029015 0.0002376266903903387 2368
0.01011558749149288 0.0002555765345413431 2369
0.01013107348516356 0.0002518023197102272 2370
0.01012380383671467 0.0002691182786008758 2371
0.01010602477481462 0.0002685417222218635 2372
0.01011418138838351 0.0002854424564688697 2373
0.01009455873868896 0.0002858739987730753 2374
0.01010354742509225 0.0003043635273370466 2375
0.01031596282177839 3.276907025867088e-05 2376
0.01025449387192416 3.375136892005636e-05 2377
0.01029857837883827 0.0001543307670309984 2378
0.01028157925311288 0.0001607355243855845 2379
0.01027359103096944 0.0001423182366729011 2380
0.01015716223955976 2.493559803876384e-05 2381
0.01033397729826335 0.0001566329800347102 2382
0.01034869538934101 0.000158473630520344 2383
0.01007880366109372 0.0002723895576893176 2384
0.01006552948845808 1.413463199921497e-05 2385
0.01007173061159016 1.568481886994264e-05 2386
0.01007822106928415 2.272792758089576e-05 2387
0.01005682643451091 1.528574000118453e-05 2388
0.01036472330941763 8.541884379580107e-05 2389
0.0100223307468839 4.021960639314974e-05 2390
0.01027041981262822 3.315041803211413e-05 2391
0.01028358297107636 0.0002985111327744675 2392
0.01029493206549048 0.0002745366622929669 2393
0.01027539492451824 0.0003188013854645678 2394
0.01010273101938777 1.57147515756605e-05 2395
0.01009711744467027 2.413153101380165e-05 2396
0.01008970919582279 1.803545444565939e-05 2397
0.01034897322239771 0.0001825516086841509 2398
0.01035696652702804 0.0001973142518586529 2399
0.01011220591633513 0.0001263073234758276 2400
0.01016488002767964 8.236218348093349e-05 2401
0.01017845032652712 8.17334295587245e-05 2402
0.01017858909058223 1.93881603756977e-05 2403
0.01004265404205333 1.282787152190758e-05 2404
0.0100369741794206 1.05233175281477e-05 2405
0.01004565931643586 4.704999947440086e-05 2406
0.01034878967284994 3.522805278061633e-05 2407
0.01035986132593244 5.119244485397925e-05 2408
0.01036836167207259 3.71029917669562e-05 2409
0.01019002812653198 2.248004805593908e-05 2410
0.01009804486449116 3.967319749756555e-05 2411
0.0100721892393518 4.000626355684797e-05 2412
0.01015619286785403 5.836540969837409e-05 2413
0.01005372201486344 2.299646678865357e-05 2414
0.01006893883839344 0.000284748227547972 2415
0.01027928805915251 4.283666191849071e-05 2416
0.01028586293889491 3.27391760947143e-05 2417
0.01008097414918477 1.417786121931742e-05 2418
0.01004948919979591 1.194218377374844e-05 2419
0.01021702315496398 4.160852270087559e-05 2420
0.01020957020804506 3.33178816014009e-05 2421
0.01022451032212232 3.515436981086031e-05 2422
0.01023908552053487 3.608780033811296e-05 2423
0.01023188077934301 2.491017086272683e-05 2424
0.01038420420498711 6.537502472675027e-05 2425
0.01027508565048763 7.526272118660891e-05 2426
0.01019638468867312 3.426936961129954e-05 2427
0.01020081302331578 2.642289241249887e-05 2428
0.01016388794072136 4.472926927323616e-05 2429
0.01026196830561934 7.89660007712819e-05 2430
0.01030571566719499 4.837005142410759e-05 2431
0.01030211115838876 3.462079910356167e-05 2432
0.01029919267884259 1.341134226242496e-05 2433
0.01015512143614102 0.000400819396692705 2434
0.01015838984537788 0.0003808564006896135 2435
0.01014332717278071 0.0004156544199766673 2436
0.01021612228608262 0.0001266432904148054 2437
0.01021183711653688 0.0001110899836151056 2438
0.01019519485481785 0.0001130622330740471 2439
0.01020034808418915 9.868208020346216e-05 2440
0.01018211994197065 0.0001027854273484507 2441
0.0101730390436834 0.0001144169257934185 2442
0.01020913342361501 8.730287674790007e-05 2443
0.01001506250773746 3.812225831515489e-06 2444
0.01001222562999513 8.739903831584492e-06 2445
0.01006536768701251 0.0001290853916128756 2446
0.01006528190739538 0.0001430482146056811 2447
0.01026591861321593 6.457243941059248e-05 2448
0.01036571397041834 1.755510736616382e-05 2449
0.01003385642078339 3.59062466827745e-05 2450
0.01001190149203007 3.127363402245833e-06 2451
0.0103191230696935 0.0001742751176226939 2452
0.01013859401845293 1.570756766332962e-05 2453
0.01028653050022002 1.530628837089823e-05 2454
0.01007016895197772 0.000184325590087002 2455
0.01008810060664028 0.0001761248507460834 2456
0.01025797857375193 0.0002085528734899355 2457
0.01024217489092094 0.0002173278104084232 2458
0.01022877923987453 0.0002287314507628025 2459
0.01021839848666787 0.000213182926296211 2460
0.01023196785691603 0.0002041151283827624 2461
0.01021571327324722 0.0001987448109362678 2462
0.01019864810251376 0.0001960132313293674 2463
0.01020546560419992 0.0001795855499444669 2464
0.01027513923111677 0.0001816006051419769 2465
0.01025477588661198 0.0001833385625988803 2466
0.01026570447559255 0.0001681398719557761 2467
0.01024614275099526 0.0001959757824619691 2468
0.01023403654362909 0.0001883333327048411 2469
0.01025349351456361 1.242883212801335e-05 2470
0.01033420273401366 1.474766014700044e-05 2471
0.010227796754106 0.0001131397049628061 2472
0.01003430963043308 1.484303122762733e-05 2473
0.01002452272334806 3.867702411483318e-06 2474
0.01012925000161871 0.0001542382906640674 2475
0.01012193225582647 1.795676150743113e-05 2476
0.01018557885287205 0.0001292392160030782 2477
0.01010136142970775 0.0001128363754509688 2478
0.01008490661518251 0.0001060970601730503 2479
0.01009378716648554 9.324321145341705e-05 2480
0.01007916286172843 8.990162524100004e-05 2481
0.01013791826653464 0.000234472568947206 2482
0.0101498275019144 0.0002481313912095089 2483
0.01006292595009078 0.0002292929792276217 2484
0.01003440807805013 4.717226964718447e-06 2485
0.01016165096487035 7.759878566625446e-06 2486
0.01020870140166389 1.413539191515264e-05 2487
0.01020958126135603 0.000231105739031057 2488
0.01006435656782868 0.0003205951438530538 2489
0.01008591258201487 0.0003145424538503546 2490
0.01008457520341967 0.0003339734984545871 2491
0.01010044950727611 0.0003244110424449467 2492
0.01008541881995626 0.0003547397766997546 2493
0.0100676444551791 0.0003434683823141149 2494
0.01008626180244039 0.0003766472624971657 2495
0.01011787609580489 0.0003976786623957596 2496
0.01009226509681344 0.0003978261463754975 2497
0.0101845552681149 0.0001823161465074454 2498
0.01029492137406016 0.0002502384470484666 2499
0.01031227346307664 0.0002418555238512225 2500
0.01004669526013971 6.438565153811438e-06 2501
0.01038258969185062 0.0001037401689194594 2502
0.01007828281067494 4.614359018690413e-06 2503
0.01017018660449071 0.0003284888042307107 2504
0.01015102483564204 0.0003632614822972474 2505
0.01024803511261259 0.0003325810973785801 2506
0.01025978848068273 0.0003445616275892231 2507
0.01014697140008788 7.369030801015794e-05 2508
0.01013684232127831 0.0002984559140903271 2509
0.01008459343697758 0.0001989559436071464 2510
0.0101208421373691 0.0001404018829785795 2511
0.01026478317099045 0.0002685289427464729 2512
0.01005844431677174 4.986488014411027e-06 2513
0.01025169835668303 0.0003198030635607673 2514
0.0101470187094708 0.0001552447176728719 2515
0.01027852811754913 0.0001244647260124387 2516
0.01008994806229635 0.0002576502268486304 2517
0.0101978424504063 0.000280344357166681 2518
0.01021897882407216 0.0002781665787957812 2519
0.01011545357259122 9.000616027519033e-06 2520
0.01030828168897235 0.0002163493358656959 2521
0.01007030686502543 4.927535670771626e-06 2522
0.01012869739496251 5.017185200572171e-05 2523
0.0101839665888515 9.48046265137983e-06 2524
0.01034814958307984 0.0002145877595461319 2525
0.01013698922587619 0.0002001585983107126 2526
0.01009115094559859 6.333508594801316e-06 2527
0.01014822473234237 8.112731570667915e-06 2528
0.0101073291136089 7.643048618481262e-06 2529
0.01028138982958773 0.000259109379431528 2530
0.01013233239205737 7.828193168008689e-06 2531
0.01024941446793013 6.778757693460558e-05 2532
0.01031783357584148 9.670192519291027e-05 2533
0.01030644887457633 0.0002593208429384584 2534
0.01031488656243914 0.0002783376380073894 2535
0.01006739120631901 0.0003830718918528686 2536
0.01032394502079535 0.000224748456146295 2537
0.01033044870639435 0.0002468696464275244 2538
0.01011132900202195 8.592462462629951e-05 2539
0.01038495259339734 0.0001314122390314596 2540
0.01034864276151166 7.257088973731984e-05 2541
0.01037918123542307 0.0001696938917183227 2542
0.01012583111382133 0.0002215671204542946 2543
0.01008440599103029 2.653040190223145e-05 2544
0.01014627721590168 1.721296526694631e-05 2545
0.01018418225688954 0.0002942225224574767 2546
0.01012800327360343 0.000114745114647728 2547
0.01026223741267654 0.0001246040868534572 2548
0.01018621674340764 6.466290519128079e-05 2549
0.01007273528849605 3.025605620835216e-05 2550
0.01019954853715923 0.0003107096677332877 2551
0.01013915038496419 0.000145242984495826 2552
0.01009806996239407 0.0004283947102181868 2553
0.01008539398973978 0.000411107785634992 2554
0.01028917307290136 0.000327377960603523 2555
0.01032260019149819 0.0002979283448643795 2556
0.01018330132822191 0.0004035460067428446 2557
0.0101847633988766 0.0003844904119113734 2558
0.01021686410476102 0.0003917457743185681 2559
0.01025550058200761 0.000362576394549028 2560
0.01032729162075783 0.000117327832331423 2561
0.01015177386764353 0.0002321956879237918 2562
0.0101898862093343 0.0003252802880555257 2563
0.01015143823831648 8.805030517192843e-05 2564
0.01021871971724725 2.41578754579672e-05 2565
0.01006242959727691 7.055881350529362e-05 2566
0.01008592316156111 0.0002319115310378401 2567
0.01016501423842358 2.343939872981729e-05 2568
0.01019282053773805 0.0001704650890151613 2569
0.01010825884102615 6.937899031893609e-05 2570
0.01025023989408807 0.0001402841468878275 2571
0.01017464420459881 0.0003435151091038866 2572
0.01016907086827946 0.0002511092763511749 2573
0.01001692057488808 7.687929368642763e-06 2574
0.01021166660871806 0.0001674135097828197 2575
0.01034187638883695 0.0001087808744755582 2576
0.01036172137600762 0.0001354841516624007 2577
0.01016921488730804 0.0003582598319206602 2578
0.01026405365120652 0.0003315772208001029 2579
0.01002289706829634 7.628767416458471e-06 2580
0.0100318811529419 9.211997765570613e-06 2581
0.01002756784782556 8.091396413697028e-06 2582
0.01002070662067209 3.520763327227936e-05 2583
0.01022023940186694 0.0001847715389024292 2584
0.01011603902378531 0.0003333366334145495 2585
0.01015638248461347 0.0002656466107221463 2586
0.01010346213361769 0.0004131570432268294 2587
0.01014006537757769 4.878825016732916e-05 2588
0.01013911769090929 0.0002669031414160026 2589
0.01038340462392914 3.046772309101806e-05 2590
0.01007748664857613 7.062660285260548e-05 2591
0.01006565091468923 0.0004169911831116526 2592
0.01024095978532095 0.000174656472037621 2593
0.01034760541921706 0.0002498165797588542 2594
0.01012946846784727 0.0004097435280152503 2595
0.01032196697317858 0.0002629785943870723 2596
0.01036913848101174 9.971820066284286e-05 2597
0.01006070141486091 1.159664237207526e-05 2598
0.01006741915300007 0.000265250469885866 2599
0.01012974798946033 0.000283326768531513 2600
0.01004177834378434 5.40219500798232e-05 2601
0.01015609820383553 1.518315337298535e-05 2602
0.01027282500494067 5.416680108254019e-05 2603
0.01037300817142894 0.0001203116104528344 2604
0.01033955293991293 0.0002301782759587915 2605
0.01003832596644734 4.434912303008575e-05 2606
0.01012018781935476 0.0003004227831293037 2607
0.01036707243365285 6.320889445348113e-05 2608
0.01023052131638134 0.0003590093883689556 2609
0.01023239336957351 1.274411021675362e-05 2610
0.01033007124453204 0.000282531409903658 2611
0.01019291423405088 7.843302998020014e-05 2612
0.01009975979010709 0.0003634347256346853 2613
0.0100795753059696 0.0002969350530384667 2614
0.01006446044475164 9.633225654955291e-05 2615
0.01026401621057925 0.0001539695842412923 2616
0.01017362749825213 0.0003927936588379291 2617
0.01019877713270157 0.0003781000856427879 2618
0.01007854986751502 0.0003896733355986651 2619
0.01035861942989618 0.0001728337952308251 2620
0.01030430126650125 0.000294586030439929 2621
0.01030898040755179 2.197238977054571e-05 2622
0.01036387878231916 0.0002167428254718625 2623
0.01028593176922224 0.0001748560317583136 2624
0.01029324490108452 2.513371435512475e-05 2625
0.01005516215938302 9.839175511518706e-06 2626
0.01024494425810088 2.424410675784463e-05 2627
0.01009665393507551 0.0001901493574677276 2628
0.01030078537858522 0.0001746909211112497 2629
0.01007867243803775 0.0001235720365827652 2630
0.01008586696131502 7.773852633868534e-05 2631
0.01007987134800779 0.0001581376655898845 2632
0.0101335309960726 0.0004280449683410432 2633
0.01015998676558422 3.423999020788225e-05 2634
0.01008796288644653 1.180362577893215e-05 2635
0.01031844774450684 0.0001548203832794186 2636
0.01001742928901148 3.976657935874772e-05 2637
0.01032531664819664 2.375946676631765e-05 2638
0.01033700925939859 0.0001724915102130514 2639
0.01009088887547609 3.258511104729131e-05 2640
0.01026933640980628 0.000351575526942493 2641
0.0101122370960249 0.0003179930047061767 2642
0.01007233286801667 8.13715436181891e-05 2643
0.01009884067775572 7.938392117608234e-05 2644
0.01026243173997329 2.297836416879603e-05 2645
0.01006761106856577 8.960883559768213e-06 2646
0.01005126926038944 1.73417551677053e-05 2647
0.01002612510808465 3.886170844010728e-05 2648
0.01017179812334207 9.371734342587683e-05 2649
0.01038268390020259 1.760400858655308e-05 2650
0.01008022142126674 3.212771249825469e-05 2651
0.01015220508779796 4.694570912778513e-05 2652
0.01033961349678234 2.174013287242769e-05 2653
0.01009620741236425 1.124153385433823e-05 2654
0.01006581964110591 0.0004327560086471431 2655
0.01036824994964551 0.00020404552994022 2656
0.01004084342492607 6.101502804860188e-05 2657
0.010289465416795 0.000313325368844433 2658
0.01029270226898818 3.937409842557431e-05 2659
0.01007635465963774 0.0002155925259206717 2660
0.01018944134774842 9.232020386216429e-05 2661
0.01021664858382228 0.0003735154224125002 2662
0.01015676901868987 0.0004219173125473193 2663
0.01012976902718149 1.460866862676743e-05 2664
0.01010463285829231 9.697409323851731e-05 2665
0.01036669077095542 0.0001573351363403093 2666
0.01016779410395861 1.510781579579936e-05 2667
0.01003013266271614 1.845047827827628e-05 2668
0.01036142693360753 0.0001090803119625989 2669
0.01017556208110947 0.0003738297027990484 2670
0.01027838776400528 2.32820633134749e-05 2671
0.01004685139231431 2.630715259185484e-05 2672
0.01007387450213799 9.081496768116026e-06 2673
NMARK= 4
MARKER_TAG= inlet
MARKER_ELEMS= 1
3 0 3 
MARKER_TAG= symmetry_bottom
MARKER_ELEMS= 1040
3 1 1006 
3 1006 1007 
3 1007 1008 
3 1008 1009 
3 1009 1010 
3 1010 1011 
3 1011 1012 
3 1012 1013 
3 1013 1014 
3 1014 1015 
3 1015 1016 
3 1016 1017 
3 1017 1018 
3 1018 1019 
3 1019 1020 
3 1020 1021 
3 1021 1022 
3 1022 1023 
3 1023 1024 
3 1024 1025 
3 1025 1026 
3 1026 1027 
3 1027 1028 
3 1028 1029 
3 1029 1030 
3 1030 1031 
3 1031 1032 
3 1032 1033 
3 1033 1034 
3 1034 1035 
3 1035 1036 
3 1036 1037 
3 1037 1038 
3 1038 1039 
3 1039 1040 
3 1040 1041 
3 1041 1042 
3 1042 1043 
3 1043 1044 
3 1044 1045 
3 1045 1046 
3 1046 1047 
3 1047 1048 
3 1048 1049 
3 1049 1050 
3 1050 1051 
3 1051 1052 
3 1052 1053 
3 1053 1054 
3 1054 1055 
3 1055 1056 
3 1056 1057 
3 1057 1058 
3 1058 1059 
3 1059 1060 
3 1060 1061 
3 1061 1062 
3 1062 1063 
3 1063 1064 
3 1064 1065 
3 1065 1066 
3 1066 1067 
3 1067 1068 
3 1068 1069 
3 1069 1070 
3 1070 1071 
3 1071 1072 
3 1072 1073 
3 1073 1074 
3 1074 1075 
3 1075 1076 
3 1076 1077 
3 1077 1078 
3 1078 1079 
3 1079 1080 
3 1080 1081 
3 1081 1082 
3 1082 1083 
3 1083 1084 
3 1084 1085 
3 1085 1086 
3 1086 1087 
3 1087 1088 
3 1088 1089 
3 1089 1090 
3 1090 1091 
3 1091 1092 
3 1092 1093 
3 1093 1094 
3 1094 1095 
3 1095 1096 
3 1096 1097 
3 1097 1098 
3 1098 1099 
3 1099 1100 
3 1100 1101 
3 1101 1102 
3 1102 1103 
3 1103 1104 
3 1104 1105 
3 1105 1106 
3 1106 1107 
3 1107 1108 
3 1108 1109 
3 1109 1110 
3 1110 1111 
3 1111 1112 
3 1112 1113 
3 1113 1114 
3 1114 1115 
3 1115 1116 
3 1116 1117 
3 1117 1118 
3 1118 1119 
3 1119 1120 
3 1120 1121 
3 1121 1122 
3 1122 1123 
3 1123 1124 
3 1124 1125 
3 1125 1126 
3 1126 1127 
3 1127 1128 
3 1128 1129 
3 1129 1130 
3 1130 1131 
3 1131 1132 
3 1132 1133 
3 1133 1134 
3 1134 1135 
3 1135 1136 
3 1136 1137 
3 1137 1138 
3 1138 1139 
3 1139 1140 
3 1140 1141 
3 1141 1142 
3 1142 1143 
3 1143 1144 
3 1144 1145 
3 1145 1146 
3 1146 1147 
3 1147 1148 
3 1148 1149 
3 1149 1150 
3 1150 1151 
3 1151 1152 
3 1152 1153 
3 1153 1154 
3 1154 1155 
3 1155 1156 
3 1156 1157 
3 1157 1158 
3 1158 1159 
3 1159 1160 
3 1160 1161 
3 1161 1162 
3 1162 1163 
3 1163 1164 
3 1164 1165 
3 1165 1166 
3 1166 1167 
3 1167 1168 
3 1168 1169 
3 1169 1170 
3 1170 1171 
3 1171 1172 
3 1172 1173 
3 1173 1174 
3 1174 1175 
3 1175 1176 
3 1176 1177 
3 1177 1178 
3 1178 1179 
3 1179 1180 
3 1180 1181 
3 1181 1182 
3 1182 1183 
3 1183 1184 
3 1184 1185 
3 1185 1186 
3 1186 1187 
3 1187 1188 
3 1188 1189 
3 1189 1190 
3 1190 1191 
3 1191 1192 
3 1192 1193 
3 1193 1194 
3 1194 1195 
3 1195 1196 
3 1196 1197 
3 1197 1198 
3 1198 1199 
3 1199 1200 
3 1200 1201 
3 1201 1202 
3 1202 1203 
3 1203 1204 
3 1204 1205 
3 1205 1206 
3 1206 1207 
3 1207 1208 
3 1208 1209 
3 1209 1210 
3 1210 1211 
3 1211 1212 
3 1212 1213 
3 1213 1214 
3 1214 1215 
3 1215 1216 
3 1216 1217 
3 1217 1218 
3 1218 1219 
3 1219 1220 
3 1220 1221 
3 1221 1222 
3 1222 1223 
3 1223 1224 
3 1224 1225 
3 1225 1226 
3 1226 1227 
3 1227 1228 
3 1228 1229 
3 1229 1230 
3 1230 1231 
3 1231 1232 
3 1232 1233 
3 1233 1234 
3 1234 1235 
3 1235 1236 
3 1236 1237 
3 1237 1238 
3 1238 1239 
3 1239 1240 
3 1240 1241 
3 1241 1242 
3 1242 1243 
3 1243 1244 
3 1244 1245 
3 1245 1246 
3 1246 1247 
3 1247 1248 
3 1248 1249 
3 1249 1250 
3 1250 1251 
3 1251 1252 
3 1252 1253 
3 1253 1254 
3 1254 1255 
3 1255 1256 
3 1256 1257 
3 1257 1258 
3 1258 1259 
3 1259 1260 
3 1260 1261 
3 1261 1262 
3 1262 1263 
3 1263 1264 
3 1264 1265 
3 1265 1266 
3 1266 1267 
3 1267 1268 
3 1268 1269 
3 1269 1270 
3 1270 1271 
3 1271 1272 
3 1272 1273 
3 1273 1274 
3 1274 1275 
3 1275 1276 
3 1276 1277 
3 1277 1278 
3 1278 1279 
3 1279 1280 
3 1280 1281 
3 1281 1282 
3 1282 1283 
3 1283 1284 
3 1284 1285 
3 1285 1286 
3 1286 1287 
3 1287 1288 
3 1288 1289 
3 1289 1290 
3 1290 1291 
3 1291 1292 
3 1292 1293 
3 1293 1294 
3 1294 1295 
3 1295 1296 
3 1296 1297 
3 1297 1298 
3 1298 1299 
3 1299 1300 
3 1300 1301 
3 1301 1302 
3 1302 1303 
3 1303 1304 
3 1304 1305 
3 1305 1306 
3 1306 1307 
3 1307 1308 
3 1308 1309 
3 1309 1310 
3 1310 1311 
3 1311 1312 
3 1312 1313 
3 1313 1314 
3 1314 1315 
3 1315 1316 
3 1316 1317 
3 1317 1318 
3 1318 1319 
3 1319 1320 
3 1320 1321 
3 1321 1322 
3 1322 1323 
3 1323 1324 
3 1324 1325 
3 1325 1326 
3 1326 1327 
3 1327 1328 
3 1328 1329 
3 1329 1330 
3 1330 1331 
3 1331 1332 
3 1332 1333 
3 1333 1334 
3 1334 1335 
3 1335 1336 
3 1336 1337 
3 1337 1338 
3 1338 1339 
3 1339 1340 
3 1340 1341 
3 1341 1342 
3 1342 1343 
3 1343 1344 
3 1344 1345 
3 1345 1346 
3 1346 1347 
3 1347 1348 
3 1348 1349 
3 1349 1350 
3 1350 1351 
3 1351 1352 
3 1352 1353 
3 1353 1354 
3 1354 1355 
3 1355 1356 
3 1356 1357 
3 1357 1358 
3 1358 1359 
3 1359 1360 
3 1360 1361 
3 1361 1362 
3 1362 1363 
3 1363 1364 
3 1364 1365 
3 1365 1366 
3 1366 1367 
3 1367 1368 
3 1368 1369 
3 1369 1370 
3 1370 1371 
3 1371 1372 
3 1372 1373 
3 1373 1374 
3 1374 1375 
3 1375 1376 
3 1376 1377 
3 1377 1378 
3 1378 1379 
3 1379 1380 
3 1380 1381 
3 1381 1382 
3 1382 1383 
3 1383 1384 
3 1384 1385 
3 1385 1386 
3 1386 1387 
3 1387 1388 
3 1388 1389 
3 1389 1390 
3 1390 1391 
3 1391 1392 
3 1392 1393 
3 1393 1394 
3 1394 1395 
3 1395 1396 
3 1396 1397 
3 1397 1398 
3 1398 1399 
3 1399 1400 
3 1400 1401 
3 1401 1402 
3 1402 1403 
3 1403 1404 
3 1404 1405 
3 1405 1406 
3 1406 1407 
3 1407 1408 
3 1408 1409 
3 1409 1410 
3 1410 1411 
3 1411 1412 
3 1412 1413 
3 1413 1414 
3 1414 1415 
3 1415 1416 
3 1416 1417 
3 1417 1418 
3 1418 1419 
3 1419 1420 
3 1420 1421 
3 1421 1422 
3 1422 1423 
3 1423 1424 
3 1424 1425 
3 1425 1426 
3 1426 1427 
3 1427 1428 
3 1428 1429 
3 1429 1430 
3 1430 1431 
3 1431 1432 
3 1432 1433 
3 1433 1434 
3 1434 1435 
3 1435 1436 
3 1436 1437 
3 1437 1438 
3 1438 1439 
3 1439 1440 
3 1440 1441 
3 1441 1442 
3 1442 1443 
3 1443 1444 
3 1444 1445 
3 1445 1446 
3 1446 1447 
3 1447 1448 
3 1448 1449 
3 1449 1450 
3 1450 1451 
3 1451 1452 
3 1452 1453 
3 1453 1454 
3 1454 1455 
3 1455 1456 
3 1456 1457 
3 1457 1458 
3 1458 1459 
3 1459 1460 
3 1460 1461 
3 1461 1462 
3 1462 1463 
3 1463 1464 
3 1464 1465 
3 1465 1466 
3 1466 1467 
3 1467 1468 
3 1468 1469 
3 1469 1470 
3 1470 1471 
3 1471 1472 
3 1472 1473 
3 1473 1474 
3 1474 1475 
3 1475 1476 
3 1476 1477 
3 1477 1478 
3 1478 1479 
3 1479 1480 
3 1480 1481 
3 1481 1482 
3 1482 1483 
3 1483 1484 
3 1484 1485 
3 1485 1486 
3 1486 1487 
3 1487 1488 
3 1488 1489 
3 1489 1490 
3 1490 1491 
3 1491 1492 
3 1492 1493 
3 1493 1494 
3 1494 1495 
3 1495 1496 
3 1496 1497 
3 1497 1498 
3 1498 1499 
3 1499 1500 
3 1500 1501 
3 1501 1502 
3 1502 1503 
3 1503 1504 
3 1504 1505 
3 1505 1506 
3 1506 1507 
3 1507 1508 
3 1508 1509 
3 1509 1510 
3 1510 1511 
3 1511 1512 
3 1512 1513 
3 1513 1514 
3 1514 1515 
3 1515 1516 
3 1516 1517 
3 1517 1518 
3 1518 1519 
3 1519 1520 
3 1520 1521 
3 1521 1522 
3 1522 1523 
3 1523 1524 
3 1524 1525 
3 1525 1526 
3 1526 1527 
3 1527 1528 
3 1528 1529 
3 1529 1530 
3 1530 1531 
3 1531 1532 
3 1532 1533 
3 1533 1534 
3 1534 1535 
3 1535 1536 
3 1536 1537 
3 1537 1538 
3 1538 1539 
3 1539 1540 
3 1540 1541 
3 1541 1542 
3 1542 1543 
3 1543 1544 
3 1544 1545 
3 1545 1546 
3 1546 1547 
3 1547 1548 
3 1548 1549 
3 1549 1550 
3 1550 1551 
3 1551 1552 
3 1552 1553 
3 1553 1554 
3 1554 1555 
3 1555 1556 
3 1556 1557 
3 1557 1558 
3 1558 1559 
3 1559 1560 
3 1560 1561 
3 1561 1562 
3 1562 1563 
3 1563 1564 
3 1564 1565 
3 1565 1566 
3 1566 1567 
3 1567 1568 
3 1568 1569 
3 1569 1570 
3 1570 1571 
3 1571 1572 
3 1572 1573 
3 1573 1574 
3 1574 1575 
3 1575 1576 
3 1576 1577 
3 1577 1578 
3 1578 1579 
3 1579 1580 
3 1580 1581 
3 1581 1582 
3 1582 1583 
3 1583 1584 
3 1584 1585 
3 1585 1586 
3 1586 1587 
3 1587 1588 
3 1588 1589 
3 1589 1590 
3 1590 1591 
3 1591 1592 
3 1592 1593 
3 1593 1594 
3 1594 1595 
3 1595 1596 
3 1596 1597 
3 1597 1598 
3 1598 1599 
3 1599 1600 
3 1600 1601 
3 1601 1602 
3 1602 1603 
3 1603 1604 
3 1604 1605 
3 1605 1606 
3 1606 1607 
3 1607 1608 
3 1608 1609 
3 1609 1610 
3 1610 1611 
3 1611 1612 
3 1612 1613 
3 1613 1614 
3 1614 1615 
3 1615 1616 
3 1616 1617 
3 1617 1618 
3 1618 1619 
3 1619 1620 
3 1620 1621 
3 1621 1622 
3 1622 1623 
3 1623 1624 
3 1624 1625 
3 1625 1626 
3 1626 1627 
3 1627 1628 
3 1628 1629 
3 1629 1630 
3 1630 1631 
3 1631 1632 
3 1632 1633 
3 1633 1634 
3 1634 1635 
3 1635 1636 
3 1636 1637 
3 1637 1638 
3 1638 1639 
3 1639 1640 
3 1640 1641 
3 1641 1642 
3 1642 1643 
3 1643 1644 
3 1644 1645 
3 1645 1646 
3 1646 1647 
3 1647 1648 
3 1648 1649 
3 1649 1650 
3 1650 1651 
3 1651 1652 
3 1652 1653 
3 1653 1654 
3 1654 1655 
3 1655 1656 
3 1656 1657 
3 1657 1658 
3 1658 1659 
3 1659 1660 
3 1660 1661 
3 1661 1662 
3 1662 1663 
3 1663 1664 
3 1664 1665 
3 1665 1666 
3 1666 1667 
3 1667 1668 
3 1668 1669 
3 1669 1670 
3 1670 1671 
3 1671 1672 
3 1672 1673 
3 1673 1674 
3 1674 1675 
3 1675 1676 
3 1676 1677 
3 1677 1678 
3 1678 1679 
3 1679 1680 
3 1680 1681 
3 1681 1682 
3 1682 1683 
3 1683 1684 
3 1684 1685 
3 1685 1686 
3 1686 1687 
3 1687 1688 
3 1688 1689 
3 1689 1690 
3 1690 1691 
3 1691 1692 
3 1692 1693 
3 1693 1694 
3 1694 1695 
3 1695 1696 
3 1696 1697 
3 1697 1698 
3 1698 1699 
3 1699 1700 
3 1700 1701 
3 1701 1702 
3 1702 1703 
3 1703 1704 
3 1704 1705 
3 1705 1706 
3 1706 1707 
3 1707 1708 
3 1708 1709 
3 1709 1710 
3 1710 1711 
3 1711 1712 
3 1712 1713 
3 1713 1714 
3 1714 1715 
3 1715 1716 
3 1716 1717 
3 1717 1718 
3 1718 1719 
3 1719 1720 
3 1720 1721 
3 1721 1722 
3 1722 1723 
3 1723 1724 
3 1724 1725 
3 1725 1726 
3 1726 1727 
3 1727 1728 
3 1728 1729 
3 1729 1730 
3 1730 1731 
3 1731 1732 
3 1732 1733 
3 1733 1734 
3 1734 1735 
3 1735 1736 
3 1736 1737 
3 1737 1738 
3 1738 1739 
3 1739 1740 
3 1740 1741 
3 1741 1742 
3 1742 1743 
3 1743 1744 
3 1744 1745 
3 1745 1746 
3 1746 1747 
3 1747 1748 
3 1748 1749 
3 1749 1750 
3 1750 1751 
3 1751 1752 
3 1752 1753 
3 1753 1754 
3 1754 1755 
3 1755 1756 
3 1756 1757 
3 1757 1758 
3 1758 1759 
3 1759 1760 
3 1760 1761 
3 1761 1762 
3 1762 1763 
3 1763 1764 
3 1764 1765 
3 1765 1766 
3 1766 1767 
3 1767 1768 
3 1768 1769 
3 1769 1770 
3 1770 1771 
3 1771 1772 
3 1772 1773 
3 1773 1774 
3 1774 1775 
3 1775 1776 
3 1776 1777 
3 1777 1778 
3 1778 1779 
3 1779 1780 
3 1780 1781 
3 1781 1782 
3 1782 1783 
3 1783 1784 
3 1784 1785 
3 1785 1786 
3 1786 1787 
3 1787 1788 
3 1788 1789 
3 1789 1790 
3 1790 1791 
3 1791 1792 
3 1792 1793 
3 1793 1794 
3 1794 1795 
3 1795 1796 
3 1796 1797 
3 1797 1798 
3 1798 1799 
3 1799 1800 
3 1800 1801 
3 1801 1802 
3 1802 1803 
3 1803 1804 
3 1804 1805 
3 1805 1806 
3 1806 1807 
3 1807 1808 
3 1808 1809 
3 1809 1810 
3 1810 1811 
3 1811 1812 
3 1812 1813 
3 1813 1814 
3 1814 1815 
3 1815 1816 
3 1816 1817 
3 1817 1818 
3 1818 1819 
3 1819 1820 
3 1820 1821 
3 1821 1822 
3 1822 1823 
3 1823 1824 
3 1824 1825 
3 1825 1826 
3 1826 1827 
3 1827 1828 
3 1828 1829 
3 1829 1830 
3 1830 1831 
3 1831 1832 
3 1832 1833 
3 1833 1834 
3 1834 1835 
3 1835 1836 
3 1836 1837 
3 1837 1838 
3 1838 1839 
3 1839 1840 
3 1840 1841 
3 1841 1842 
3 1842 1843 
3 1843 1844 
3 1844 1845 
3 1845 1846 
3 1846 1847 
3 1847 1848 
3 1848 1849 
3 1849 1850 
3 1850 1851 
3 1851 1852 
3 1852 1853 
3 1853 1854 
3 1854 1855 
3 1855 1856 
3 1856 1857 
3 1857 1858 
3 1858 1859 
3 1859 1860 
3 1860 1861 
3 1861 1862 
3 1862 1863 
3 1863 1864 
3 1864 1865 
3 1865 1866 
3 1866 1867 
3 1867 1868 
3 1868 1869 
3 1869 1870 
3 1870 1871 
3 1871 1872 
3 1872 1873 
3 1873 1874 
3 1874 1875 
3 1875 1876 
3 1876 1877 
3 1877 1878 
3 1878 1879 
3 1879 1880 
3 1880 1881 
3 1881 1882 
3 1882 1883 
3 1883 1884 
3 1884 1885 
3 1885 1886 
3 1886 1887 
3 1887 1888 
3 1888 1889 
3 1889 1890 
3 1890 1891 
3 1891 1892 
3 1892 1893 
3 1893 1894 
3 1894 1895 
3 1895 1896 
3 1896 1897 
3 1897 1898 
3 1898 1899 
3 1899 1900 
3 1900 1901 
3 1901 1902 
3 1902 1903 
3 1903 1904 
3 1904 1905 
3 1905 1906 
3 1906 1907 
3 1907 1908 
3 1908 1909 
3 1909 1910 
3 1910 1911 
3 1911 1912 
3 1912 1913 
3 1913 1914 
3 1914 1915 
3 1915 1916 
3 1916 1917 
3 1917 1918 
3 1918 1919 
3 1919 1920 
3 1920 1921 
3 1921 1922 
3 1922 1923 
3 1923 1924 
3 1924 1925 
3 1925 1926 
3 1926 1927 
3 1927 1928 
3 1928 1929 
3 1929 1930 
3 1930 1931 
3 1931 1932 
3 1932 1933 
3 1933 1934 
3 1934 1935 
3 1935 1936 
3 1936 1937 
3 1937 1938 
3 1938 1939 
3 1939 1940 
3 1940 1941 
3 1941 1942 
3 1942 1943 
3 1943 1944 
3 1944 1945 
3 1945 1946 
3 1946 1947 
3 1947 1948 
3 1948 1949 
3 1949 1950 
3 1950 1951 
3 1951 1952 
3 1952 1953 
3 1953 1954 
3 1954 1955 
3 1955 1956 
3 1956 1957 
3 1957 1958 
3 1958 1959 
3 1959 1960 
3 1960 1961 
3 1961 1962 
3 1962 1963 
3 1963 1964 
3 1964 1965 
3 1965 1966 
3 1966 1967 
3 1967 1968 
3 1968 1969 
3 1969 1970 
3 1970 1971 
3 1971 1972 
3 1972 1973 
3 1973 1974 
3 1974 1975 
3 1975 1976 
3 1976 1977 
3 1977 1978 
3 1978 1979 
3 1979 1980 
3 1980 1981 
3 1981 1982 
3 1982 1983 
3 1983 1984 
3 1984 1985 
3 1985 1986 
3 1986 1987 
3 1987 1988 
3 1988 1989 
3 1989 1990 
3 1990 1991 
3 1991 1992 
3 1992 1993 
3 1993 1994 
3 1994 1995 
3 1995 1996 
3 1996 1997 
3 1997 1998 
3 1998 1999 
3 1999 2000 
3 2000 2001 
3 2001 2002 
3 2002 2003 
3 2003 0 
3 1 2059 
3 2059 2060 
3 2060 2061 
3 2061 2062 
3 2062 2063 
3 2063 2064 
3 2064 2065 
3 2065 2066 
3 2066 2067 
3 2067 2068 
3 2068 2069 
3 2069 2070 
3 2070 2071 
3 2071 2072 
3 2072 2073 
3 2073 2074 
3 2074 2075 
3 2075 2076 
3 2076 2077 
3 2077 2078 
3 2078 2079 
3 2079 2080 
3 2080 2081 
3 2081 2082 
3 2082 2083 
3 2083 2084 
3 2084 2085 
3 2085 2086 
3 2086 2087 
3 2087 2088 
3 2088 2089 
3 2089 2090 
3 2090 2091 
3 2091 2092 
3 2092 2093 
3 2093 2094 
3 2094 2095 
3 2095 2096 
3 2096 2097 
3 2097 2098 
3 2098 6 
MARKER_TAG= outlet
MARKER_ELEMS= 33
3 7 2028 
3 2028 2029 
3 2029 2030 
3 2030 2031 
3 2031 2032 
3 2032 2033 
3 2033 2034 
3 2034 2035 
3 2035 2036 
3 2036 2037 
3 2037 2038 
3 2038 2039 
3 2039 2040 
3 2040 2041 
3 2041 2042 
3 2042 2043 
3 2043 2044 
3 2044 2045 
3 2045 2046 
3 2046 2047 
3 2047 2048 
3 2048 2049 
3 2049 2050 
3 2050 2051 
3 2051 2052 
3 2052 2053 
3 2053 2054 
3 2054 5 
3 6 2055 
3 2055 2056 
3 2056 2057 
3 2057 2058 
3 2058 7 
MARKER_TAG= wall
MARKER_ELEMS= 1025
3 3 8 
3 8 9 
3 9 10 
3 10 11 
3 11 12 
3 12 13 
3 13 14 
3 14 15 
3 15 16 
3 16 17 
3 17 18 
3 18 19 
3 19 20 
3 20 21 
3 21 22 
3 22 23 
3 23 24 
3 24 25 
3 25 26 
3 26 27 
3 27 28 
3 28 29 
3 29 30 
3 30 31 
3 31 32 
3 32 33 
3 33 34 
3 34 35 
3 35 36 
3 36 37 
3 37 38 
3 38 39 
3 39 40 
3 40 41 
3 41 42 
3 42 43 
3 43 44 
3 44 45 
3 45 46 
3 46 47 
3 47 48 
3 48 49 
3 49 50 
3 50 51 
3 51 52 
3 52 53 
3 53 54 
3 54 55 
3 55 56 
3 56 57 
3 57 58 
3 58 59 
3 59 60 
3 60 61 
3 61 62 
3 62 63 
3 63 64 
3 64 65 
3 65 66 
3 66 67 
3 67 68 
3 68 69 
3 69 70 
3 70 71 
3 71 72 
3 72 73 
3 73 74 
3 74 75 
3 75 76 
3 76 77 
3 77 78 
3 78 79 
3 79 80 
3 80 81 
3 81 82 
3 82 83 
3 83 84 
3 84 85 
3 85 86 
3 86 87 
3 87 88 
3 88 89 
3 89 90 
3 90 91 
3 91 92 
3 92 93 
3 93 94 
3 94 95 
3 95 96 
3 96 97 
3 97 98 
3 98 99 
3 99 100 
3 100 101 
3 101 102 
3 102 103 
3 103 104 
3 104 105 
3 105 106 
3 106 107 
3 107 108 
3 108 109 
3 109 110 
3 110 111 
3 111 112 
3 112 113 
3 113 114 
3 114 115 
3 115 116 
3 116 117 
3 117 118 
3 118 119 
3 119 120 
3 120 121 
3 121 122 
3 122 123 
3 123 124 
3 124 125 
3 125 126 
3 126 127 
3 127 128 
3 128 129 
3 129 130 
3 130 131 
3 131 132 
3 132 133 
3 133 134 
3 134 135 
3 135 136 
3 136 137 
3 137 138 
3 138 139 
3 139 140 
3 140 141 
3 141 142 
3 142 143 
3 143 144 
3 144 145 
3 145 146 
3 146 147 
3 147 148 
3 148 149 
3 149 150 
3 150 151 
3 151 152 
3 152 153 
3 153 154 
3 154 155 
3 155 156 
3 156 157 
3 157 158 
3 158 159 
3 159 160 
3 160 161 
3 161 162 
3 162 163 
3 163 164 
3 164 165 
3 165 166 
3 166 167 
3 167 168 
3 168 169 
3 169 170 
3 170 171 
3 171 172 
3 172 173 
3 173 174 
3 174 175 
3 175 176 
3 176 177 
3 177 178 
3 178 179 
3 179 180 
3 180 181 
3 181 182 
3 182 183 
3 183 184 
3 184 185 
3 185 186 
3 186 187 
3 187 188 
3 188 189 
3 189 190 
3 190 191 
3 191 192 
3 192 193 
3 193 194 
3 194 195 
3 195 196 
3 196 197 
3 197 198 
3 198 199 
3 199 200 
3 200 201 
3 201 202 
3 202 203 
3 203 204 
3 204 205 
3 205 206 
3 206 207 
3 207 208 
3 208 209 
3 209 210 
3 210 211 
3 211 212 
3 212 213 
3 213 214 
3 214 215 
3 215 216 
3 216 217 
3 217 218 
3 218 219 
3 219 220 
3 220 221 
3 221 222 
3 222 223 
3 223 224 
3 224 225 
3 225 226 
3 226 227 
3 227 228 
3 228 229 
3 229 230 
3 230 231 
3 231 232 
3 232 233 
3 233 234 
3 234 235 
3 235 236 
3 236 237 
3 237 238 
3 238 239 
3 239 240 
3 240 241 
3 241 242 
3 242 243 
3 243 244 
3 244 245 
3 245 246 
3 246 247 
3 247 248 
3 248 249 
3 249 250 
3 250 251 
3 251 252 
3 252 253 
3 253 254 
3 254 255 
3 255 256 
3 256 257 
3 257 258 
3 258 259 
3 259 260 
3 260 261 
3 261 262 
3 262 263 
3 263 264 
3 264 265 
3 265 266 
3 266 267 
3 267 268 
3 268 269 
3 269 270 
3 270 271 
3 271 272 
3 272 273 
3 273 274 
3 274 275 
3 275 276 
3 276 277 
3 277 278 
3 278 279 
3 279 280 
3 280 281 
3 281 282 
3 282 283 
3 283 284 
3 284 285 
3 285 286 
3 286 287 
3 287 288 
3 288 289 
3 289 290 
3 290 291 
3 291 292 
3 292 293 
3 293 294 
3 294 295 
3 295 296 
3 296 297 
3 297 298 
3 298 299 
3 299 300 
3 300 301 
3 301 302 
3 302 303 
3 303 304 
3 304 305 
3 305 306 
3 306 307 
3 307 308 
3 308 309 
3 309 310 
3 310 311 
3 311 312 
3 312 313 
3 313 314 
3 314 315 
3 315 316 
3 316 317 
3 317 318 
3 318 319 
3 319 320 
3 320 321 
3 321 322 
3 322 323 
3 323 324 
3 324 325 
3 325 326 
3 326 327 
3 327 328 
3 328 329 
3 329 330 
3 330 331 
3 331 332 
3 332 333 
3 333 334 
3 334 335 
3 335 336 
3 336 337 
3 337 338 
3 338 339 
3 339 340 
3 340 341 
3 341 342 
3 342 343 
3 343 344 
3 344 345 
3 345 346 
3 346 347 
3 347 348 
3 348 349 
3 349 350 
3 350 351 
3 351 352 
3 352 353 
3 353 354 
3 354 355 
3 355 356 
3 356 357 
3 357 358 
3 358 359 
3 359 360 
3 360 361 
3 361 362 
3 362 363 
3 363 364 
3 364 365 
3 365 366 
3 366 367 
3 367 368 
3 368 369 
3 369 370 
3 370 371 
3 371 372 
3 372 373 
3 373 374 
3 374 375 
3 375 376 
3 376 377 
3 377 378 
3 378 379 
3 379 380 
3 380 381 
3 381 382 
3 382 383 
3 383 384 
3 384 385 
3 385 386 
3 386 387 
3 387 388 
3 388 389 
3 389 390 
3 390 391 
3 391 392 
3 392 393 
3 393 394 
3 394 395 
3 395 396 
3 396 397 
3 397 398 
3 398 399 
3 399 400 
3 400 401 
3 401 402 
3 402 403 
3 403 404 
3 404 405 
3 405 406 
3 406 407 
3 407 408 
3 408 409 
3 409 410 
3 410 411 
3 411 412 
3 412 413 
3 413 414 
3 414 415 
3 415 416 
3 416 417 
3 417 418 
3 418 419 
3 419 420 
3 420 421 
3 421 422 
3 422 423 
3 423 424 
3 424 425 
3 425 426 
3 426 427 
3 427 428 
3 428 429 
3 429 430 
3 430 431 
3 431 432 
3 432 433 
3 433 434 
3 434 435 
3 435 436 
3 436 437 
3 437 438 
3 438 439 
3 439 440 
3 440 441 
3 441 442 
3 442 443 
3 443 444 
3 444 445 
3 445 446 
3 446 447 
3 447 448 
3 448 449 
3 449 450 
3 450 451 
3 451 452 
3 452 453 
3 453 454 
3 454 455 
3 455 456 
3 456 457 
3 457 458 
3 458 459 
3 459 460 
3 460 461 
3 461 462 
3 462 463 
3 463 464 
3 464 465 
3 465 466 
3 466 467 
3 467 468 
3 468 469 
3 469 470 
3 470 471 
3 471 472 
3 472 473 
3 473 474 
3 474 475 
3 475 476 
3 476 477 
3 477 478 
3 478 479 
3 479 480 
3 480 481 
3 481 482 
3 482 483 
3 483 484 
3 484 485 
3 485 486 
3 486 487 
3 487 488 
3 488 489 
3 489 490 
3 490 491 
3 491 492 
3 492 493 
3 493 494 
3 494 495 
3 495 496 
3 496 497 
3 497 498 
3 498 499 
3 499 500 
3 500 501 
3 501 502 
3 502 503 
3 503 504 
3 504 505 
3 505 506 
3 506 507 
3 507 508 
3 508 509 
3 509 510 
3 510 511 
3 511 512 
3 512 513 
3 513 514 
3 514 515 
3 515 516 
3 516 517 
3 517 518 
3 518 519 
3 519 520 
3 520 521 
3 521 522 
3 522 523 
3 523 524 
3 524 525 
3 525 526 
3 526 527 
3 527 528 
3 528 529 
3 529 530 
3 530 531 
3 531 532 
3 532 533 
3 533 534 
3 534 535 
3 535 536 
3 536 537 
3 537 538 
3 538 539 
3 539 540 
3 540 541 
3 541 542 
3 542 543 
3 543 544 
3 544 545 
3 545 546 
3 546 547 
3 547 548 
3 548 549 
3 549 550 
3 550 551 
3 551 552 
3 552 553 
3 553 554 
3 554 555 
3 555 556 
3 556 557 
3 557 558 
3 558 559 
3 559 560 
3 560 561 
3 561 562 
3 562 563 
3 563 564 
3 564 565 
3 565 566 
3 566 567 
3 567 568 
3 568 569 
3 569 570 
3 570 571 
3 571 572 
3 572 573 
3 573 574 
3 574 575 
3 575 576 
3 576 577 
3 577 578 
3 578 579 
3 579 580 
3 580 581 
3 581 582 
3 582 583 
3 583 584 
3 584 585 
3 585 586 
3 586 587 
3 587 588 
3 588 589 
3 589 590 
3 590 591 
3 591 592 
3 592 593 
3 593 594 
3 594 595 
3 595 596 
3 596 597 
3 597 598 
3 598 599 
3 599 600 
3 600 601 
3 601 602 
3 602 603 
3 603 604 
3 604 605 
3 605 606 
3 606 607 
3 607 608 
3 608 609 
3 609 610 
3 610 611 
3 611 612 
3 612 613 
3 613 614 
3 614 615 
3 615 616 
3 616 617 
3 617 618 
3 618 619 
3 619 620 
3 620 621 
3 621 622 
3 622 623 
3 623 624 
3 624 625 
3 625 626 
3 626 627 
3 627 628 
3 628 629 
3 629 630 
3 630 631 
3 631 632 
3 632 633 
3 633 634 
3 634 635 
3 635 636 
3 636 637 
3 637 638 
3 638 639 
3 639 640 
3 640 641 
3 641 642 
3 642 643 
3 643 644 
3 644 645 
3 645 646 
3 646 647 
3 647 648 
3 648 649 
3 649 650 
3 650 651 
3 651 652 
3 652 653 
3 653 654 
3 654 655 
3 655 656 
3 656 657 
3 657 658 
3 658 659 
3 659 660 
3 660 661 
3 661 662 
3 662 663 
3 663 664 
3 664 665 
3 665 666 
3 666 667 
3 667 668 
3 668 669 
3 669 670 
3 670 671 
3 671 672 
3 672 673 
3 673 674 
3 674 675 
3 675 676 
3 676 677 
3 677 678 
3 678 679 
3 679 680 
3 680 681 
3 681 682 
3 682 683 
3 683 684 
3 684 685 
3 685 686 
3 686 687 
3 687 688 
3 688 689 
3 689 690 
3 690 691 
3 691 692 
3 692 693 
3 693 694 
3 694 695 
3 695 696 
3 696 697 
3 697 698 
3 698 699 
3 699 700 
3 700 701 
3 701 702 
3 702 703 
3 703 704 
3 704 705 
3 705 706 
3 706 707 
3 707 708 
3 708 709 
3 709 710 
3 710 711 
3 711 712 
3 712 713 
3 713 714 
3 714 715 
3 715 716 
3 716 717 
3 717 718 
3 718 719 
3 719 720 
3 720 721 
3 721 722 
3 722 723 
3 723 724 
3 724 725 
3 725 726 
3 726 727 
3 727 728 
3 728 729 
3 729 730 
3 730 731 
3 731 732 
3 732 733 
3 733 734 
3 734 735 
3 735 736 
3 736 737 
3 737 738 
3 738 739 
3 739 740 
3 740 741 
3 741 742 
3 742 743 
3 743 744 
3 744 745 
3 745 746 
3 746 747 
3 747 748 
3 748 749 
3 749 750 
3 750 751 
3 751 752 
3 752 753 
3 753 754 
3 754 755 
3 755 756 
3 756 757 
3 757 758 
3 758 759 
3 759 760 
3 760 761 
3 761 762 
3 762 763 
3 763 764 
3 764 765 
3 765 766 
3 766 767 
3 767 768 
3 768 769 
3 769 770 
3 770 771 
3 771 772 
3 772 773 
3 773 774 
3 774 775 
3 775 776 
3 776 777 
3 777 778 
3 778 779 
3 779 780 
3 780 781 
3 781 782 
3 782 783 
3 783 784 
3 784 785 
3 785 786 
3 786 787 
3 787 788 
3 788 789 
3 789 790 
3 790 791 
3 791 792 
3 792 793 
3 793 794 
3 794 795 
3 795 796 
3 796 797 
3 797 798 
3 798 799 
3 799 800 
3 800 801 
3 801 802 
3 802 803 
3 803 804 
3 804 805 
3 805 806 
3 806 807 
3 807 808 
3 808 809 
3 809 810 
3 810 811 
3 811 812 
3 812 813 
3 813 814 
3 814 815 
3 815 816 
3 816 817 
3 817 818 
3 818 819 
3 819 820 
3 820 821 
3 821 822 
3 822 823 
3 823 824 
3 824 825 
3 825 826 
3 826 827 
3 827 828 
3 828 829 
3 829 830 
3 830 831 
3 831 832 
3 832 833 
3 833 834 
3 834 835 
3 835 836 
3 836 837 
3 837 838 
3 838 839 
3 839 840 
3 840 841 
3 841 842 
3 842 843 
3 843 844 
3 844 845 
3 845 846 
3 846 847 
3 847 848 
3 848 849 
3 849 850 
3 850 851 
3 851 852 
3 852 853 
3 853 854 
3 854 855 
3 855 856 
3 856 857 
3 857 858 
3 858 859 
3 859 860 
3 860 861 
3 861 862 
3 862 863 
3 863 864 
3 864 865 
3 865 866 
3 866 867 
3 867 868 
3 868 869 
3 869 870 
3 870 871 
3 871 872 
3 872 873 
3 873 874 
3 874 875 
3 875 876 
3 876 877 
3 877 878 
3 878 879 
3 879 880 
3 880 881 
3 881 882 
3 882 883 
3 883 884 
3 884 885 
3 885 886 
3 886 887 
3 887 888 
3 888 889 
3 889 890 
3 890 891 
3 891 892 
3 892 893 
3 893 894 
3 894 895 
3 895 896 
3 896 897 
3 897 898 
3 898 899 
3 899 900 
3 900 901 
3 901 902 
3 902 903 
3 903 904 
3 904 905 
3 905 906 
3 906 907 
3 907 908 
3 908 909 
3 909 910 
3 910 911 
3 911 912 
3 912 913 
3 913 914 
3 914 915 
3 915 916 
3 916 917 
3 917 918 
3 918 919 
3 919 920 
3 920 921 
3 921 922 
3 922 923 
3 923 924 
3 924 925 
3 925 926 
3 926 927 
3 927 928 
3 928 929 
3 929 930 
3 930 931 
3 931 932 
3 932 933 
3 933 934 
3 934 935 
3 935 936 
3 936 937 
3 937 938 
3 938 939 
3 939 940 
3 940 941 
3 941 942 
3 942 943 
3 943 944 
3 944 945 
3 945 946 
3 946 947 
3 947 948 
3 948 949 
3 949 950 
3 950 951 
3 951 952 
3 952 953 
3 953 954 
3 954 955 
3 955 956 
3 956 957 
3 957 958 
3 958 959 
3 959 960 
3 960 961 
3 961 962 
3 962 963 
3 963 964 
3 964 965 
3 965 966 
3 966 967 
3 967 968 
3 968 969 
3 969 970 
3 970 971 
3 971 972 
3 972 973 
3 973 974 
3 974 975 
3 975 976 
3 976 977 
3 977 978 
3 978 979 
3 979 980 
3 980 981 
3 981 982 
3 982 983 
3 983 984 
3 984 985 
3 985 986 
3 986 987 
3 987 988 
3 988 989 
3 989 990 
3 990 991 
3 991 992 
3 992 993 
3 993 994 
3 994 995 
3 995 996 
3 996 997 
3 997 998 
3 998 999 
3 999 1000 
3 1000 1001 
3 1001 1002 
3 1002 1003 
3 1003 1004 
3 1004 1005 
3 1005 2 
3 2 2004 
3 2004 2005 
3 2005 2006 
3 2006 2007 
3 2007 2008 
3 2008 2009 
3 2009 2010 
3 2010 4 
3 4 2011 
3 2011 2012 
3 2012 2013 
3 2013 2014 
3 2014 2015 
3 2015 2016 
3 2016 2017 
3 2017 2018 
3 2018 2019 
3 2019 2020 
3 2020 2021 
3 2021 2022 
3 2022 2023 
3 2023 2024 
3 2024 2025 
3 2025 2026 
3 2026 2027 
3 2027 5 
